    6  110  168
 12.011  1.000 14.001 16.000 30.974 65.390
    1    1  0.0150  0.0000  0.0000
 -0.629934   0.007813  -0.003768
  0.000517   0.000448  -0.000119
  0.189712   0.071797   0.046052
 -0.000117  -0.000346   0.000913
  0.045061   0.008571   0.007754
 -0.000573   0.000561  -0.000096
  0.002040  -0.001991  -0.000953
 -0.000100   0.000096  -0.000234
  0.001003   0.001129   0.000269
 -0.000053  -0.001377  -0.000150
 -0.000313  -0.000120  -0.000065
  0.000362  -0.000135   0.000122
 -0.000058   0.000004   0.000037
 -0.000052   0.000039  -0.000028
 -0.000019  -0.000080  -0.000265
  0.000017  -0.000085   0.000142
 -0.000100   0.000210   0.000086
 -0.000032   0.000057  -0.000056
  0.000398  -0.000365  -0.000595
 -0.000025  -0.000035   0.000047
  0.007463   0.001206   0.000568
  0.000259   0.000014   0.000078
  0.011968  -0.002684   0.002035
  0.000317   0.000289   0.000349
  0.059548   0.002727   0.000568
  0.000064  -0.000196   0.000117
  0.062948   0.000469   0.003962
 -0.000105  -0.000014  -0.000153
  0.005190   0.000982   0.002260
 -0.000011  -0.000039  -0.000099
  0.003334  -0.000230  -0.000632
  0.000094   0.000189  -0.000420
 -0.001670   0.001170   0.001211
  0.000256  -0.000150  -0.000179
 -0.001416   0.002634   0.000337
 -0.000101  -0.000460   0.000139
  0.000290  -0.000110  -0.000218
  0.000158   0.000075  -0.000051
 -0.000025  -0.000144   0.000073
 -0.000527  -0.000018   0.000143
  0.000172  -0.000020  -0.000229
  0.000020   0.000347   0.000299
 -0.000032  -0.000112   0.000212
 -0.000219   0.000902   0.000087
  0.000300   0.000400  -0.000581
  0.000146  -0.000262  -0.000365
  0.000100  -0.000009   0.000167
  0.000167  -0.000042  -0.000570
  0.000153   0.000058   0.000150
  0.000380  -0.000048   0.000401
 -0.000175  -0.000424   0.000536
 -0.000045   0.000131   0.000238
  0.000044   0.000051   0.000002
  0.000013   0.000005   0.000011
 -0.000232   0.000107   0.000066
 -0.000057   0.000032  -0.000053
  0.000066  -0.000006   0.000017
  0.000027   0.000005  -0.000044
 -0.000088  -0.000017  -0.000019
  0.000009  -0.000020   0.000037
 -0.000060   0.000001   0.000020
 -0.000016   0.000025  -0.000046
  0.000013  -0.000009  -0.000002
  0.000003   0.000010  -0.000024
  0.000003  -0.000083  -0.000090
 -0.000004  -0.000018   0.000020
  0.000018  -0.000004   0.000098
  0.000009   0.000003  -0.000018
  0.000109   0.000038   0.000082
 -0.000029   0.000000  -0.000018
 -0.000014   0.000025   0.000062
 -0.000001  -0.000003   0.000001
  0.000268  -0.000185   0.000103
  0.000010   0.000021   0.000021
  0.000116   0.000106   0.000040
 -0.000027   0.000004   0.000033
  0.229730  -0.096482  -0.058062
 -0.000539  -0.000112  -0.000241
 -0.000949  -0.000306   0.000247
 -0.000156   0.000254   0.000620
  0.000260   0.000099  -0.000391
 -0.000347  -0.000052  -0.000497
 -0.000659   0.000052   0.000122
 -0.000023  -0.000002  -0.000054
 -0.003792   0.000661   0.001565
 -0.000774  -0.000160   0.000103
 -0.001685   0.000101   0.000224
 -0.000200  -0.000007   0.000064
 -0.001357  -0.000015   0.002154
 -0.000338   0.000059   0.000800
 -0.001327   0.000036   0.000753
 -0.000278   0.000018   0.000145
 -0.000323   0.000098  -0.003052
 -0.000254   0.000049  -0.001230
 -0.002911   0.000123  -0.005022
 -0.000739   0.000144  -0.000817
 -0.002270   0.000431  -0.000266
 -0.000231  -0.000048  -0.000385
 -0.002399   0.001127  -0.002084
 -0.000308  -0.000244  -0.000633
  0.004416  -0.000870  -0.002635
  0.000934   0.000193  -0.000840
  0.004111  -0.001114   0.004875
  0.000615   0.000013   0.001731
  0.000579   0.000320   0.001603
  0.001160  -0.000254  -0.001157
  0.020316   0.002943   0.002415
  0.000904  -0.000156   0.000551
  0.001822   0.000206  -0.000571
  0.000097  -0.000016   0.000141
    1    2  0.0000  0.0150 -0.0000
  0.007736  -0.768844   0.037897
 -0.000447   0.000004   0.000200
  0.066575   0.155813   0.027734
  0.000294   0.000194  -0.000686
 -0.020824  -0.013275  -0.009255
 -0.000138   0.000157   0.000059
 -0.004622   0.005784   0.001376
 -0.000365   0.000119  -0.000748
 -0.001538  -0.001770  -0.000472
  0.000700   0.000612   0.000570
  0.000239   0.000214   0.000300
 -0.000159   0.000034  -0.000033
  0.000027  -0.000045  -0.000070
  0.000013  -0.000006  -0.000003
  0.000089   0.000097   0.000493
 -0.000028   0.000048  -0.000068
 -0.000046  -0.000088  -0.000148
  0.000002  -0.000042   0.000063
 -0.000379   0.000136   0.000144
  0.000033   0.000052  -0.000069
 -0.007247   0.004925   0.004367
 -0.000141   0.000008   0.000071
 -0.038433   0.015823   0.019386
 -0.000089  -0.000065  -0.000070
  0.010555   0.363444  -0.125341
 -0.000000  -0.000011   0.000009
 -0.000265   0.066668   0.025061
  0.000118  -0.000064   0.000041
  0.036587   0.022564   0.015701
 -0.000024  -0.000020   0.000184
  0.006403   0.005072   0.002626
 -0.000456  -0.000132   0.000132
 -0.000524  -0.000444  -0.000058
  0.000066  -0.000162   0.000160
 -0.003556  -0.000208  -0.000864
  0.000062  -0.000084  -0.000029
  0.000210  -0.000254   0.000442
 -0.000026  -0.000093   0.000325
  0.000332   0.000132  -0.000076
  0.000669   0.000375  -0.000810
 -0.000016  -0.000065   0.000059
 -0.000187  -0.000289  -0.000097
  0.000076   0.000047  -0.000161
  0.000070  -0.000411  -0.000015
 -0.000000  -0.000077   0.000156
  0.000064   0.000085   0.000124
  0.000098   0.000062   0.000177
  0.000310  -0.000063   0.000415
 -0.000042  -0.000024   0.000025
 -0.000178  -0.000023  -0.000206
  0.000107   0.000201  -0.000236
  0.000048  -0.000056  -0.000088
 -0.000026  -0.000008  -0.000035
 -0.000012   0.000011  -0.000011
  0.000210  -0.000081  -0.000070
  0.000022  -0.000007   0.000030
 -0.000052  -0.000044  -0.000077
 -0.000021  -0.000004   0.000020
  0.000047   0.000012   0.000033
 -0.000004   0.000007  -0.000011
 -0.000153   0.000052  -0.000101
  0.000005  -0.000011   0.000017
 -0.000009   0.000020  -0.000059
 -0.000005  -0.000010   0.000012
 -0.000019   0.000035   0.000043
 -0.000001   0.000009  -0.000016
  0.000081  -0.000030  -0.000071
 -0.000012   0.000000  -0.000002
 -0.000060  -0.000009  -0.000051
  0.000018  -0.000004  -0.000002
  0.000007  -0.000022  -0.000009
 -0.000004  -0.000012   0.000016
 -0.000266   0.000225  -0.000226
  0.000054   0.000047   0.000043
 -0.000049  -0.000038  -0.000016
  0.000005  -0.000005   0.000021
 -0.054523   0.147207   0.007750
  0.000300   0.000006   0.000025
 -0.001055   0.000648  -0.000116
 -0.000495  -0.000120  -0.000343
 -0.000269  -0.000116   0.000041
  0.000138   0.000047   0.000255
  0.000511  -0.000089   0.000127
 -0.000066  -0.000016  -0.000019
  0.004747   0.001250  -0.002133
  0.000061  -0.000041  -0.000246
  0.001376  -0.000066   0.000418
 -0.000184   0.000065  -0.000202
  0.000615  -0.000262  -0.001111
 -0.000185   0.000032  -0.000502
  0.000868  -0.000267  -0.000129
 -0.000078  -0.000052  -0.000233
 -0.000599  -0.000795   0.000930
  0.000028  -0.000003   0.000334
 -0.001326   0.001778  -0.001214
  0.000185  -0.000017   0.000149
 -0.000086  -0.000363   0.000384
 -0.000015  -0.000008   0.000036
  0.001658  -0.002070   0.003396
  0.000055   0.000041   0.000126
 -0.003489   0.001447   0.000950
  0.000115  -0.000058   0.000598
  0.001516   0.003751  -0.001397
 -0.000072   0.000021  -0.000423
  0.000024  -0.000081  -0.000724
  0.000376   0.000028   0.000649
 -0.000553  -0.007985  -0.005187
 -0.000302   0.000068   0.000066
 -0.000909  -0.000165  -0.000579
  0.000127  -0.000002   0.000148
    1    3  0.0000  0.0000  0.0150
 -0.003826   0.037514  -0.825883
 -0.000129  -0.000203  -0.000046
  0.038596   0.028502   0.128242
 -0.000065   0.000005   0.000038
 -0.008505  -0.007335  -0.003039
 -0.000018  -0.000119   0.000226
 -0.001877   0.002295   0.002060
 -0.000125   0.000046  -0.000101
 -0.000377  -0.000448  -0.001117
  0.000269  -0.000271   0.000570
  0.000589   0.000427   0.000559
 -0.000177   0.000005   0.000008
  0.000099  -0.000077   0.000113
 -0.000004   0.000002   0.000005
  0.000169   0.000372   0.000644
 -0.000068   0.000053  -0.000023
 -0.000215  -0.000029  -0.000154
 -0.000006  -0.000052   0.000144
 -0.000588   0.000126   0.000039
  0.000043   0.000063  -0.000025
 -0.050612   0.024548   0.013301
 -0.000044  -0.000000   0.000109
  0.018042  -0.000586  -0.012191
  0.000026   0.000048   0.000017
 -0.004822  -0.121664   0.118858
 -0.000092   0.000073  -0.000045
  0.015689   0.019352   0.422796
  0.000004   0.000047  -0.000004
 -0.017414  -0.009320  -0.006013
  0.000001   0.000016  -0.000018
  0.041116   0.023868   0.017117
  0.000040  -0.000115   0.000111
 -0.002392   0.000274  -0.000179
 -0.000039   0.000088   0.000009
  0.000928   0.000119   0.000160
  0.000164   0.000119  -0.000180
  0.000292   0.000091  -0.000194
 -0.000017   0.000036   0.000023
  0.000086  -0.000212  -0.000724
 -0.000037  -0.000271   0.000609
  0.000092  -0.000110  -0.000046
 -0.000039   0.000152   0.000035
 -0.000066   0.000126   0.000082
 -0.000081   0.000240  -0.000115
  0.000069  -0.000011  -0.000008
  0.000027   0.000074   0.000079
  0.000096   0.000052   0.000211
  0.000126  -0.000205   0.000256
 -0.000010  -0.000011   0.000155
 -0.000201   0.000025  -0.000244
  0.000225   0.000340  -0.000308
  0.000067  -0.000020  -0.000072
 -0.000046   0.000027  -0.000134
 -0.000022  -0.000004  -0.000020
  0.000462  -0.000331   0.000020
  0.000031   0.000000   0.000015
 -0.000080  -0.000075  -0.000244
 -0.000040   0.000008  -0.000009
  0.000121   0.000127   0.000149
 -0.000001  -0.000003  -0.000009
 -0.000669  -0.000224   0.000443
  0.000022   0.000001  -0.000030
  0.000023   0.000063  -0.000274
 -0.000008  -0.000035   0.000013
 -0.000057   0.000021   0.000059
  0.000000  -0.000006  -0.000014
  0.000201  -0.000106  -0.000143
 -0.000018   0.000007  -0.000053
 -0.000101  -0.000008  -0.000073
  0.000007  -0.000004  -0.000033
 -0.000004  -0.000020   0.000022
 -0.000003  -0.000039   0.000032
 -0.000271   0.000220  -0.000260
  0.000109   0.000109   0.000118
 -0.000107  -0.000060   0.000008
  0.000016  -0.000003   0.000086
 -0.026472   0.009122   0.143293
  0.000035   0.000038  -0.000036
 -0.000840   0.000275  -0.000056
 -0.000150  -0.000029  -0.000169
 -0.000519  -0.000128  -0.000101
  0.000067   0.000038   0.000237
  0.000664  -0.000035   0.000095
 -0.000112  -0.000022  -0.000091
  0.002401   0.000256  -0.001353
 -0.000152  -0.000066  -0.000279
  0.000892  -0.000005   0.000411
 -0.000297   0.000083  -0.000335
  0.000213  -0.000173  -0.000385
 -0.000165   0.000029  -0.000437
  0.000534  -0.000196   0.000007
 -0.000166  -0.000102  -0.000299
 -0.000458  -0.000204   0.002112
 -0.000029  -0.000005   0.000144
  0.002378  -0.002217   0.005299
 -0.000110   0.000030  -0.000101
  0.001068  -0.000103   0.000424
 -0.000225  -0.000066  -0.000122
  0.001503  -0.001298   0.003244
 -0.000108  -0.000034  -0.000087
 -0.001990   0.000709   0.000109
  0.000365   0.000004   0.000701
 -0.001101   0.000557  -0.003832
  0.000341   0.000037  -0.000038
  0.000279  -0.000313  -0.000752
  0.000541  -0.000071   0.000331
 -0.002192  -0.003595  -0.003853
  0.000007   0.000002   0.000282
 -0.001026  -0.000188  -0.000236
  0.000250  -0.000033   0.000355
    3    1  0.0150  0.0000  0.0000
  0.189787   0.066739   0.038669
 -0.000110  -0.000319  -0.000066
 -0.614010  -0.007208   0.012293
  0.000100   0.000129   0.000018
  0.198556  -0.072688  -0.026608
  0.000031   0.000129  -0.000083
  0.038979  -0.024435  -0.007338
  0.000025  -0.000020   0.000042
  0.003364   0.005190   0.002217
 -0.000078   0.000298   0.000083
  0.000063   0.000101   0.000144
 -0.000051   0.000005  -0.000023
  0.000006  -0.000043  -0.000005
 -0.000000   0.000001  -0.000024
  0.000059   0.000065   0.000174
 -0.000010   0.000000  -0.000024
 -0.000062   0.000013  -0.000068
  0.000012  -0.000007  -0.000004
 -0.000095  -0.000042  -0.000154
 -0.000034  -0.000008   0.000001
 -0.003107   0.000265   0.001448
  0.000008  -0.000010  -0.000022
 -0.001653   0.000746  -0.000145
 -0.000048  -0.000049  -0.000090
  0.005296   0.004435   0.003133
 -0.000106   0.000169  -0.000065
  0.002700   0.003741   0.001484
 -0.000000   0.000070   0.000044
  0.062767   0.020838  -0.010735
 -0.000019  -0.000014   0.000011
  0.060684  -0.000691  -0.017328
 -0.000027  -0.000230   0.000089
  0.005757  -0.003946  -0.001970
 -0.000013  -0.000027   0.000010
  0.000611  -0.000439   0.000120
  0.000239  -0.000115  -0.000153
 -0.002198  -0.000346  -0.000727
 -0.000032  -0.000002  -0.000020
 -0.003078  -0.000866  -0.001354
  0.000028   0.000133   0.000027
  0.000017   0.000065  -0.000180
 -0.000036  -0.000040  -0.000022
  0.000089  -0.000266   0.000250
  0.000035  -0.000173  -0.000067
 -0.000249  -0.000359   0.000355
 -0.000083   0.000001   0.000108
 -0.000041  -0.000119  -0.000204
  0.000089  -0.000065   0.000193
 -0.000046  -0.000017  -0.000035
 -0.000079  -0.000006  -0.000095
  0.000043   0.000091  -0.000098
  0.000022  -0.000045  -0.000068
 -0.000008  -0.000012  -0.000030
 -0.000007   0.000015   0.000000
  0.000083  -0.000058  -0.000027
  0.000009  -0.000004   0.000015
 -0.000003  -0.000005  -0.000010
 -0.000006  -0.000008   0.000025
  0.000020   0.000020   0.000036
 -0.000001   0.000005  -0.000003
 -0.000128  -0.000020  -0.000033
  0.000004  -0.000005   0.000021
  0.000004  -0.000007  -0.000041
 -0.000004   0.000007   0.000001
 -0.000015  -0.000016   0.000001
 -0.000000   0.000005  -0.000001
  0.000042  -0.000011   0.000020
 -0.000009  -0.000004   0.000015
  0.000054   0.000015   0.000049
  0.000004  -0.000000   0.000008
 -0.000007  -0.000011   0.000021
 -0.000001   0.000006  -0.000002
 -0.000022   0.000030  -0.000038
 -0.000031  -0.000025  -0.000031
 -0.000036   0.000010  -0.000020
 -0.000002  -0.000001  -0.000002
  0.053851   0.012889   0.008089
  0.000060   0.000075   0.000066
  0.002218  -0.001690  -0.000418
  0.000240  -0.000034  -0.000245
 -0.000012  -0.000038   0.000049
  0.000053   0.000030   0.000123
  0.000053   0.000003   0.000089
  0.000064   0.000009   0.000040
  0.001756   0.000251  -0.000929
  0.000131   0.000058   0.000086
  0.000244  -0.000087  -0.000100
  0.000114  -0.000033   0.000070
  0.000279  -0.000096  -0.000966
  0.000117  -0.000052  -0.000089
  0.000263  -0.000040  -0.000326
  0.000125  -0.000024   0.000109
 -0.000122  -0.000217   0.000534
  0.000027  -0.000004   0.000285
 -0.000397  -0.000136   0.000528
  0.000138  -0.000036   0.000184
  0.000136  -0.000120   0.000102
  0.000041   0.000007   0.000119
  0.000813  -0.000888   0.001325
  0.000052   0.000059   0.000159
 -0.001273   0.000636   0.001151
 -0.000265   0.000051  -0.000001
  0.000087   0.001084  -0.000757
 -0.000096  -0.000004  -0.000418
 -0.000084  -0.000022  -0.000390
 -0.000422   0.000505   0.000638
 -0.001813  -0.002650  -0.001921
 -0.000126   0.000029  -0.000170
 -0.000213  -0.000063   0.000002
 -0.000077  -0.000004  -0.000128
    3    2  0.0000  0.0150 -0.0000
  0.071764   0.155783   0.028538
  0.000320   0.000176  -0.000006
 -0.007266  -0.760925   0.029749
 -0.000129  -0.000034  -0.000049
 -0.071150   0.159634   0.021779
  0.000004   0.000296  -0.000123
  0.013236  -0.014682  -0.006815
  0.000100  -0.000212   0.000109
  0.002256   0.004031   0.001490
 -0.000332   0.000091  -0.000064
 -0.000126  -0.000021  -0.000036
  0.000054  -0.000007   0.000009
 -0.000008   0.000072  -0.000029
  0.000000   0.000008  -0.000004
 -0.000021  -0.000034  -0.000084
  0.000011  -0.000024   0.000036
  0.000023   0.000157  -0.000038
  0.000005   0.000025  -0.000035
  0.000192  -0.000070  -0.000002
 -0.000051  -0.000033   0.000047
  0.000159  -0.000717  -0.002032
  0.000174   0.000010  -0.000053
 -0.001771  -0.003413   0.000541
  0.000025   0.000018  -0.000001
  0.034209   0.024874   0.015150
  0.000038   0.000009  -0.000048
  0.003360   0.003355   0.000969
 -0.000049   0.000004  -0.000013
  0.020138   0.339794  -0.144236
 -0.000024   0.000014   0.000217
 -0.001570   0.071740   0.047608
 -0.000062  -0.000072   0.000061
 -0.005350   0.005937   0.001533
  0.000017  -0.000052  -0.000106
 -0.033890   0.028761   0.010592
 -0.000036   0.000076   0.000310
  0.001145  -0.000698   0.000049
 -0.000000   0.000005  -0.000000
  0.000384  -0.000492  -0.000084
 -0.000037   0.000017   0.000125
  0.000093   0.000227  -0.000229
  0.000024   0.000026   0.000035
  0.000061  -0.000703   0.000453
 -0.000026   0.000032  -0.000081
 -0.000422  -0.000255   0.000204
 -0.000090  -0.000042   0.000018
 -0.000201  -0.000086  -0.000306
 -0.000069   0.000013  -0.000099
 -0.000008  -0.000000  -0.000037
  0.000048   0.000018   0.000058
 -0.000038  -0.000042   0.000061
 -0.000011   0.000004   0.000005
  0.000013  -0.000011  -0.000016
  0.000003   0.000001   0.000007
 -0.000052  -0.000007   0.000035
 -0.000002   0.000004  -0.000005
  0.000010  -0.000005   0.000041
  0.000006   0.000003   0.000001
 -0.000048  -0.000024  -0.000033
  0.000003   0.000002   0.000006
 -0.000005  -0.000018   0.000047
 -0.000000   0.000006  -0.000001
  0.000008  -0.000011  -0.000028
  0.000001   0.000010  -0.000006
  0.000023  -0.000065  -0.000074
 -0.000001  -0.000001   0.000011
 -0.000031  -0.000034   0.000046
  0.000003   0.000001   0.000008
  0.000056   0.000015   0.000024
 -0.000014   0.000005   0.000005
 -0.000012   0.000008  -0.000022
  0.000001   0.000013  -0.000010
  0.000146  -0.000100   0.000113
 -0.000063  -0.000051  -0.000055
  0.000011   0.000011   0.000001
 -0.000000   0.000006  -0.000013
 -0.029038  -0.013426  -0.006654
 -0.000229  -0.000040   0.000036
  0.003379  -0.001669   0.000217
  0.000484  -0.000017  -0.000069
  0.000101   0.000029  -0.000005
 -0.000041  -0.000013  -0.000053
 -0.000220   0.000054  -0.000092
  0.000089   0.000021   0.000045
 -0.001302  -0.000376   0.000445
  0.000140   0.000119   0.000294
 -0.000546  -0.000023  -0.000371
  0.000246  -0.000073   0.000204
  0.000004   0.000099  -0.000253
  0.000244  -0.000065   0.000258
 -0.000248   0.000148  -0.000239
  0.000176   0.000030   0.000258
  0.000237   0.000260  -0.000256
 -0.000010   0.000006   0.000035
  0.001152   0.000356  -0.000233
 -0.000046  -0.000027   0.000071
  0.000263   0.000102  -0.000116
  0.000000  -0.000002   0.000091
 -0.000518   0.000815  -0.001068
 -0.000014   0.000033   0.000060
  0.000952  -0.000346   0.000537
 -0.000364   0.000057  -0.000423
 -0.000563  -0.001313   0.000238
  0.000018  -0.000007  -0.000078
 -0.000043   0.000029   0.000153
 -0.000697   0.000405   0.000103
  0.000909   0.002499   0.001720
  0.000163  -0.000055  -0.000268
  0.000308   0.000037   0.000428
 -0.000141   0.000003  -0.000236
    3    3  0.0000  0.0000  0.0150
  0.045992   0.027716   0.128225
  0.000887   0.000674   0.000023
  0.012399   0.029332  -0.787893
  0.000049   0.000021  -0.000514
 -0.028896   0.021839   0.113486
 -0.000120   0.000436  -0.000447
  0.011410  -0.011319  -0.001734
 -0.000066   0.000067  -0.000385
  0.001201   0.002867   0.002476
 -0.000782   0.000393   0.000034
 -0.000062  -0.000093  -0.000073
  0.000123  -0.000026   0.000054
  0.000017  -0.000013  -0.000049
  0.000005   0.000009   0.000006
 -0.000072  -0.000057   0.000133
  0.000002  -0.000033   0.000116
 -0.000063  -0.000026   0.000036
 -0.000001   0.000039  -0.000008
  0.000093  -0.000145  -0.000155
 -0.000047  -0.000051   0.000137
 -0.003354  -0.001422  -0.003117
  0.000128  -0.000014  -0.000335
  0.001695  -0.000529   0.001132
  0.000130   0.000036   0.000192
 -0.013705  -0.010049  -0.005978
  0.000240  -0.000200   0.000090
  0.037759   0.024786   0.013646
 -0.000108  -0.000096  -0.000067
 -0.010902  -0.141780   0.138839
 -0.000066  -0.000081   0.000281
 -0.017714   0.047644   0.400937
  0.000374  -0.000073  -0.000096
 -0.037455   0.027523   0.010664
  0.000111  -0.000429  -0.000427
  0.015956  -0.011987  -0.004277
 -0.000214  -0.000237   0.001524
 -0.000858   0.000333   0.000253
  0.000034  -0.000114   0.000157
  0.001811  -0.000497  -0.000613
 -0.000223   0.000131  -0.000166
 -0.000021  -0.000440  -0.000638
  0.000006  -0.000047   0.000051
 -0.000209   0.000233  -0.000289
 -0.000149  -0.000177  -0.000162
 -0.000116  -0.000162   0.000285
 -0.000130  -0.000003   0.000107
 -0.000395  -0.000101  -0.000395
 -0.000118   0.000060  -0.000283
  0.000047   0.000014   0.000043
  0.000100  -0.000016   0.000138
 -0.000049  -0.000120   0.000126
 -0.000008   0.000040   0.000071
  0.000008   0.000027   0.000042
  0.000003  -0.000012   0.000002
 -0.000074   0.000105  -0.000031
  0.000000   0.000015  -0.000027
 -0.000021  -0.000004  -0.000015
 -0.000002   0.000016  -0.000040
 -0.000012  -0.000018  -0.000022
  0.000009  -0.000008   0.000014
  0.000119   0.000106  -0.000098
  0.000016   0.000021  -0.000047
 -0.000005   0.000010   0.000035
  0.000002  -0.000007  -0.000009
  0.000003   0.000006  -0.000019
 -0.000001  -0.000018   0.000024
  0.000028   0.000021  -0.000005
  0.000006   0.000011  -0.000037
  0.000112   0.000095  -0.000116
 -0.000037   0.000009  -0.000020
  0.000001   0.000019   0.000090
  0.000003  -0.000002  -0.000009
  0.000115  -0.000118   0.000101
 -0.000042  -0.000023  -0.000009
  0.000005   0.000033   0.000032
  0.000008   0.000016   0.000015
 -0.017267  -0.005201  -0.003783
 -0.000597  -0.000133  -0.000117
  0.002816  -0.000723  -0.000999
  0.000850  -0.000120  -0.000083
  0.000029   0.000040  -0.000093
 -0.000117  -0.000010  -0.000161
 -0.000195   0.000035   0.000000
  0.000058   0.000018  -0.000026
 -0.000820  -0.000241   0.000446
  0.000158   0.000148   0.000346
 -0.000367  -0.000001  -0.000266
  0.000276  -0.000070   0.000130
  0.000227   0.000172  -0.000194
  0.000414  -0.000099   0.000229
 -0.000175   0.000139  -0.000114
  0.000209   0.000014   0.000207
  0.000009   0.000071  -0.000786
 -0.000097   0.000030  -0.000300
 -0.000606   0.000263  -0.001129
 -0.000330   0.000030  -0.000169
 -0.000434   0.000075  -0.000207
 -0.000108  -0.000030  -0.000051
 -0.000567   0.000498  -0.001059
 -0.000119  -0.000026  -0.000122
  0.000615  -0.000288   0.000378
 -0.000491   0.000062  -0.000313
  0.000545  -0.000244   0.001208
  0.000298  -0.000019   0.000454
  0.000165   0.000084   0.000444
 -0.001190   0.000289  -0.000038
  0.001169   0.001098   0.001248
  0.000475  -0.000090  -0.000180
  0.000397   0.000084   0.000189
 -0.000140  -0.000010  -0.000102
    5    1  0.0150  0.0000  0.0000
  0.045072  -0.020768  -0.008492
 -0.000531   0.000142  -0.000037
  0.198576  -0.071230  -0.028990
  0.000029   0.000013  -0.000102
 -0.654896  -0.009935   0.013613
  0.000075  -0.000308   0.000043
  0.216513   0.057183   0.044766
 -0.000058   0.000076  -0.000154
  0.045910   0.010608   0.009923
  0.000295   0.000055  -0.000002
 -0.000000   0.000041   0.000037
 -0.000028   0.000004   0.000001
 -0.000051  -0.000013   0.000042
 -0.000001   0.000003   0.000004
  0.000078  -0.000104  -0.000149
  0.000005   0.000007  -0.000021
  0.000064  -0.000014  -0.000074
 -0.000007  -0.000012  -0.000003
 -0.000004   0.000095   0.000173
  0.000012   0.000023  -0.000054
  0.000272   0.000320   0.000575
 -0.000134   0.000105   0.000054
  0.000613   0.000755  -0.000137
  0.000092   0.000043   0.000104
 -0.001801  -0.002165  -0.000781
 -0.000081  -0.000130   0.000078
 -0.002501  -0.000932  -0.000522
  0.000115  -0.000087  -0.000030
 -0.000257   0.000744   0.000032
  0.000024   0.000008   0.000060
  0.005826  -0.003452  -0.001625
 -0.000035  -0.000006  -0.000176
  0.061718  -0.002772  -0.018608
 -0.000026   0.000065   0.000124
  0.065097   0.037342  -0.017558
 -0.000046   0.000248  -0.000043
  0.011162   0.003989   0.004701
 -0.000019  -0.000003   0.000046
  0.001584  -0.000191   0.000027
  0.000111  -0.000098   0.000105
 -0.001641   0.001824   0.000814
 -0.000032  -0.000044  -0.000006
 -0.002662   0.001701   0.000542
  0.000020   0.000017   0.000045
  0.000066  -0.000874   0.000295
 -0.000018  -0.000114  -0.000041
  0.000439  -0.000470  -0.000490
  0.000123  -0.000029   0.000146
  0.000005   0.000000   0.000007
 -0.000011  -0.000004  -0.000012
  0.000003   0.000009  -0.000002
 -0.000003   0.000011   0.000015
 -0.000001  -0.000005  -0.000008
  0.000001   0.000001  -0.000003
  0.000008  -0.000008  -0.000000
 -0.000004  -0.000000   0.000007
  0.000034   0.000016   0.000013
  0.000005  -0.000001   0.000005
 -0.000000   0.000004   0.000001
 -0.000004   0.000001   0.000001
 -0.000114   0.000107   0.000048
 -0.000015  -0.000003   0.000016
 -0.000000  -0.000000   0.000070
  0.000001   0.000004   0.000002
  0.000000  -0.000011  -0.000007
 -0.000002   0.000009  -0.000005
 -0.000037   0.000001   0.000008
  0.000004  -0.000000   0.000015
  0.000014  -0.000060  -0.000034
  0.000006  -0.000002   0.000013
  0.000000  -0.000007  -0.000060
 -0.000001   0.000004   0.000005
 -0.000036   0.000047  -0.000026
  0.000003   0.000008  -0.000009
  0.000012  -0.000010  -0.000001
  0.000004  -0.000008  -0.000002
  0.006938   0.002332   0.002120
  0.000220   0.000018  -0.000130
  0.005033  -0.004275  -0.000491
  0.000019  -0.000035  -0.000197
 -0.000007  -0.000010  -0.000013
  0.000031   0.000004   0.000007
  0.000030  -0.000017  -0.000019
 -0.000017  -0.000005   0.000029
  0.000168   0.000199  -0.000124
 -0.000621  -0.000099   0.000060
 -0.000003  -0.000032   0.000141
 -0.000185  -0.000049   0.000079
 -0.000622  -0.000079  -0.000021
 -0.000169  -0.000022   0.000265
 -0.000045  -0.000066   0.000037
 -0.000082  -0.000097   0.000237
 -0.000066  -0.000068   0.000036
 -0.000019   0.000004  -0.000076
 -0.000318  -0.000163   0.000053
 -0.000128   0.000028  -0.000189
 -0.000056  -0.000018   0.000023
 -0.000120  -0.000007   0.000018
  0.000138  -0.000210   0.000284
 -0.000071  -0.000032  -0.000065
 -0.000009   0.000129  -0.000198
  0.000576   0.000311  -0.000522
  0.000182   0.000344  -0.000002
  0.000223  -0.000004   0.000161
  0.000009  -0.000012  -0.000004
  0.000102   0.001009   0.000590
 -0.000383  -0.000799  -0.000479
  0.000269   0.000048   0.000269
 -0.000064  -0.000041  -0.000097
  0.000110  -0.000049  -0.000100
    5    2  0.0000  0.0150 -0.0000
  0.008545  -0.013242  -0.007336
 -0.000542   0.000173   0.000129
 -0.072584   0.159633   0.021862
 -0.000127   0.000313  -0.000413
 -0.010045  -0.725869   0.026864
  0.000318   0.000212   0.000278
  0.056889   0.134365   0.021516
 -0.000095   0.000011  -0.000137
 -0.021519  -0.014276  -0.009966
  0.000307   0.000016   0.000212
  0.000084  -0.000042  -0.000054
 -0.000103   0.000055  -0.000041
  0.000066   0.000020  -0.000067
  0.000010  -0.000017   0.000027
 -0.000100   0.000045   0.000172
 -0.000005   0.000049  -0.000069
  0.000058  -0.000034  -0.000058
  0.000000  -0.000021   0.000039
 -0.000064   0.000090   0.000344
  0.000079   0.000044  -0.000047
 -0.000500  -0.000041   0.000358
 -0.000632  -0.000139   0.000007
  0.000064   0.000462  -0.000190
 -0.000187  -0.000208  -0.000062
  0.003343  -0.000769   0.000142
  0.000031  -0.000053  -0.000019
  0.000685  -0.000044  -0.000017
  0.000177  -0.000129   0.000115
 -0.034581   0.024117   0.010497
 -0.000028  -0.000020   0.000456
 -0.006357   0.006034   0.001957
  0.000443   0.000175  -0.001393
 -0.002779   0.069241   0.045089
 -0.000203  -0.000200   0.000108
  0.038018   0.335863  -0.127955
  0.000008  -0.000112  -0.000024
  0.034824   0.014436   0.014911
  0.000012  -0.000016   0.000057
  0.008322   0.004935   0.002721
  0.000144  -0.000035   0.000083
 -0.000874  -0.000967  -0.000647
  0.000000  -0.000031  -0.000075
 -0.002064   0.000175  -0.000625
 -0.000011  -0.000086   0.000012
  0.000260   0.000743  -0.000332
  0.000170   0.000170  -0.000009
  0.000238   0.000280   0.000650
 -0.000043   0.000027   0.000036
 -0.000020   0.000003  -0.000010
 -0.000082   0.000016  -0.000090
  0.000029   0.000081  -0.000109
  0.000003  -0.000012  -0.000036
 -0.000006   0.000003   0.000026
 -0.000001  -0.000001   0.000001
  0.000027   0.000023  -0.000014
  0.000006  -0.000007   0.000014
 -0.000045  -0.000010  -0.000014
 -0.000005   0.000004   0.000011
  0.000012  -0.000009  -0.000008
 -0.000005   0.000011  -0.000011
  0.000187   0.000033  -0.000083
  0.000006  -0.000005   0.000014
  0.000003   0.000009   0.000000
  0.000001  -0.000003   0.000016
 -0.000002  -0.000000   0.000020
  0.000004   0.000011  -0.000011
 -0.000022  -0.000032  -0.000054
 -0.000004   0.000004   0.000005
 -0.000223   0.000156   0.000030
  0.000025   0.000002   0.000001
 -0.000001   0.000004  -0.000005
 -0.000000  -0.000004   0.000010
 -0.000132   0.000117  -0.000113
  0.000073   0.000056   0.000066
  0.000020  -0.000053  -0.000017
 -0.000001   0.000002  -0.000001
  0.009787   0.001700   0.001348
  0.000550   0.000100  -0.000021
 -0.009732   0.004571   0.000361
 -0.000862  -0.000042   0.000224
 -0.000063  -0.000003   0.000095
  0.000094   0.000011   0.000106
  0.000256  -0.000062  -0.000109
 -0.000108  -0.000016  -0.000045
  0.000860   0.000095  -0.000217
  0.000224  -0.000152  -0.000509
  0.000612   0.000090   0.000303
 -0.000206   0.000139  -0.000277
  0.000416   0.000064   0.000377
 -0.000235   0.000132  -0.000483
  0.000265  -0.000033   0.000286
 -0.000197   0.000043  -0.000492
  0.000023  -0.000070   0.000534
  0.000102  -0.000013   0.000178
  0.000393  -0.000003   0.000596
  0.000336   0.000013   0.000152
  0.000373  -0.000093   0.000133
  0.000188   0.000048  -0.000062
  0.000480  -0.000384   0.000701
  0.000176   0.000040   0.000086
 -0.000921   0.000031  -0.000458
  0.000102  -0.000309   0.000840
 -0.000529   0.000427  -0.000901
 -0.000382  -0.000018  -0.000274
 -0.000145  -0.000060  -0.000313
  0.000807  -0.001294  -0.000564
 -0.001053  -0.000870  -0.000632
 -0.000667   0.000166   0.000167
 -0.000535  -0.000022  -0.000211
  0.000095   0.000046   0.000338
    5    3  0.0000  0.0000  0.0150
  0.007765  -0.009232  -0.003015
 -0.000092  -0.000054   0.000231
 -0.026532   0.021739   0.113502
 -0.000066   0.000134  -0.000412
  0.013779   0.026452  -0.773567
  0.000041  -0.000274   0.000358
  0.043664   0.021965   0.121164
  0.000059  -0.000073   0.000156
 -0.001593  -0.005493  -0.000599
  0.000202  -0.000088   0.000031
  0.000269  -0.000090  -0.000086
 -0.000151   0.000080  -0.000007
  0.000165   0.000077  -0.000087
  0.000023  -0.000034   0.000097
 -0.000121   0.000192   0.000353
 -0.000017   0.000076  -0.000024
  0.000151  -0.000098   0.000134
 -0.000015  -0.000032   0.000117
 -0.000222   0.000484   0.000627
  0.000132   0.000058  -0.000019
  0.000378   0.000076  -0.000068
  0.000109  -0.000118   0.000335
 -0.000767   0.000411  -0.000733
 -0.000006   0.000119  -0.000041
 -0.000554  -0.000198  -0.000256
  0.000124   0.000005  -0.000105
  0.001577  -0.000064  -0.000154
  0.000028   0.000041  -0.000014
  0.017552  -0.010711  -0.004360
  0.000009   0.000037   0.000087
 -0.038751   0.025705   0.010710
 -0.000196  -0.000407   0.001270
 -0.019174   0.044436   0.401907
 -0.000038   0.000147   0.000045
 -0.018239  -0.128316   0.125545
 -0.000048   0.000234  -0.000195
 -0.019706  -0.006525  -0.007029
 -0.000003   0.000029  -0.000027
  0.041064   0.016602   0.015598
  0.000012  -0.000040  -0.000027
 -0.002344   0.000788  -0.001103
  0.000025   0.000017  -0.000040
  0.000406   0.000413   0.000479
  0.000039   0.000006   0.000027
  0.000843   0.000164  -0.000612
  0.000102   0.000094   0.000016
 -0.000260   0.000128   0.000262
 -0.000053   0.000007   0.000009
  0.000032   0.000013   0.000069
 -0.000102   0.000028  -0.000080
  0.000056   0.000112  -0.000146
  0.000002   0.000030   0.000018
 -0.000009   0.000017   0.000047
 -0.000002  -0.000043  -0.000010
  0.000053   0.000009  -0.000054
  0.000022  -0.000003  -0.000005
 -0.000119  -0.000052  -0.000078
 -0.000023   0.000023  -0.000043
  0.000036  -0.000013  -0.000013
 -0.000004  -0.000001  -0.000012
  0.000547  -0.000169  -0.000027
  0.000010   0.000004  -0.000040
 -0.000003   0.000046  -0.000086
  0.000004  -0.000039   0.000023
  0.000017   0.000113   0.000160
  0.000003  -0.000003  -0.000009
 -0.000039  -0.000052  -0.000211
  0.000013   0.000015  -0.000048
 -0.000762  -0.000137   0.000571
  0.000003   0.000004  -0.000024
  0.000020   0.000027  -0.000173
  0.000005  -0.000027   0.000020
 -0.000340   0.000292  -0.000182
  0.000115   0.000102   0.000124
  0.000061  -0.000137   0.000006
  0.000028   0.000004   0.000025
  0.005693   0.000892   0.000585
 -0.000063   0.000049  -0.000011
 -0.004451   0.001762  -0.000351
 -0.000435  -0.000008   0.000116
 -0.000239   0.000022   0.000063
  0.000089   0.000001   0.000050
  0.000550  -0.000150  -0.000283
 -0.000170  -0.000024  -0.000101
  0.000856   0.000074   0.000197
  0.000120   0.000002  -0.000508
  0.001210   0.000171   0.000784
 -0.000266   0.000133  -0.000386
 -0.000471  -0.000243   0.001306
 -0.000224   0.000113  -0.000572
  0.000485  -0.000350   0.000691
 -0.000185  -0.000034  -0.000485
  0.000047  -0.000030   0.000675
  0.000068  -0.000023  -0.000053
  0.000939   0.000065   0.000943
  0.000055   0.000010  -0.000037
  0.000697  -0.000061   0.000165
  0.000019   0.000006  -0.000162
  0.000458  -0.000273   0.000659
  0.000008  -0.000063  -0.000130
 -0.001395   0.000217  -0.002226
  0.000231  -0.000186   0.001008
 -0.001104   0.000138  -0.001351
 -0.000077   0.000066   0.000168
 -0.000041  -0.000149  -0.000226
  0.000879  -0.000441  -0.000315
 -0.001281  -0.000476  -0.000798
 -0.000259  -0.000115   0.000185
 -0.001123  -0.000136  -0.000334
  0.000190   0.000008   0.000433
    7    1  0.0150  0.0000  0.0000
  0.002050  -0.004574  -0.001821
 -0.000074   0.000387  -0.000152
  0.038925   0.013211   0.011391
  0.000013  -0.000113  -0.000021
  0.216509   0.057051   0.043807
 -0.000062   0.000119   0.000043
 -0.622441  -0.035311   0.026219
  0.000204  -0.000081   0.000101
  0.164300  -0.073918  -0.019625
 -0.000317   0.000462  -0.000264
  0.000029   0.000007  -0.000006
 -0.000004  -0.000019   0.000013
  0.000043  -0.000017  -0.000058
  0.000000   0.000014  -0.000018
 -0.000047   0.000066   0.000158
 -0.000003  -0.000017   0.000028
 -0.000014  -0.000004   0.000016
  0.000011   0.000004  -0.000010
 -0.000018   0.000022   0.000082
 -0.000073  -0.000022   0.000019
 -0.000140   0.000014   0.000150
  0.000066  -0.000325   0.000593
 -0.000016   0.000172  -0.000104
  0.000081   0.000221   0.000058
  0.000049   0.000016  -0.000148
  0.000153  -0.000281   0.000025
  0.000297   0.000036   0.000296
  0.000088  -0.000077  -0.000064
 -0.002597   0.000990   0.000320
  0.000010  -0.000004   0.000017
 -0.002803   0.001391   0.000923
 -0.000035   0.000156   0.000059
  0.002331   0.001674   0.000913
 -0.000014  -0.000001  -0.000006
  0.010385   0.006022   0.003027
 -0.000031  -0.000045  -0.000026
  0.077562   0.062824  -0.040278
 -0.000023  -0.000010   0.000004
  0.062412  -0.003065  -0.019790
  0.000004  -0.000003  -0.000009
  0.003699  -0.004589  -0.001828
 -0.000020  -0.000025   0.000032
 -0.002063   0.001767  -0.000679
  0.000055  -0.000077  -0.000022
 -0.001908  -0.001293   0.000930
 -0.000238  -0.000292   0.000110
 -0.002381  -0.000244  -0.000418
  0.000241  -0.000060   0.000231
 -0.000012  -0.000012  -0.000035
 -0.000019   0.000005  -0.000029
  0.000013   0.000031  -0.000041
  0.000011  -0.000021  -0.000028
 -0.000003  -0.000011   0.000005
 -0.000005   0.000009  -0.000003
  0.000015  -0.000001  -0.000002
  0.000008   0.000006   0.000004
 -0.000027  -0.000003   0.000001
 -0.000005  -0.000002   0.000008
  0.000013   0.000003   0.000010
  0.000003   0.000000   0.000006
  0.000075  -0.000039  -0.000041
 -0.000004   0.000004   0.000001
  0.000000  -0.000001  -0.000034
 -0.000002   0.000003  -0.000006
 -0.000012   0.000010   0.000028
 -0.000003   0.000001   0.000003
  0.000017  -0.000007  -0.000005
  0.000004  -0.000001   0.000004
 -0.000155  -0.000000  -0.000041
 -0.000017   0.000002   0.000005
  0.000000  -0.000003  -0.000008
  0.000002   0.000010  -0.000006
 -0.000020   0.000036  -0.000089
 -0.000084  -0.000063  -0.000083
  0.000013  -0.000015  -0.000003
  0.000017   0.000002  -0.000010
  0.001704   0.000912   0.000635
 -0.000146   0.000143  -0.000022
  0.053371  -0.026071  -0.005413
  0.001513  -0.000060  -0.000787
 -0.000003   0.000001   0.000045
 -0.000003   0.000015   0.000035
  0.000034  -0.000018  -0.000041
  0.000138   0.000027   0.000085
 -0.000131   0.000132  -0.000364
 -0.000085   0.000179   0.000356
 -0.000390  -0.000104  -0.000013
  0.000267  -0.000158   0.000315
 -0.000727   0.000251  -0.000964
  0.000288  -0.000300   0.000332
 -0.000346   0.000103  -0.000229
  0.000242  -0.000089   0.000731
 -0.000012  -0.000016   0.000167
 -0.000047  -0.000001   0.000138
  0.000076   0.000009   0.000151
 -0.000182  -0.000077   0.000027
 -0.000010  -0.000009   0.000070
 -0.000179  -0.000035   0.000192
  0.000093  -0.000103   0.000200
 -0.000139  -0.000002   0.000048
  0.000701   0.000052   0.000645
 -0.000043   0.000430  -0.000843
 -0.000064   0.000101  -0.000280
  0.000279   0.000070  -0.000142
 -0.000014  -0.000002  -0.000130
 -0.000401   0.003195   0.002322
 -0.000345  -0.000260  -0.000092
  0.000500  -0.000293  -0.000404
  0.000125  -0.000065  -0.000143
 -0.000082  -0.000058  -0.000454
    7    2  0.0000  0.0150 -0.0000
 -0.001946   0.005775   0.002300
 -0.000063   0.000110  -0.000046
 -0.024473  -0.014682  -0.011348
 -0.000008  -0.000218  -0.000101
  0.057043   0.134366   0.021990
 -0.000082  -0.000003   0.000074
 -0.035390  -0.750593   0.024341
  0.000073   0.000004  -0.000095
 -0.077643   0.191055   0.021164
 -0.000079   0.000129  -0.000198
  0.000010   0.000052   0.000073
  0.000052  -0.000042   0.000037
 -0.000012  -0.000024  -0.000016
 -0.000014   0.000024  -0.000017
 -0.000024   0.000019   0.000090
 -0.000005  -0.000018   0.000035
 -0.000040   0.000069  -0.000021
 -0.000006   0.000007  -0.000005
 -0.000000  -0.000040  -0.000049
 -0.000039  -0.000002  -0.000003
  0.000213   0.000067  -0.000233
 -0.000199  -0.000068   0.000133
  0.000409  -0.000418   0.000261
  0.000287   0.000027   0.000430
 -0.000155  -0.000760   0.000318
 -0.000132   0.000157   0.000314
  0.000169   0.000097  -0.000155
  0.000024  -0.000057  -0.000068
 -0.000596  -0.000807  -0.000375
  0.000005   0.000014   0.000114
  0.000013  -0.000476  -0.000254
  0.000020  -0.000079   0.000138
  0.005825   0.004688   0.002676
  0.000023   0.000043   0.000023
  0.036577   0.018783   0.014036
 -0.000025   0.000076  -0.000073
  0.065803   0.310654  -0.153559
  0.000001   0.000007   0.000013
 -0.002904   0.080314   0.071087
 -0.000019  -0.000031   0.000055
 -0.010249   0.011645   0.002290
 -0.000023   0.000013   0.000066
 -0.026569   0.029735   0.008972
  0.000034   0.000059  -0.000020
  0.001914  -0.003757   0.000866
 -0.000194  -0.000315   0.000029
  0.000346  -0.001559  -0.001817
  0.000200  -0.000054   0.000075
  0.000037   0.000008   0.000040
  0.000060  -0.000002   0.000047
 -0.000007  -0.000042   0.000071
 -0.000002   0.000030   0.000045
  0.000002   0.000005  -0.000014
  0.000000   0.000008  -0.000002
 -0.000003  -0.000015  -0.000004
 -0.000009   0.000011  -0.000004
  0.000002  -0.000003  -0.000016
  0.000002   0.000001  -0.000005
 -0.000002   0.000013   0.000019
  0.000002  -0.000004   0.000012
 -0.000036  -0.000003  -0.000011
 -0.000009   0.000007  -0.000006
  0.000004   0.000002  -0.000025
 -0.000001   0.000003  -0.000006
 -0.000023  -0.000020  -0.000022
 -0.000003   0.000000   0.000003
  0.000024  -0.000014   0.000012
  0.000003   0.000002  -0.000002
 -0.000025  -0.000040   0.000004
 -0.000012   0.000001  -0.000001
 -0.000007   0.000002  -0.000029
 -0.000000   0.000003   0.000002
  0.000010   0.000069  -0.000097
 -0.000034  -0.000008  -0.000032
  0.000021   0.000009  -0.000000
  0.000011  -0.000002   0.000011
 -0.004570  -0.001331  -0.000216
 -0.000296   0.000233  -0.000521
  0.017336  -0.015442  -0.004114
  0.001005  -0.000002  -0.000534
 -0.000020   0.000005  -0.000092
 -0.000061  -0.000005  -0.000078
 -0.000021  -0.000003   0.000043
  0.000051   0.000009   0.000042
 -0.001289   0.000188   0.000615
 -0.000809   0.000045   0.000247
 -0.000699  -0.000011   0.000365
 -0.000058  -0.000137   0.000181
 -0.002334  -0.000527   0.000584
  0.000052  -0.000201   0.000389
 -0.000330  -0.000353   0.000175
  0.000097  -0.000228   0.000612
 -0.000118   0.000023  -0.000363
 -0.000116   0.000028  -0.000279
 -0.000598  -0.000012  -0.000463
 -0.000441   0.000082  -0.000394
 -0.000479   0.000115   0.000039
 -0.000292  -0.000036   0.000011
 -0.000411   0.000211  -0.000407
 -0.000206  -0.000048  -0.000158
  0.001634   0.000191  -0.001231
  0.000585   0.000614  -0.000869
  0.000785  -0.000207   0.000681
  0.000572  -0.000032   0.000461
  0.000179   0.000018   0.000263
  0.000388   0.002493   0.001545
  0.001153   0.000527   0.000249
  0.000695   0.000017   0.000206
  0.000396  -0.000130  -0.000249
  0.000065  -0.000102  -0.000274
    7    3  0.0000  0.0000  0.0150
 -0.000930   0.001381   0.002060
 -0.000233   0.000758  -0.000135
 -0.007388  -0.006773  -0.001727
 -0.000007  -0.000138  -0.000382
  0.044640   0.021506   0.121155
 -0.000191   0.000150   0.000140
  0.026375   0.023918  -0.792923
  0.000054   0.000071  -0.000337
 -0.022008   0.021471   0.116014
 -0.000271   0.000116  -0.000119
  0.000037   0.000050   0.000066
  0.000065  -0.000037   0.000096
 -0.000052  -0.000011   0.000053
 -0.000012   0.000022   0.000026
  0.000044  -0.000069  -0.000091
  0.000003  -0.000020   0.000096
  0.000000  -0.000018  -0.000048
 -0.000025   0.000010   0.000005
  0.000040  -0.000067   0.000108
 -0.000031   0.000009   0.000007
  0.000309  -0.000016  -0.000228
  0.000821  -0.000061  -0.000742
  0.000104  -0.000223   0.000369
  0.000516   0.000093   0.000746
  0.000096   0.000494   0.000033
 -0.000357  -0.000291   0.001094
 -0.000141  -0.000071  -0.000660
  0.000050  -0.000470  -0.000283
  0.000578   0.000176   0.000286
  0.000059  -0.000074   0.000265
 -0.002375  -0.000173  -0.000758
 -0.000308  -0.000041  -0.000254
  0.040659   0.020360   0.016790
  0.000044   0.000002   0.000017
 -0.017492  -0.008503  -0.006288
 -0.000111  -0.000023  -0.000101
 -0.040119  -0.150775   0.159813
  0.000014  -0.000017   0.000061
 -0.020037   0.070415   0.389632
  0.000033  -0.000046   0.000113
 -0.030559   0.031483   0.007174
 -0.000029  -0.000008   0.000090
  0.018049  -0.018561  -0.005009
  0.000033   0.000044  -0.000032
 -0.002260  -0.000041   0.001091
 -0.000172  -0.000229  -0.000059
  0.001898  -0.001675  -0.002065
  0.000060  -0.000011  -0.000011
  0.000094   0.000022   0.000104
  0.000094  -0.000023   0.000142
 -0.000018  -0.000082   0.000132
 -0.000015   0.000095   0.000140
  0.000006   0.000016  -0.000009
  0.000006  -0.000024  -0.000011
 -0.000022  -0.000007  -0.000012
 -0.000008   0.000019  -0.000024
  0.000030   0.000004  -0.000020
  0.000010   0.000019  -0.000049
 -0.000005   0.000015   0.000009
  0.000001  -0.000016   0.000021
 -0.000112   0.000066  -0.000029
 -0.000026   0.000020  -0.000041
  0.000003   0.000013   0.000051
  0.000004  -0.000010  -0.000010
  0.000002  -0.000006  -0.000022
 -0.000006  -0.000007   0.000009
 -0.000021   0.000002  -0.000014
  0.000022   0.000011  -0.000026
  0.000119   0.000138  -0.000047
 -0.000029   0.000003  -0.000008
  0.000001   0.000015   0.000038
  0.000004  -0.000003   0.000005
  0.000101  -0.000118   0.000068
 -0.000035  -0.000013  -0.000034
  0.000013   0.000007   0.000039
  0.000030  -0.000003   0.000024
 -0.002457   0.000229  -0.001236
 -0.000408  -0.000093  -0.000698
  0.013250  -0.006997  -0.002969
  0.001033   0.000106  -0.000191
 -0.000064   0.000019  -0.000174
 -0.000081  -0.000006  -0.000200
 -0.000148   0.000023  -0.000083
  0.000028   0.000018   0.000038
 -0.000244  -0.000010  -0.000093
 -0.001278  -0.000385   0.000898
 -0.000210   0.000056  -0.000407
 -0.000081  -0.000168   0.000362
 -0.000504   0.001121  -0.001165
  0.000147  -0.000134   0.001056
 -0.000338   0.000336  -0.000293
 -0.000015  -0.000116   0.000737
 -0.000099  -0.000007  -0.000655
 -0.000231   0.000062  -0.000713
 -0.000537  -0.000063  -0.000582
 -0.001094   0.000164  -0.000994
 -0.000256   0.000053  -0.000262
 -0.000637  -0.000095  -0.000031
 -0.000266   0.000190  -0.000460
 -0.000460  -0.000114  -0.000412
  0.000586  -0.000516   0.000537
  0.000657   0.000581  -0.001775
  0.000526  -0.000052   0.001077
  0.001345  -0.000114   0.001243
  0.000312  -0.000008   0.000564
 -0.001069   0.001234   0.000606
  0.000687   0.000243   0.000425
  0.001772   0.000178   0.000453
  0.000231   0.000122   0.000222
  0.000183  -0.000095  -0.000399
    9    1  0.0150  0.0000  0.0000
  0.001015  -0.001517  -0.000370
 -0.000032  -0.000712   0.000269
  0.003365   0.002313   0.001215
 -0.000059   0.000379  -0.000826
  0.045898  -0.021562  -0.001580
  0.000320  -0.000340   0.000199
  0.164236  -0.077586  -0.022012
 -0.000282   0.000069  -0.000293
 -0.645903  -0.031538   0.009984
  0.001251  -0.000620   0.000265
  0.000158  -0.000031   0.000079
 -0.000077   0.000069  -0.000075
  0.000058   0.000014   0.000051
 -0.000015  -0.000056   0.000063
  0.000013   0.000092   0.000301
 -0.000019   0.000116  -0.000178
  0.000068  -0.000133  -0.000051
 -0.000038  -0.000054   0.000128
 -0.000306   0.000237   0.000602
  0.000375   0.000148  -0.000169
  0.000316   0.000123  -0.000176
 -0.000252  -0.000034  -0.001989
  0.000281  -0.000139   0.000262
 -0.000766  -0.000611  -0.000437
  0.000025   0.000097  -0.000166
  0.000028   0.000402  -0.000258
 -0.000040  -0.000009   0.000102
 -0.000072   0.000092   0.000247
  0.000101  -0.000077   0.000335
 -0.000033   0.000044   0.000060
  0.000138   0.000153   0.000039
  0.000168  -0.000104   0.000367
 -0.001898  -0.000964  -0.001668
 -0.000099  -0.000050   0.000162
 -0.001064  -0.002510  -0.000282
  0.000020   0.000170  -0.000034
 -0.003981   0.005457   0.001943
  0.000077   0.000053   0.000014
  0.003812  -0.002601   0.000640
  0.000031  -0.000072   0.000161
  0.060094   0.002318   0.006324
  0.000054   0.000083  -0.000050
  0.067288   0.041141  -0.030018
 -0.000121   0.000238   0.000074
  0.019332   0.007967  -0.002262
  0.000691  -0.000105  -0.000467
  0.010423   0.000501   0.002099
  0.000113   0.000205  -0.000391
  0.000048   0.000053   0.000191
  0.000003   0.000018  -0.000037
  0.000016  -0.000012   0.000034
 -0.000022   0.000056   0.000056
  0.000002   0.000062   0.000004
  0.000003  -0.000011   0.000008
  0.000039  -0.000011  -0.000062
 -0.000026  -0.000019   0.000006
 -0.000022  -0.000038  -0.000099
 -0.000008   0.000005  -0.000002
  0.000023   0.000023   0.000012
 -0.000014   0.000013  -0.000023
  0.000081  -0.000050  -0.000145
  0.000023  -0.000021   0.000015
  0.000000   0.000033  -0.000022
  0.000003  -0.000022   0.000043
  0.000005   0.000074   0.000076
  0.000015   0.000014  -0.000028
 -0.000001  -0.000017  -0.000121
 -0.000024   0.000008  -0.000018
 -0.000075  -0.000001  -0.000070
  0.000084  -0.000011  -0.000021
  0.000017  -0.000010  -0.000059
 -0.000009  -0.000057   0.000051
 -0.000360   0.000309  -0.000161
  0.000421   0.000342   0.000408
  0.000051  -0.000049  -0.000002
 -0.000065  -0.000005   0.000064
 -0.000725   0.000253   0.000041
  0.001027  -0.000042   0.001047
  0.257732   0.088858   0.038500
 -0.001927   0.000064   0.000391
 -0.000144  -0.000010  -0.000137
  0.000023  -0.000038  -0.000015
  0.000505  -0.000148   0.000065
 -0.000620  -0.000131  -0.000375
 -0.001072   0.000090   0.001737
  0.000203  -0.001955  -0.003767
  0.001719   0.000536   0.001918
 -0.001404   0.000744  -0.001526
  0.002321  -0.001993   0.007772
 -0.001904   0.000528  -0.001543
  0.000509  -0.000926   0.002624
 -0.001514  -0.000150  -0.002029
 -0.000210  -0.000046  -0.000031
  0.000297  -0.000057  -0.000348
 -0.000751   0.000054  -0.000090
  0.001295   0.000194   0.000203
 -0.000428   0.000089   0.000378
  0.000932   0.000190  -0.000910
 -0.000339  -0.000055   0.000080
  0.000695  -0.000112  -0.000264
 -0.000128  -0.000133  -0.006456
  0.001814  -0.001090   0.003348
  0.000932   0.000065   0.000131
 -0.001693  -0.000006   0.000315
  0.000083  -0.000048   0.000192
  0.019890  -0.007473  -0.005139
  0.001429   0.000206  -0.000829
 -0.003240   0.000627   0.001276
 -0.000737   0.000054  -0.001075
  0.000531   0.000129   0.002180
    9    2  0.0000  0.0150 -0.0000
  0.001143  -0.001758  -0.000462
  0.001376   0.000593   0.000278
  0.005243   0.004066   0.002887
 -0.000246   0.000128  -0.000406
  0.010658  -0.014282  -0.005527
 -0.000012   0.000008   0.000092
 -0.073902   0.191070   0.021509
 -0.000407   0.000115  -0.000096
 -0.031504  -0.757145   0.022413
  0.000656  -0.000985   0.000690
 -0.000022  -0.000082  -0.000064
 -0.000064   0.000086  -0.000084
  0.000022   0.000054   0.000054
  0.000018  -0.000046   0.000038
  0.000057  -0.000043  -0.000091
  0.000011   0.000055  -0.000084
  0.000111  -0.000027  -0.000088
  0.000014  -0.000007   0.000033
 -0.000119   0.000211   0.000436
  0.000152   0.000025   0.000001
  0.000020  -0.000015   0.000014
  0.001332   0.000399  -0.007227
 -0.000138   0.000207  -0.000205
 -0.000586  -0.001027   0.000045
 -0.000082  -0.000045  -0.000110
 -0.000078  -0.000087  -0.000105
 -0.000048  -0.000032   0.000046
 -0.000464  -0.000220   0.000210
 -0.000182  -0.000336   0.000312
  0.000005  -0.000001   0.000108
 -0.000403   0.000225  -0.000193
  0.000242  -0.000095   0.000223
  0.001368  -0.000075   0.000465
 -0.000030  -0.000053  -0.000014
  0.003214  -0.000666   0.000175
  0.000034  -0.000025   0.000032
 -0.031368   0.031290   0.006895
  0.000048   0.000012  -0.000001
 -0.008771   0.010890   0.001236
  0.000010   0.000020  -0.000015
  0.000002   0.094300   0.097877
  0.000032   0.000049  -0.000145
  0.033971   0.290811  -0.158446
 -0.000103   0.000082   0.000066
  0.043693   0.014665   0.010316
  0.000456   0.001011  -0.000052
  0.013225   0.008793   0.001774
 -0.000606   0.000081  -0.000373
 -0.000058   0.000010  -0.000019
 -0.000069   0.000016  -0.000070
  0.000008   0.000044  -0.000067
  0.000003  -0.000037  -0.000068
  0.000004   0.000015   0.000013
  0.000001  -0.000010   0.000011
  0.000014   0.000018   0.000001
  0.000013  -0.000018   0.000002
  0.000007  -0.000002   0.000009
 -0.000007   0.000002   0.000007
  0.000001  -0.000011  -0.000020
 -0.000001   0.000013  -0.000022
  0.000022   0.000017   0.000012
  0.000032  -0.000011   0.000006
  0.000003   0.000006   0.000033
  0.000004  -0.000005   0.000021
  0.000018   0.000007   0.000023
  0.000014   0.000002  -0.000003
 -0.000070  -0.000021  -0.000035
 -0.000011   0.000003  -0.000003
  0.000267  -0.000122   0.000025
  0.000047   0.000003  -0.000006
 -0.000004  -0.000000  -0.000115
  0.000002  -0.000016   0.000007
 -0.000109   0.000160   0.000071
  0.000163   0.000093   0.000161
 -0.000012  -0.000029  -0.000013
 -0.000046   0.000013   0.000004
  0.001523   0.000297   0.000280
 -0.000355  -0.000160   0.003293
  0.043195   0.131341   0.004649
 -0.004200  -0.000141   0.002230
  0.000043  -0.000006   0.000090
  0.000062   0.000001   0.000100
  0.000118  -0.000038  -0.000017
 -0.000226  -0.000036  -0.000178
  0.000648  -0.000403   0.000851
  0.001932  -0.000129  -0.000459
  0.001157   0.000143   0.000470
 -0.000095   0.000493  -0.000753
 -0.001884   0.001927   0.002166
 -0.000185   0.001072  -0.001470
  0.001364  -0.000556   0.000393
 -0.000447   0.000779  -0.002338
  0.000122  -0.000014   0.000398
  0.000219   0.000005   0.000359
  0.000462   0.000098   0.000497
  0.000966   0.000123   0.000665
  0.000422  -0.000051   0.000082
  0.000774   0.000125  -0.000268
  0.000281  -0.000202   0.000382
  0.000635   0.000234   0.000364
 -0.002324   0.001496  -0.003109
 -0.001752  -0.001905   0.002638
 -0.000636   0.000137  -0.000704
 -0.001369  -0.000230  -0.000743
 -0.000244  -0.000007  -0.000321
 -0.004848  -0.007618  -0.004415
 -0.000480  -0.000147  -0.000561
 -0.002169   0.000861  -0.000283
 -0.000804  -0.000125   0.000222
 -0.000117   0.000301   0.001089
    9    3  0.0000  0.0000  0.0150
  0.000284  -0.000468  -0.001119
 -0.000134  -0.000580   0.000569
  0.002236   0.001483   0.002477
  0.000092   0.000066   0.000043
  0.009939  -0.009952  -0.000602
  0.000009  -0.000210   0.000030
 -0.019630   0.021119   0.116032
 -0.000252   0.000185  -0.000113
  0.010039   0.021912  -0.825855
  0.000283  -0.000681   0.000517
  0.000079  -0.000060  -0.000044
 -0.000060   0.000073   0.000006
  0.000014   0.000064   0.000063
  0.000013  -0.000037   0.000093
  0.000071  -0.000049  -0.000081
  0.000012   0.000044  -0.000010
  0.000163  -0.000050  -0.000067
 -0.000002  -0.000007   0.000055
 -0.000051   0.000304   0.000577
  0.000119   0.000021   0.000018
 -0.000006  -0.000011  -0.000006
 -0.000452  -0.000327   0.002990
 -0.000151   0.000146  -0.000176
  0.000023  -0.000013   0.000165
  0.000030   0.000025   0.000015
  0.000038   0.000262  -0.000246
 -0.000128  -0.000122   0.000029
 -0.000037   0.000144   0.000028
 -0.000106   0.000253  -0.000132
 -0.000006   0.000026  -0.000071
 -0.000023  -0.000006  -0.000562
 -0.000075  -0.000002   0.000032
  0.002787  -0.000877   0.000206
  0.000021   0.000025  -0.000012
 -0.000993   0.000042  -0.000665
  0.000047   0.000039  -0.000000
  0.018589  -0.016638  -0.004331
  0.000028   0.000007   0.000002
 -0.035870   0.032971   0.008325
 -0.000009  -0.000000   0.000013
 -0.007025   0.095788   0.395772
  0.000018   0.000037  -0.000048
 -0.023142  -0.158212   0.175093
 -0.000095   0.000080   0.000021
 -0.027699  -0.003616  -0.011237
  0.000645   0.000561   0.000049
  0.048446   0.014138  -0.002199
 -0.000289   0.000104  -0.000410
  0.000045   0.000019   0.000076
 -0.000014  -0.000008   0.000047
  0.000002  -0.000006   0.000010
 -0.000016   0.000059   0.000076
  0.000007   0.000017   0.000015
  0.000007  -0.000054  -0.000005
 -0.000001   0.000008  -0.000020
  0.000002  -0.000009  -0.000022
  0.000004  -0.000011  -0.000016
  0.000002   0.000020  -0.000050
  0.000004  -0.000008  -0.000018
 -0.000005  -0.000008  -0.000009
  0.000048  -0.000001  -0.000027
  0.000006   0.000004  -0.000041
  0.000005   0.000019   0.000033
  0.000009  -0.000028   0.000014
  0.000037   0.000024   0.000038
  0.000007  -0.000010  -0.000001
 -0.000099  -0.000041  -0.000083
  0.000013   0.000009  -0.000037
  0.000358  -0.000251   0.000105
  0.000011   0.000002  -0.000021
 -0.000003   0.000027  -0.000160
  0.000007  -0.000022   0.000009
 -0.000059   0.000099   0.000297
  0.000100   0.000092   0.000114
 -0.000032  -0.000039   0.000031
  0.000011   0.000001   0.000022
  0.000948   0.000125   0.000184
 -0.000129   0.000147  -0.001375
  0.023316   0.006239   0.141937
 -0.002596   0.000219   0.000874
 -0.000075   0.000017  -0.000051
  0.000022  -0.000011  -0.000075
  0.000033  -0.000038  -0.000178
 -0.000141  -0.000024  -0.000098
  0.000944  -0.000393   0.000525
  0.000180   0.001855   0.000956
  0.001549   0.000168   0.000211
 -0.000171   0.000054  -0.000551
  0.002272  -0.002581   0.005165
 -0.000416   0.000001  -0.001088
  0.001341  -0.000808   0.000640
  0.000132  -0.000397  -0.000661
  0.000080  -0.000024  -0.000040
  0.000016   0.000010  -0.000330
  0.000364   0.000031   0.000270
 -0.000083   0.000057  -0.000307
  0.000513  -0.000068  -0.000203
  0.000014   0.000002  -0.000229
  0.000239  -0.000104   0.000123
 -0.000028  -0.000026  -0.000179
 -0.003381   0.001199  -0.002264
 -0.000366  -0.000304   0.002395
 -0.000719   0.000131  -0.000121
  0.000062  -0.000064   0.000546
  0.000020  -0.000060   0.000160
 -0.000770  -0.003150  -0.003184
 -0.000532  -0.000109  -0.000254
  0.000062   0.000032   0.000491
 -0.001027  -0.000037   0.000735
  0.000088   0.000004   0.000368
   11    1  0.0150  0.0000  0.0000
 -0.000300   0.000231   0.000597
  0.000369   0.000145  -0.000170
  0.000067  -0.000141  -0.000052
 -0.000038  -0.000056   0.000131
  0.000009   0.000089   0.000302
 -0.000016   0.000112  -0.000177
  0.000054  -0.000003   0.000061
 -0.000014  -0.000059   0.000066
  0.000157  -0.000032   0.000075
 -0.000067   0.000066  -0.000075
 -0.646197  -0.031067   0.010216
  0.001243  -0.000627   0.000265
  0.164680  -0.077911  -0.022153
 -0.000274   0.000070  -0.000296
  0.045892  -0.021559  -0.001602
  0.000328  -0.000344   0.000199
  0.003402   0.002294   0.001212
 -0.000046   0.000377  -0.000824
  0.001003  -0.001514  -0.000361
 -0.000024  -0.000718   0.000275
  0.000055  -0.000051  -0.000001
 -0.000064  -0.000009   0.000068
 -0.000351   0.000301  -0.000154
  0.000418   0.000334   0.000402
  0.000018  -0.000011  -0.000059
 -0.000008  -0.000060   0.000051
 -0.000073  -0.000003  -0.000072
  0.000085  -0.000014  -0.000020
  0.000007   0.000073   0.000075
  0.000017   0.000012  -0.000029
  0.000002  -0.000020  -0.000121
 -0.000021   0.000005  -0.000018
  0.000084  -0.000055  -0.000156
  0.000025  -0.000023   0.000013
  0.000002   0.000031  -0.000023
  0.000006  -0.000025   0.000043
  0.000025   0.000022   0.000011
 -0.000011   0.000011  -0.000023
 -0.000019  -0.000044  -0.000105
 -0.000004   0.000002  -0.000004
  0.000038  -0.000018  -0.000070
 -0.000025  -0.000021   0.000002
  0.000005   0.000068   0.000000
  0.000005  -0.000014   0.000008
  0.000015  -0.000022   0.000044
 -0.000020   0.000056   0.000059
  0.000053   0.000049   0.000186
  0.000012   0.000014  -0.000031
  0.010394   0.000481   0.002053
  0.000115   0.000203  -0.000396
  0.019331   0.007963  -0.002237
  0.000695  -0.000108  -0.000468
  0.067274   0.041189  -0.029996
 -0.000118   0.000236   0.000072
  0.060126   0.002247   0.006139
  0.000057   0.000080  -0.000049
  0.003817  -0.002575   0.000723
  0.000035  -0.000075   0.000164
 -0.003949   0.005508   0.001901
  0.000081   0.000051   0.000014
 -0.001901  -0.000969  -0.001668
 -0.000095  -0.000053   0.000162
 -0.001072  -0.002507  -0.000286
  0.000025   0.000168  -0.000035
  0.000106  -0.000082   0.000342
 -0.000029   0.000045   0.000061
  0.000143   0.000150   0.000043
  0.000173  -0.000106   0.000368
 -0.000037  -0.000012   0.000113
 -0.000069   0.000089   0.000248
  0.000027   0.000097  -0.000166
  0.000031   0.000398  -0.000261
  0.000284  -0.000143   0.000263
 -0.000764  -0.000611  -0.000438
  0.000316   0.000120  -0.000176
 -0.000252  -0.000038  -0.001983
  0.000489  -0.000153   0.000055
 -0.000618  -0.000136  -0.000363
 -0.000157  -0.000010  -0.000141
  0.000009  -0.000045  -0.000036
  0.257460   0.088957   0.038641
 -0.001926   0.000058   0.000402
 -0.000742   0.000245   0.000041
  0.001032  -0.000036   0.001049
 -0.000471   0.000097   0.000355
  0.000916   0.000179  -0.000905
 -0.000803   0.000044  -0.000118
  0.001282   0.000191   0.000196
 -0.000226  -0.000041  -0.000118
  0.000287  -0.000059  -0.000385
 -0.000372  -0.000050   0.000044
  0.000690  -0.000113  -0.000270
  0.002339  -0.001993   0.007781
 -0.001904   0.000533  -0.001507
  0.001692   0.000531   0.001898
 -0.001394   0.000733  -0.001492
 -0.001096   0.000085   0.001750
  0.000169  -0.001964  -0.003710
  0.000499  -0.000921   0.002620
 -0.001510  -0.000146  -0.001996
  0.000959   0.000061   0.000183
 -0.001675  -0.000007   0.000326
 -0.000086  -0.000135  -0.006455
  0.001820  -0.001091   0.003304
  0.019922  -0.007473  -0.005154
  0.000106  -0.000042   0.000224
 -0.000704   0.000056  -0.001071
  0.000533   0.000129   0.002153
  0.001458   0.000204  -0.000830
 -0.003223   0.000624   0.001252
   11    2  0.0000  0.0150 -0.0000
 -0.000114   0.000206   0.000431
  0.000149   0.000022   0.000006
  0.000111  -0.000025  -0.000086
  0.000017  -0.000008   0.000032
  0.000059  -0.000045  -0.000095
  0.000013   0.000051  -0.000078
  0.000023   0.000053   0.000053
  0.000019  -0.000045   0.000038
 -0.000022  -0.000082  -0.000065
 -0.000060   0.000083  -0.000080
 -0.031001  -0.757636   0.022462
  0.000648  -0.000985   0.000692
 -0.074207   0.191312   0.021602
 -0.000400   0.000115  -0.000094
  0.010703  -0.014291  -0.005539
 -0.000010   0.000009   0.000093
  0.005255   0.004080   0.002883
 -0.000241   0.000125  -0.000401
  0.001130  -0.001756  -0.000462
  0.001381   0.000598   0.000278
 -0.000011  -0.000028  -0.000012
 -0.000044   0.000013   0.000004
 -0.000104   0.000156   0.000075
  0.000161   0.000090   0.000159
 -0.000003  -0.000001  -0.000113
  0.000003  -0.000015   0.000008
  0.000270  -0.000122   0.000030
  0.000047   0.000002  -0.000005
  0.000019   0.000004   0.000024
  0.000015   0.000001  -0.000002
 -0.000069  -0.000022  -0.000032
 -0.000008   0.000002  -0.000002
  0.000023   0.000016   0.000017
  0.000033  -0.000011   0.000004
  0.000004   0.000005   0.000034
  0.000006  -0.000006   0.000020
  0.000002  -0.000013  -0.000019
  0.000000   0.000011  -0.000021
  0.000009  -0.000002   0.000011
 -0.000005   0.000001   0.000007
  0.000013   0.000018   0.000002
  0.000014  -0.000018   0.000002
  0.000005   0.000014   0.000013
  0.000002  -0.000011   0.000011
  0.000009   0.000042  -0.000065
  0.000005  -0.000037  -0.000065
 -0.000055   0.000009  -0.000020
 -0.000066   0.000015  -0.000067
  0.013215   0.008769   0.001746
 -0.000607   0.000079  -0.000376
  0.043691   0.014647   0.010359
  0.000459   0.001018  -0.000045
  0.033978   0.291350  -0.158369
 -0.000100   0.000079   0.000065
 -0.000067   0.094106   0.097555
  0.000034   0.000048  -0.000144
 -0.008787   0.010889   0.001241
  0.000012   0.000020  -0.000017
 -0.031399   0.031278   0.006939
  0.000050   0.000010  -0.000000
  0.001368  -0.000081   0.000443
 -0.000026  -0.000054  -0.000016
  0.003216  -0.000683   0.000179
  0.000037  -0.000028   0.000033
 -0.000182  -0.000333   0.000310
  0.000007  -0.000003   0.000109
 -0.000400   0.000227  -0.000191
  0.000243  -0.000095   0.000221
 -0.000046  -0.000034   0.000046
 -0.000463  -0.000222   0.000209
 -0.000080  -0.000046  -0.000108
 -0.000077  -0.000089  -0.000103
 -0.000143   0.000212  -0.000211
 -0.000576  -0.001023   0.000053
  0.000016  -0.000018   0.000020
  0.001344   0.000385  -0.007222
  0.000105  -0.000036  -0.000016
 -0.000216  -0.000031  -0.000174
  0.000045  -0.000006   0.000090
  0.000061   0.000001   0.000097
  0.042966   0.131428   0.004665
 -0.004208  -0.000159   0.002236
  0.001554   0.000289   0.000279
 -0.000381  -0.000152   0.003268
  0.000425  -0.000052   0.000077
  0.000749   0.000120  -0.000258
  0.000480   0.000097   0.000500
  0.000935   0.000120   0.000653
  0.000125  -0.000014   0.000391
  0.000210   0.000005   0.000351
  0.000287  -0.000204   0.000381
  0.000618   0.000229   0.000358
 -0.001926   0.001930   0.002199
 -0.000192   0.001070  -0.001476
  0.001131   0.000136   0.000467
 -0.000094   0.000489  -0.000739
  0.000650  -0.000406   0.000846
  0.001871  -0.000146  -0.000442
  0.001355  -0.000547   0.000395
 -0.000467   0.000789  -0.002336
 -0.000648   0.000132  -0.000704
 -0.001329  -0.000229  -0.000724
 -0.002303   0.001503  -0.003121
 -0.001716  -0.001901   0.002625
 -0.004791  -0.007631  -0.004426
 -0.000236  -0.000007  -0.000310
 -0.000787  -0.000124   0.000231
 -0.000102   0.000303   0.001066
 -0.000510  -0.000155  -0.000554
 -0.002110   0.000854  -0.000289
   11    3  0.0000  0.0000  0.0150
 -0.000052   0.000305   0.000578
  0.000119   0.000021   0.000019
  0.000163  -0.000050  -0.000067
 -0.000002  -0.000007   0.000056
  0.000071  -0.000049  -0.000081
  0.000013   0.000044  -0.000009
  0.000014   0.000065   0.000064
  0.000013  -0.000037   0.000094
  0.000079  -0.000060  -0.000043
 -0.000060   0.000074   0.000006
  0.010272   0.021961  -0.825653
  0.000284  -0.000681   0.000518
 -0.019749   0.021213   0.116036
 -0.000252   0.000186  -0.000113
  0.009931  -0.009937  -0.000614
  0.000009  -0.000209   0.000030
  0.002238   0.001477   0.002478
  0.000092   0.000067   0.000043
  0.000283  -0.000467  -0.001122
 -0.000131  -0.000579   0.000570
 -0.000031  -0.000038   0.000031
  0.000011   0.000001   0.000022
 -0.000059   0.000100   0.000298
  0.000100   0.000093   0.000115
 -0.000003   0.000028  -0.000160
  0.000008  -0.000022   0.000010
  0.000361  -0.000252   0.000106
  0.000011   0.000003  -0.000020
  0.000037   0.000024   0.000038
  0.000007  -0.000010  -0.000001
 -0.000099  -0.000041  -0.000082
  0.000014   0.000010  -0.000037
  0.000048  -0.000001  -0.000027
  0.000007   0.000004  -0.000040
  0.000006   0.000019   0.000034
  0.000009  -0.000028   0.000015
  0.000004  -0.000007  -0.000017
 -0.000005  -0.000007  -0.000008
  0.000004  -0.000011  -0.000016
  0.000002   0.000021  -0.000050
 -0.000000   0.000008  -0.000020
  0.000002  -0.000008  -0.000022
  0.000007   0.000018   0.000015
  0.000008  -0.000054  -0.000005
  0.000002  -0.000005   0.000010
 -0.000016   0.000060   0.000076
  0.000045   0.000019   0.000076
 -0.000014  -0.000008   0.000047
  0.048459   0.014158  -0.002130
 -0.000289   0.000104  -0.000408
 -0.027652  -0.003603  -0.011254
  0.000647   0.000562   0.000049
 -0.023094  -0.158157   0.174721
 -0.000095   0.000080   0.000021
 -0.007264   0.095434   0.395799
  0.000018   0.000037  -0.000047
 -0.035912   0.032992   0.008392
 -0.000009   0.000000   0.000013
  0.018611  -0.016634  -0.004348
  0.000028   0.000008   0.000003
  0.002787  -0.000870   0.000213
  0.000021   0.000026  -0.000011
 -0.000996   0.000048  -0.000660
  0.000047   0.000040   0.000000
 -0.000105   0.000253  -0.000132
 -0.000005   0.000026  -0.000071
 -0.000024  -0.000007  -0.000566
 -0.000074  -0.000002   0.000032
 -0.000128  -0.000122   0.000029
 -0.000038   0.000145   0.000029
  0.000030   0.000026   0.000015
  0.000038   0.000263  -0.000247
 -0.000151   0.000146  -0.000176
  0.000021  -0.000014   0.000166
 -0.000005  -0.000010  -0.000005
 -0.000451  -0.000327   0.002975
  0.000034  -0.000038  -0.000178
 -0.000142  -0.000024  -0.000098
 -0.000075   0.000018  -0.000050
  0.000023  -0.000011  -0.000074
  0.023339   0.006291   0.141938
 -0.002599   0.000219   0.000875
  0.000949   0.000125   0.000184
 -0.000129   0.000148  -0.001364
  0.000513  -0.000067  -0.000202
  0.000017   0.000003  -0.000231
  0.000365   0.000032   0.000271
 -0.000079   0.000057  -0.000305
  0.000081  -0.000024  -0.000038
  0.000018   0.000010  -0.000328
  0.000240  -0.000105   0.000124
 -0.000026  -0.000026  -0.000179
  0.002268  -0.002587   0.005184
 -0.000417   0.000000  -0.001091
  0.001552   0.000167   0.000214
 -0.000170   0.000054  -0.000552
  0.000945  -0.000392   0.000530
  0.000186   0.001853   0.000948
  0.001346  -0.000809   0.000647
  0.000133  -0.000399  -0.000664
 -0.000721   0.000132  -0.000122
  0.000058  -0.000063   0.000545
 -0.003391   0.001204  -0.002277
 -0.000367  -0.000303   0.002403
 -0.000763  -0.003154  -0.003191
  0.000020  -0.000060   0.000159
 -0.001033  -0.000037   0.000736
  0.000087   0.000005   0.000372
 -0.000532  -0.000109  -0.000255
  0.000054   0.000033   0.000492
   13    1  0.0150  0.0000  0.0000
 -0.000026   0.000026   0.000078
 -0.000072  -0.000022   0.000020
 -0.000006  -0.000003   0.000016
  0.000011   0.000002  -0.000008
 -0.000048   0.000063   0.000147
 -0.000003  -0.000016   0.000029
  0.000037  -0.000016  -0.000058
  0.000004   0.000013  -0.000018
  0.000035   0.000009  -0.000009
 -0.000007  -0.000020   0.000012
  0.164728  -0.074230  -0.019783
 -0.000316   0.000462  -0.000264
 -0.622884  -0.034908   0.026094
  0.000206  -0.000083   0.000104
  0.216550   0.057068   0.043699
 -0.000059   0.000119   0.000046
  0.039046   0.013208   0.011365
  0.000009  -0.000112  -0.000023
  0.002046  -0.004585  -0.001834
 -0.000074   0.000390  -0.000154
  0.000011  -0.000019  -0.000003
  0.000019   0.000001  -0.000010
 -0.000030   0.000041  -0.000100
 -0.000082  -0.000062  -0.000081
  0.000003  -0.000005  -0.000009
  0.000002   0.000008  -0.000006
 -0.000151  -0.000003  -0.000041
 -0.000018   0.000001   0.000003
 -0.000011   0.000011   0.000020
 -0.000003  -0.000001   0.000002
  0.000018  -0.000007  -0.000009
  0.000004  -0.000001   0.000001
  0.000074  -0.000041  -0.000046
 -0.000003   0.000003  -0.000002
  0.000000  -0.000002  -0.000036
 -0.000001   0.000001  -0.000007
  0.000012   0.000000   0.000007
  0.000004  -0.000002   0.000005
 -0.000028  -0.000004  -0.000002
 -0.000006  -0.000003   0.000006
  0.000015  -0.000001  -0.000002
  0.000010   0.000005   0.000005
 -0.000005  -0.000012   0.000005
 -0.000004   0.000007  -0.000004
  0.000017   0.000036  -0.000051
  0.000013  -0.000024  -0.000030
 -0.000011  -0.000014  -0.000035
 -0.000023   0.000005  -0.000034
 -0.002385  -0.000246  -0.000427
  0.000244  -0.000062   0.000231
 -0.001907  -0.001297   0.000930
 -0.000238  -0.000287   0.000116
 -0.002055   0.001786  -0.000694
  0.000056  -0.000080  -0.000023
  0.003707  -0.004590  -0.001807
 -0.000021  -0.000026   0.000029
  0.062357  -0.003001  -0.019466
  0.000005  -0.000004  -0.000013
  0.077433   0.062682  -0.040185
 -0.000023  -0.000013   0.000003
  0.002348   0.001684   0.000960
 -0.000013  -0.000002  -0.000009
  0.010375   0.006042   0.003006
 -0.000029  -0.000047  -0.000026
 -0.002597   0.001024   0.000308
  0.000010  -0.000007   0.000016
 -0.002798   0.001397   0.000963
 -0.000033   0.000155   0.000056
  0.000295   0.000036   0.000317
  0.000088  -0.000079  -0.000066
  0.000049   0.000026  -0.000153
  0.000151  -0.000285   0.000025
 -0.000016   0.000171  -0.000108
  0.000085   0.000221   0.000062
 -0.000139   0.000012   0.000148
  0.000065  -0.000327   0.000596
  0.000076  -0.000026  -0.000030
  0.000134   0.000026   0.000082
 -0.000023  -0.000004   0.000053
  0.000003   0.000012   0.000045
  0.053347  -0.026032  -0.005434
  0.001506  -0.000068  -0.000798
  0.001723   0.000915   0.000640
 -0.000164   0.000137  -0.000024
  0.000002  -0.000012   0.000088
 -0.000190  -0.000039   0.000197
  0.000083   0.000010   0.000177
 -0.000192  -0.000080   0.000031
 -0.000024  -0.000023   0.000219
 -0.000048  -0.000001   0.000154
  0.000097  -0.000110   0.000225
 -0.000145  -0.000002   0.000053
 -0.000744   0.000255  -0.000981
  0.000280  -0.000301   0.000289
 -0.000363  -0.000108   0.000012
  0.000260  -0.000158   0.000304
 -0.000131   0.000138  -0.000370
 -0.000092   0.000172   0.000346
 -0.000344   0.000097  -0.000222
  0.000239  -0.000092   0.000719
 -0.000065   0.000104  -0.000320
  0.000293   0.000070  -0.000150
  0.000689   0.000047   0.000643
 -0.000034   0.000433  -0.000814
 -0.000375   0.003185   0.002342
 -0.000010  -0.000012  -0.000150
  0.000100  -0.000073  -0.000161
 -0.000073  -0.000061  -0.000452
 -0.000351  -0.000265  -0.000103
  0.000514  -0.000297  -0.000401
   13    2  0.0000  0.0150 -0.0000
 -0.000001  -0.000041  -0.000050
 -0.000040  -0.000002  -0.000003
 -0.000042   0.000070  -0.000021
 -0.000007   0.000007  -0.000005
 -0.000025   0.000018   0.000090
 -0.000006  -0.000018   0.000035
 -0.000013  -0.000024  -0.000016
 -0.000014   0.000024  -0.000017
  0.000010   0.000052   0.000074
  0.000052  -0.000043   0.000037
 -0.077949   0.191266   0.021253
 -0.000080   0.000128  -0.000198
 -0.034999  -0.751104   0.024419
  0.000072   0.000004  -0.000096
  0.057096   0.134402   0.021942
 -0.000083  -0.000003   0.000074
 -0.024515  -0.014687  -0.011324
 -0.000010  -0.000220  -0.000101
 -0.001952   0.005779   0.002301
 -0.000066   0.000110  -0.000044
  0.000021   0.000009  -0.000000
  0.000011  -0.000003   0.000010
  0.000010   0.000069  -0.000098
 -0.000034  -0.000009  -0.000032
 -0.000007   0.000001  -0.000029
 -0.000000   0.000003   0.000002
 -0.000025  -0.000041   0.000004
 -0.000013   0.000000  -0.000001
 -0.000024  -0.000021  -0.000022
 -0.000004  -0.000000   0.000003
  0.000023  -0.000015   0.000012
  0.000003   0.000001  -0.000002
 -0.000036  -0.000003  -0.000011
 -0.000010   0.000006  -0.000006
  0.000004   0.000001  -0.000025
 -0.000001   0.000002  -0.000006
 -0.000003   0.000013   0.000019
  0.000002  -0.000004   0.000012
  0.000002  -0.000004  -0.000016
  0.000002   0.000000  -0.000005
 -0.000003  -0.000015  -0.000004
 -0.000009   0.000010  -0.000004
  0.000002   0.000005  -0.000014
 -0.000000   0.000007  -0.000002
 -0.000007  -0.000042   0.000071
 -0.000003   0.000029   0.000046
  0.000037   0.000007   0.000040
  0.000060  -0.000002   0.000047
  0.000347  -0.001558  -0.001818
  0.000200  -0.000054   0.000074
  0.001910  -0.003754   0.000866
 -0.000195  -0.000316   0.000029
 -0.026603   0.029736   0.008990
  0.000034   0.000059  -0.000020
 -0.010230   0.011618   0.002295
 -0.000023   0.000013   0.000066
 -0.002843   0.080330   0.071163
 -0.000019  -0.000032   0.000056
  0.065637   0.310935  -0.153767
  0.000001   0.000006   0.000013
  0.005849   0.004701   0.002688
  0.000022   0.000043   0.000023
  0.036579   0.018804   0.013990
 -0.000026   0.000076  -0.000073
 -0.000604  -0.000807  -0.000375
  0.000005   0.000013   0.000113
  0.000008  -0.000475  -0.000252
  0.000019  -0.000079   0.000140
  0.000170   0.000096  -0.000154
  0.000024  -0.000057  -0.000068
 -0.000153  -0.000758   0.000318
 -0.000131   0.000158   0.000314
  0.000407  -0.000418   0.000260
  0.000288   0.000027   0.000432
  0.000212   0.000066  -0.000233
 -0.000198  -0.000070   0.000128
 -0.000021  -0.000004   0.000042
  0.000051   0.000009   0.000042
 -0.000020   0.000004  -0.000091
 -0.000062  -0.000006  -0.000078
  0.017374  -0.015446  -0.004113
  0.001006  -0.000003  -0.000533
 -0.004570  -0.001327  -0.000214
 -0.000298   0.000236  -0.000523
 -0.000480   0.000115   0.000040
 -0.000293  -0.000036   0.000012
 -0.000598  -0.000013  -0.000463
 -0.000442   0.000081  -0.000395
 -0.000118   0.000023  -0.000364
 -0.000117   0.000027  -0.000280
 -0.000411   0.000209  -0.000405
 -0.000207  -0.000049  -0.000159
 -0.002338  -0.000528   0.000583
  0.000051  -0.000201   0.000388
 -0.000699  -0.000012   0.000365
 -0.000059  -0.000138   0.000181
 -0.001291   0.000188   0.000616
 -0.000810   0.000043   0.000247
 -0.000331  -0.000352   0.000175
  0.000097  -0.000229   0.000614
  0.000786  -0.000208   0.000682
  0.000575  -0.000032   0.000462
  0.001638   0.000193  -0.001233
  0.000587   0.000616  -0.000870
  0.000390   0.002493   0.001548
  0.000180   0.000017   0.000263
  0.000397  -0.000131  -0.000250
  0.000066  -0.000103  -0.000276
  0.001151   0.000527   0.000249
  0.000700   0.000016   0.000207
   13    3  0.0000  0.0000  0.0150
  0.000041  -0.000067   0.000110
 -0.000032   0.000008   0.000007
  0.000001  -0.000019  -0.000049
 -0.000025   0.000009   0.000005
  0.000044  -0.000070  -0.000092
  0.000002  -0.000021   0.000097
 -0.000051  -0.000012   0.000053
 -0.000012   0.000021   0.000027
  0.000037   0.000049   0.000065
  0.000065  -0.000038   0.000097
 -0.022137   0.021541   0.116032
 -0.000274   0.000116  -0.000121
  0.026252   0.023971  -0.793054
  0.000050   0.000069  -0.000339
  0.044527   0.021443   0.121078
 -0.000194   0.000149   0.000139
 -0.007377  -0.006784  -0.001739
 -0.000011  -0.000141  -0.000384
 -0.000936   0.001372   0.002055
 -0.000238   0.000761  -0.000137
  0.000013   0.000006   0.000039
  0.000030  -0.000004   0.000023
  0.000100  -0.000119   0.000067
 -0.000036  -0.000014  -0.000035
  0.000002   0.000015   0.000037
  0.000004  -0.000004   0.000005
  0.000119   0.000137  -0.000048
 -0.000029   0.000003  -0.000009
  0.000002  -0.000007  -0.000023
 -0.000006  -0.000008   0.000008
 -0.000022   0.000001  -0.000014
  0.000022   0.000010  -0.000027
 -0.000112   0.000065  -0.000029
 -0.000027   0.000019  -0.000042
  0.000003   0.000013   0.000050
  0.000004  -0.000011  -0.000011
 -0.000005   0.000014   0.000008
  0.000001  -0.000017   0.000021
  0.000030   0.000003  -0.000020
  0.000010   0.000018  -0.000049
 -0.000022  -0.000007  -0.000013
 -0.000008   0.000018  -0.000025
  0.000006   0.000015  -0.000010
  0.000006  -0.000025  -0.000011
 -0.000018  -0.000082   0.000131
 -0.000015   0.000094   0.000140
  0.000094   0.000021   0.000103
  0.000093  -0.000024   0.000141
  0.001905  -0.001675  -0.002052
  0.000060  -0.000012  -0.000012
 -0.002261  -0.000035   0.001081
 -0.000173  -0.000230  -0.000060
  0.018049  -0.018501  -0.005035
  0.000032   0.000043  -0.000032
 -0.030593   0.031494   0.007231
 -0.000029  -0.000009   0.000089
 -0.019741   0.070494   0.389794
  0.000033  -0.000047   0.000112
 -0.039995  -0.150917   0.159868
  0.000013  -0.000017   0.000060
  0.040658   0.020365   0.016807
  0.000043   0.000002   0.000017
 -0.017530  -0.008479  -0.006305
 -0.000111  -0.000024  -0.000102
  0.000584   0.000188   0.000276
  0.000059  -0.000075   0.000263
 -0.002377  -0.000170  -0.000737
 -0.000306  -0.000042  -0.000253
 -0.000141  -0.000072  -0.000660
  0.000051  -0.000471  -0.000285
  0.000096   0.000493   0.000031
 -0.000356  -0.000291   0.001093
  0.000103  -0.000222   0.000367
  0.000516   0.000089   0.000747
  0.000308  -0.000017  -0.000226
  0.000819  -0.000066  -0.000738
 -0.000147   0.000021  -0.000082
  0.000028   0.000017   0.000038
 -0.000063   0.000018  -0.000171
 -0.000080  -0.000006  -0.000197
  0.013273  -0.007017  -0.002977
  0.001032   0.000107  -0.000194
 -0.002457   0.000228  -0.001238
 -0.000406  -0.000094  -0.000702
 -0.000255   0.000052  -0.000262
 -0.000635  -0.000095  -0.000032
 -0.000535  -0.000065  -0.000581
 -0.001093   0.000165  -0.000996
 -0.000099  -0.000008  -0.000655
 -0.000231   0.000062  -0.000713
 -0.000265   0.000188  -0.000460
 -0.000460  -0.000116  -0.000412
 -0.000501   0.001125  -0.001166
  0.000148  -0.000136   0.001054
 -0.000209   0.000056  -0.000408
 -0.000082  -0.000169   0.000361
 -0.000241  -0.000012  -0.000095
 -0.001281  -0.000386   0.000897
 -0.000338   0.000337  -0.000293
 -0.000015  -0.000116   0.000737
  0.000524  -0.000052   0.001076
  0.001345  -0.000115   0.001243
  0.000585  -0.000519   0.000539
  0.000660   0.000582  -0.001778
 -0.001062   0.001234   0.000608
  0.000310  -0.000009   0.000559
  0.000229   0.000121   0.000220
  0.000183  -0.000097  -0.000399
  0.000683   0.000240   0.000424
  0.001770   0.000177   0.000454
   15    1  0.0150  0.0000  0.0000
 -0.000005   0.000097   0.000175
  0.000010   0.000020  -0.000051
  0.000067  -0.000014  -0.000074
 -0.000007  -0.000010  -0.000004
  0.000078  -0.000104  -0.000150
  0.000003   0.000007  -0.000021
 -0.000050  -0.000014   0.000041
 -0.000003   0.000002   0.000002
 -0.000003   0.000040   0.000036
 -0.000026   0.000003   0.000000
  0.045905   0.010638   0.009910
  0.000292   0.000055  -0.000000
  0.216552   0.057247   0.044633
 -0.000057   0.000079  -0.000156
 -0.654956  -0.009680   0.013713
  0.000070  -0.000312   0.000044
  0.198631  -0.071407  -0.029014
  0.000010   0.000015  -0.000103
  0.045067  -0.020833  -0.008522
 -0.000528   0.000149  -0.000040
  0.000014  -0.000010  -0.000001
  0.000002  -0.000006  -0.000002
 -0.000039   0.000050  -0.000029
  0.000002   0.000008  -0.000008
  0.000001  -0.000007  -0.000061
 -0.000001   0.000003   0.000004
  0.000013  -0.000060  -0.000031
  0.000006  -0.000002   0.000009
  0.000001  -0.000010  -0.000008
 -0.000002   0.000008  -0.000006
 -0.000036   0.000001   0.000007
  0.000003  -0.000000   0.000013
 -0.000114   0.000106   0.000045
 -0.000015  -0.000003   0.000016
 -0.000000   0.000001   0.000069
  0.000000   0.000004   0.000001
 -0.000000   0.000005  -0.000000
 -0.000004   0.000002   0.000001
  0.000034   0.000015   0.000012
  0.000004  -0.000002   0.000006
  0.000009  -0.000008  -0.000001
 -0.000003  -0.000000   0.000008
 -0.000001  -0.000003  -0.000009
  0.000001   0.000002  -0.000002
  0.000004   0.000011  -0.000004
 -0.000002   0.000007   0.000009
  0.000002   0.000000   0.000005
 -0.000012  -0.000003  -0.000014
  0.000439  -0.000473  -0.000501
  0.000123  -0.000028   0.000143
  0.000064  -0.000882   0.000303
 -0.000021  -0.000109  -0.000036
 -0.002662   0.001695   0.000548
  0.000021   0.000018   0.000044
 -0.001649   0.001815   0.000791
 -0.000031  -0.000043  -0.000006
  0.001608  -0.000177   0.000024
  0.000110  -0.000096   0.000105
  0.011140   0.003976   0.004678
 -0.000020  -0.000001   0.000047
  0.061735  -0.002781  -0.018461
 -0.000027   0.000064   0.000124
  0.065072   0.037219  -0.017563
 -0.000047   0.000247  -0.000044
 -0.000257   0.000740   0.000044
  0.000022   0.000010   0.000060
  0.005786  -0.003443  -0.001639
 -0.000037  -0.000005  -0.000177
 -0.002499  -0.000929  -0.000493
  0.000113  -0.000086  -0.000029
 -0.001802  -0.002139  -0.000787
 -0.000084  -0.000128   0.000078
  0.000610   0.000771  -0.000147
  0.000094   0.000044   0.000108
  0.000274   0.000323   0.000600
 -0.000135   0.000101   0.000055
  0.000035  -0.000020  -0.000016
 -0.000009  -0.000006   0.000026
 -0.000002  -0.000011  -0.000009
  0.000027   0.000006   0.000013
  0.005032  -0.004259  -0.000505
  0.000035  -0.000039  -0.000200
  0.006940   0.002310   0.002117
  0.000202   0.000009  -0.000121
 -0.000069  -0.000016   0.000039
 -0.000090  -0.000000   0.000013
 -0.000315  -0.000161   0.000067
 -0.000114   0.000030  -0.000179
 -0.000068  -0.000068   0.000055
 -0.000014   0.000006  -0.000054
  0.000135  -0.000218   0.000296
 -0.000057  -0.000032  -0.000057
 -0.000624  -0.000078  -0.000023
 -0.000143  -0.000025   0.000216
 -0.000003  -0.000030   0.000154
 -0.000165  -0.000045   0.000060
  0.000163   0.000199  -0.000105
 -0.000576  -0.000092   0.000028
 -0.000044  -0.000069   0.000047
 -0.000063  -0.000102   0.000214
  0.000190   0.000342  -0.000022
  0.000206  -0.000008   0.000148
 -0.000011   0.000129  -0.000197
  0.000546   0.000308  -0.000485
  0.000084   0.001008   0.000604
  0.000004  -0.000010  -0.000017
 -0.000059  -0.000042  -0.000115
  0.000090  -0.000047  -0.000082
 -0.000378  -0.000802  -0.000502
  0.000256   0.000045   0.000284
   15    2  0.0000  0.0150 -0.0000
 -0.000064   0.000090   0.000345
  0.000078   0.000044  -0.000047
  0.000058  -0.000033  -0.000058
 -0.000000  -0.000022   0.000039
 -0.000101   0.000045   0.000172
 -0.000005   0.000049  -0.000069
  0.000065   0.000021  -0.000067
  0.000011  -0.000017   0.000027
  0.000084  -0.000042  -0.000054
 -0.000103   0.000055  -0.000041
 -0.021518  -0.014285  -0.009952
  0.000305   0.000016   0.000213
  0.056923   0.134399   0.021479
 -0.000097   0.000010  -0.000135
 -0.009786  -0.725923   0.026932
  0.000317   0.000214   0.000280
 -0.072741   0.159791   0.021953
 -0.000132   0.000313  -0.000409
  0.008520  -0.013240  -0.007337
 -0.000541   0.000174   0.000129
  0.000020  -0.000053  -0.000017
 -0.000001   0.000002  -0.000001
 -0.000132   0.000118  -0.000113
  0.000073   0.000056   0.000066
 -0.000001   0.000004  -0.000006
 -0.000001  -0.000004   0.000010
 -0.000225   0.000155   0.000031
  0.000025   0.000002   0.000001
 -0.000003  -0.000001   0.000020
  0.000004   0.000011  -0.000011
 -0.000022  -0.000033  -0.000054
 -0.000004   0.000004   0.000005
  0.000187   0.000033  -0.000082
  0.000006  -0.000005   0.000014
  0.000003   0.000009   0.000000
  0.000001  -0.000003   0.000016
  0.000012  -0.000009  -0.000008
 -0.000006   0.000011  -0.000011
 -0.000045  -0.000010  -0.000014
 -0.000006   0.000004   0.000011
  0.000026   0.000022  -0.000014
  0.000006  -0.000008   0.000014
 -0.000006   0.000003   0.000026
 -0.000001  -0.000001   0.000001
  0.000028   0.000081  -0.000109
  0.000003  -0.000012  -0.000036
 -0.000020   0.000003  -0.000010
 -0.000083   0.000016  -0.000090
  0.000240   0.000279   0.000649
 -0.000044   0.000027   0.000036
  0.000259   0.000743  -0.000332
  0.000169   0.000170  -0.000008
 -0.002069   0.000163  -0.000618
 -0.000011  -0.000087   0.000012
 -0.000868  -0.000965  -0.000654
 -0.000000  -0.000031  -0.000075
  0.008326   0.004944   0.002694
  0.000143  -0.000035   0.000082
  0.034825   0.014441   0.014885
  0.000012  -0.000016   0.000057
 -0.002782   0.069342   0.045266
 -0.000204  -0.000201   0.000108
  0.037896   0.335585  -0.128226
  0.000008  -0.000114  -0.000024
 -0.034560   0.024167   0.010511
 -0.000028  -0.000021   0.000457
 -0.006359   0.006050   0.001952
  0.000449   0.000175  -0.001400
  0.000686  -0.000045  -0.000029
  0.000176  -0.000129   0.000115
  0.003341  -0.000782   0.000145
  0.000031  -0.000053  -0.000019
  0.000066   0.000460  -0.000189
 -0.000187  -0.000209  -0.000061
 -0.000500  -0.000041   0.000357
 -0.000636  -0.000139   0.000005
  0.000257  -0.000063  -0.000109
 -0.000108  -0.000017  -0.000046
 -0.000064  -0.000003   0.000095
  0.000095   0.000010   0.000107
 -0.009732   0.004572   0.000366
 -0.000864  -0.000044   0.000224
  0.009783   0.001695   0.001349
  0.000554   0.000100  -0.000018
  0.000374  -0.000093   0.000134
  0.000190   0.000049  -0.000062
  0.000393  -0.000001   0.000597
  0.000338   0.000013   0.000153
  0.000023  -0.000070   0.000537
  0.000103  -0.000013   0.000179
  0.000481  -0.000383   0.000702
  0.000177   0.000040   0.000087
  0.000417   0.000065   0.000379
 -0.000236   0.000133  -0.000485
  0.000614   0.000090   0.000305
 -0.000206   0.000139  -0.000278
  0.000861   0.000095  -0.000219
  0.000225  -0.000152  -0.000510
  0.000266  -0.000033   0.000287
 -0.000197   0.000042  -0.000494
 -0.000531   0.000427  -0.000902
 -0.000383  -0.000019  -0.000274
 -0.000920   0.000031  -0.000460
  0.000101  -0.000310   0.000841
  0.000806  -0.001293  -0.000563
 -0.000146  -0.000060  -0.000314
 -0.000537  -0.000023  -0.000213
  0.000095   0.000046   0.000340
 -0.001051  -0.000869  -0.000633
 -0.000671   0.000167   0.000167
   15    3  0.0000  0.0000  0.0150
 -0.000223   0.000486   0.000624
  0.000132   0.000059  -0.000020
  0.000152  -0.000097   0.000134
 -0.000016  -0.000031   0.000117
 -0.000122   0.000193   0.000352
 -0.000017   0.000078  -0.000025
  0.000163   0.000078  -0.000086
  0.000024  -0.000034   0.000097
  0.000270  -0.000089  -0.000085
 -0.000152   0.000081  -0.000007
 -0.001639  -0.005484  -0.000602
  0.000201  -0.000085   0.000030
  0.043554   0.021945   0.121107
  0.000060  -0.000073   0.000157
  0.013876   0.026544  -0.773554
  0.000040  -0.000275   0.000360
 -0.026611   0.021840   0.113535
 -0.000069   0.000136  -0.000417
  0.007743  -0.009216  -0.003005
 -0.000093  -0.000054   0.000232
  0.000061  -0.000137   0.000006
  0.000028   0.000005   0.000026
 -0.000343   0.000295  -0.000184
  0.000116   0.000105   0.000126
  0.000020   0.000028  -0.000172
  0.000005  -0.000027   0.000021
 -0.000764  -0.000139   0.000572
  0.000003   0.000004  -0.000023
  0.000016   0.000113   0.000160
  0.000003  -0.000002  -0.000009
 -0.000039  -0.000051  -0.000212
  0.000013   0.000016  -0.000048
  0.000546  -0.000168  -0.000028
  0.000010   0.000005  -0.000040
 -0.000003   0.000047  -0.000084
  0.000004  -0.000039   0.000024
  0.000036  -0.000013  -0.000012
 -0.000004   0.000000  -0.000011
 -0.000119  -0.000052  -0.000078
 -0.000023   0.000024  -0.000043
  0.000053   0.000011  -0.000054
  0.000022  -0.000003  -0.000004
 -0.000009   0.000018   0.000048
 -0.000003  -0.000042  -0.000009
  0.000057   0.000114  -0.000147
  0.000001   0.000031   0.000019
  0.000032   0.000013   0.000070
 -0.000103   0.000029  -0.000081
 -0.000259   0.000130   0.000264
 -0.000054   0.000008   0.000009
  0.000845   0.000170  -0.000614
  0.000102   0.000096   0.000018
  0.000402   0.000399   0.000487
  0.000038   0.000007   0.000027
 -0.002344   0.000781  -0.001112
  0.000025   0.000018  -0.000040
  0.041064   0.016606   0.015490
  0.000011  -0.000038  -0.000028
 -0.019735  -0.006591  -0.006990
 -0.000004   0.000030  -0.000027
 -0.019008   0.044634   0.401590
 -0.000039   0.000148   0.000045
 -0.018251  -0.128644   0.125895
 -0.000048   0.000235  -0.000195
  0.017546  -0.010785  -0.004355
  0.000009   0.000041   0.000088
 -0.038716   0.025733   0.010710
 -0.000197  -0.000407   0.001277
  0.001581  -0.000067  -0.000168
  0.000028   0.000041  -0.000015
 -0.000551  -0.000205  -0.000250
  0.000123   0.000006  -0.000104
 -0.000770   0.000416  -0.000735
 -0.000005   0.000122  -0.000039
  0.000377   0.000078  -0.000063
  0.000111  -0.000117   0.000336
  0.000560  -0.000149  -0.000280
 -0.000174  -0.000025  -0.000104
 -0.000245   0.000023   0.000063
  0.000091   0.000001   0.000051
 -0.004441   0.001763  -0.000347
 -0.000432  -0.000007   0.000116
  0.005680   0.000891   0.000582
 -0.000067   0.000049  -0.000015
  0.000709  -0.000062   0.000167
  0.000015   0.000006  -0.000164
  0.000945   0.000065   0.000952
  0.000052   0.000010  -0.000041
  0.000044  -0.000030   0.000686
  0.000068  -0.000022  -0.000057
  0.000463  -0.000271   0.000664
  0.000005  -0.000063  -0.000132
 -0.000469  -0.000246   0.001315
 -0.000223   0.000111  -0.000580
  0.001227   0.000171   0.000795
 -0.000270   0.000134  -0.000390
  0.000865   0.000074   0.000201
  0.000118   0.000003  -0.000512
  0.000494  -0.000351   0.000700
 -0.000188  -0.000033  -0.000489
 -0.001108   0.000139  -0.001357
 -0.000075   0.000067   0.000171
 -0.001400   0.000218  -0.002233
  0.000232  -0.000185   0.001011
  0.000878  -0.000442  -0.000315
 -0.000039  -0.000152  -0.000228
 -0.001138  -0.000137  -0.000336
  0.000195   0.000008   0.000438
 -0.001287  -0.000475  -0.000800
 -0.000255  -0.000116   0.000190
   17    1  0.0150  0.0000  0.0000
 -0.000089  -0.000039  -0.000148
 -0.000036  -0.000009   0.000001
 -0.000046   0.000015  -0.000069
  0.000017  -0.000006  -0.000005
  0.000067   0.000063   0.000171
 -0.000006  -0.000000  -0.000025
  0.000005  -0.000042  -0.000008
  0.000003   0.000003  -0.000026
  0.000058   0.000104   0.000141
 -0.000042   0.000002  -0.000021
  0.003380   0.005192   0.002217
 -0.000075   0.000296   0.000082
  0.039091  -0.024486  -0.007357
  0.000020  -0.000013   0.000032
  0.198624  -0.072819  -0.026695
  0.000023   0.000134  -0.000086
 -0.614793  -0.007437   0.011984
  0.000097   0.000127   0.000018
  0.190182   0.066842   0.038762
 -0.000107  -0.000318  -0.000067
 -0.000034   0.000011  -0.000018
 -0.000003   0.000001  -0.000000
 -0.000019   0.000030  -0.000037
 -0.000029  -0.000023  -0.000030
 -0.000005  -0.000010   0.000024
 -0.000000   0.000007  -0.000001
  0.000055   0.000016   0.000058
  0.000007   0.000001   0.000008
 -0.000011  -0.000016   0.000005
  0.000001   0.000006  -0.000001
  0.000046  -0.000011   0.000022
 -0.000009  -0.000004   0.000015
 -0.000122  -0.000020  -0.000036
  0.000006  -0.000004   0.000022
  0.000006  -0.000006  -0.000043
 -0.000003   0.000009   0.000001
  0.000021   0.000023   0.000033
  0.000001   0.000007  -0.000002
 -0.000001  -0.000003  -0.000012
 -0.000005  -0.000008   0.000028
  0.000080  -0.000058  -0.000033
  0.000009  -0.000003   0.000017
 -0.000009  -0.000010  -0.000031
 -0.000007   0.000019   0.000001
  0.000045   0.000092  -0.000098
  0.000025  -0.000046  -0.000069
 -0.000044  -0.000016  -0.000032
 -0.000075  -0.000005  -0.000094
 -0.000040  -0.000117  -0.000203
  0.000093  -0.000064   0.000193
 -0.000248  -0.000362   0.000362
 -0.000084   0.000003   0.000110
  0.000087  -0.000274   0.000258
  0.000036  -0.000169  -0.000067
  0.000014   0.000058  -0.000201
 -0.000037  -0.000038  -0.000022
 -0.003072  -0.000878  -0.001384
  0.000028   0.000133   0.000029
 -0.002210  -0.000369  -0.000718
 -0.000031  -0.000000  -0.000020
  0.005704  -0.003899  -0.001947
 -0.000013  -0.000028   0.000010
  0.000610  -0.000421   0.000110
  0.000239  -0.000118  -0.000153
  0.062862   0.021014  -0.010808
 -0.000019  -0.000012   0.000013
  0.060753  -0.000617  -0.016916
 -0.000027  -0.000229   0.000092
  0.002741   0.003765   0.001480
  0.000001   0.000072   0.000047
  0.005318   0.004425   0.003152
 -0.000105   0.000171  -0.000065
 -0.001653   0.000747  -0.000137
 -0.000048  -0.000048  -0.000091
 -0.003105   0.000270   0.001457
  0.000009  -0.000010  -0.000022
  0.000059  -0.000002   0.000089
  0.000068   0.000010   0.000035
 -0.000032  -0.000044   0.000048
  0.000042   0.000030   0.000131
  0.002246  -0.001693  -0.000432
  0.000242  -0.000035  -0.000256
  0.053870   0.012834   0.008067
  0.000066   0.000076   0.000071
  0.000085  -0.000111   0.000125
  0.000032   0.000003   0.000117
 -0.000455  -0.000146   0.000536
  0.000139  -0.000034   0.000191
 -0.000155  -0.000219   0.000548
  0.000017  -0.000001   0.000294
  0.000781  -0.000884   0.001333
  0.000049   0.000062   0.000163
  0.000276  -0.000090  -0.001007
  0.000123  -0.000052  -0.000109
  0.000211  -0.000088  -0.000114
  0.000116  -0.000031   0.000063
  0.001720   0.000257  -0.000922
  0.000139   0.000060   0.000084
  0.000247  -0.000037  -0.000340
  0.000128  -0.000025   0.000105
  0.000132   0.001077  -0.000759
 -0.000090  -0.000001  -0.000424
 -0.001240   0.000632   0.001178
 -0.000270   0.000051   0.000011
 -0.000424   0.000510   0.000654
 -0.000060  -0.000020  -0.000389
 -0.000184  -0.000061  -0.000010
 -0.000077  -0.000003  -0.000124
 -0.001775  -0.002647  -0.001939
 -0.000130   0.000031  -0.000172
   17    2  0.0000  0.0150 -0.0000
  0.000194  -0.000070  -0.000003
 -0.000051  -0.000034   0.000048
  0.000024   0.000157  -0.000039
  0.000005   0.000025  -0.000034
 -0.000021  -0.000034  -0.000087
  0.000011  -0.000024   0.000037
 -0.000009   0.000072  -0.000029
  0.000001   0.000008  -0.000003
 -0.000128  -0.000021  -0.000037
  0.000055  -0.000007   0.000009
  0.002265   0.004037   0.001486
 -0.000334   0.000090  -0.000064
  0.013232  -0.014687  -0.006811
  0.000098  -0.000213   0.000110
 -0.071305   0.159787   0.021843
  0.000003   0.000297  -0.000123
 -0.007499  -0.760670   0.029507
 -0.000129  -0.000034  -0.000048
  0.071880   0.155760   0.028491
  0.000322   0.000177  -0.000005
  0.000011   0.000011   0.000002
 -0.000001   0.000006  -0.000013
  0.000147  -0.000100   0.000114
 -0.000063  -0.000051  -0.000055
 -0.000011   0.000008  -0.000022
  0.000001   0.000014  -0.000010
  0.000056   0.000015   0.000024
 -0.000014   0.000005   0.000005
  0.000023  -0.000065  -0.000074
 -0.000001  -0.000001   0.000012
 -0.000030  -0.000034   0.000046
  0.000003   0.000001   0.000008
 -0.000005  -0.000018   0.000047
 -0.000000   0.000007  -0.000001
  0.000008  -0.000011  -0.000029
  0.000001   0.000010  -0.000005
 -0.000049  -0.000023  -0.000033
  0.000003   0.000002   0.000006
  0.000010  -0.000004   0.000041
  0.000006   0.000003   0.000001
 -0.000052  -0.000007   0.000035
 -0.000002   0.000004  -0.000005
  0.000013  -0.000011  -0.000016
  0.000003   0.000001   0.000007
 -0.000039  -0.000042   0.000061
 -0.000011   0.000004   0.000005
 -0.000009  -0.000000  -0.000037
  0.000048   0.000018   0.000059
 -0.000200  -0.000086  -0.000307
 -0.000070   0.000013  -0.000099
 -0.000422  -0.000255   0.000203
 -0.000090  -0.000042   0.000018
  0.000059  -0.000704   0.000453
 -0.000026   0.000032  -0.000081
  0.000091   0.000227  -0.000228
  0.000024   0.000026   0.000036
  0.000388  -0.000489  -0.000077
 -0.000038   0.000018   0.000124
  0.001152  -0.000695   0.000047
 -0.000000   0.000005  -0.000000
 -0.005353   0.005952   0.001542
  0.000017  -0.000053  -0.000107
 -0.033864   0.028778   0.010590
 -0.000037   0.000076   0.000312
  0.020343   0.339295  -0.144032
 -0.000024   0.000014   0.000218
 -0.001496   0.071831   0.047613
 -0.000062  -0.000071   0.000061
  0.003371   0.003357   0.000980
 -0.000049   0.000004  -0.000013
  0.034239   0.024857   0.015115
  0.000038   0.000008  -0.000047
 -0.001776  -0.003409   0.000537
  0.000026   0.000018  -0.000000
  0.000159  -0.000714  -0.002028
  0.000175   0.000010  -0.000053
 -0.000220   0.000053  -0.000092
  0.000088   0.000021   0.000046
  0.000101   0.000028  -0.000004
 -0.000041  -0.000013  -0.000052
  0.003379  -0.001666   0.000220
  0.000482  -0.000016  -0.000070
 -0.029110  -0.013434  -0.006645
 -0.000228  -0.000041   0.000037
  0.000262   0.000103  -0.000115
  0.000001  -0.000001   0.000091
  0.001154   0.000356  -0.000229
 -0.000047  -0.000026   0.000071
  0.000237   0.000260  -0.000256
 -0.000010   0.000006   0.000035
 -0.000516   0.000816  -0.001068
 -0.000014   0.000033   0.000060
  0.000004   0.000099  -0.000252
  0.000244  -0.000065   0.000259
 -0.000548  -0.000023  -0.000373
  0.000246  -0.000074   0.000205
 -0.001302  -0.000378   0.000444
  0.000139   0.000118   0.000295
 -0.000248   0.000148  -0.000240
  0.000177   0.000030   0.000260
 -0.000567  -0.001314   0.000238
  0.000019  -0.000007  -0.000077
  0.000953  -0.000346   0.000537
 -0.000363   0.000058  -0.000425
 -0.000695   0.000405   0.000102
 -0.000044   0.000030   0.000154
  0.000309   0.000038   0.000429
 -0.000142   0.000003  -0.000236
  0.000903   0.002498   0.001723
  0.000165  -0.000055  -0.000268
   17    3  0.0000  0.0000  0.0150
  0.000093  -0.000146  -0.000154
 -0.000048  -0.000051   0.000139
 -0.000063  -0.000027   0.000037
 -0.000002   0.000039  -0.000008
 -0.000072  -0.000057   0.000135
  0.000003  -0.000033   0.000118
  0.000017  -0.000013  -0.000049
  0.000006   0.000009   0.000006
 -0.000061  -0.000093  -0.000073
  0.000125  -0.000026   0.000054
  0.001201   0.002848   0.002475
 -0.000788   0.000391   0.000032
  0.011368  -0.011300  -0.001748
 -0.000073   0.000063  -0.000389
 -0.028959   0.021899   0.113508
 -0.000121   0.000437  -0.000452
  0.012080   0.029059  -0.787013
  0.000052   0.000019  -0.000519
  0.046016   0.027654   0.128195
  0.000894   0.000678   0.000021
  0.000005   0.000033   0.000031
  0.000008   0.000016   0.000014
  0.000115  -0.000118   0.000101
 -0.000042  -0.000023  -0.000009
  0.000001   0.000018   0.000090
  0.000003  -0.000002  -0.000009
  0.000112   0.000095  -0.000117
 -0.000037   0.000008  -0.000021
  0.000003   0.000006  -0.000020
 -0.000001  -0.000018   0.000023
  0.000028   0.000020  -0.000006
  0.000006   0.000010  -0.000038
  0.000119   0.000105  -0.000099
  0.000016   0.000021  -0.000049
 -0.000005   0.000011   0.000034
  0.000002  -0.000008  -0.000010
 -0.000011  -0.000018  -0.000023
  0.000010  -0.000009   0.000013
 -0.000021  -0.000005  -0.000016
 -0.000002   0.000016  -0.000041
 -0.000073   0.000104  -0.000032
  0.000001   0.000015  -0.000028
  0.000009   0.000027   0.000041
  0.000004  -0.000013   0.000001
 -0.000049  -0.000120   0.000125
 -0.000008   0.000040   0.000071
  0.000048   0.000014   0.000043
  0.000100  -0.000017   0.000138
 -0.000395  -0.000101  -0.000395
 -0.000119   0.000059  -0.000284
 -0.000115  -0.000161   0.000283
 -0.000130  -0.000004   0.000105
 -0.000206   0.000235  -0.000289
 -0.000148  -0.000176  -0.000162
 -0.000022  -0.000439  -0.000639
  0.000005  -0.000047   0.000051
  0.001813  -0.000492  -0.000597
 -0.000222   0.000129  -0.000165
 -0.000858   0.000340   0.000246
  0.000035  -0.000114   0.000156
 -0.037425   0.027521   0.010690
  0.000112  -0.000430  -0.000430
  0.015983  -0.011977  -0.004305
 -0.000218  -0.000234   0.001529
 -0.010986  -0.141496   0.138788
 -0.000066  -0.000082   0.000279
 -0.017276   0.047626   0.400192
  0.000373  -0.000074  -0.000096
  0.037796   0.024765   0.013669
 -0.000108  -0.000097  -0.000068
 -0.013733  -0.010007  -0.005989
  0.000241  -0.000202   0.000090
  0.001700  -0.000515   0.001119
  0.000131   0.000036   0.000191
 -0.003351  -0.001419  -0.003093
  0.000128  -0.000014  -0.000336
 -0.000194   0.000035   0.000001
  0.000057   0.000018  -0.000027
  0.000028   0.000039  -0.000094
 -0.000115  -0.000011  -0.000160
  0.002811  -0.000719  -0.001002
  0.000842  -0.000117  -0.000086
 -0.017301  -0.005228  -0.003809
 -0.000593  -0.000133  -0.000122
 -0.000433   0.000075  -0.000207
 -0.000109  -0.000031  -0.000053
 -0.000603   0.000263  -0.001129
 -0.000330   0.000030  -0.000171
  0.000008   0.000070  -0.000785
 -0.000098   0.000030  -0.000302
 -0.000567   0.000499  -0.001062
 -0.000119  -0.000028  -0.000124
  0.000226   0.000173  -0.000192
  0.000413  -0.000100   0.000229
 -0.000364  -0.000001  -0.000264
  0.000275  -0.000070   0.000130
 -0.000822  -0.000242   0.000445
  0.000156   0.000147   0.000345
 -0.000175   0.000138  -0.000114
  0.000208   0.000014   0.000207
  0.000546  -0.000244   0.001209
  0.000301  -0.000020   0.000457
  0.000615  -0.000290   0.000376
 -0.000490   0.000062  -0.000314
 -0.001184   0.000288  -0.000041
  0.000166   0.000083   0.000443
  0.000395   0.000084   0.000189
 -0.000139  -0.000010  -0.000102
  0.001168   0.001098   0.001250
  0.000476  -0.000090  -0.000180
   19    1  0.0150  0.0000  0.0000
  0.000393  -0.000361  -0.000597
 -0.000019  -0.000031   0.000036
 -0.000097   0.000211   0.000082
 -0.000031   0.000052  -0.000056
 -0.000018  -0.000078  -0.000266
  0.000020  -0.000082   0.000131
 -0.000060   0.000006   0.000034
 -0.000046   0.000037  -0.000029
 -0.000312  -0.000118  -0.000065
  0.000356  -0.000131   0.000115
  0.000995   0.001120   0.000268
 -0.000041  -0.001379  -0.000152
  0.002030  -0.002001  -0.000948
 -0.000127   0.000084  -0.000226
  0.045068   0.008505   0.007713
 -0.000583   0.000574  -0.000109
  0.190072   0.071903   0.046110
 -0.000108  -0.000358   0.000935
 -0.630775   0.007877  -0.003701
  0.000506   0.000447  -0.000123
  0.000114   0.000104   0.000039
 -0.000027   0.000003   0.000030
  0.000265  -0.000183   0.000098
  0.000013   0.000022   0.000020
 -0.000012   0.000024   0.000060
 -0.000001  -0.000003   0.000000
  0.000109   0.000038   0.000084
 -0.000028  -0.000000  -0.000013
  0.000003  -0.000083  -0.000090
 -0.000003  -0.000015   0.000018
  0.000018  -0.000004   0.000098
  0.000009   0.000003  -0.000016
 -0.000059   0.000001   0.000025
 -0.000016   0.000023  -0.000039
  0.000013  -0.000009  -0.000004
  0.000004   0.000011  -0.000023
 -0.000086  -0.000018  -0.000019
  0.000009  -0.000018   0.000035
  0.000066  -0.000006   0.000017
  0.000028   0.000004  -0.000042
 -0.000228   0.000106   0.000067
 -0.000056   0.000030  -0.000051
  0.000044   0.000049   0.000002
  0.000014   0.000006   0.000010
 -0.000172  -0.000417   0.000526
 -0.000044   0.000127   0.000232
  0.000150   0.000056   0.000147
  0.000375  -0.000048   0.000395
  0.000100  -0.000009   0.000167
  0.000176  -0.000044  -0.000558
  0.000300   0.000394  -0.000575
  0.000151  -0.000267  -0.000372
 -0.000032  -0.000108   0.000209
 -0.000222   0.000898   0.000090
  0.000171  -0.000019  -0.000228
  0.000017   0.000345   0.000294
 -0.000026  -0.000147   0.000065
 -0.000526  -0.000020   0.000136
  0.000287  -0.000106  -0.000223
  0.000156   0.000073  -0.000055
 -0.001670   0.001172   0.001213
  0.000254  -0.000148  -0.000181
 -0.001417   0.002642   0.000335
 -0.000103  -0.000462   0.000140
  0.005206   0.001022   0.002239
 -0.000009  -0.000043  -0.000106
  0.003353  -0.000222  -0.000612
  0.000094   0.000187  -0.000432
  0.062928   0.000484   0.004224
 -0.000102  -0.000013  -0.000154
  0.059567   0.002896   0.000499
  0.000069  -0.000197   0.000118
  0.011923  -0.002648   0.002057
  0.000305   0.000280   0.000336
  0.007446   0.001202   0.000574
  0.000256   0.000018   0.000080
 -0.000634   0.000050   0.000124
 -0.000031  -0.000006  -0.000055
  0.000257   0.000094  -0.000378
 -0.000331  -0.000053  -0.000479
 -0.000952  -0.000300   0.000242
 -0.000209   0.000259   0.000604
  0.230145  -0.096837  -0.058347
 -0.000480  -0.000109  -0.000227
 -0.002247   0.000426  -0.000258
 -0.000208  -0.000044  -0.000372
 -0.002896   0.000121  -0.005009
 -0.000682   0.000140  -0.000781
 -0.000321   0.000094  -0.003011
 -0.000242   0.000049  -0.001188
 -0.002393   0.001133  -0.002073
 -0.000283  -0.000237  -0.000607
 -0.001362  -0.000017   0.002124
 -0.000365   0.000066   0.000808
 -0.001670   0.000100   0.000224
 -0.000210  -0.000003   0.000067
 -0.003794   0.000670   0.001537
 -0.000757  -0.000165   0.000087
 -0.001323   0.000033   0.000743
 -0.000280   0.000020   0.000145
  0.004108  -0.001114   0.004852
  0.000576   0.000016   0.001675
  0.004416  -0.000876  -0.002619
  0.000934   0.000182  -0.000849
  0.001189  -0.000238  -0.001136
  0.000564   0.000317   0.001565
  0.001796   0.000203  -0.000567
  0.000101  -0.000015   0.000140
  0.020362   0.002948   0.002438
  0.000843  -0.000146   0.000540
   19    2  0.0000  0.0150 -0.0000
 -0.000378   0.000136   0.000143
  0.000033   0.000052  -0.000068
 -0.000045  -0.000089  -0.000148
  0.000002  -0.000042   0.000063
  0.000088   0.000096   0.000493
 -0.000027   0.000048  -0.000068
  0.000027  -0.000044  -0.000070
  0.000013  -0.000006  -0.000003
  0.000239   0.000214   0.000300
 -0.000159   0.000034  -0.000032
 -0.001538  -0.001772  -0.000471
  0.000699   0.000614   0.000569
 -0.004625   0.005786   0.001376
 -0.000367   0.000118  -0.000747
 -0.020884  -0.013272  -0.009247
 -0.000138   0.000158   0.000061
  0.066682   0.155782   0.027686
  0.000294   0.000194  -0.000689
  0.007829  -0.768959   0.037857
 -0.000448   0.000004   0.000202
 -0.000049  -0.000038  -0.000016
  0.000005  -0.000005   0.000022
 -0.000266   0.000226  -0.000226
  0.000054   0.000047   0.000043
  0.000007  -0.000023  -0.000008
 -0.000004  -0.000012   0.000016
 -0.000059  -0.000009  -0.000051
  0.000018  -0.000004  -0.000001
 -0.000019   0.000035   0.000043
 -0.000000   0.000009  -0.000016
  0.000081  -0.000030  -0.000070
 -0.000012   0.000000  -0.000002
 -0.000153   0.000052  -0.000101
  0.000005  -0.000011   0.000017
 -0.000009   0.000020  -0.000058
 -0.000005  -0.000010   0.000012
  0.000047   0.000012   0.000034
 -0.000004   0.000007  -0.000011
 -0.000051  -0.000044  -0.000076
 -0.000020  -0.000004   0.000020
  0.000209  -0.000081  -0.000069
  0.000022  -0.000007   0.000030
 -0.000026  -0.000008  -0.000035
 -0.000012   0.000010  -0.000011
  0.000107   0.000201  -0.000235
  0.000048  -0.000056  -0.000087
 -0.000042  -0.000024   0.000025
 -0.000178  -0.000023  -0.000206
  0.000098   0.000062   0.000177
  0.000309  -0.000061   0.000414
  0.000000  -0.000077   0.000156
  0.000064   0.000085   0.000125
  0.000077   0.000046  -0.000161
  0.000070  -0.000412  -0.000015
 -0.000016  -0.000065   0.000058
 -0.000187  -0.000290  -0.000097
  0.000331   0.000132  -0.000077
  0.000671   0.000376  -0.000808
  0.000210  -0.000255   0.000442
 -0.000025  -0.000093   0.000324
 -0.000523  -0.000444  -0.000050
  0.000066  -0.000162   0.000160
 -0.003548  -0.000201  -0.000865
  0.000062  -0.000085  -0.000028
  0.036595   0.022521   0.015661
 -0.000023  -0.000021   0.000185
  0.006401   0.005068   0.002622
 -0.000458  -0.000132   0.000132
 -0.000249   0.066653   0.025060
  0.000119  -0.000064   0.000041
  0.010695   0.363387  -0.125402
  0.000000  -0.000011   0.000009
 -0.038393   0.015845   0.019412
 -0.000089  -0.000065  -0.000069
 -0.007207   0.004921   0.004370
 -0.000141   0.000007   0.000072
  0.000512  -0.000089   0.000128
 -0.000066  -0.000016  -0.000018
 -0.000269  -0.000115   0.000042
  0.000139   0.000047   0.000256
 -0.001054   0.000650  -0.000115
 -0.000494  -0.000121  -0.000343
 -0.054917   0.147456   0.007876
  0.000301   0.000006   0.000026
 -0.000084  -0.000364   0.000385
 -0.000015  -0.000008   0.000036
 -0.001322   0.001772  -0.001207
  0.000185  -0.000017   0.000149
 -0.000598  -0.000794   0.000932
  0.000028  -0.000004   0.000335
  0.001658  -0.002065   0.003394
  0.000055   0.000041   0.000126
  0.000615  -0.000261  -0.001112
 -0.000185   0.000031  -0.000501
  0.001377  -0.000067   0.000418
 -0.000184   0.000065  -0.000202
  0.004748   0.001250  -0.002129
  0.000061  -0.000041  -0.000246
  0.000868  -0.000267  -0.000130
 -0.000077  -0.000052  -0.000234
  0.001513   0.003751  -0.001402
 -0.000072   0.000021  -0.000422
 -0.003491   0.001447   0.000951
  0.000115  -0.000059   0.000598
  0.000376   0.000028   0.000649
  0.000023  -0.000082  -0.000723
 -0.000909  -0.000165  -0.000578
  0.000127  -0.000002   0.000148
 -0.000561  -0.007989  -0.005188
 -0.000301   0.000068   0.000066
   19    3  0.0000  0.0000  0.0150
 -0.000589   0.000126   0.000040
  0.000043   0.000063  -0.000025
 -0.000216  -0.000029  -0.000154
 -0.000007  -0.000052   0.000144
  0.000166   0.000372   0.000650
 -0.000069   0.000053  -0.000024
  0.000101  -0.000078   0.000112
 -0.000005   0.000002   0.000005
  0.000589   0.000427   0.000559
 -0.000177   0.000005   0.000008
 -0.000381  -0.000448  -0.001119
  0.000271  -0.000271   0.000570
 -0.001884   0.002292   0.002059
 -0.000125   0.000045  -0.000101
 -0.008538  -0.007338  -0.003038
 -0.000017  -0.000118   0.000227
  0.038645   0.028456   0.128209
 -0.000065   0.000005   0.000038
 -0.003757   0.037489  -0.826220
 -0.000131  -0.000205  -0.000046
 -0.000107  -0.000060   0.000008
  0.000016  -0.000003   0.000085
 -0.000271   0.000221  -0.000260
  0.000109   0.000109   0.000117
 -0.000004  -0.000020   0.000023
 -0.000003  -0.000038   0.000032
 -0.000102  -0.000008  -0.000073
  0.000007  -0.000004  -0.000033
 -0.000057   0.000021   0.000060
 -0.000000  -0.000006  -0.000014
  0.000201  -0.000105  -0.000143
 -0.000018   0.000007  -0.000052
 -0.000667  -0.000222   0.000439
  0.000022   0.000001  -0.000029
  0.000023   0.000063  -0.000272
 -0.000009  -0.000034   0.000013
  0.000120   0.000127   0.000149
 -0.000001  -0.000002  -0.000009
 -0.000080  -0.000075  -0.000242
 -0.000040   0.000008  -0.000009
  0.000460  -0.000330   0.000020
  0.000031   0.000000   0.000015
 -0.000046   0.000026  -0.000134
 -0.000023  -0.000004  -0.000020
  0.000224   0.000339  -0.000306
  0.000067  -0.000020  -0.000072
 -0.000010  -0.000011   0.000154
 -0.000201   0.000026  -0.000244
  0.000096   0.000052   0.000210
  0.000126  -0.000205   0.000257
  0.000068  -0.000011  -0.000006
  0.000027   0.000074   0.000079
 -0.000067   0.000126   0.000082
 -0.000080   0.000242  -0.000114
  0.000091  -0.000110  -0.000045
 -0.000039   0.000152   0.000035
  0.000085  -0.000213  -0.000727
 -0.000037  -0.000271   0.000610
  0.000291   0.000092  -0.000193
 -0.000017   0.000037   0.000023
 -0.002389   0.000276  -0.000172
 -0.000039   0.000088   0.000010
  0.000931   0.000125   0.000159
  0.000165   0.000119  -0.000181
 -0.017436  -0.009297  -0.006004
  0.000001   0.000016  -0.000018
  0.041127   0.023824   0.017084
  0.000041  -0.000115   0.000112
  0.015935   0.019343   0.422998
  0.000004   0.000048  -0.000003
 -0.004886  -0.121737   0.118921
 -0.000093   0.000074  -0.000046
  0.018033  -0.000595  -0.012190
  0.000025   0.000048   0.000016
 -0.050596   0.024601   0.013320
 -0.000045   0.000000   0.000109
  0.000664  -0.000035   0.000096
 -0.000111  -0.000022  -0.000090
 -0.000516  -0.000127  -0.000100
  0.000068   0.000038   0.000238
 -0.000840   0.000276  -0.000056
 -0.000150  -0.000029  -0.000168
 -0.026722   0.009218   0.143388
  0.000037   0.000038  -0.000035
  0.001066  -0.000103   0.000424
 -0.000223  -0.000065  -0.000121
  0.002372  -0.002210   0.005300
 -0.000107   0.000030  -0.000099
 -0.000456  -0.000201   0.002111
 -0.000029  -0.000005   0.000146
  0.001501  -0.001297   0.003241
 -0.000107  -0.000032  -0.000085
  0.000214  -0.000172  -0.000391
 -0.000165   0.000029  -0.000435
  0.000892  -0.000006   0.000410
 -0.000296   0.000082  -0.000333
  0.002405   0.000257  -0.001352
 -0.000149  -0.000064  -0.000278
  0.000535  -0.000196   0.000005
 -0.000166  -0.000101  -0.000298
 -0.001100   0.000556  -0.003826
  0.000337   0.000037  -0.000042
 -0.001993   0.000710   0.000116
  0.000363   0.000004   0.000699
  0.000541  -0.000069   0.000333
  0.000277  -0.000312  -0.000752
 -0.001025  -0.000187  -0.000235
  0.000249  -0.000033   0.000353
 -0.002185  -0.003594  -0.003862
  0.000004   0.000003   0.000280
   21    1  0.0150  0.0000  0.0000
  0.007476  -0.007253  -0.050547
  0.000234   0.000120  -0.000039
 -0.003160   0.000126  -0.003372
  0.000017  -0.000182   0.000133
  0.000287  -0.000492   0.000414
 -0.000151   0.000636   0.000098
 -0.000090   0.000191   0.000307
  0.000004   0.000185   0.000817
  0.000274  -0.000002  -0.000003
 -0.000225  -0.001361  -0.000447
  0.000052  -0.000007  -0.000031
 -0.000068   0.000048   0.000004
  0.000015   0.000013   0.000007
  0.000021  -0.000016   0.000036
  0.000018   0.000028   0.000073
  0.000008   0.000005   0.000020
 -0.000028  -0.000006   0.000002
  0.000001  -0.000002   0.000014
  0.000093  -0.000030  -0.000089
 -0.000020  -0.000002   0.000009
 -0.063789   0.024260   0.019562
  0.000081  -0.000012  -0.000021
  0.001684   0.005785   0.005904
  0.000046   0.000030   0.000047
 -0.001107   0.000168   0.000897
  0.000018  -0.000029   0.000006
  0.006718  -0.003781  -0.001680
 -0.000043   0.000006  -0.000018
  0.000104   0.000090   0.000218
 -0.000042  -0.000037   0.000030
  0.000658   0.000436   0.001897
  0.000089   0.000020  -0.000121
 -0.000364   0.000312   0.000417
 -0.000016  -0.000121  -0.000158
 -0.000010   0.000019  -0.000021
  0.000215  -0.000320   0.000169
  0.000023  -0.000025  -0.000017
  0.000114   0.000137  -0.000195
  0.000089   0.000020   0.000061
 -0.000232   0.000269  -0.000303
  0.000053  -0.000018  -0.000031
  0.000154   0.000475   0.000248
 -0.000017  -0.000031   0.000029
 -0.001224   0.000599  -0.000440
  0.000142   0.000159  -0.000233
  0.000180  -0.000250  -0.000211
 -0.000009  -0.000020  -0.000042
  0.000293  -0.000505  -0.000430
 -0.000019  -0.000011  -0.000028
 -0.000080  -0.000054  -0.000012
  0.000024   0.000065  -0.000098
  0.000011  -0.000007  -0.000011
 -0.000008  -0.000008   0.000012
 -0.000001  -0.000022  -0.000006
  0.000050  -0.000006  -0.000021
  0.000014  -0.000004  -0.000001
 -0.000021   0.000003   0.000001
  0.000001   0.000010  -0.000012
  0.000013   0.000004   0.000001
 -0.000003  -0.000001  -0.000002
 -0.000025  -0.000024  -0.000036
 -0.000001   0.000005  -0.000009
  0.000002  -0.000010  -0.000021
  0.000001  -0.000006  -0.000001
  0.000001  -0.000014  -0.000001
 -0.000003  -0.000000   0.000004
  0.000007  -0.000013  -0.000023
  0.000010   0.000002  -0.000006
  0.000037   0.000005  -0.000026
 -0.000029  -0.000001   0.000001
 -0.000004   0.000033   0.000024
  0.000001   0.000003  -0.000002
  0.000170  -0.000184   0.000202
 -0.000043  -0.000039  -0.000048
 -0.000075  -0.000008   0.000007
  0.000018   0.000001  -0.000011
  0.050966  -0.019847   0.015129
 -0.000137  -0.000013   0.000002
 -0.000405   0.000032   0.000178
  0.000264  -0.000025   0.000191
 -0.000046  -0.000013   0.000084
  0.000080   0.000042   0.000077
 -0.000136   0.000080  -0.000187
  0.000046   0.000015   0.000038
 -0.003198  -0.000662  -0.000551
 -0.000251  -0.000043   0.000298
 -0.001261  -0.000097  -0.000587
  0.000085  -0.000068   0.000281
 -0.000578   0.000023   0.000657
 -0.000122   0.000043   0.000818
 -0.001186   0.000213  -0.000268
 -0.000044   0.000099   0.000323
  0.000055  -0.000230   0.000383
  0.000005  -0.000001   0.000145
  0.001165  -0.000111   0.000262
 -0.000080  -0.000022   0.000034
  0.000840  -0.000510  -0.000562
 -0.000103  -0.000014   0.000131
  0.002490  -0.001216   0.001506
 -0.000046   0.000023   0.000067
  0.003588  -0.000635  -0.000746
  0.000250   0.000062  -0.001001
 -0.001190   0.001835  -0.000573
  0.000174   0.000008  -0.000137
 -0.000116  -0.000034  -0.000300
  0.000675   0.000003  -0.000887
 -0.000890   0.001684   0.011412
  0.000233  -0.000039  -0.000151
  0.000250   0.000068   0.001345
  0.000007  -0.000003  -0.000254
   21    2  0.0000  0.0150 -0.0000
  0.001197   0.004920   0.024555
 -0.000015   0.000005   0.000004
  0.000252  -0.000738  -0.001423
  0.000007   0.000005   0.000024
  0.000350  -0.000039   0.000080
 -0.000121  -0.000137   0.000125
  0.000052   0.000052  -0.000021
  0.000286  -0.000058   0.000060
  0.000127  -0.000018  -0.000014
  0.000033   0.000377   0.000321
 -0.000049  -0.000028  -0.000038
  0.000006   0.000011   0.000001
 -0.000020   0.000010   0.000000
  0.000003  -0.000003   0.000007
 -0.000007  -0.000057  -0.000147
  0.000010  -0.000002  -0.000000
  0.000021   0.000010   0.000026
  0.000001   0.000005  -0.000014
  0.000104  -0.000027  -0.000058
 -0.000002  -0.000003   0.000003
  0.024240  -0.072361  -0.070013
  0.000013   0.000005   0.000006
  0.004690  -0.011944  -0.045441
  0.000002   0.000006   0.000004
  0.000772   0.000186   0.000533
  0.000012  -0.000015   0.000014
 -0.004684   0.001617   0.000924
  0.000001  -0.000004  -0.000003
  0.000101  -0.000000  -0.000194
 -0.000016  -0.000009  -0.000038
 -0.000345  -0.000512  -0.000199
 -0.000010   0.000054   0.000004
  0.000082   0.000064  -0.000040
  0.000031  -0.000061   0.000004
 -0.000028   0.000134   0.000045
  0.000072  -0.000142   0.000093
  0.000029  -0.000006  -0.000009
  0.000037   0.000086  -0.000687
 -0.000028  -0.000011   0.000005
 -0.000033   0.001387   0.000317
  0.000032  -0.000005  -0.000015
  0.000050  -0.000341  -0.000143
 -0.000003   0.000001   0.000009
 -0.000220  -0.001315  -0.000014
  0.000041   0.000095  -0.000103
  0.000062   0.000147  -0.000204
 -0.000005  -0.000002  -0.000003
 -0.000428   0.000675   0.000026
 -0.000003   0.000001  -0.000013
  0.000007  -0.000024   0.000032
 -0.000018  -0.000021   0.000019
 -0.000004   0.000005   0.000011
  0.000003  -0.000001   0.000009
  0.000004  -0.000002   0.000001
 -0.000028   0.000036   0.000013
 -0.000002   0.000000  -0.000001
  0.000016   0.000010   0.000022
  0.000007   0.000002   0.000000
 -0.000010  -0.000009  -0.000013
 -0.000001   0.000002   0.000001
  0.000028   0.000037   0.000034
 -0.000004   0.000002   0.000005
 -0.000001  -0.000001   0.000034
  0.000001   0.000005  -0.000001
  0.000007  -0.000005  -0.000015
 -0.000000   0.000003   0.000001
 -0.000019   0.000012   0.000019
  0.000002   0.000001   0.000006
  0.000027   0.000007   0.000004
  0.000002   0.000002   0.000005
  0.000001   0.000008   0.000010
  0.000000   0.000005  -0.000004
  0.000084  -0.000108   0.000095
 -0.000009  -0.000010  -0.000010
 -0.000001   0.000015   0.000007
 -0.000002   0.000001  -0.000008
 -0.025550   0.074145   0.083292
  0.000014   0.000002   0.000005
 -0.000078   0.000011   0.000042
 -0.000182  -0.000106   0.000166
  0.000043   0.000005   0.000009
  0.000010   0.000011  -0.000008
 -0.000118   0.000033  -0.000046
  0.000006   0.000003   0.000008
 -0.002604  -0.000260   0.000211
 -0.000023  -0.000003   0.000042
 -0.000792   0.000121  -0.000209
  0.000024  -0.000010   0.000053
 -0.000321   0.000173   0.000462
 -0.000007  -0.000007   0.000164
 -0.000164   0.000370  -0.000005
  0.000013   0.000040   0.000036
  0.000053  -0.000050  -0.000095
  0.000011   0.000001  -0.000006
 -0.001255   0.003305   0.000001
  0.000015  -0.000000   0.000006
 -0.000157  -0.000279  -0.000231
  0.000021   0.000008   0.000011
  0.000710  -0.000392   0.000376
  0.000013   0.000003   0.000007
  0.002047  -0.001414  -0.000597
  0.000022  -0.000030  -0.000219
  0.000213   0.000794   0.000558
 -0.000022   0.000001   0.000005
 -0.000039   0.000028   0.000027
 -0.000000  -0.000223  -0.000261
  0.001116   0.001522   0.007303
  0.000008  -0.000000  -0.000012
  0.000207   0.000201   0.000299
 -0.000017   0.000009  -0.000028
   21    3  0.0000  0.0000  0.0150
  0.000533   0.004382   0.013296
  0.000080  -0.000072   0.000106
  0.001489  -0.001910  -0.002981
 -0.000002   0.000045  -0.000333
  0.000591   0.000339  -0.000090
  0.000060   0.000009   0.000321
  0.000139  -0.000223  -0.000223
  0.000587  -0.000164  -0.000742
 -0.000176   0.000012  -0.000007
 -0.001986   0.007255   0.002983
  0.000002  -0.000012   0.000027
  0.000058   0.000000   0.000018
 -0.000003   0.000002   0.000037
 -0.000000  -0.000011   0.000023
  0.000003  -0.000018  -0.000000
  0.000007   0.000005   0.000023
 -0.000012  -0.000001   0.000029
  0.000008   0.000013   0.000017
  0.000036  -0.000010   0.000015
  0.000037  -0.000021   0.000093
  0.019607  -0.070407  -0.603455
 -0.000021  -0.000004  -0.000044
  0.001473   0.010139   0.022616
  0.000015   0.000009   0.000023
  0.000227  -0.000099  -0.000566
 -0.000002   0.000023  -0.000031
 -0.002084   0.001754  -0.002494
  0.000023   0.000001   0.000022
 -0.000101   0.000065   0.000218
 -0.000007  -0.000018   0.000054
 -0.001367  -0.000406  -0.000034
 -0.000056  -0.000030   0.000077
  0.000243  -0.000063   0.000040
  0.000016  -0.000031   0.000030
 -0.000024  -0.000031  -0.000020
  0.000111   0.000034  -0.000083
 -0.000005   0.000014   0.000018
 -0.000380  -0.000440   0.000357
 -0.000005   0.000030   0.000067
 -0.000125  -0.000292   0.000006
 -0.000002   0.000014   0.000043
  0.000192  -0.001286  -0.000386
  0.000012  -0.000014  -0.000018
  0.000272  -0.003160  -0.000375
 -0.000093   0.000079  -0.000060
  0.000134   0.000212   0.000550
 -0.000077  -0.000007  -0.000066
 -0.000034   0.000263  -0.000741
  0.000040   0.000018   0.000077
  0.000059  -0.000028   0.000080
 -0.000015  -0.000074   0.000097
 -0.000000   0.000034   0.000059
  0.000005   0.000027  -0.000002
  0.000003  -0.000013   0.000002
 -0.000012   0.000001  -0.000023
 -0.000006   0.000003  -0.000016
  0.000006  -0.000011  -0.000034
  0.000000   0.000009  -0.000025
 -0.000003   0.000009   0.000004
  0.000003  -0.000004   0.000002
  0.000002  -0.000002  -0.000013
  0.000015   0.000007  -0.000027
  0.000004   0.000015   0.000007
  0.000003  -0.000011   0.000005
  0.000001   0.000009   0.000003
  0.000007  -0.000011   0.000009
  0.000008  -0.000003  -0.000024
 -0.000006   0.000007  -0.000031
 -0.000013  -0.000001  -0.000011
  0.000022   0.000010  -0.000016
  0.000003   0.000012   0.000006
  0.000002  -0.000014  -0.000000
  0.000023  -0.000026   0.000030
  0.000053   0.000055   0.000092
  0.000018   0.000005   0.000021
 -0.000008   0.000008   0.000028
 -0.022171   0.056178   0.569257
 -0.000097  -0.000004  -0.000021
  0.000453  -0.000066   0.000050
  0.001138  -0.001328  -0.000503
 -0.000021   0.000011  -0.000106
 -0.000068  -0.000005  -0.000090
 -0.000052  -0.000002  -0.000028
 -0.000065  -0.000014  -0.000082
 -0.001191  -0.000117   0.000895
  0.000355   0.000119  -0.000217
 -0.000187   0.000079   0.000077
  0.000029   0.000051  -0.000282
  0.000065   0.000130   0.000778
  0.000521  -0.000131  -0.000631
 -0.000262  -0.000006   0.000348
  0.000158  -0.000087  -0.000312
 -0.000148  -0.000078  -0.000603
 -0.000025   0.000012  -0.000297
 -0.000211  -0.001395  -0.000931
 -0.000035   0.000047  -0.000127
 -0.000379   0.000028  -0.000123
  0.000076   0.000003  -0.000205
 -0.000078  -0.000112  -0.000280
  0.000005  -0.000053  -0.000153
  0.000881  -0.000373  -0.000997
 -0.000482  -0.000121   0.000901
  0.000821   0.000362   0.000846
 -0.000065  -0.000007   0.000407
  0.000170   0.000054   0.000301
 -0.001248  -0.000284  -0.000215
  0.002414   0.001069   0.003140
 -0.000088   0.000002   0.000178
  0.000236   0.000044   0.000003
 -0.000053  -0.000005   0.000361
   23    1  0.0150  0.0000  0.0000
  0.011969  -0.038413   0.018049
  0.000313   0.000070   0.000030
 -0.001653  -0.001812   0.001700
 -0.000018  -0.000040   0.000157
  0.000650   0.000085  -0.000739
  0.000103   0.000208  -0.000015
  0.000024   0.000393   0.000111
  0.000067  -0.000319   0.000539
  0.000283  -0.000139  -0.000153
 -0.000758   0.000603   0.000023
 -0.000360  -0.000099  -0.000057
  0.000422  -0.000152   0.000099
 -0.000060   0.000005   0.000096
 -0.000054   0.000032  -0.000035
 -0.000045  -0.000139  -0.000364
  0.000018  -0.000075   0.000116
 -0.000021   0.000151   0.000110
 -0.000013   0.000063  -0.000046
  0.000264  -0.000252  -0.000273
  0.000016  -0.000056   0.000114
  0.001639   0.004685   0.001460
  0.000067  -0.000005   0.000020
 -0.081386   0.054979  -0.009657
  0.000196   0.000179   0.000222
  0.004046  -0.001267  -0.001624
  0.000015  -0.000054   0.000018
 -0.002055   0.000718   0.000326
 -0.000016   0.000006  -0.000047
  0.000669   0.000814  -0.000386
  0.000001  -0.000032  -0.000002
  0.000213   0.000127   0.000047
  0.000063   0.000043  -0.000111
 -0.000023   0.000022   0.000070
 -0.000044   0.000019  -0.000151
 -0.000161   0.000407   0.000117
  0.000030  -0.000111   0.000045
  0.000071  -0.000026  -0.000045
 -0.000052  -0.000032  -0.000077
 -0.000000  -0.000018   0.000000
  0.000042   0.000157  -0.000271
  0.000064   0.000008  -0.000050
  0.000116  -0.000083  -0.000071
 -0.000006   0.000003   0.000059
  0.000046  -0.000306  -0.000044
  0.000073   0.000187  -0.000240
 -0.000022   0.000038   0.000162
  0.000046   0.000013   0.000103
 -0.000280  -0.000086  -0.000522
  0.000178   0.000068   0.000198
  0.000442  -0.000050   0.000395
 -0.000176  -0.000489   0.000650
 -0.000037   0.000126   0.000242
  0.000051   0.000069  -0.000022
  0.000011   0.000017   0.000018
 -0.000229   0.000027   0.000031
 -0.000063   0.000032  -0.000055
  0.000076  -0.000009  -0.000004
  0.000021   0.000001  -0.000040
 -0.000096   0.000009  -0.000015
  0.000014  -0.000015   0.000032
 -0.000020   0.000018   0.000087
  0.000009   0.000022  -0.000046
  0.000013   0.000014   0.000044
  0.000005   0.000006  -0.000015
  0.000010  -0.000043  -0.000054
  0.000006  -0.000021   0.000021
 -0.000006   0.000008   0.000058
 -0.000005   0.000006  -0.000033
  0.000024   0.000015   0.000054
  0.000007   0.000006  -0.000026
 -0.000001   0.000013   0.000007
  0.000001  -0.000014  -0.000001
  0.000051   0.000056  -0.000086
  0.000069   0.000080   0.000112
  0.000189   0.000086   0.000026
 -0.000047   0.000011   0.000054
  0.060452  -0.037659  -0.002086
 -0.000367  -0.000048  -0.000180
 -0.000342   0.000002   0.000101
  0.000362  -0.000011   0.000052
  0.000285   0.000071  -0.000489
 -0.000428  -0.000067  -0.000537
 -0.000452  -0.000098   0.000229
 -0.000078  -0.000022  -0.000134
  0.001674   0.000446   0.001020
 -0.000050   0.000012  -0.000304
  0.000116   0.000101   0.000856
 -0.000135   0.000082  -0.000351
 -0.000172  -0.000269   0.001104
  0.000181  -0.000039  -0.000349
 -0.000580  -0.000722   0.001122
 -0.000044  -0.000124  -0.000327
 -0.000809  -0.000721  -0.003940
 -0.000256   0.000071  -0.001347
 -0.001765   0.009391  -0.005562
 -0.000469   0.000168  -0.000720
 -0.003481   0.000489   0.000232
  0.000029  -0.000016  -0.000574
 -0.002272  -0.000645  -0.001944
 -0.000158  -0.000240  -0.000647
  0.000262   0.001367  -0.001909
  0.000071   0.000013   0.000686
  0.011605   0.001421   0.011420
  0.000196  -0.000003   0.001776
  0.000767   0.000419   0.001819
 -0.000277  -0.000288  -0.000390
 -0.000759   0.006552  -0.008567
  0.000347  -0.000071   0.000644
  0.001584  -0.000106  -0.001719
 -0.000033  -0.000011   0.000569
   23    2  0.0000  0.0150 -0.0000
 -0.002708   0.015864  -0.000562
 -0.000282  -0.000057  -0.000042
  0.000803  -0.003305  -0.000437
  0.000033   0.000028  -0.000054
  0.000766   0.000428   0.000397
 -0.000049  -0.000233  -0.000101
  0.000169  -0.000414  -0.000230
 -0.000220   0.000050  -0.000103
 -0.000144   0.000200   0.000145
  0.000606  -0.001045   0.000016
  0.000309   0.000153   0.000103
 -0.000333   0.000082  -0.000092
  0.000060   0.000071  -0.000126
  0.000045  -0.000007   0.000014
  0.000056   0.000122   0.000306
 -0.000016   0.000053  -0.000098
  0.000040  -0.000110  -0.000122
  0.000013  -0.000055   0.000032
 -0.000186   0.000224   0.000232
 -0.000021   0.000048  -0.000111
  0.005816  -0.011958   0.010002
 -0.000045   0.000008  -0.000012
  0.055178  -0.401192   0.164679
 -0.000180  -0.000166  -0.000207
 -0.000547  -0.001660   0.002028
 -0.000007   0.000042  -0.000008
  0.001332   0.000025  -0.000778
  0.000011  -0.000005   0.000040
 -0.000599  -0.000063  -0.000391
  0.000005   0.000034  -0.000026
 -0.000260  -0.000085  -0.000150
 -0.000043  -0.000011   0.000085
  0.000028  -0.000009  -0.000061
  0.000008   0.000015   0.000122
  0.000138   0.000040  -0.000007
 -0.000078   0.000111  -0.000034
 -0.000008   0.000049   0.000028
  0.000092   0.000098  -0.000094
 -0.000008   0.000005   0.000002
  0.000059   0.000060   0.000259
 -0.000032  -0.000006   0.000029
 -0.000092   0.000235   0.000160
  0.000000  -0.000006  -0.000037
  0.000001   0.000547  -0.000088
 -0.000031  -0.000153   0.000175
  0.000031  -0.000124  -0.000220
 -0.000038  -0.000019  -0.000099
  0.000196  -0.000173   0.000386
 -0.000166  -0.000055  -0.000199
 -0.000285   0.000323  -0.000357
  0.000140   0.000541  -0.000602
 -0.000026  -0.000070  -0.000236
 -0.000032  -0.000086  -0.000029
 -0.000011  -0.000014  -0.000005
  0.000147  -0.000094   0.000037
  0.000050  -0.000031   0.000050
 -0.000065  -0.000017   0.000025
 -0.000019   0.000000   0.000050
  0.000080  -0.000033  -0.000030
 -0.000011   0.000015  -0.000031
  0.000000  -0.000017  -0.000043
 -0.000008  -0.000022   0.000051
 -0.000013  -0.000021  -0.000058
 -0.000001  -0.000001   0.000014
  0.000006   0.000024   0.000036
 -0.000005   0.000022  -0.000017
  0.000004  -0.000015  -0.000040
  0.000008  -0.000007   0.000040
 -0.000001  -0.000010  -0.000044
 -0.000009  -0.000007   0.000034
 -0.000003  -0.000013  -0.000005
  0.000001   0.000017   0.000001
  0.000051  -0.000068   0.000121
 -0.000079  -0.000090  -0.000124
 -0.000191  -0.000113  -0.000026
  0.000045  -0.000013  -0.000054
 -0.074960   0.391983  -0.182400
  0.000362   0.000050   0.000179
  0.000241  -0.000030  -0.000062
 -0.000395   0.000254   0.000067
 -0.000242  -0.000003   0.000441
  0.000293  -0.000082   0.000399
  0.000418   0.000165  -0.000308
  0.000090   0.000025   0.000151
 -0.000519  -0.001065  -0.001234
 -0.000025  -0.000034   0.000350
 -0.000217  -0.000317  -0.000893
  0.000135  -0.000092   0.000414
  0.000099   0.000086  -0.000994
 -0.000242   0.000059   0.000509
 -0.000175   0.000409  -0.000855
  0.000019   0.000140   0.000394
  0.001982   0.002706   0.005184
  0.000315  -0.000090   0.001394
  0.014648   0.001137   0.010374
  0.000452  -0.000168   0.000721
  0.006996   0.000852   0.000258
 -0.000040   0.000011   0.000593
 -0.000819   0.005016  -0.001983
  0.000148   0.000241   0.000635
  0.000516  -0.000254   0.001411
  0.000014   0.000011  -0.000877
 -0.015122  -0.017353  -0.011085
 -0.000150  -0.000021  -0.001738
 -0.000847  -0.000765  -0.001328
  0.000452   0.000318   0.000179
  0.008611   0.019121   0.005568
 -0.000290   0.000067  -0.000641
 -0.001259  -0.000263   0.002284
  0.000032   0.000011  -0.000615
   23    3  0.0000  0.0000  0.0150
  0.002004   0.019410  -0.012209
  0.000368   0.000064   0.000026
 -0.000175   0.000466   0.001072
 -0.000069  -0.000016   0.000224
 -0.000115  -0.000163  -0.000736
  0.000110   0.000081  -0.000033
 -0.000081   0.000241   0.000374
  0.000054  -0.000451   0.000779
  0.000291  -0.000196  -0.000179
 -0.000457  -0.000035   0.000169
 -0.000171   0.000081   0.000312
  0.000416  -0.000156   0.000125
 -0.000130  -0.000111   0.000079
 -0.000058   0.000031  -0.000035
 -0.000049  -0.000119  -0.000210
  0.000003  -0.000071   0.000139
 -0.000065   0.000119   0.000102
 -0.000020   0.000061  -0.000012
  0.000108  -0.000235  -0.000290
  0.000023  -0.000048   0.000135
  0.005863  -0.045468   0.022569
  0.000070  -0.000009   0.000028
 -0.009724   0.164238  -0.177713
  0.000240   0.000219   0.000274
 -0.006270   0.004044   0.000190
  0.000011  -0.000058   0.000021
 -0.000239   0.000456   0.000169
 -0.000025   0.000012  -0.000061
  0.000057  -0.000544  -0.000351
  0.000002  -0.000036  -0.000017
  0.000237  -0.000137   0.000244
  0.000097   0.000050  -0.000124
 -0.000058   0.000089   0.000154
 -0.000072   0.000051  -0.000177
  0.000050  -0.000092   0.000201
  0.000014  -0.000096   0.000061
 -0.000037  -0.000065  -0.000087
 -0.000019   0.000042  -0.000298
  0.000025  -0.000016  -0.000002
  0.000100   0.000494  -0.000221
  0.000035   0.000016  -0.000039
  0.000070   0.000040  -0.000055
  0.000005   0.000015   0.000060
  0.000005  -0.000141  -0.000011
  0.000047   0.000165  -0.000193
 -0.000102   0.000238   0.000123
  0.000076   0.000028   0.000149
 -0.000594   0.000314  -0.000012
  0.000183   0.000068   0.000288
  0.000398  -0.000128   0.000386
 -0.000128  -0.000438   0.000609
 -0.000008   0.000134   0.000262
  0.000039   0.000092  -0.000056
  0.000010   0.000019   0.000013
 -0.000152   0.000073   0.000005
 -0.000059   0.000037  -0.000059
  0.000106  -0.000026  -0.000078
  0.000012   0.000001  -0.000053
 -0.000060   0.000037   0.000048
  0.000016  -0.000020   0.000039
 -0.000084   0.000047  -0.000000
  0.000016   0.000027  -0.000067
  0.000011   0.000033   0.000059
  0.000002  -0.000004  -0.000014
 -0.000017  -0.000031  -0.000043
  0.000007  -0.000029   0.000023
  0.000029   0.000002   0.000033
 -0.000013   0.000010  -0.000056
 -0.000006   0.000016   0.000051
  0.000010   0.000005  -0.000048
  0.000002   0.000007   0.000013
 -0.000002  -0.000030   0.000009
 -0.000080   0.000123  -0.000202
  0.000116   0.000131   0.000171
  0.000216   0.000100   0.000031
 -0.000054   0.000012   0.000095
  0.013423  -0.152743   0.165113
 -0.000454  -0.000060  -0.000223
 -0.000305   0.000035   0.000048
  0.000372  -0.000084  -0.000009
  0.000127   0.000032  -0.000601
 -0.000426  -0.000015  -0.000508
 -0.000284  -0.000139   0.000368
 -0.000130  -0.000035  -0.000193
  0.001104   0.000330   0.001289
 -0.000047   0.000018  -0.000439
  0.000417   0.000364   0.001116
 -0.000233   0.000121  -0.000541
 -0.000077  -0.000093   0.000994
  0.000198  -0.000060  -0.000637
  0.000410  -0.000413   0.001047
 -0.000074  -0.000187  -0.000502
 -0.000981  -0.000548  -0.003013
 -0.000272   0.000064  -0.001467
 -0.008595   0.009220   0.002034
 -0.000593   0.000205  -0.000862
 -0.005587  -0.000014  -0.000006
 -0.000044  -0.000043  -0.000715
 -0.001996  -0.001474   0.000109
 -0.000223  -0.000287  -0.000775
 -0.000656   0.000188  -0.001731
  0.000118   0.000009   0.001102
  0.012938   0.004226   0.010346
  0.000358   0.000001   0.002007
  0.000940   0.000377   0.001691
 -0.000336  -0.000425  -0.000123
 -0.003046  -0.001667  -0.010128
  0.000422  -0.000088   0.000832
  0.001137   0.000145  -0.002593
  0.000030  -0.000026   0.000795
   25    1  0.0150  0.0000  0.0000
  0.059485   0.010562  -0.004802
  0.000048  -0.000020  -0.000091
  0.005303   0.034154  -0.013704
 -0.000084  -0.000042   0.000233
 -0.001811   0.003343  -0.000539
 -0.000076  -0.000037   0.000109
  0.000080  -0.000137   0.000091
  0.000133   0.000121  -0.000345
  0.000006  -0.000102   0.000031
  0.000058   0.000083   0.000038
  0.000020   0.000006   0.000006
 -0.000017   0.000014  -0.000009
 -0.000004  -0.000008  -0.000007
  0.000018  -0.000002   0.000005
 -0.000007   0.000006   0.000042
  0.000009   0.000005  -0.000013
 -0.000002  -0.000022  -0.000007
  0.000005  -0.000007   0.000000
 -0.000019   0.000020   0.000032
  0.000005   0.000005  -0.000017
 -0.001079   0.000764   0.000304
  0.000011  -0.000009  -0.000008
  0.004093  -0.000523  -0.006282
 -0.000011  -0.000014  -0.000018
 -0.086518   0.002368   0.002179
 -0.000001   0.000013  -0.000005
 -0.000100   0.000210   0.000792
 -0.000027   0.000019  -0.000005
  0.005912   0.003247   0.002440
  0.000002   0.000009  -0.000033
 -0.001277  -0.000843   0.000228
  0.000107  -0.000037  -0.000043
  0.000059  -0.000142  -0.000071
  0.000061  -0.000004   0.000018
  0.000370  -0.001082   0.000429
  0.000020   0.000013  -0.000007
 -0.000096  -0.000220   0.000059
  0.000001  -0.000021   0.000063
 -0.000039   0.000016  -0.000022
 -0.000154   0.000047  -0.000077
  0.000002  -0.000008   0.000010
 -0.000020  -0.000043  -0.000008
  0.000032  -0.000044  -0.000009
 -0.000001  -0.000071   0.000005
 -0.000007  -0.000011   0.000015
  0.000016  -0.000012  -0.000015
 -0.000001  -0.000001  -0.000016
  0.000044   0.000043   0.000037
 -0.000007  -0.000004  -0.000011
 -0.000018  -0.000006  -0.000010
  0.000010   0.000012  -0.000026
  0.000004  -0.000010  -0.000011
 -0.000003  -0.000007   0.000008
  0.000005  -0.000003  -0.000002
  0.000015   0.000003  -0.000002
  0.000007  -0.000002   0.000004
 -0.000009   0.000003   0.000003
  0.000003   0.000000  -0.000001
  0.000006   0.000000   0.000010
  0.000002   0.000001  -0.000004
  0.000007   0.000009  -0.000005
  0.000000  -0.000002   0.000003
 -0.000002  -0.000002   0.000000
  0.000003  -0.000002   0.000000
  0.000000   0.000008   0.000010
  0.000002   0.000002  -0.000005
  0.000002   0.000002  -0.000007
  0.000004  -0.000000   0.000001
 -0.000002   0.000000  -0.000011
  0.000000  -0.000001   0.000003
  0.000003  -0.000001   0.000001
  0.000003   0.000001  -0.000001
 -0.000003  -0.000006   0.000009
 -0.000004  -0.000007  -0.000011
 -0.000009  -0.000006   0.000000
  0.000007  -0.000002  -0.000006
  0.014530  -0.048303   0.017846
  0.000046   0.000015   0.000018
  0.000000   0.000025   0.000013
 -0.000078  -0.000026  -0.000007
 -0.000012  -0.000005   0.000039
  0.000045  -0.000000   0.000033
  0.000035   0.000002  -0.000022
  0.000007   0.000003   0.000011
 -0.000013   0.000098  -0.000127
 -0.000006  -0.000003   0.000047
  0.000002  -0.000008  -0.000070
  0.000006  -0.000008   0.000043
  0.000026   0.000021  -0.000107
 -0.000041   0.000009   0.000074
  0.000029   0.000051  -0.000090
 -0.000001   0.000013   0.000045
 -0.000010  -0.000004   0.000058
  0.000013   0.000002   0.000108
  0.000476  -0.001684   0.000851
  0.000048  -0.000014   0.000066
  0.000119  -0.000025  -0.000094
 -0.000006   0.000003   0.000066
  0.000162  -0.000215   0.000086
  0.000017   0.000020   0.000064
 -0.000026  -0.000103   0.000114
  0.000016  -0.000003  -0.000090
 -0.000165   0.000066  -0.000199
 -0.000008   0.000006  -0.000113
 -0.000044   0.000003  -0.000089
  0.000026   0.000034   0.000020
  0.000325  -0.001579   0.000473
 -0.000021   0.000004  -0.000068
 -0.000089   0.000016   0.000113
  0.000014   0.000001  -0.000062
   25    2  0.0000  0.0150 -0.0000
  0.002743   0.363439  -0.121992
  0.000196  -0.000019  -0.000078
  0.004527   0.024965  -0.009915
 -0.000159  -0.000004   0.000208
 -0.002151  -0.000716  -0.000118
  0.000130  -0.000054  -0.000012
  0.000020  -0.000755   0.000487
  0.000268   0.000130   0.000304
  0.000095  -0.000045   0.000023
 -0.000392  -0.000081  -0.000263
 -0.000011  -0.000000   0.000031
  0.000057  -0.000017   0.000020
 -0.000006  -0.000003   0.000013
 -0.000003   0.000001   0.000003
 -0.000010  -0.000002   0.000028
 -0.000000  -0.000010   0.000032
 -0.000011   0.000006   0.000018
 -0.000004   0.000010   0.000003
  0.000025  -0.000024  -0.000020
  0.000004  -0.000013   0.000039
  0.000162   0.000187  -0.000044
  0.000033  -0.000019  -0.000025
 -0.001270  -0.001647   0.004021
  0.000052   0.000038   0.000052
  0.002309  -0.403984   0.131643
 -0.000009   0.000016  -0.000015
  0.000918  -0.002462   0.000922
 -0.000040   0.000030  -0.000019
  0.003565   0.000740   0.002162
  0.000013  -0.000004  -0.000008
 -0.000640  -0.000701   0.000470
  0.000195  -0.000080  -0.000043
  0.000094  -0.000007   0.000049
 -0.000063   0.000087  -0.000085
  0.001046  -0.001212  -0.000080
 -0.000003   0.000066  -0.000005
 -0.000394  -0.000062  -0.000096
 -0.000015  -0.000011  -0.000068
  0.000005   0.000045   0.000002
 -0.000235  -0.000298  -0.000081
  0.000001  -0.000001   0.000014
  0.000100   0.000121   0.000009
  0.000022  -0.000011  -0.000008
 -0.000010   0.000111  -0.000006
  0.000007   0.000047  -0.000057
 -0.000042   0.000007   0.000026
 -0.000010  -0.000003  -0.000019
 -0.000091  -0.000009  -0.000158
  0.000032   0.000009   0.000046
  0.000057  -0.000008   0.000062
 -0.000016  -0.000060   0.000079
 -0.000004   0.000025   0.000043
  0.000005   0.000013  -0.000004
  0.000002  -0.000006  -0.000000
 -0.000022   0.000002  -0.000013
 -0.000005   0.000005  -0.000013
  0.000005  -0.000009  -0.000016
  0.000000   0.000004  -0.000018
 -0.000006   0.000002   0.000003
  0.000003  -0.000005   0.000004
  0.000007  -0.000001  -0.000042
  0.000006   0.000006  -0.000020
  0.000001   0.000005   0.000003
  0.000001  -0.000006  -0.000003
 -0.000001  -0.000001  -0.000000
  0.000001  -0.000009   0.000005
  0.000005  -0.000003  -0.000008
  0.000000   0.000003  -0.000018
 -0.000004   0.000003  -0.000003
 -0.000005   0.000001  -0.000011
  0.000000   0.000004   0.000007
  0.000001  -0.000007  -0.000001
  0.000014  -0.000014   0.000007
  0.000014   0.000017   0.000028
  0.000019   0.000006   0.000011
 -0.000003   0.000003   0.000014
 -0.011451   0.020715  -0.007195
 -0.000145  -0.000001  -0.000037
  0.000042  -0.000003   0.000043
  0.000214   0.000021   0.000067
  0.000002   0.000007  -0.000087
 -0.000061  -0.000013  -0.000086
 -0.000051  -0.000002   0.000005
 -0.000019  -0.000004  -0.000037
 -0.000586  -0.000047   0.000450
  0.000006   0.000017  -0.000026
 -0.000099   0.000041   0.000064
  0.000000   0.000007  -0.000064
 -0.000067   0.000035   0.000348
  0.000102  -0.000016  -0.000034
 -0.000089  -0.000019   0.000154
  0.000010  -0.000021  -0.000050
 -0.000080  -0.000020  -0.000440
 -0.000040   0.000009  -0.000226
 -0.000286   0.000726  -0.000776
 -0.000117   0.000030  -0.000137
 -0.000309   0.000071  -0.000017
 -0.000022  -0.000010  -0.000104
 -0.000327   0.000146  -0.000304
 -0.000045  -0.000045  -0.000122
  0.000375  -0.000173  -0.000415
 -0.000040   0.000003   0.000113
  0.000790  -0.000022   0.000758
  0.000087  -0.000001   0.000322
  0.000131   0.000037   0.000267
 -0.000195  -0.000080  -0.000156
  0.000868   0.000851   0.000130
  0.000113  -0.000028   0.000096
  0.000172   0.000024  -0.000114
 -0.000006  -0.000008   0.000107
   25    3  0.0000  0.0000  0.0150
  0.000571  -0.125009   0.118914
  0.000119  -0.000011  -0.000048
  0.003096   0.015120  -0.006026
 -0.000044   0.000036   0.000095
 -0.000780   0.000109  -0.000309
  0.000078   0.000030  -0.000120
 -0.000165   0.000326   0.000029
  0.000016  -0.000335   0.001106
 -0.000173  -0.000112   0.000012
 -0.000265   0.000110  -0.000255
 -0.000066  -0.000122  -0.000169
  0.000051  -0.000002   0.000006
 -0.000012  -0.000024   0.000038
  0.000004  -0.000003   0.000003
 -0.000060  -0.000014  -0.000182
  0.000012  -0.000009   0.000017
  0.000026  -0.000020   0.000090
  0.000002   0.000011  -0.000014
  0.000067  -0.000009   0.000025
  0.000003  -0.000016   0.000031
  0.000898   0.000533  -0.000573
  0.000007  -0.000013  -0.000032
 -0.001627   0.002018   0.000193
  0.000014   0.000005   0.000014
  0.002193   0.131389  -0.119486
  0.000001   0.000012  -0.000015
  0.000198  -0.040798   0.016771
 -0.000021   0.000014   0.000003
  0.002100   0.001688  -0.000735
 -0.000001  -0.000006   0.000002
 -0.000999   0.000059  -0.000786
  0.000095  -0.000032  -0.000061
 -0.000027  -0.000240   0.000132
 -0.000059   0.000032  -0.000047
 -0.000301  -0.000312  -0.000267
 -0.000003   0.000013  -0.000009
  0.000011  -0.000028   0.000093
 -0.000012   0.000056  -0.000124
  0.000057   0.000052   0.000056
 -0.000152  -0.000108  -0.000132
 -0.000013  -0.000004   0.000027
  0.000070   0.000041   0.000004
  0.000009  -0.000024  -0.000027
  0.000014  -0.000006  -0.000009
 -0.000026   0.000010  -0.000000
 -0.000039   0.000016   0.000036
 -0.000025  -0.000002  -0.000037
 -0.000068  -0.000000  -0.000100
  0.000022   0.000012  -0.000001
  0.000047  -0.000032   0.000063
 -0.000029  -0.000090   0.000090
 -0.000007   0.000011   0.000033
  0.000001   0.000014   0.000035
  0.000004  -0.000003   0.000002
 -0.000093   0.000056   0.000005
 -0.000006   0.000002  -0.000009
  0.000013   0.000033   0.000015
  0.000005   0.000001  -0.000011
 -0.000003   0.000017   0.000006
  0.000002  -0.000002   0.000002
  0.000119  -0.000074  -0.000017
  0.000003   0.000003  -0.000008
  0.000001  -0.000001   0.000025
  0.000002   0.000000  -0.000002
 -0.000003   0.000023   0.000010
  0.000001  -0.000004   0.000005
 -0.000035   0.000028   0.000005
  0.000002   0.000001  -0.000006
 -0.000007  -0.000011  -0.000002
 -0.000003   0.000001  -0.000002
  0.000005   0.000006  -0.000008
  0.000001   0.000000  -0.000005
  0.000010  -0.000007   0.000015
 -0.000003  -0.000001   0.000006
  0.000030   0.000011   0.000004
 -0.000003   0.000003  -0.000006
 -0.004262   0.015983  -0.007379
 -0.000060   0.000002  -0.000007
  0.000092   0.000020   0.000022
  0.000153  -0.000002   0.000014
  0.000081   0.000031   0.000013
 -0.000027   0.000002  -0.000066
 -0.000090  -0.000014   0.000002
  0.000000  -0.000000  -0.000013
  0.000100   0.000031   0.000195
  0.000069   0.000026  -0.000003
  0.000039   0.000019   0.000049
  0.000040  -0.000000  -0.000011
  0.000051   0.000009   0.000089
  0.000094  -0.000015  -0.000033
  0.000002  -0.000037   0.000073
  0.000037  -0.000005  -0.000015
 -0.000100  -0.000166  -0.000591
 -0.000017   0.000008  -0.000132
 -0.001811  -0.000196  -0.001161
 -0.000019   0.000011  -0.000041
 -0.000672  -0.000028  -0.000134
  0.000038   0.000010  -0.000038
 -0.000033  -0.000350  -0.000176
  0.000005  -0.000018  -0.000042
 -0.000052   0.000066  -0.000115
 -0.000130  -0.000013   0.000077
  0.001023   0.001002   0.001363
 -0.000036  -0.000004   0.000172
  0.000023   0.000095   0.000211
 -0.000245  -0.000033  -0.000062
  0.000719  -0.000871  -0.000510
  0.000015  -0.000009   0.000013
  0.000165   0.000029  -0.000176
 -0.000044   0.000001   0.000034
   27    1  0.0150  0.0000  0.0000
  0.062828  -0.000369   0.015643
 -0.000111  -0.000130   0.000007
  0.002703   0.003347   0.037723
  0.000013   0.000056  -0.000120
 -0.002491   0.000659   0.001547
  0.000132  -0.000181   0.000027
  0.000285   0.000186  -0.000126
  0.000105  -0.000034   0.000059
 -0.000039  -0.000059  -0.000131
 -0.000064   0.000475  -0.000049
 -0.000053   0.000274   0.000365
  0.000061  -0.000030  -0.000000
 -0.000176  -0.000018   0.000115
 -0.000003   0.000010  -0.000026
  0.000001  -0.000232  -0.000777
  0.000010  -0.000019  -0.000006
  0.000065   0.000050   0.000110
  0.000007   0.000009  -0.000034
  0.000089  -0.000045  -0.000090
 -0.000019  -0.000014   0.000001
  0.006733  -0.004697  -0.002115
 -0.000046  -0.000000   0.000019
 -0.002011   0.001343  -0.000235
 -0.000023  -0.000017  -0.000035
 -0.000112   0.001130   0.000058
 -0.000031   0.000040  -0.000027
 -0.083166   0.002971  -0.002038
  0.000029   0.000009   0.000018
 -0.001625  -0.000412  -0.000978
  0.000011   0.000008  -0.000007
  0.006098   0.003335   0.002074
 -0.000036  -0.000034   0.000065
  0.000533  -0.000286  -0.000998
 -0.000046   0.000072   0.000042
  0.000108   0.000007  -0.000018
  0.000051   0.000131  -0.000074
  0.000024   0.000002  -0.000002
 -0.000049  -0.000028  -0.000003
 -0.000108  -0.000137  -0.000353
  0.000097   0.000013   0.000013
  0.000048  -0.000035  -0.000015
  0.000020  -0.000142  -0.000102
 -0.000008   0.000018  -0.000010
  0.000061  -0.000324   0.000005
 -0.000022  -0.000020   0.000037
 -0.000011   0.000063   0.000083
 -0.000000   0.000006   0.000025
 -0.000089   0.000084   0.000039
 -0.000005   0.000002   0.000037
  0.000047   0.000002   0.000019
  0.000012  -0.000008   0.000092
  0.000009  -0.000002   0.000002
  0.000003  -0.000015  -0.000123
  0.000003   0.000013   0.000004
  0.000003  -0.000178   0.000020
 -0.000005   0.000001   0.000000
  0.000122   0.000010   0.000016
  0.000008  -0.000008   0.000011
 -0.000023   0.000027   0.000025
  0.000004   0.000001   0.000000
 -0.000058   0.000068   0.000044
  0.000001  -0.000002   0.000010
 -0.000001   0.000016   0.000138
  0.000001   0.000010  -0.000006
  0.000004  -0.000021  -0.000038
  0.000003  -0.000000  -0.000000
 -0.000063   0.000033   0.000048
 -0.000004  -0.000002   0.000008
  0.000046  -0.000003   0.000042
  0.000018  -0.000000   0.000003
  0.000002  -0.000004  -0.000010
  0.000000   0.000003  -0.000004
  0.000011   0.000004  -0.000015
  0.000007   0.000007   0.000006
  0.000030   0.000017  -0.000016
 -0.000023  -0.000003   0.000017
  0.009938  -0.005983  -0.048708
  0.000075   0.000024   0.000009
  0.000020   0.000017  -0.000039
  0.000006  -0.000098  -0.000095
  0.000024  -0.000051  -0.000138
 -0.000049  -0.000010  -0.000018
 -0.000068  -0.000004   0.000068
  0.000010  -0.000003  -0.000012
  0.000354   0.000064   0.000167
  0.000082   0.000008  -0.000096
  0.000078   0.000020   0.000083
 -0.000006   0.000018  -0.000069
  0.000049  -0.000011  -0.000072
  0.000042  -0.000009  -0.000200
  0.000106  -0.000038   0.000059
  0.000018  -0.000022  -0.000088
 -0.000174  -0.000001  -0.000127
 -0.000020   0.000009  -0.000044
 -0.000410  -0.000319   0.000526
  0.000044   0.000007   0.000003
 -0.000405   0.000162   0.000094
  0.000041  -0.000004  -0.000051
 -0.000394   0.000057   0.000176
  0.000019  -0.000005  -0.000014
 -0.000307   0.000088   0.000053
 -0.000097  -0.000029   0.000269
  0.000867  -0.000360   0.000366
 -0.000061  -0.000004   0.000046
  0.000149   0.000024   0.000138
 -0.000139  -0.000036   0.000143
  0.000268  -0.000546  -0.002298
 -0.000107   0.000019   0.000048
  0.000148   0.000009  -0.000299
 -0.000031   0.000003   0.000085
   27    2  0.0000  0.0150 -0.0000
  0.000481   0.066595   0.019265
  0.000010  -0.000065  -0.000045
  0.003772   0.003349   0.024760
 -0.000062   0.000007   0.000100
 -0.000951  -0.000037  -0.000064
  0.000096  -0.000132  -0.000031
  0.000035   0.000096  -0.000073
  0.000084  -0.000063   0.000485
 -0.000006  -0.000032  -0.000124
 -0.000092  -0.000219  -0.000144
  0.000001  -0.000120  -0.000247
  0.000007   0.000007  -0.000001
 -0.000013  -0.000038   0.000139
  0.000004   0.000003   0.000003
 -0.000064   0.000135  -0.000151
  0.000005   0.000002   0.000002
  0.000021   0.000013   0.000091
  0.000000   0.000005  -0.000003
  0.000030  -0.000001  -0.000007
  0.000002   0.000002   0.000005
 -0.003788   0.001620   0.001729
 -0.000004  -0.000004   0.000001
  0.000733  -0.000021   0.000479
 -0.000005  -0.000002  -0.000012
  0.000193  -0.002512  -0.040795
 -0.000020   0.000032  -0.000015
  0.002954  -0.070454  -0.032544
 -0.000011   0.000023   0.000004
 -0.001377  -0.000885   0.000223
  0.000010   0.000018  -0.000025
  0.003816   0.000982   0.002149
  0.000085  -0.000031   0.000010
  0.000063  -0.000490  -0.000268
 -0.000057   0.000075  -0.000010
  0.000109  -0.000047  -0.000163
  0.000002   0.000103  -0.000020
  0.000016   0.000032   0.000010
  0.000002   0.000051  -0.000110
 -0.000113  -0.000001  -0.000110
 -0.000117  -0.000103  -0.000071
  0.000020  -0.000013   0.000010
  0.000050   0.000123   0.000037
 -0.000001   0.000004   0.000002
 -0.000015   0.000184   0.000038
 -0.000000   0.000005  -0.000002
 -0.000015  -0.000010  -0.000015
 -0.000004   0.000003  -0.000009
 -0.000006  -0.000043  -0.000035
  0.000014   0.000014  -0.000023
  0.000012  -0.000009   0.000019
  0.000011  -0.000033   0.000043
 -0.000004   0.000004   0.000008
 -0.000011   0.000015   0.000025
  0.000003   0.000002   0.000001
 -0.000093  -0.000035   0.000016
 -0.000001   0.000003   0.000000
  0.000006   0.000062  -0.000004
  0.000002   0.000003  -0.000001
  0.000012   0.000083   0.000055
  0.000000   0.000003   0.000001
  0.000021  -0.000332  -0.000006
 -0.000000   0.000003  -0.000000
  0.000017  -0.000009  -0.000077
  0.000001   0.000004  -0.000000
 -0.000007   0.000027   0.000006
  0.000000   0.000003   0.000001
 -0.000024   0.000023   0.000004
  0.000002   0.000003   0.000001
  0.000002  -0.000015   0.000005
 -0.000002   0.000003   0.000002
  0.000005   0.000007  -0.000009
  0.000000   0.000005  -0.000001
  0.000010  -0.000005   0.000012
 -0.000006  -0.000003  -0.000005
  0.000005   0.000007   0.000001
  0.000004   0.000004  -0.000009
 -0.005921   0.002618   0.025342
 -0.000002   0.000021   0.000008
 -0.000008   0.000019   0.000020
  0.000029   0.000055   0.000048
  0.000050   0.000041   0.000099
  0.000011   0.000004  -0.000010
 -0.000024   0.000005  -0.000002
  0.000001   0.000005   0.000008
 -0.000088  -0.000023   0.000005
 -0.000003   0.000002   0.000016
 -0.000041  -0.000003  -0.000011
  0.000014  -0.000002   0.000023
 -0.000026  -0.000000   0.000030
  0.000003   0.000006   0.000041
 -0.000060  -0.000007  -0.000000
  0.000001   0.000011   0.000021
 -0.000010  -0.000078  -0.000177
  0.000006   0.000004  -0.000000
 -0.000585  -0.000836  -0.000158
  0.000012  -0.000001   0.000014
 -0.000171   0.000009  -0.000091
  0.000014   0.000012   0.000022
  0.000029  -0.000159  -0.000201
  0.000009   0.000006   0.000013
  0.000127   0.000019  -0.000030
 -0.000019   0.000004  -0.000040
  0.000235   0.000397   0.000610
 -0.000033   0.000003  -0.000005
 -0.000037   0.000039   0.000045
  0.000010   0.000006  -0.000037
  0.000568  -0.000178  -0.000074
 -0.000010   0.000003  -0.000024
  0.000064   0.000011   0.000007
 -0.000009   0.000003  -0.000026
   27    3  0.0000  0.0000  0.0150
  0.004007   0.025154   0.422820
 -0.000157  -0.000040  -0.000005
  0.001640   0.001107   0.013810
  0.000037   0.000019  -0.000079
 -0.000498   0.000028  -0.000026
 -0.000029  -0.000125  -0.000017
  0.000316  -0.000150  -0.000664
 -0.000061   0.000081  -0.000307
  0.000098   0.000048   0.000030
  0.000247  -0.000217   0.000020
 -0.000077   0.000010   0.000082
 -0.000021   0.000008  -0.000023
 -0.000050   0.000016  -0.000062
  0.000004  -0.000001  -0.000012
 -0.000040   0.000020   0.000548
  0.000011  -0.000004  -0.000028
  0.000058   0.000031  -0.000125
  0.000006  -0.000003  -0.000032
  0.000091  -0.000044  -0.000075
 -0.000018  -0.000001  -0.000035
 -0.001657   0.000933  -0.002436
 -0.000028   0.000004   0.000017
  0.000324  -0.000723   0.000172
 -0.000050  -0.000043  -0.000061
  0.000797   0.000922   0.016743
 -0.000012   0.000017   0.000001
 -0.002291  -0.032528  -0.460255
  0.000021  -0.000007   0.000012
 -0.000031   0.000378  -0.001228
  0.000002   0.000011  -0.000009
  0.001971   0.001317  -0.001570
 -0.000066  -0.000008   0.000056
  0.000944  -0.000424  -0.000605
  0.000020   0.000001   0.000063
  0.000001   0.000093   0.000028
 -0.000013   0.000063  -0.000020
  0.000038   0.000022   0.000034
  0.000015   0.000012   0.000021
 -0.000350  -0.000077  -0.000119
  0.000029  -0.000012   0.000161
  0.000037  -0.000012  -0.000010
 -0.000037   0.000013   0.000021
 -0.000007   0.000009  -0.000005
 -0.000011   0.000111   0.000054
  0.000016  -0.000017   0.000016
  0.000035  -0.000051  -0.000071
  0.000004  -0.000006  -0.000001
  0.000094  -0.000030   0.000047
 -0.000035  -0.000007  -0.000059
 -0.000019   0.000009  -0.000022
 -0.000021   0.000018  -0.000038
 -0.000006  -0.000024  -0.000036
 -0.000006  -0.000035  -0.000030
  0.000002   0.000006   0.000002
 -0.000024  -0.000051  -0.000094
  0.000000  -0.000007   0.000010
  0.000015   0.000028   0.000041
  0.000008  -0.000008   0.000019
 -0.000025  -0.000016  -0.000058
 -0.000002   0.000004  -0.000004
 -0.000068  -0.000004  -0.000095
 -0.000009  -0.000008   0.000025
  0.000012  -0.000057  -0.000032
  0.000001   0.000010  -0.000003
  0.000021  -0.000026  -0.000035
 -0.000001   0.000007  -0.000004
 -0.000010   0.000007   0.000049
  0.000002  -0.000007   0.000026
  0.000051   0.000003   0.000036
  0.000004  -0.000003   0.000014
 -0.000002  -0.000005  -0.000007
  0.000000   0.000011  -0.000007
  0.000061  -0.000050   0.000052
 -0.000034  -0.000039  -0.000051
 -0.000009   0.000007  -0.000014
 -0.000003  -0.000006  -0.000026
 -0.005576   0.002702   0.013124
  0.000135   0.000015   0.000041
 -0.000032  -0.000017  -0.000021
 -0.000166   0.000041   0.000016
  0.000053  -0.000006   0.000044
  0.000041  -0.000002   0.000043
 -0.000092   0.000025  -0.000020
  0.000047   0.000008   0.000054
 -0.000396  -0.000014  -0.000161
 -0.000020  -0.000024   0.000068
 -0.000260  -0.000048  -0.000191
  0.000045  -0.000024   0.000130
 -0.000103   0.000004  -0.000130
 -0.000093   0.000018   0.000154
 -0.000151   0.000075  -0.000156
  0.000001   0.000041   0.000110
  0.000179   0.000069   0.000052
  0.000040  -0.000009   0.000210
  0.000873   0.000696  -0.000550
  0.000129  -0.000037   0.000150
  0.000284  -0.000059  -0.000005
  0.000051   0.000014   0.000125
 -0.000025   0.000334  -0.000342
  0.000058   0.000046   0.000135
  0.000475  -0.000103   0.000251
  0.000025   0.000003  -0.000282
 -0.000699  -0.000238  -0.000292
 -0.000124  -0.000006  -0.000321
 -0.000165   0.000001  -0.000147
  0.000223   0.000069   0.000007
  0.000033   0.000708   0.001415
 -0.000104   0.000023  -0.000136
  0.000091   0.000014   0.000260
 -0.000034   0.000011  -0.000173
   29    1  0.0150  0.0000  0.0000
  0.005235   0.036582  -0.017370
 -0.000004   0.000017   0.000002
  0.062660   0.020124  -0.010894
 -0.000023   0.000027  -0.000079
 -0.000246  -0.034555   0.017550
  0.000028   0.000029   0.000008
 -0.002559  -0.000576   0.000590
  0.000016  -0.000012   0.000064
  0.000081  -0.000195  -0.000110
 -0.000035   0.000009  -0.000012
  0.000009   0.000013   0.000026
  0.000010  -0.000005   0.000001
 -0.000012  -0.000019  -0.000000
  0.000000   0.000001  -0.000004
 -0.000002  -0.000003   0.000014
 -0.000000  -0.000002   0.000001
 -0.000009   0.000017   0.000001
  0.000002   0.000001   0.000000
  0.000001  -0.000011  -0.000040
 -0.000000  -0.000002   0.000004
  0.000109   0.000108  -0.000050
 -0.000041   0.000014  -0.000016
  0.000665  -0.000577   0.000038
 -0.000003  -0.000009  -0.000002
  0.005917   0.003630   0.002073
  0.000001  -0.000009  -0.000006
 -0.001615  -0.001378   0.000011
  0.000008  -0.000009   0.000003
 -0.072699  -0.022522   0.010810
  0.000003  -0.000010   0.000028
  0.001211   0.002012  -0.000937
  0.000053   0.000033  -0.000053
 -0.001566   0.001273  -0.000155
 -0.000026  -0.000013  -0.000009
  0.005766  -0.004413  -0.001237
  0.000009  -0.000011   0.000009
  0.000348   0.000648  -0.000276
 -0.000001   0.000001  -0.000006
  0.000115   0.000047   0.000001
 -0.000004  -0.000047   0.000015
 -0.000033  -0.000003   0.000008
  0.000012   0.000011  -0.000002
  0.000002   0.000328  -0.000079
 -0.000003   0.000006   0.000001
  0.000066  -0.000010   0.000022
 -0.000004   0.000005   0.000010
  0.000001  -0.000006   0.000006
 -0.000013   0.000002  -0.000014
  0.000003   0.000000   0.000008
  0.000007  -0.000001   0.000002
  0.000004  -0.000004   0.000005
  0.000003  -0.000000   0.000000
 -0.000000   0.000003  -0.000000
  0.000001   0.000002   0.000000
  0.000009   0.000007  -0.000008
  0.000001   0.000000  -0.000001
  0.000005   0.000002  -0.000009
  0.000001  -0.000001   0.000000
  0.000008   0.000006   0.000010
  0.000002  -0.000000   0.000000
 -0.000012   0.000003  -0.000005
  0.000003   0.000000  -0.000001
  0.000002   0.000000  -0.000001
  0.000001  -0.000000  -0.000001
 -0.000010  -0.000005  -0.000011
  0.000002  -0.000001  -0.000000
  0.000009  -0.000004   0.000002
 -0.000000  -0.000000  -0.000002
  0.000002  -0.000010   0.000011
  0.000003  -0.000000  -0.000002
  0.000001   0.000000  -0.000005
  0.000001  -0.000001  -0.000000
  0.000005   0.000005  -0.000014
  0.000005   0.000004   0.000005
  0.000003   0.000003  -0.000001
 -0.000000   0.000000   0.000004
 -0.003410  -0.000907  -0.000044
  0.000012  -0.000009  -0.000010
  0.000028   0.000161  -0.000117
  0.000024  -0.000006  -0.000001
 -0.000008  -0.000005  -0.000018
 -0.000009  -0.000002  -0.000004
  0.000005   0.000002   0.000016
 -0.000001  -0.000001  -0.000006
 -0.000160  -0.000014   0.000095
  0.000019   0.000001  -0.000027
 -0.000060   0.000005   0.000023
 -0.000002   0.000004  -0.000024
 -0.000051   0.000001   0.000033
  0.000018  -0.000001  -0.000046
 -0.000019  -0.000005   0.000025
  0.000005  -0.000008  -0.000025
 -0.000028   0.000007  -0.000008
 -0.000003   0.000001  -0.000011
 -0.000040   0.000079   0.000097
  0.000002   0.000003  -0.000005
 -0.000070   0.000011   0.000011
  0.000006  -0.000001  -0.000015
 -0.000051   0.000015  -0.000013
  0.000004  -0.000001  -0.000006
  0.000138  -0.000030  -0.000050
 -0.000015  -0.000004   0.000061
  0.000152  -0.000007   0.000065
 -0.000003  -0.000003   0.000015
  0.000027   0.000003   0.000018
 -0.000019  -0.000007   0.000014
 -0.000002   0.000162   0.000037
 -0.000021   0.000007   0.000015
  0.000045  -0.000005  -0.000049
 -0.000001  -0.000001   0.000026
   29    2  0.0000  0.0150 -0.0000
  0.001047   0.022660  -0.009254
  0.000036  -0.000022  -0.000014
  0.020925   0.339875  -0.142019
  0.000018   0.000009   0.000080
  0.000626   0.024203  -0.010583
 -0.000012  -0.000023  -0.000026
  0.001025  -0.000755   0.000230
  0.000007   0.000009   0.000075
 -0.000080  -0.000350   0.000249
 -0.000047  -0.000007  -0.000025
  0.000071   0.000005   0.000025
 -0.000011  -0.000001   0.000008
  0.000018  -0.000031  -0.000008
 -0.000001  -0.000005   0.000011
 -0.000008  -0.000001   0.000125
 -0.000008   0.000005   0.000007
 -0.000019  -0.000082   0.000005
 -0.000005  -0.000007   0.000022
 -0.000082   0.000028   0.000029
  0.000016   0.000005   0.000005
  0.000102  -0.000014   0.000054
  0.000039  -0.000013   0.000016
  0.000825  -0.000059  -0.000543
  0.000029   0.000030   0.000032
  0.003235   0.000750   0.001656
 -0.000006  -0.000004   0.000003
 -0.000479  -0.000908   0.000382
 -0.000009   0.000010  -0.000011
 -0.022540  -0.377843   0.153732
  0.000007  -0.000009  -0.000027
 -0.000528  -0.005528   0.003474
 -0.000019  -0.000021   0.000055
  0.000545  -0.000862   0.000483
  0.000002   0.000036  -0.000011
 -0.003663   0.001978   0.001458
  0.000005  -0.000013  -0.000056
 -0.000902  -0.000498  -0.000245
 -0.000006  -0.000003  -0.000010
 -0.000112  -0.000051   0.000018
 -0.000023  -0.000025  -0.000007
  0.000020   0.000013  -0.000007
  0.000012   0.000007  -0.000002
  0.000228  -0.000178   0.000013
  0.000003  -0.000006   0.000001
 -0.000013   0.000054  -0.000064
  0.000001   0.000011   0.000008
  0.000020   0.000005   0.000033
 -0.000028   0.000002  -0.000016
  0.000014   0.000001   0.000032
 -0.000008  -0.000002  -0.000005
  0.000013   0.000010  -0.000017
  0.000002   0.000009   0.000013
 -0.000004   0.000007   0.000010
 -0.000002  -0.000009  -0.000004
  0.000026   0.000008  -0.000022
  0.000001  -0.000001  -0.000005
 -0.000018  -0.000010  -0.000028
 -0.000005   0.000002  -0.000012
  0.000020   0.000001   0.000008
 -0.000000  -0.000005  -0.000001
  0.000026   0.000060  -0.000052
  0.000002  -0.000000  -0.000014
 -0.000005   0.000008   0.000025
 -0.000001  -0.000011   0.000001
 -0.000010   0.000021   0.000034
 -0.000000  -0.000006  -0.000001
  0.000019   0.000006  -0.000032
 -0.000000   0.000000  -0.000015
 -0.000026   0.000021  -0.000026
 -0.000002  -0.000002  -0.000009
  0.000003  -0.000002   0.000024
 -0.000000  -0.000010   0.000003
 -0.000044   0.000018  -0.000027
  0.000021   0.000019   0.000026
 -0.000006  -0.000012   0.000008
  0.000004  -0.000002   0.000011
  0.000124  -0.002206   0.000594
 -0.000057  -0.000003  -0.000019
 -0.000192   0.000003   0.000072
  0.000011  -0.000003   0.000017
 -0.000061  -0.000006  -0.000027
 -0.000006  -0.000003  -0.000011
  0.000079  -0.000020   0.000002
 -0.000032  -0.000008  -0.000026
  0.000097  -0.000006   0.000043
 -0.000049  -0.000013  -0.000039
  0.000157   0.000023   0.000086
 -0.000054   0.000010  -0.000062
  0.000017   0.000004   0.000137
 -0.000004  -0.000002  -0.000040
  0.000061  -0.000026   0.000081
 -0.000030  -0.000021  -0.000051
 -0.000040  -0.000014   0.000089
 -0.000013  -0.000003  -0.000085
  0.000059   0.000063   0.000234
 -0.000069   0.000014  -0.000082
  0.000052  -0.000013   0.000021
 -0.000042  -0.000013  -0.000055
  0.000067  -0.000058   0.000127
 -0.000036  -0.000029  -0.000069
 -0.000205  -0.000014  -0.000224
  0.000081   0.000004   0.000094
 -0.000051   0.000053  -0.000205
  0.000085   0.000004   0.000143
  0.000053  -0.000030   0.000014
  0.000025  -0.000066  -0.000053
 -0.000296  -0.000076  -0.000102
  0.000067  -0.000017   0.000086
 -0.000122  -0.000008  -0.000058
  0.000043  -0.000010   0.000080
   29    3  0.0000  0.0000  0.0150
  0.002283   0.015716  -0.005998
 -0.000102  -0.000182  -0.000016
 -0.010750  -0.143970   0.138729
  0.000011  -0.000207   0.000299
 -0.000011   0.010522  -0.004400
  0.000065  -0.000456   0.000077
  0.000316  -0.000385   0.000271
  0.000016  -0.000111   0.000279
  0.000343   0.000318  -0.000125
  0.000062  -0.000106  -0.000072
  0.000054   0.000017   0.000031
 -0.000022   0.000005   0.000001
  0.000026  -0.000019  -0.000022
 -0.000001   0.000001   0.000005
 -0.000004   0.000025   0.000144
 -0.000004   0.000010  -0.000010
 -0.000014  -0.000057  -0.000019
 -0.000000  -0.000006   0.000014
 -0.000063   0.000034   0.000050
  0.000015   0.000012  -0.000012
  0.000200  -0.000195   0.000244
  0.000028   0.000042   0.000061
 -0.000410  -0.000389  -0.000347
 -0.000005   0.000029  -0.000018
  0.002482   0.002164  -0.000703
 -0.000035   0.000009   0.000010
 -0.000929   0.000229  -0.001297
 -0.000004   0.000028  -0.000004
  0.010786   0.153161  -0.145143
  0.000027   0.000029  -0.000288
 -0.002981  -0.038777   0.019767
  0.000004   0.000420   0.000013
  0.000792   0.000220  -0.000991
 -0.000030   0.000172   0.000053
 -0.001266   0.001838  -0.000882
 -0.000000   0.000165  -0.000123
  0.000156  -0.000226  -0.000168
 -0.000007   0.000050  -0.000148
 -0.000031  -0.000135   0.000053
 -0.000048   0.000156  -0.000053
 -0.000012   0.000049  -0.000018
  0.000020   0.000026  -0.000011
 -0.000028  -0.000019   0.000144
  0.000025   0.000022   0.000041
  0.000010   0.000012  -0.000050
  0.000008   0.000011  -0.000005
  0.000028   0.000006   0.000055
 -0.000013  -0.000001   0.000034
  0.000000   0.000002   0.000013
 -0.000018   0.000009  -0.000019
  0.000013   0.000027  -0.000026
  0.000002   0.000002  -0.000001
 -0.000003   0.000004   0.000007
 -0.000002   0.000002   0.000001
  0.000026   0.000001  -0.000015
  0.000001   0.000002   0.000005
 -0.000017  -0.000005  -0.000011
 -0.000003   0.000003   0.000004
  0.000019   0.000006   0.000015
 -0.000001   0.000003   0.000001
  0.000019   0.000023  -0.000074
 -0.000001   0.000001   0.000003
 -0.000003   0.000006   0.000006
 -0.000001  -0.000001   0.000006
 -0.000009   0.000023   0.000032
  0.000000   0.000004  -0.000000
  0.000016   0.000004  -0.000014
 -0.000001   0.000003   0.000002
 -0.000028   0.000011  -0.000018
  0.000004   0.000002   0.000002
  0.000001   0.000000   0.000012
 -0.000000  -0.000001   0.000007
 -0.000036   0.000028  -0.000025
  0.000016   0.000017   0.000018
 -0.000006  -0.000007   0.000004
  0.000002   0.000001   0.000007
 -0.000894  -0.000379   0.000255
  0.000053   0.000018   0.000019
 -0.000099  -0.000131   0.000044
 -0.000074   0.000032   0.000011
 -0.000030  -0.000001   0.000003
  0.000012   0.000005   0.000019
  0.000062  -0.000010  -0.000003
 -0.000018  -0.000001  -0.000006
  0.000088  -0.000011  -0.000010
 -0.000043  -0.000016  -0.000051
  0.000084   0.000014   0.000065
 -0.000056   0.000015  -0.000040
 -0.000046  -0.000015   0.000070
 -0.000043   0.000013  -0.000042
  0.000033  -0.000023   0.000045
 -0.000032  -0.000011  -0.000038
  0.000013   0.000026   0.000178
  0.000008  -0.000001   0.000017
  0.000369   0.000069   0.000382
  0.000010   0.000005  -0.000009
  0.000140   0.000002   0.000054
 -0.000006   0.000003  -0.000008
  0.000060  -0.000002   0.000114
 -0.000002  -0.000009  -0.000009
 -0.000124   0.000023  -0.000150
  0.000099   0.000006   0.000090
 -0.000242  -0.000108  -0.000353
  0.000011   0.000012   0.000015
 -0.000006  -0.000026  -0.000055
  0.000140  -0.000018   0.000019
 -0.000361   0.000101  -0.000099
 -0.000018   0.000001   0.000066
 -0.000102  -0.000014  -0.000036
  0.000038  -0.000000   0.000052
   31    1  0.0150  0.0000  0.0000
  0.003359   0.006409   0.041107
  0.000100   0.000458   0.000040
  0.060542  -0.001613  -0.017710
 -0.000041   0.000060   0.000376
  0.005865  -0.006393  -0.038758
 -0.000045  -0.000446  -0.000198
 -0.002771   0.000009  -0.002373
 -0.000037  -0.000007  -0.000311
  0.000124  -0.000411  -0.000032
  0.000173  -0.000238  -0.000079
 -0.000005  -0.000075  -0.000108
 -0.000018   0.000014   0.000009
  0.000029   0.000026  -0.000023
  0.000004  -0.000005   0.000022
 -0.000026  -0.000021  -0.000037
  0.000006   0.000005   0.000010
  0.000052  -0.000032   0.000029
 -0.000006  -0.000002   0.000005
  0.000025   0.000086   0.000218
  0.000010   0.000008  -0.000014
  0.000660  -0.000339  -0.001333
  0.000088   0.000009  -0.000058
  0.000209  -0.000245   0.000228
  0.000055   0.000038   0.000091
 -0.001270  -0.000600  -0.001008
  0.000104  -0.000183   0.000097
  0.006112   0.003817   0.002032
 -0.000039  -0.000079  -0.000059
  0.001217  -0.000483  -0.003036
  0.000048   0.000016   0.000007
 -0.074268   0.002964   0.018727
 -0.000043   0.000015  -0.000178
  0.005802  -0.004647  -0.001333
  0.000096   0.000133   0.000046
 -0.001399   0.000519   0.000873
 -0.000335   0.000177  -0.000188
  0.000073  -0.000011   0.000075
  0.000014   0.000015   0.000031
  0.000273   0.000327   0.001221
  0.000056  -0.000061   0.000166
 -0.000086   0.000244   0.000388
 -0.000031   0.000001   0.000026
  0.000026  -0.000036   0.000022
  0.000050   0.000097   0.000025
  0.000006   0.000006  -0.000042
  0.000012  -0.000033  -0.000063
  0.000069   0.000003  -0.000055
  0.000014  -0.000007   0.000022
  0.000011   0.000002  -0.000010
 -0.000004   0.000000   0.000014
 -0.000012  -0.000009  -0.000005
 -0.000006   0.000012   0.000016
  0.000005  -0.000001   0.000029
  0.000003  -0.000011  -0.000002
 -0.000032   0.000047   0.000004
  0.000005   0.000001  -0.000002
 -0.000011   0.000003   0.000017
  0.000003   0.000005  -0.000010
 -0.000001  -0.000019  -0.000023
  0.000000  -0.000002   0.000002
  0.000133   0.000013  -0.000009
 -0.000008   0.000002  -0.000005
 -0.000002   0.000003   0.000025
  0.000003  -0.000004   0.000001
  0.000013   0.000018   0.000028
 -0.000000   0.000001   0.000001
 -0.000034   0.000004  -0.000020
  0.000011   0.000002  -0.000001
 -0.000066  -0.000024   0.000000
 -0.000005   0.000000   0.000002
  0.000004   0.000005  -0.000031
  0.000003   0.000001   0.000001
 -0.000003   0.000000   0.000034
 -0.000005  -0.000007  -0.000011
  0.000010  -0.000019   0.000008
  0.000011  -0.000001  -0.000008
 -0.004727  -0.000041   0.000740
 -0.000118  -0.000085  -0.000061
 -0.000041   0.000075   0.000282
 -0.000080   0.000069   0.000078
  0.000014   0.000020   0.000033
  0.000018  -0.000000  -0.000021
 -0.000006  -0.000010  -0.000099
  0.000002   0.000003   0.000015
 -0.000054  -0.000035  -0.000044
 -0.000116  -0.000007   0.000107
  0.000057  -0.000000  -0.000046
 -0.000005  -0.000017   0.000065
  0.000028   0.000009   0.000043
 -0.000049   0.000006   0.000176
  0.000019   0.000014  -0.000028
 -0.000020   0.000020   0.000080
  0.000096   0.000033  -0.000047
 -0.000003   0.000002  -0.000039
  0.000345   0.000152  -0.000123
 -0.000107   0.000003  -0.000073
  0.000184  -0.000029  -0.000070
 -0.000056  -0.000004   0.000026
  0.000028   0.000107  -0.000174
 -0.000041  -0.000013  -0.000027
 -0.000068  -0.000034  -0.000020
  0.000130   0.000039  -0.000254
 -0.000391  -0.000066  -0.000045
  0.000129  -0.000000   0.000098
 -0.000046  -0.000006   0.000025
  0.000029   0.000023  -0.000106
 -0.000151   0.000285   0.000497
  0.000200  -0.000030  -0.000012
 -0.000111   0.000004   0.000162
  0.000032  -0.000003  -0.000078
   31    2  0.0000  0.0150 -0.0000
 -0.000188   0.005103   0.023893
 -0.000181  -0.000119   0.000118
 -0.000722   0.071632   0.047556
  0.000214  -0.000049   0.000071
 -0.003564   0.006056   0.025746
 -0.000003   0.000171   0.000413
  0.001401  -0.000446  -0.000163
 -0.000134  -0.000058   0.000040
  0.000149   0.000209  -0.000016
  0.000088  -0.000088  -0.000001
 -0.000020  -0.000021  -0.000044
 -0.000002   0.000003  -0.000007
 -0.000003  -0.000010   0.000002
  0.000001   0.000003  -0.000008
  0.000004  -0.000036  -0.000060
  0.000002   0.000001  -0.000007
 -0.000007  -0.000029   0.000022
  0.000005   0.000003  -0.000008
  0.000000  -0.000032  -0.000108
 -0.000003   0.000001  -0.000001
  0.000437  -0.000510  -0.000360
 -0.000021   0.000053   0.000030
  0.000118  -0.000047  -0.000163
 -0.000038  -0.000004  -0.000043
 -0.000817  -0.000664   0.000056
  0.000031  -0.000070   0.000034
  0.003354   0.000985   0.001370
  0.000031  -0.000028   0.000006
  0.001994  -0.005730  -0.038671
 -0.000036  -0.000007  -0.000405
  0.002934  -0.077336  -0.059381
 -0.000018   0.000806   0.000165
 -0.004064   0.001846   0.001530
 -0.000011  -0.000107  -0.000023
  0.000903  -0.000851   0.000150
 -0.000062  -0.000385   0.000190
 -0.000023  -0.000052  -0.000132
  0.000064   0.000022  -0.000151
 -0.000279  -0.000386  -0.000488
 -0.000045   0.000248   0.000037
  0.000098  -0.000095  -0.000132
 -0.000002  -0.000006  -0.000010
  0.000004   0.000051   0.000010
  0.000017  -0.000019   0.000026
  0.000012   0.000008   0.000004
  0.000005   0.000006  -0.000006
 -0.000017  -0.000001   0.000037
  0.000008   0.000006   0.000023
 -0.000008   0.000001  -0.000020
 -0.000005   0.000005  -0.000011
 -0.000004   0.000003  -0.000010
  0.000001  -0.000006  -0.000013
  0.000001   0.000002   0.000013
  0.000001   0.000009   0.000002
 -0.000009   0.000031   0.000005
  0.000000   0.000002   0.000005
  0.000006   0.000015   0.000013
  0.000002   0.000000   0.000010
  0.000007  -0.000002  -0.000005
  0.000001   0.000005  -0.000000
  0.000013   0.000056   0.000043
  0.000002   0.000001   0.000010
 -0.000003  -0.000000   0.000036
  0.000001   0.000008   0.000000
 -0.000004   0.000008   0.000008
  0.000002   0.000005  -0.000000
  0.000005   0.000028   0.000015
 -0.000001   0.000002   0.000009
  0.000034   0.000024   0.000010
  0.000003   0.000003   0.000004
  0.000003   0.000001   0.000030
  0.000001   0.000006  -0.000001
  0.000011  -0.000012   0.000003
 -0.000005  -0.000004  -0.000008
 -0.000007   0.000014  -0.000003
 -0.000001   0.000003  -0.000006
 -0.001691  -0.000500  -0.001315
  0.000074  -0.000007   0.000017
 -0.000016  -0.000069  -0.000145
 -0.000019   0.000025  -0.000002
  0.000026   0.000005   0.000027
  0.000008   0.000005   0.000017
 -0.000022   0.000011   0.000037
  0.000011   0.000004   0.000010
 -0.000035   0.000006  -0.000024
  0.000025  -0.000005  -0.000025
 -0.000065  -0.000006  -0.000023
  0.000013   0.000003   0.000008
 -0.000035   0.000002  -0.000027
 -0.000004   0.000006  -0.000025
 -0.000028   0.000021  -0.000021
  0.000009   0.000008  -0.000001
  0.000028   0.000019   0.000041
  0.000016   0.000001   0.000066
  0.000146   0.000086   0.000049
  0.000071  -0.000007   0.000057
  0.000014   0.000000   0.000022
  0.000042   0.000012   0.000025
  0.000007   0.000034  -0.000028
  0.000033   0.000016   0.000042
  0.000081  -0.000013   0.000056
 -0.000013  -0.000002   0.000006
 -0.000105  -0.000030  -0.000105
 -0.000072   0.000003  -0.000106
 -0.000042   0.000011  -0.000048
  0.000067   0.000006   0.000041
 -0.000140   0.000087   0.000115
 -0.000081   0.000016  -0.000012
  0.000048   0.000011   0.000005
 -0.000016   0.000007  -0.000015
   31    3  0.0000  0.0000  0.0150
 -0.000583   0.002724   0.017214
 -0.000426  -0.000131   0.000112
 -0.017349   0.047809   0.401068
  0.000070  -0.000055  -0.000089
 -0.001733   0.002043   0.010888
 -0.000171   0.001393   0.001274
  0.000967  -0.000212  -0.000663
  0.000065  -0.000128  -0.000235
  0.000054  -0.000200  -0.000566
  0.000370  -0.000222   0.000031
 -0.000120  -0.000041  -0.000096
 -0.000020   0.000003  -0.000039
 -0.000020   0.000016  -0.000018
 -0.000000  -0.000001  -0.000027
  0.000004  -0.000061  -0.000237
  0.000013  -0.000007  -0.000056
  0.000018   0.000052  -0.000010
  0.000010  -0.000008  -0.000042
  0.000097  -0.000068  -0.000161
 -0.000018  -0.000002  -0.000057
  0.001916  -0.000222  -0.000030
 -0.000130  -0.000004   0.000084
  0.000045  -0.000173   0.000233
 -0.000108  -0.000081  -0.000122
  0.000218   0.000500  -0.000793
 -0.000057   0.000037  -0.000058
  0.001968   0.002094  -0.001551
  0.000064  -0.000013   0.000054
 -0.000898   0.003486   0.020030
 -0.000056  -0.000055  -0.000001
  0.018748  -0.059249  -0.441081
 -0.000188  -0.000159   0.000161
 -0.001183   0.001705  -0.001770
 -0.000012  -0.000073   0.000201
 -0.000094   0.000527  -0.000761
 -0.000128  -0.000090   0.000183
  0.000103   0.000026  -0.000015
  0.000086   0.000011  -0.000001
 -0.001138  -0.000316  -0.000643
  0.000186  -0.000131   0.000153
  0.000309  -0.000157  -0.000042
 -0.000033  -0.000000   0.000001
 -0.000027   0.000080   0.000023
  0.000055   0.000098   0.000078
  0.000042  -0.000014   0.000023
  0.000041  -0.000037  -0.000067
  0.000004   0.000013   0.000081
  0.000098  -0.000028   0.000121
 -0.000045  -0.000014  -0.000089
 -0.000019   0.000005  -0.000037
 -0.000022   0.000001  -0.000023
 -0.000004  -0.000040  -0.000053
  0.000004  -0.000025   0.000005
  0.000001   0.000017   0.000005
 -0.000040   0.000022   0.000040
 -0.000005  -0.000010   0.000017
  0.000022   0.000018   0.000061
  0.000010  -0.000016   0.000036
 -0.000022  -0.000024  -0.000024
 -0.000003   0.000007  -0.000005
 -0.000010   0.000019   0.000087
 -0.000010  -0.000013   0.000043
 -0.000001  -0.000023   0.000022
 -0.000001   0.000018  -0.000002
  0.000008  -0.000036  -0.000038
 -0.000000   0.000011  -0.000007
 -0.000025   0.000009   0.000060
 -0.000003  -0.000011   0.000040
  0.000064   0.000005   0.000048
  0.000012  -0.000004   0.000024
 -0.000005  -0.000010   0.000001
 -0.000001   0.000015  -0.000007
  0.000058  -0.000041   0.000027
 -0.000035  -0.000042  -0.000056
 -0.000005   0.000016  -0.000026
 -0.000009  -0.000008  -0.000034
 -0.000838  -0.001046  -0.002945
  0.000270   0.000014   0.000059
 -0.000280   0.000064  -0.000095
 -0.000280   0.000047   0.000007
  0.000128   0.000001   0.000099
  0.000051   0.000004   0.000067
 -0.000112   0.000024   0.000028
  0.000051   0.000004   0.000065
 -0.000182   0.000051  -0.000188
  0.000038  -0.000038  -0.000017
 -0.000258  -0.000050  -0.000144
  0.000029  -0.000010   0.000107
 -0.000128  -0.000029  -0.000220
 -0.000134   0.000030   0.000056
 -0.000126   0.000044  -0.000153
 -0.000004   0.000036   0.000065
  0.000125   0.000043   0.000076
  0.000062  -0.000012   0.000284
  0.000280   0.000038  -0.000121
  0.000257  -0.000050   0.000230
  0.000092  -0.000026   0.000024
  0.000128   0.000033   0.000144
 -0.000019   0.000117  -0.000110
  0.000118   0.000064   0.000190
  0.000357  -0.000007   0.000326
  0.000008  -0.000027  -0.000166
 -0.000296  -0.000163  -0.000142
 -0.000279  -0.000011  -0.000460
 -0.000194   0.000032  -0.000180
  0.000369   0.000053   0.000105
 -0.000010   0.000162   0.000305
 -0.000300   0.000060  -0.000134
  0.000157   0.000006   0.000101
 -0.000050   0.000018  -0.000156
   33    1  0.0150  0.0000  0.0000
 -0.001666  -0.000498  -0.002378
  0.000262  -0.000077  -0.000034
  0.005797  -0.005373  -0.037433
  0.000003  -0.000019   0.000106
  0.061592  -0.002776  -0.019138
 -0.000030   0.000211  -0.000045
  0.002340   0.005839   0.040633
  0.000000  -0.000031   0.000055
 -0.001895   0.001342   0.002778
 -0.000111   0.000046   0.000013
  0.000075   0.000014   0.000039
  0.000020  -0.000025   0.000003
  0.000072  -0.000038  -0.000111
 -0.000001   0.000007  -0.000024
 -0.000116   0.000186   0.000542
 -0.000014  -0.000006   0.000011
 -0.000136  -0.000009   0.000116
  0.000006  -0.000000   0.000014
 -0.000051  -0.000159  -0.000668
 -0.000013  -0.000008   0.000028
 -0.000366   0.000076   0.000248
 -0.000006  -0.000035   0.000007
 -0.000032   0.000029  -0.000063
 -0.000043  -0.000008  -0.000075
  0.000057   0.000094  -0.000034
  0.000067   0.000061  -0.000066
  0.000523   0.000057   0.000919
 -0.000050   0.000059   0.000019
 -0.001567   0.000527   0.000813
 -0.000023  -0.000003  -0.000030
  0.005799  -0.004054  -0.001245
  0.000102   0.000009  -0.000006
 -0.077200   0.004011   0.019973
  0.000018  -0.000071  -0.000074
  0.001222  -0.000683  -0.005423
  0.000025  -0.000155   0.000081
 -0.001900  -0.000310  -0.000740
  0.000006  -0.000013   0.000000
  0.006728   0.002434   0.002737
 -0.000048   0.000036  -0.000053
  0.000427  -0.000612  -0.001016
  0.000005   0.000007  -0.000000
  0.000115   0.000054  -0.000142
 -0.000016  -0.000026  -0.000016
  0.000034  -0.000018   0.000106
 -0.000021   0.000031   0.000057
 -0.000327  -0.000040  -0.000070
  0.000002  -0.000001  -0.000010
  0.000000  -0.000003   0.000014
 -0.000001   0.000003  -0.000023
  0.000021   0.000020  -0.000025
  0.000013  -0.000015  -0.000021
 -0.000005   0.000005   0.000000
 -0.000003   0.000012   0.000001
  0.000033  -0.000014  -0.000024
  0.000004   0.000003   0.000002
 -0.000061  -0.000024  -0.000047
 -0.000007  -0.000003   0.000005
  0.000020   0.000011   0.000020
  0.000005  -0.000001   0.000001
  0.000125  -0.000103  -0.000112
  0.000014   0.000000  -0.000005
 -0.000002  -0.000002  -0.000115
 -0.000002  -0.000003  -0.000001
 -0.000017   0.000023   0.000022
  0.000002  -0.000004   0.000002
  0.000120   0.000008  -0.000009
 -0.000009  -0.000001  -0.000009
 -0.000060   0.000020  -0.000093
 -0.000001  -0.000001  -0.000008
  0.000003   0.000006   0.000114
 -0.000001  -0.000006   0.000001
 -0.000016  -0.000007  -0.000070
  0.000005   0.000005   0.000013
 -0.000026   0.000026  -0.000002
  0.000000   0.000003   0.000011
  0.000165   0.000088   0.000685
 -0.000094  -0.000015   0.000064
  0.000124   0.000044  -0.000857
  0.000091  -0.000023  -0.000046
 -0.000058  -0.000008  -0.000007
 -0.000023   0.000002   0.000023
  0.000056   0.000031   0.000170
  0.000007  -0.000000  -0.000020
 -0.000120   0.000026   0.000058
  0.000234   0.000046  -0.000081
 -0.000188  -0.000033   0.000072
  0.000060   0.000019  -0.000065
 -0.000110   0.000001  -0.000110
  0.000070   0.000001  -0.000204
 -0.000099   0.000015   0.000029
  0.000052  -0.000004  -0.000087
 -0.000070  -0.000012   0.000107
 -0.000004  -0.000002   0.000063
 -0.000104   0.000007   0.000092
  0.000063  -0.000018   0.000101
 -0.000134   0.000020   0.000103
  0.000029  -0.000006  -0.000012
 -0.000035  -0.000044   0.000091
  0.000022   0.000014   0.000033
  0.000304  -0.000027   0.000094
 -0.000258  -0.000087   0.000295
  0.000211   0.000007  -0.000168
 -0.000079   0.000015  -0.000116
  0.000056  -0.000009  -0.000062
 -0.000019  -0.000002   0.000163
  0.000063  -0.000034  -0.000176
 -0.000146  -0.000041  -0.000131
  0.000154  -0.000018  -0.000209
 -0.000040   0.000008   0.000060
   33    2  0.0000  0.0150 -0.0000
  0.001159  -0.000431   0.000282
  0.000151  -0.000165  -0.000087
 -0.003993   0.005939   0.027554
  0.000033  -0.000057   0.000439
 -0.002826   0.069190   0.044287
 -0.000068  -0.000202  -0.000148
  0.001764   0.004708   0.020390
 -0.000002   0.000043   0.000003
 -0.000965  -0.000066  -0.000867
  0.000048  -0.000052  -0.000027
 -0.000053   0.000014  -0.000001
  0.000019  -0.000008  -0.000003
 -0.000045   0.000000   0.000064
 -0.000000   0.000008  -0.000016
  0.000096   0.000021  -0.000179
  0.000004  -0.000009   0.000001
 -0.000027  -0.000012   0.000103
  0.000002   0.000007  -0.000021
  0.000002   0.000042  -0.000236
 -0.000022  -0.000007  -0.000002
  0.000309   0.000062  -0.000059
  0.000126  -0.000060   0.000032
  0.000019  -0.000005   0.000086
 -0.000018   0.000018  -0.000053
 -0.000143  -0.000015  -0.000234
  0.000007   0.000088  -0.000034
 -0.000275  -0.000491  -0.000439
 -0.000071   0.000074  -0.000003
  0.001282  -0.000881   0.000216
  0.000013   0.000039  -0.000173
 -0.004632   0.001832   0.001669
 -0.000133  -0.000109   0.000074
  0.003947  -0.075083  -0.054652
  0.000071   0.000123   0.000019
  0.002269  -0.004311  -0.039770
 -0.000003   0.000149  -0.000033
 -0.001014  -0.000423   0.000336
 -0.000011   0.000013  -0.000007
  0.003409   0.000491   0.001900
  0.000004  -0.000032   0.000015
 -0.000099  -0.000481  -0.000099
 -0.000009   0.000005   0.000008
 -0.000035  -0.000128  -0.000111
  0.000014   0.000032   0.000011
  0.000019   0.000020   0.000058
 -0.000004  -0.000007  -0.000009
 -0.000179   0.000109  -0.000010
  0.000022  -0.000006   0.000021
 -0.000013  -0.000001  -0.000023
  0.000009   0.000000   0.000002
 -0.000008  -0.000010   0.000016
  0.000001  -0.000010  -0.000013
  0.000000  -0.000002  -0.000006
  0.000001   0.000012   0.000002
 -0.000010  -0.000000   0.000015
 -0.000001   0.000003   0.000003
  0.000033   0.000020   0.000022
  0.000003  -0.000002   0.000009
  0.000004   0.000011   0.000010
  0.000001   0.000004   0.000001
 -0.000104  -0.000112   0.000064
 -0.000002   0.000001   0.000011
 -0.000010   0.000000  -0.000025
 -0.000001   0.000010  -0.000003
  0.000001   0.000059   0.000016
 -0.000001   0.000005   0.000002
  0.000009   0.000049   0.000022
 -0.000001  -0.000000   0.000011
  0.000077  -0.000316  -0.000012
 -0.000000   0.000002   0.000008
  0.000009  -0.000001  -0.000071
 -0.000000   0.000009  -0.000004
  0.000022  -0.000016   0.000046
 -0.000022  -0.000020  -0.000026
 -0.000018   0.000039  -0.000003
 -0.000006   0.000002  -0.000008
 -0.000136   0.000058  -0.000439
 -0.000064   0.000031   0.000077
  0.000008  -0.000004  -0.000126
 -0.000011   0.000023   0.000000
  0.000054  -0.000000   0.000011
  0.000000   0.000003   0.000006
 -0.000080   0.000047   0.000111
  0.000030   0.000008   0.000022
 -0.000108   0.000016  -0.000046
  0.000109   0.000042   0.000054
 -0.000205  -0.000080  -0.000080
  0.000071  -0.000008   0.000062
 -0.000012  -0.000048  -0.000142
  0.000004   0.000008   0.000036
 -0.000053   0.000021  -0.000089
  0.000034   0.000033   0.000042
  0.000014   0.000008  -0.000063
  0.000007  -0.000000   0.000071
 -0.000095  -0.000024  -0.000114
  0.000055  -0.000023   0.000088
 -0.000073   0.000009  -0.000012
  0.000032   0.000005   0.000048
 -0.000048   0.000034  -0.000074
  0.000019   0.000020   0.000053
  0.000230   0.000049   0.000283
 -0.000141  -0.000037  -0.000063
  0.000126  -0.000017   0.000145
 -0.000073   0.000014  -0.000129
 -0.000028   0.000029  -0.000009
 -0.000026   0.000053   0.000050
  0.000154   0.000039   0.000068
 -0.000041  -0.000036  -0.000145
  0.000164  -0.000003   0.000025
 -0.000049   0.000014  -0.000079
   33    3  0.0000  0.0000  0.0150
  0.001186  -0.000030  -0.000113
 -0.000178  -0.000168   0.000007
 -0.002065   0.001574   0.010785
  0.000007   0.000118  -0.000446
 -0.018639   0.045273   0.402016
  0.000128  -0.000117   0.000036
  0.001130   0.002770   0.016975
 -0.000002  -0.000016   0.000007
 -0.001654   0.000489   0.000265
  0.000162   0.000010  -0.000020
 -0.000152   0.000006  -0.000026
  0.000014  -0.000011  -0.000041
 -0.000060  -0.000009  -0.000036
 -0.000002   0.000009  -0.000054
  0.000034  -0.000094  -0.000049
  0.000012  -0.000020  -0.000046
 -0.000044   0.000070  -0.000111
  0.000018   0.000004  -0.000063
  0.000024  -0.000107   0.000407
 -0.000049  -0.000018  -0.000029
  0.000423  -0.000039   0.000043
 -0.000171  -0.000005   0.000027
  0.000076  -0.000062   0.000157
 -0.000155  -0.000125  -0.000177
 -0.000071   0.000044   0.000140
  0.000008   0.000083  -0.000048
 -0.001046  -0.000299  -0.000610
  0.000042   0.000011   0.000062
 -0.000103   0.000505  -0.000936
 -0.000007   0.000012   0.000048
 -0.001237   0.001546  -0.001759
  0.000041   0.000015   0.000201
  0.019956  -0.054731  -0.441546
 -0.000073  -0.000020   0.000062
 -0.000959   0.002325   0.019578
  0.000004   0.000069  -0.000005
 -0.000001   0.000244  -0.001376
 -0.000006   0.000008  -0.000012
  0.002749   0.001420  -0.001142
  0.000045  -0.000012   0.000029
  0.001001  -0.000789  -0.000667
 -0.000013  -0.000009  -0.000023
 -0.000040   0.000124  -0.000124
  0.000008  -0.000000   0.000024
 -0.000029  -0.000039   0.000229
  0.000005  -0.000009   0.000002
 -0.000381   0.000009   0.000090
  0.000080  -0.000020   0.000101
 -0.000059  -0.000017  -0.000096
 -0.000009   0.000003  -0.000040
 -0.000020  -0.000001  -0.000010
  0.000003  -0.000055  -0.000073
  0.000002  -0.000024  -0.000015
 -0.000000   0.000030   0.000006
 -0.000026   0.000005   0.000042
 -0.000005  -0.000008   0.000018
  0.000030   0.000029   0.000066
  0.000009  -0.000019   0.000046
 -0.000026  -0.000009  -0.000011
 -0.000001   0.000009  -0.000004
 -0.000140   0.000051   0.000046
 -0.000004  -0.000012   0.000047
 -0.000010  -0.000041   0.000005
 -0.000003   0.000026  -0.000006
 -0.000004  -0.000056  -0.000107
  0.000000   0.000012  -0.000003
 -0.000013   0.000038   0.000089
 -0.000010  -0.000012   0.000045
  0.000088   0.000006  -0.000096
  0.000015  -0.000003   0.000024
  0.000002  -0.000047  -0.000024
 -0.000003   0.000020  -0.000012
  0.000101  -0.000044  -0.000006
 -0.000052  -0.000055  -0.000068
 -0.000011   0.000041  -0.000015
 -0.000019  -0.000003  -0.000032
 -0.000496  -0.000103  -0.000841
  0.000269   0.000039   0.000100
  0.000361  -0.000247  -0.001071
 -0.000122  -0.000009  -0.000087
  0.000145  -0.000014   0.000084
  0.000029   0.000007   0.000083
 -0.000109   0.000024   0.000029
  0.000084   0.000011   0.000066
 -0.000287   0.000053  -0.000159
  0.000274   0.000018  -0.000025
 -0.000485  -0.000066  -0.000179
  0.000142  -0.000012   0.000112
 -0.000113   0.000004  -0.000489
 -0.000014   0.000014  -0.000069
 -0.000208   0.000093  -0.000218
  0.000081   0.000050   0.000054
  0.000063   0.000025   0.000056
  0.000060  -0.000008   0.000367
 -0.000035  -0.000002  -0.000144
  0.000335  -0.000064   0.000344
 -0.000110  -0.000004   0.000059
  0.000182   0.000036   0.000161
 -0.000055   0.000050  -0.000066
  0.000155   0.000093   0.000255
  0.000650  -0.000036   0.000700
 -0.000313  -0.000085  -0.000022
  0.000107  -0.000072   0.000024
 -0.000385  -0.000010  -0.000610
 -0.000170   0.000059  -0.000200
  0.000121   0.000133   0.000303
  0.000186   0.000085   0.000188
 -0.000419   0.000051  -0.000281
  0.000361   0.000005  -0.000009
 -0.000135   0.000030  -0.000170
   35    1  0.0150  0.0000  0.0000
 -0.001394  -0.003528   0.000954
 -0.000091  -0.000064   0.000158
  0.000574  -0.033852   0.015967
  0.000219   0.000032  -0.000213
  0.064974   0.038004  -0.018231
 -0.000033  -0.000005  -0.000043
  0.010510   0.036622  -0.017434
 -0.000032   0.000021  -0.000108
 -0.001075   0.003207  -0.000984
  0.000021  -0.000017   0.000038
  0.000002  -0.000001  -0.000003
  0.000001   0.000001   0.000005
 -0.000004   0.000006   0.000002
  0.000002  -0.000001   0.000006
 -0.000001   0.000002  -0.000011
  0.000002   0.000001   0.000003
  0.000008   0.000006  -0.000007
 -0.000002  -0.000001   0.000002
  0.000013  -0.000000   0.000030
  0.000005   0.000003  -0.000002
 -0.000014  -0.000029  -0.000018
  0.000220  -0.000078   0.000106
 -0.000167   0.000132   0.000046
  0.000029   0.000076   0.000014
  0.000364   0.001017  -0.000290
  0.000019   0.000004  -0.000007
  0.000107   0.000103  -0.000011
  0.000043   0.000001  -0.000013
  0.005766  -0.003722  -0.001204
  0.000008  -0.000005   0.000003
 -0.001398   0.000906  -0.000149
 -0.000329   0.000063  -0.000139
  0.001214   0.002285  -0.001105
  0.000022   0.000002   0.000002
 -0.084394  -0.041524   0.018895
 -0.000004  -0.000008   0.000008
  0.006628   0.002459   0.003200
  0.000003  -0.000005   0.000012
 -0.001387  -0.000757   0.000307
  0.000031   0.000008   0.000046
  0.000050  -0.000204  -0.000152
 -0.000008  -0.000009   0.000003
  0.000269  -0.001032   0.000562
 -0.000003   0.000003   0.000001
 -0.000306   0.000037  -0.000066
  0.000011  -0.000000  -0.000018
 -0.000092   0.000069  -0.000007
 -0.000006   0.000005  -0.000011
  0.000008   0.000001   0.000007
  0.000006  -0.000003   0.000011
 -0.000001  -0.000006   0.000008
 -0.000002   0.000007   0.000011
  0.000001  -0.000000  -0.000001
  0.000002  -0.000004  -0.000001
 -0.000004  -0.000003  -0.000001
  0.000000  -0.000000  -0.000002
  0.000001  -0.000001  -0.000001
  0.000002   0.000001  -0.000005
 -0.000003  -0.000001  -0.000003
  0.000000  -0.000002   0.000000
  0.000001  -0.000011  -0.000011
 -0.000001   0.000000  -0.000004
  0.000002  -0.000000  -0.000004
  0.000001  -0.000002  -0.000000
  0.000003  -0.000002  -0.000008
  0.000001  -0.000001  -0.000000
 -0.000005  -0.000005  -0.000005
  0.000003   0.000000  -0.000003
  0.000002   0.000020   0.000009
 -0.000001  -0.000001  -0.000001
  0.000002   0.000001   0.000000
  0.000001  -0.000002   0.000000
  0.000011  -0.000014   0.000012
  0.000003   0.000000   0.000001
  0.000002  -0.000004   0.000003
  0.000003  -0.000001   0.000001
 -0.000244   0.000514  -0.000286
 -0.000108   0.000019   0.000012
 -0.000320  -0.000617   0.000244
 -0.000014   0.000011   0.000027
 -0.000008   0.000002  -0.000009
  0.000001  -0.000003  -0.000013
 -0.000001   0.000000  -0.000020
 -0.000008   0.000000  -0.000001
  0.000047  -0.000023  -0.000040
 -0.000043  -0.000003   0.000030
  0.000048   0.000013  -0.000053
 -0.000011  -0.000000   0.000008
  0.000207   0.000072  -0.000027
 -0.000004  -0.000009   0.000058
  0.000006   0.000039  -0.000017
 -0.000024   0.000009   0.000008
  0.000004  -0.000001  -0.000053
 -0.000006  -0.000002  -0.000048
 -0.000025  -0.000005  -0.000072
 -0.000060  -0.000004  -0.000059
  0.000012  -0.000003  -0.000034
 -0.000035  -0.000008  -0.000008
 -0.000014   0.000020  -0.000048
 -0.000039  -0.000024  -0.000045
 -0.000073  -0.000071   0.000157
  0.000053  -0.000012  -0.000067
 -0.000011  -0.000008   0.000076
  0.000065   0.000018   0.000085
  0.000015  -0.000003   0.000040
  0.000007  -0.000116  -0.000106
  0.000051   0.000028   0.000057
  0.000117  -0.000054   0.000003
 -0.000022   0.000019   0.000052
  0.000024   0.000000  -0.000007
   35    2  0.0000  0.0150 -0.0000
  0.002617  -0.000163   0.000157
  0.000459  -0.000088  -0.000133
 -0.000550   0.028830  -0.011897
  0.000102   0.000048   0.000250
  0.037482   0.335895  -0.128616
 -0.000243  -0.000110  -0.000237
  0.006221   0.018890  -0.008352
  0.000025   0.000062   0.000022
 -0.002491  -0.000638   0.000070
 -0.000162  -0.000026  -0.000043
  0.000030   0.000004   0.000019
  0.000023  -0.000009   0.000028
  0.000001  -0.000004   0.000010
  0.000001  -0.000000   0.000013
  0.000002   0.000003   0.000046
 -0.000003  -0.000009   0.000045
 -0.000004  -0.000018   0.000009
 -0.000007   0.000006   0.000010
 -0.000010   0.000018   0.000068
 -0.000010  -0.000010   0.000034
  0.000018   0.000131  -0.000031
  0.000335  -0.000148  -0.000035
  0.000409   0.000044  -0.000094
  0.000108   0.000105   0.000090
 -0.001099  -0.001216  -0.000310
 -0.000009   0.000065  -0.000014
  0.000008  -0.000064   0.000091
 -0.000135   0.000101  -0.000066
 -0.004348   0.001986   0.001820
  0.000009  -0.000018  -0.000174
  0.000576  -0.000853   0.000525
 -0.000179  -0.000381   0.000076
 -0.000754  -0.004276   0.002300
  0.000151   0.000149  -0.000072
 -0.041489  -0.375642   0.141130
  0.000006   0.000092  -0.000010
  0.002758   0.000129   0.002172
 -0.000014  -0.000007   0.000008
 -0.000388  -0.000294   0.000484
 -0.000047  -0.000042  -0.000030
  0.000187  -0.000094   0.000077
  0.000000   0.000008   0.000027
  0.000971  -0.001107  -0.000175
  0.000006   0.000022  -0.000015
 -0.000456   0.000133  -0.000019
 -0.000039  -0.000002   0.000004
 -0.000066   0.000067  -0.000121
 -0.000043   0.000005  -0.000057
  0.000024   0.000003   0.000033
  0.000019  -0.000009   0.000037
  0.000000  -0.000019   0.000025
 -0.000000   0.000019   0.000032
 -0.000000   0.000007  -0.000001
  0.000000  -0.000014  -0.000005
  0.000003  -0.000004  -0.000013
  0.000003   0.000004  -0.000013
 -0.000004  -0.000008  -0.000020
 -0.000003   0.000006  -0.000024
  0.000004   0.000003   0.000003
  0.000002  -0.000008   0.000004
 -0.000001  -0.000003  -0.000036
  0.000001   0.000006  -0.000025
 -0.000000   0.000006   0.000001
  0.000000  -0.000010  -0.000004
  0.000000   0.000008   0.000008
 -0.000002  -0.000010   0.000006
  0.000002  -0.000005  -0.000021
  0.000005   0.000003  -0.000022
  0.000017  -0.000010  -0.000053
 -0.000015   0.000001  -0.000011
  0.000001   0.000004   0.000001
  0.000001  -0.000007  -0.000001
  0.000014  -0.000024   0.000032
 -0.000005  -0.000003   0.000003
 -0.000002  -0.000005   0.000015
  0.000007   0.000001   0.000010
 -0.000216  -0.000888   0.000545
 -0.000395   0.000025   0.000009
  0.000276  -0.000531   0.000565
  0.000217   0.000029   0.000023
 -0.000039   0.000003  -0.000048
 -0.000032  -0.000005  -0.000053
 -0.000015  -0.000000  -0.000030
  0.000002   0.000002  -0.000016
  0.000119  -0.000064  -0.000031
 -0.000021   0.000044   0.000161
  0.000054  -0.000002  -0.000096
  0.000057  -0.000025   0.000036
  0.000306   0.000064  -0.000153
  0.000102  -0.000039   0.000126
  0.000049   0.000049  -0.000073
  0.000029   0.000013   0.000066
 -0.000026  -0.000006  -0.000129
 -0.000046   0.000004  -0.000156
 -0.000082  -0.000053  -0.000036
 -0.000211   0.000012  -0.000140
 -0.000018   0.000006  -0.000078
 -0.000108  -0.000030  -0.000035
 -0.000031   0.000023  -0.000077
 -0.000104  -0.000043  -0.000106
 -0.000195  -0.000025   0.000290
 -0.000061   0.000016  -0.000153
  0.000055  -0.000001   0.000192
  0.000232   0.000015   0.000266
  0.000090  -0.000007   0.000130
 -0.000369  -0.000017  -0.000102
  0.000034   0.000020   0.000036
  0.000336  -0.000103  -0.000040
 -0.000023   0.000016   0.000099
  0.000003  -0.000008  -0.000032
   35    3  0.0000  0.0000  0.0150
  0.000326  -0.000890   0.000133
  0.000137   0.000036  -0.000184
  0.000159   0.010577  -0.004322
 -0.000145  -0.000317   0.001528
 -0.017588  -0.127689   0.125540
 -0.000071   0.000031  -0.000212
  0.002952   0.013999  -0.006358
 -0.000037   0.000067  -0.000104
 -0.000279   0.000154  -0.000680
 -0.000042  -0.000034  -0.000004
 -0.000029   0.000029   0.000036
  0.000044  -0.000021   0.000016
 -0.000039  -0.000024   0.000051
 -0.000003   0.000009  -0.000015
  0.000065  -0.000006  -0.000094
  0.000001  -0.000015   0.000023
 -0.000047  -0.000019   0.000035
 -0.000002   0.000008  -0.000015
  0.000002  -0.000066  -0.000286
 -0.000025  -0.000010   0.000013
 -0.000025   0.000043  -0.000021
  0.000163  -0.000091  -0.000081
  0.000109  -0.000002   0.000196
  0.000042   0.000032   0.000057
  0.000439  -0.000083  -0.000262
 -0.000005   0.000005  -0.000007
 -0.000021  -0.000159   0.000018
 -0.000068   0.000017  -0.000020
 -0.001273   0.001474  -0.000906
  0.000009   0.000057  -0.000130
  0.000858   0.000145  -0.000763
 -0.000187  -0.000186   0.000182
 -0.005389  -0.039779   0.019610
  0.000079   0.000033  -0.000004
  0.018836   0.140881  -0.132066
  0.000004   0.000010  -0.000008
  0.002453   0.001215  -0.000550
  0.000002  -0.000005   0.000019
 -0.000869   0.000262  -0.000788
 -0.000005  -0.000025   0.000021
 -0.000093  -0.000294   0.000275
 -0.000010   0.000001   0.000021
 -0.000378  -0.000234  -0.000114
 -0.000002   0.000025  -0.000006
 -0.000007   0.000009   0.000080
 -0.000014  -0.000008  -0.000013
  0.000026   0.000038  -0.000072
 -0.000003   0.000003  -0.000026
  0.000007   0.000002   0.000010
  0.000030  -0.000007   0.000030
 -0.000007  -0.000027   0.000042
  0.000001   0.000005   0.000012
 -0.000000   0.000005  -0.000009
  0.000001   0.000007   0.000001
 -0.000005  -0.000004   0.000000
 -0.000003   0.000005  -0.000003
  0.000027   0.000012   0.000001
  0.000003   0.000000  -0.000001
  0.000005   0.000015   0.000013
  0.000002  -0.000001   0.000005
 -0.000121  -0.000028   0.000012
 -0.000002   0.000004  -0.000002
 -0.000004   0.000001   0.000003
 -0.000001   0.000005  -0.000005
 -0.000003   0.000022   0.000001
 -0.000001  -0.000001   0.000004
  0.000024   0.000034   0.000025
 -0.000001   0.000001   0.000000
  0.000144  -0.000080  -0.000027
 -0.000005   0.000001   0.000001
  0.000004   0.000002   0.000025
 -0.000001   0.000003  -0.000002
  0.000048  -0.000057   0.000056
 -0.000015  -0.000011  -0.000014
 -0.000020   0.000039   0.000006
 -0.000004   0.000002   0.000003
 -0.000054   0.000370  -0.000107
 -0.000134   0.000077  -0.000007
 -0.000077   0.000249   0.000135
  0.000047   0.000017   0.000025
  0.000024  -0.000003  -0.000035
 -0.000030   0.000002  -0.000028
 -0.000101   0.000039   0.000109
  0.000021   0.000004   0.000006
 -0.000115   0.000003  -0.000014
 -0.000014   0.000017   0.000105
 -0.000182  -0.000050  -0.000133
  0.000047  -0.000016   0.000057
  0.000131   0.000032  -0.000152
  0.000028  -0.000009   0.000111
 -0.000067   0.000053  -0.000096
  0.000018   0.000021   0.000060
 -0.000042  -0.000010  -0.000173
 -0.000029   0.000009  -0.000059
 -0.000298  -0.000035  -0.000198
 -0.000085   0.000008  -0.000052
 -0.000186   0.000021  -0.000037
 -0.000038  -0.000012   0.000002
 -0.000100   0.000030  -0.000110
 -0.000040  -0.000014  -0.000030
  0.000178  -0.000027   0.000349
 -0.000039   0.000011  -0.000166
  0.000337   0.000027   0.000358
  0.000103   0.000006   0.000110
  0.000059   0.000028   0.000104
 -0.000165  -0.000014  -0.000059
  0.000297   0.000008   0.000051
  0.000156  -0.000033  -0.000046
  0.000218   0.000033   0.000043
 -0.000022   0.000003  -0.000054
   37    1  0.0150  0.0000  0.0000
  0.000287   0.000228   0.000293
  0.000165   0.000029  -0.000017
 -0.002181   0.001138  -0.000847
 -0.000030  -0.000006   0.000050
  0.011184   0.034832  -0.019673
 -0.000011  -0.000003  -0.000008
  0.077524   0.065674  -0.040088
 -0.000016  -0.000005   0.000023
 -0.003973  -0.031344   0.018593
  0.000067  -0.000035   0.000021
  0.000020  -0.000005  -0.000004
 -0.000013   0.000004  -0.000008
  0.000013  -0.000002  -0.000003
  0.000004  -0.000003  -0.000000
  0.000003   0.000009   0.000027
 -0.000003   0.000006  -0.000004
  0.000017  -0.000046  -0.000007
  0.000002  -0.000003   0.000009
 -0.000078   0.000043   0.000113
  0.000009  -0.000000   0.000006
  0.000016   0.000021  -0.000003
  0.000124  -0.000042  -0.000378
  0.000056  -0.000004  -0.000050
 -0.000048  -0.000088  -0.000014
 -0.000096  -0.000390   0.000015
  0.000001   0.000012  -0.000009
  0.000028   0.000018   0.000040
 -0.000055  -0.000001   0.000013
  0.000338  -0.000918   0.000153
 -0.000001   0.000004  -0.000009
  0.000076  -0.000027   0.000073
  0.000017  -0.000062   0.000083
 -0.001920  -0.001047  -0.000043
  0.000007   0.000010  -0.000009
  0.006594   0.002731   0.002458
  0.000004   0.000009   0.000005
 -0.089991  -0.069537   0.040519
  0.000002   0.000000   0.000000
  0.001471   0.001707  -0.000928
 -0.000008  -0.000001  -0.000013
 -0.001118   0.001313  -0.000101
 -0.000005   0.000007  -0.000008
  0.004566  -0.004797  -0.000929
 -0.000004   0.000007   0.000004
  0.000902   0.000023   0.000069
  0.000019   0.000020   0.000049
  0.000181  -0.000049   0.000197
  0.000032  -0.000012   0.000006
 -0.000008  -0.000002  -0.000003
 -0.000016   0.000008  -0.000027
  0.000009   0.000017  -0.000024
  0.000005  -0.000011  -0.000016
 -0.000002   0.000001   0.000004
 -0.000001   0.000001   0.000000
  0.000009   0.000001  -0.000003
  0.000005  -0.000001   0.000003
 -0.000007  -0.000003  -0.000004
 -0.000005  -0.000001   0.000002
  0.000005  -0.000002  -0.000001
  0.000001   0.000001  -0.000002
  0.000019   0.000005  -0.000018
  0.000005  -0.000002   0.000000
 -0.000003   0.000003   0.000008
 -0.000000  -0.000003   0.000003
  0.000007   0.000016   0.000020
  0.000001  -0.000001   0.000000
 -0.000004   0.000005  -0.000019
 -0.000001   0.000000  -0.000003
 -0.000018   0.000013  -0.000019
  0.000002  -0.000000  -0.000001
  0.000004  -0.000007  -0.000000
  0.000000  -0.000003   0.000001
 -0.000091   0.000073  -0.000055
  0.000012   0.000010   0.000014
  0.000009  -0.000011  -0.000004
 -0.000001   0.000001   0.000002
 -0.000074  -0.000234   0.000156
 -0.000040   0.000044   0.000087
 -0.003374   0.000789   0.000316
 -0.000129  -0.000025  -0.000031
 -0.000014  -0.000004   0.000021
  0.000010  -0.000000   0.000027
  0.000113  -0.000035   0.000027
 -0.000011  -0.000004  -0.000013
 -0.000278   0.000096   0.000405
  0.000220  -0.000016  -0.000112
  0.000207   0.000056   0.000412
  0.000008   0.000035  -0.000106
 -0.000630  -0.000295   0.000475
 -0.000068   0.000042  -0.000341
  0.000019  -0.000244   0.000363
  0.000036  -0.000024  -0.000150
 -0.000017  -0.000005   0.000128
  0.000021  -0.000002   0.000077
  0.000002   0.000029   0.000103
  0.000095   0.000005   0.000090
 -0.000020   0.000013   0.000112
  0.000064   0.000010  -0.000007
 -0.000009  -0.000034   0.000088
  0.000054   0.000022   0.000049
  0.000188   0.000142  -0.001665
 -0.000244  -0.000058   0.000427
  0.000045  -0.000002  -0.000189
 -0.000118  -0.000011  -0.000122
 -0.000020  -0.000010  -0.000077
  0.000085   0.000150   0.000339
  0.000094   0.000027  -0.000179
 -0.000185   0.000051  -0.000071
 -0.000121  -0.000041  -0.000236
 -0.000028   0.000006   0.000069
   37    2  0.0000  0.0150 -0.0000
 -0.000114  -0.000256   0.000088
 -0.000074  -0.000092  -0.000036
 -0.000340  -0.000671   0.000375
  0.000005   0.000003   0.000115
  0.004128   0.014553  -0.006381
 -0.000004  -0.000022  -0.000024
  0.062999   0.310726  -0.150951
  0.000013  -0.000003   0.000025
  0.005461   0.031380  -0.016599
 -0.000045   0.000010  -0.000006
  0.000019  -0.000014  -0.000010
 -0.000009   0.000009   0.000007
  0.000003   0.000007   0.000011
  0.000002  -0.000009   0.000019
  0.000009  -0.000015  -0.000018
  0.000001   0.000004   0.000005
  0.000024  -0.000033  -0.000019
 -0.000004  -0.000004   0.000011
 -0.000012   0.000012   0.000135
  0.000018   0.000002   0.000001
 -0.000030  -0.000012   0.000014
 -0.000137   0.000079   0.000439
 -0.000028   0.000045  -0.000064
  0.000029   0.000095  -0.000045
 -0.000223  -0.000065  -0.000029
  0.000025  -0.000011  -0.000057
  0.000009   0.000032   0.000023
  0.000025   0.000045  -0.000012
  0.000677  -0.000500  -0.000244
 -0.000002  -0.000004  -0.000047
  0.000003  -0.000073   0.000028
 -0.000012   0.000015  -0.000014
 -0.000359  -0.000451   0.000226
  0.000013   0.000008  -0.000011
  0.002406   0.000130   0.001199
  0.000004  -0.000007   0.000006
 -0.069691  -0.345513   0.163512
 -0.000000  -0.000001  -0.000005
 -0.002653  -0.008733   0.006069
 -0.000012   0.000002  -0.000012
  0.000666  -0.000780   0.000138
  0.000010  -0.000003   0.000004
 -0.003870   0.003260   0.001880
 -0.000001  -0.000009  -0.000004
 -0.001481  -0.000122  -0.000421
  0.000014  -0.000008  -0.000020
 -0.000222   0.000011  -0.000001
 -0.000034   0.000006  -0.000034
  0.000014   0.000001   0.000018
  0.000000  -0.000006   0.000017
 -0.000001  -0.000007   0.000006
 -0.000004   0.000014   0.000021
  0.000001   0.000001   0.000003
  0.000002  -0.000015  -0.000002
 -0.000002  -0.000000  -0.000006
  0.000000  -0.000003  -0.000006
 -0.000001  -0.000006  -0.000005
  0.000001   0.000003  -0.000013
  0.000000  -0.000005  -0.000005
 -0.000001  -0.000005  -0.000001
  0.000016   0.000009  -0.000008
 -0.000001  -0.000000  -0.000011
  0.000001   0.000002   0.000014
  0.000002  -0.000009   0.000001
  0.000009   0.000001   0.000008
  0.000000  -0.000005  -0.000001
 -0.000020  -0.000007  -0.000019
  0.000004  -0.000000  -0.000010
  0.000033   0.000084  -0.000011
 -0.000002  -0.000002  -0.000006
  0.000003   0.000001   0.000019
  0.000001  -0.000007   0.000001
  0.000011  -0.000042   0.000042
  0.000014   0.000011   0.000016
  0.000000  -0.000014   0.000010
  0.000004  -0.000003   0.000004
  0.000224  -0.000046   0.000066
  0.000059  -0.000077  -0.000080
  0.001746  -0.003083   0.000763
  0.000036   0.000004   0.000034
 -0.000020   0.000003  -0.000018
  0.000002  -0.000005  -0.000027
 -0.000008  -0.000006  -0.000060
 -0.000023  -0.000006  -0.000016
  0.000218  -0.000056   0.000029
 -0.000168  -0.000001  -0.000049
  0.000388   0.000148  -0.000101
 -0.000070  -0.000003  -0.000017
  0.000560   0.000417   0.000305
  0.000010  -0.000045   0.000103
  0.000076   0.000021   0.000030
 -0.000050  -0.000018   0.000024
  0.000022  -0.000004  -0.000035
 -0.000002  -0.000008  -0.000095
  0.000107  -0.000004   0.000050
 -0.000052  -0.000004  -0.000077
  0.000123  -0.000025  -0.000071
 -0.000030  -0.000007  -0.000042
  0.000061  -0.000013   0.000008
 -0.000036  -0.000041  -0.000078
 -0.000522  -0.000129  -0.000328
  0.000234   0.000045  -0.000092
 -0.000188   0.000017  -0.000005
  0.000058   0.000021   0.000156
  0.000016  -0.000015   0.000057
  0.000173  -0.000049  -0.000111
 -0.000184  -0.000041   0.000003
  0.000081  -0.000072   0.000125
 -0.000177   0.000080   0.000159
  0.000047  -0.000015   0.000049
   37    3  0.0000  0.0000  0.0150
 -0.000211   0.000435  -0.000185
 -0.000048  -0.000332   0.000021
 -0.000747   0.000038   0.000234
 -0.000017   0.000010   0.000160
  0.004727   0.014878  -0.007078
  0.000049  -0.000055  -0.000028
 -0.040322  -0.153372   0.159683
  0.000005  -0.000011   0.000064
  0.001899   0.006911  -0.004330
  0.000023   0.000002   0.000004
  0.000005  -0.000015  -0.000013
 -0.000014   0.000019  -0.000008
  0.000011   0.000015   0.000008
  0.000004  -0.000007   0.000014
  0.000008  -0.000004  -0.000008
  0.000004   0.000012  -0.000013
  0.000032  -0.000024  -0.000021
  0.000002   0.000000   0.000009
 -0.000010   0.000036   0.000144
  0.000032   0.000007  -0.000004
 -0.000021  -0.000007   0.000027
 -0.000198   0.000690   0.000373
 -0.000043   0.000030  -0.000080
 -0.000077   0.000101  -0.000299
  0.000050  -0.000093   0.000100
  0.000060   0.000065  -0.000119
 -0.000009   0.000009   0.000030
  0.000001   0.000113   0.000026
 -0.000300  -0.000230  -0.000165
 -0.000002   0.000014  -0.000149
  0.000073  -0.000118  -0.000004
  0.000030   0.000158   0.000013
 -0.000700   0.000347  -0.001416
  0.000003   0.000008  -0.000006
  0.003242   0.002178  -0.000532
  0.000015  -0.000005   0.000026
  0.040508   0.163062  -0.167394
  0.000002   0.000009  -0.000012
 -0.008873  -0.035414   0.021920
 -0.000014   0.000013  -0.000014
  0.000686   0.000181  -0.000896
  0.000016   0.000007  -0.000005
 -0.000744   0.001563  -0.000646
 -0.000005  -0.000001   0.000006
  0.000417  -0.000157  -0.000603
  0.000040  -0.000002  -0.000029
  0.000003  -0.000179   0.000303
 -0.000027   0.000015  -0.000027
 -0.000001   0.000005   0.000008
 -0.000010   0.000003   0.000000
 -0.000000   0.000006  -0.000004
 -0.000002   0.000004   0.000002
  0.000002   0.000005   0.000006
  0.000002  -0.000003   0.000003
  0.000001   0.000006   0.000001
  0.000001  -0.000000   0.000001
 -0.000001   0.000000   0.000003
  0.000001   0.000005   0.000000
  0.000000  -0.000000  -0.000002
 -0.000001   0.000004  -0.000002
  0.000019   0.000011  -0.000006
  0.000004   0.000001   0.000001
  0.000001   0.000004   0.000013
  0.000002   0.000000   0.000006
  0.000012   0.000006   0.000015
  0.000002   0.000003   0.000001
 -0.000018  -0.000002  -0.000009
  0.000001   0.000003   0.000001
  0.000025   0.000051  -0.000035
  0.000006   0.000002  -0.000000
  0.000003   0.000003   0.000009
  0.000001  -0.000001   0.000005
 -0.000009  -0.000022   0.000049
  0.000030   0.000031   0.000035
  0.000003  -0.000008   0.000006
 -0.000002   0.000003   0.000005
  0.000136  -0.000150   0.000083
  0.000227  -0.000358   0.000112
  0.000161  -0.000374   0.000273
 -0.000078  -0.000000   0.000050
  0.000002   0.000005   0.000010
  0.000014   0.000002   0.000007
  0.000015  -0.000012  -0.000049
 -0.000032  -0.000008  -0.000026
  0.000161  -0.000014   0.000102
 -0.000194  -0.000019  -0.000325
  0.000456   0.000094  -0.000050
 -0.000147   0.000026  -0.000095
 -0.000020  -0.000016   0.000858
 -0.000099   0.000005  -0.000053
  0.000135  -0.000057   0.000149
 -0.000075  -0.000045  -0.000104
  0.000034   0.000004   0.000049
  0.000045  -0.000014   0.000027
  0.000130   0.000017   0.000099
  0.000166  -0.000020   0.000098
  0.000116  -0.000022  -0.000011
  0.000107   0.000028  -0.000054
  0.000058  -0.000020   0.000051
  0.000068  -0.000021  -0.000004
 -0.000712  -0.000139  -0.000442
  0.000335   0.000097   0.000141
 -0.000195   0.000016  -0.000112
 -0.000220   0.000041  -0.000041
 -0.000036  -0.000002  -0.000018
  0.000449  -0.000076  -0.000314
 -0.000168  -0.000019  -0.000038
 -0.000324  -0.000040   0.000193
 -0.000178   0.000085   0.000078
  0.000029  -0.000013   0.000160
   39    1  0.0150  0.0000  0.0000
 -0.000031   0.000336   0.000095
 -0.000502  -0.000662  -0.000043
 -0.003045   0.000367   0.001798
  0.000017   0.000052  -0.000227
  0.001597   0.008318   0.041037
  0.000109  -0.000139   0.000018
  0.062267  -0.002937  -0.020035
  0.000012   0.000018   0.000035
  0.003839  -0.008806  -0.035878
  0.000025   0.000002  -0.000012
 -0.000022   0.000004  -0.000004
 -0.000003   0.000006   0.000000
 -0.000028   0.000005   0.000027
 -0.000004  -0.000001   0.000007
  0.000037  -0.000048  -0.000129
  0.000007   0.000004  -0.000021
  0.000008   0.000015  -0.000021
  0.000000  -0.000003  -0.000005
  0.000067  -0.000043  -0.000079
  0.000022   0.000012  -0.000028
  0.000084  -0.000030  -0.000004
 -0.000216   0.000023  -0.000122
 -0.000004  -0.000009   0.000020
  0.000048  -0.000054   0.000111
 -0.000043  -0.000002   0.000061
 -0.000165   0.000226  -0.000156
 -0.000111  -0.000111  -0.000349
  0.000088   0.000114   0.000030
  0.000115  -0.000102  -0.000028
 -0.000005   0.000028  -0.000043
  0.000272  -0.000281  -0.001102
  0.000056   0.000046   0.000179
  0.006736   0.003420   0.002832
 -0.000043  -0.000006   0.000042
 -0.001385  -0.000340  -0.000884
  0.000032   0.000045  -0.000002
  0.001456  -0.002605  -0.008929
 -0.000005   0.000010  -0.000015
 -0.072425   0.005958   0.020104
  0.000006  -0.000001   0.000017
  0.004280  -0.004524  -0.000266
  0.000016  -0.000003  -0.000004
 -0.001340   0.000839   0.001240
  0.000001   0.000002   0.000010
  0.000010   0.000129  -0.000324
  0.000015  -0.000028  -0.000075
  0.000682   0.000152   0.000390
 -0.000044   0.000009  -0.000016
  0.000016   0.000006   0.000014
  0.000018  -0.000009   0.000030
 -0.000011  -0.000021   0.000031
 -0.000009   0.000024   0.000031
  0.000005  -0.000001  -0.000002
  0.000005  -0.000004   0.000001
 -0.000014   0.000003   0.000006
 -0.000010  -0.000003   0.000000
  0.000024   0.000008   0.000013
  0.000011   0.000001   0.000001
 -0.000008  -0.000001  -0.000005
 -0.000003   0.000000  -0.000000
 -0.000062   0.000033   0.000025
 -0.000005  -0.000001   0.000006
  0.000003  -0.000003   0.000024
  0.000003   0.000003   0.000001
  0.000009  -0.000016  -0.000024
  0.000002   0.000003  -0.000004
 -0.000012   0.000004   0.000021
  0.000003  -0.000001   0.000008
  0.000137   0.000009   0.000017
  0.000008  -0.000001   0.000005
 -0.000000   0.000005   0.000014
  0.000002   0.000001   0.000002
  0.000076  -0.000064   0.000103
  0.000014   0.000013   0.000008
 -0.000017   0.000015   0.000007
  0.000003  -0.000005  -0.000001
 -0.000021  -0.000061  -0.000257
  0.000304   0.000105  -0.000013
 -0.002996   0.000709   0.000526
 -0.000083   0.000021   0.000085
  0.000022   0.000003  -0.000025
  0.000010  -0.000001  -0.000031
 -0.000111   0.000026  -0.000007
 -0.000020  -0.000003   0.000006
  0.000235  -0.000088  -0.000209
 -0.000495  -0.000131   0.000147
 -0.000022  -0.000048  -0.000269
 -0.000179  -0.000024   0.000041
  0.000718  -0.000211  -0.000164
 -0.000070  -0.000040   0.000359
  0.000154   0.000014  -0.000264
 -0.000137  -0.000028   0.000096
  0.000030   0.000007  -0.000140
 -0.000019   0.000011  -0.000159
  0.000031  -0.000023  -0.000090
 -0.000116   0.000067  -0.000249
  0.000061  -0.000015  -0.000119
 -0.000077   0.000004  -0.000033
  0.000019   0.000043  -0.000102
 -0.000043  -0.000036  -0.000097
 -0.000403   0.000158   0.000790
  0.000600   0.000209  -0.000499
 -0.000109  -0.000011   0.000211
  0.000201  -0.000053   0.000269
  0.000010  -0.000003   0.000112
 -0.000368  -0.000198  -0.000451
 -0.000110   0.000004   0.000178
  0.000175   0.000201   0.000435
  0.000035   0.000016   0.000334
  0.000107  -0.000029   0.000004
   39    2  0.0000  0.0150 -0.0000
 -0.000149   0.000126  -0.000216
  0.000022   0.000373   0.000278
 -0.000855  -0.000475  -0.000481
 -0.000123   0.000031  -0.000133
 -0.000079   0.004980   0.016660
  0.000111  -0.000040   0.000047
 -0.003137   0.080291   0.070224
  0.000021  -0.000025   0.000048
 -0.002602   0.010927   0.032998
  0.000069   0.000016   0.000001
 -0.000035  -0.000001  -0.000011
 -0.000001  -0.000000  -0.000020
 -0.000006  -0.000004   0.000001
  0.000003  -0.000000  -0.000017
  0.000014  -0.000015  -0.000059
  0.000004  -0.000002  -0.000017
 -0.000000  -0.000005  -0.000006
  0.000010   0.000002  -0.000013
 -0.000009  -0.000042  -0.000073
 -0.000005  -0.000007  -0.000003
  0.000024  -0.000010   0.000031
 -0.000268   0.001380   0.000301
 -0.000015   0.000005  -0.000015
 -0.000152   0.000068  -0.000483
  0.000015   0.000039   0.000054
 -0.000047  -0.000300   0.000105
 -0.000138  -0.000002  -0.000077
 -0.000020  -0.000102   0.000008
  0.000056  -0.000042  -0.000139
  0.000049  -0.000016  -0.000149
  0.000341  -0.000387  -0.000286
  0.000065   0.000244   0.000132
  0.002427   0.000491   0.001468
 -0.000033  -0.000033   0.000007
 -0.000759  -0.000264   0.000255
 -0.000002  -0.000039   0.000024
  0.001660  -0.008813  -0.035318
  0.000005   0.000003  -0.000009
  0.005907  -0.088486  -0.084612
  0.000005   0.000012  -0.000011
 -0.004693   0.002982   0.000860
  0.000002   0.000002  -0.000016
  0.001172  -0.001336   0.000037
  0.000001  -0.000007   0.000007
 -0.000226   0.000034  -0.000131
  0.000023   0.000011   0.000015
 -0.000520  -0.000423  -0.000105
  0.000039  -0.000002   0.000034
 -0.000028  -0.000006  -0.000035
 -0.000016   0.000007  -0.000033
  0.000002   0.000015  -0.000024
  0.000007  -0.000030  -0.000042
  0.000000  -0.000005  -0.000001
 -0.000000   0.000013   0.000003
  0.000002   0.000003   0.000009
  0.000004  -0.000002   0.000008
  0.000008   0.000007   0.000015
  0.000000  -0.000005   0.000017
 -0.000002  -0.000003  -0.000004
  0.000002   0.000005  -0.000003
 -0.000023   0.000018   0.000025
  0.000005  -0.000004   0.000013
 -0.000000  -0.000005   0.000010
  0.000000   0.000008  -0.000001
  0.000004  -0.000006  -0.000011
  0.000003   0.000003  -0.000001
  0.000004   0.000012   0.000018
 -0.000004  -0.000002   0.000012
  0.000015   0.000064   0.000028
  0.000009  -0.000000   0.000005
  0.000004  -0.000007   0.000033
  0.000001   0.000005  -0.000002
 -0.000011  -0.000015  -0.000028
 -0.000001  -0.000001  -0.000002
  0.000004   0.000008  -0.000012
 -0.000008   0.000002  -0.000008
  0.000064  -0.000024  -0.000048
  0.000308  -0.000632   0.000205
  0.001420  -0.001008  -0.001503
 -0.000053  -0.000019  -0.000044
  0.000039  -0.000007   0.000047
  0.000014   0.000004   0.000053
  0.000023  -0.000002   0.000048
  0.000022  -0.000001   0.000006
 -0.000116   0.000056   0.000069
  0.000079  -0.000049  -0.000275
  0.000092   0.000065   0.000027
 -0.000013   0.000016  -0.000049
 -0.000180   0.000427   0.000124
 -0.000044   0.000016  -0.000197
 -0.000149   0.000091   0.000127
  0.000030  -0.000030  -0.000089
  0.000015   0.000005   0.000130
  0.000055  -0.000015   0.000217
  0.000031   0.000021   0.000060
  0.000263  -0.000062   0.000284
 -0.000021  -0.000007   0.000085
  0.000161   0.000033   0.000032
  0.000003  -0.000022   0.000069
  0.000128   0.000034   0.000131
  0.000093  -0.000292  -0.000280
 -0.000030   0.000035   0.000217
  0.000005  -0.000003  -0.000178
 -0.000349   0.000020  -0.000363
 -0.000079   0.000018  -0.000143
  0.000467   0.000034   0.000166
  0.000014  -0.000004  -0.000061
 -0.000403   0.000016   0.000047
  0.000022   0.000068  -0.000153
 -0.000063   0.000002   0.000053
   39    3  0.0000  0.0000  0.0150
  0.000060  -0.000085  -0.000732
  0.000143   0.000798   0.000616
 -0.001353  -0.000073  -0.000537
  0.000028  -0.000109  -0.000154
  0.000169   0.002844   0.015800
  0.000130  -0.000090  -0.000030
 -0.019826   0.071351   0.389798
 -0.000005  -0.000046   0.000116
  0.000688   0.001323   0.008403
  0.000162   0.000007   0.000011
 -0.000094   0.000004  -0.000018
 -0.000004  -0.000009  -0.000054
 -0.000009  -0.000020  -0.000020
  0.000003   0.000003  -0.000052
  0.000007  -0.000020  -0.000092
  0.000004  -0.000014  -0.000050
 -0.000020   0.000044  -0.000018
  0.000023  -0.000001  -0.000043
  0.000014  -0.000083  -0.000264
 -0.000042  -0.000024  -0.000009
  0.000057   0.000001   0.000070
 -0.000322  -0.000316   0.000021
 -0.000004  -0.000001  -0.000008
 -0.000263  -0.000241  -0.000228
 -0.000022   0.000003   0.000060
 -0.000073   0.000071  -0.000131
 -0.000354  -0.000111  -0.000117
 -0.000001   0.000081   0.000157
  0.000006   0.000006   0.000049
  0.000020   0.000005  -0.000066
  0.001263  -0.000502  -0.000644
  0.000174  -0.000032   0.000153
  0.002636   0.001849  -0.001138
 -0.000051  -0.000020   0.000026
  0.000242   0.000502  -0.000796
  0.000051   0.000022   0.000024
 -0.000939   0.006091   0.022099
 -0.000008   0.000008  -0.000021
  0.020103  -0.084695  -0.427848
  0.000014   0.000012  -0.000029
 -0.000560   0.001198  -0.002273
 -0.000009  -0.000004  -0.000038
 -0.000169   0.000740  -0.001496
  0.000001  -0.000023   0.000016
  0.000201  -0.000080   0.000304
  0.000028   0.000056   0.000073
 -0.001043   0.000117   0.000592
  0.000088  -0.000022   0.000097
 -0.000071  -0.000021  -0.000100
 -0.000035   0.000012  -0.000082
  0.000000   0.000031  -0.000055
  0.000013  -0.000075  -0.000101
 -0.000001  -0.000022  -0.000008
 -0.000004   0.000032   0.000008
  0.000001  -0.000000   0.000026
  0.000003  -0.000009   0.000022
  0.000014   0.000013   0.000040
  0.000000  -0.000021   0.000048
 -0.000007  -0.000009  -0.000003
  0.000002   0.000010  -0.000007
 -0.000055   0.000017   0.000064
  0.000008  -0.000013   0.000043
 -0.000001  -0.000021  -0.000001
 -0.000004   0.000020  -0.000003
 -0.000010  -0.000032  -0.000031
  0.000002   0.000008  -0.000003
  0.000016   0.000009   0.000060
 -0.000014  -0.000012   0.000036
  0.000018  -0.000008   0.000037
  0.000015  -0.000003   0.000018
 -0.000004  -0.000019   0.000011
 -0.000002   0.000014  -0.000011
 -0.000006   0.000028  -0.000084
 -0.000041  -0.000050  -0.000052
 -0.000000   0.000020  -0.000037
 -0.000019  -0.000000  -0.000028
  0.000192   0.000002  -0.000013
  0.000057  -0.000045   0.000457
 -0.001036  -0.000406  -0.001926
 -0.000243  -0.000052  -0.000109
  0.000112  -0.000020   0.000114
  0.000034   0.000009   0.000129
 -0.000006   0.000008   0.000119
  0.000080   0.000009   0.000046
 -0.000363   0.000115   0.000065
  0.000897   0.000167  -0.000173
 -0.000339  -0.000033   0.000147
  0.000257   0.000039  -0.000017
 -0.000709  -0.000122  -0.000116
 -0.000006   0.000072  -0.000531
 -0.000205  -0.000034   0.000062
  0.000149   0.000081  -0.000166
  0.000034   0.000012   0.000278
  0.000085  -0.000011   0.000494
  0.000029   0.000032   0.000085
  0.000465  -0.000090   0.000534
 -0.000103  -0.000001   0.000197
  0.000267   0.000041   0.000160
 -0.000009  -0.000037   0.000125
  0.000224   0.000120   0.000328
  0.000733  -0.000010  -0.000290
 -0.000758  -0.000312   0.000698
  0.000081  -0.000031  -0.000353
 -0.000575  -0.000010  -0.000835
 -0.000189   0.000040  -0.000336
  0.000530   0.000028   0.000482
  0.000075  -0.000001  -0.000097
 -0.000741   0.000005  -0.000573
  0.000216  -0.000040  -0.000292
 -0.000194   0.000063  -0.000078
   41    1  0.0150  0.0000  0.0000
  0.000146   0.000002   0.000098
  0.000014   0.000194  -0.000042
  0.000038   0.000078  -0.000028
 -0.000026  -0.000029   0.000018
 -0.001628  -0.000868  -0.002341
 -0.000033   0.000007   0.000018
  0.003694  -0.010238  -0.030516
 -0.000011   0.000023  -0.000024
  0.060064   0.000037  -0.007018
  0.000046  -0.000024   0.000016
  0.000031   0.000008  -0.000004
 -0.000018  -0.000010   0.000004
  0.000016  -0.000004  -0.000020
  0.000008   0.000009  -0.000008
  0.000010   0.000024   0.000048
 -0.000006  -0.000006   0.000025
  0.000068  -0.000049  -0.000067
  0.000006   0.000003   0.000000
 -0.000205   0.000192   0.000440
 -0.000055  -0.000019   0.000033
  0.000042   0.000023   0.000001
  0.000172  -0.000053   0.000201
  0.000050  -0.000022   0.000018
  0.000126   0.000094   0.000073
  0.000003   0.000002  -0.000010
 -0.000015  -0.000103   0.000076
  0.000055   0.000022   0.000034
  0.000021  -0.000051  -0.000040
 -0.000030   0.000023  -0.000025
  0.000011  -0.000012   0.000018
 -0.000082   0.000093   0.000300
 -0.000035   0.000007  -0.000039
  0.000424  -0.000113   0.000987
  0.000006   0.000009  -0.000014
  0.000045   0.000197  -0.000101
 -0.000009  -0.000004  -0.000007
 -0.001115   0.000675   0.000692
 -0.000006  -0.000009   0.000016
  0.004281  -0.004680  -0.000593
  0.000016   0.000000  -0.000012
 -0.087915  -0.003047  -0.008790
 -0.000050   0.000002  -0.000007
 -0.000487  -0.002449  -0.006384
  0.000016  -0.000004  -0.000002
 -0.001781  -0.001671   0.000847
 -0.000138   0.000056   0.000255
  0.006816   0.003123  -0.001808
  0.000208  -0.000021   0.000133
 -0.000014  -0.000012  -0.000034
 -0.000030   0.000020  -0.000059
  0.000020   0.000038  -0.000052
  0.000014  -0.000025  -0.000035
 -0.000003  -0.000009   0.000003
 -0.000003   0.000006  -0.000004
  0.000017  -0.000003  -0.000001
  0.000015   0.000004   0.000004
 -0.000012   0.000001   0.000003
 -0.000010  -0.000002   0.000002
  0.000010  -0.000001   0.000001
  0.000005  -0.000000   0.000002
  0.000033  -0.000008  -0.000018
  0.000003   0.000001  -0.000003
 -0.000003   0.000002  -0.000002
 -0.000001  -0.000003  -0.000002
  0.000007   0.000020   0.000031
 -0.000001  -0.000001   0.000004
 -0.000032  -0.000009  -0.000033
  0.000004   0.000001  -0.000005
 -0.000000  -0.000089  -0.000001
 -0.000012   0.000003   0.000001
  0.000006  -0.000022  -0.000085
  0.000002   0.000005  -0.000007
 -0.000210   0.000132  -0.000139
 -0.000063  -0.000049  -0.000060
  0.000045  -0.000024  -0.000014
  0.000016   0.000002  -0.000009
 -0.000231  -0.000015   0.000024
 -0.000223   0.000000  -0.000092
  0.015986   0.016559   0.052211
  0.000048  -0.000040  -0.000325
 -0.000026  -0.000003   0.000046
  0.000011   0.000004   0.000047
  0.000252  -0.000060   0.000065
  0.000089   0.000016   0.000055
 -0.000694   0.000367   0.000446
  0.000636   0.001171   0.001167
  0.000503   0.000270   0.000571
  0.000396  -0.000117   0.000052
 -0.000548   0.000863  -0.000482
  0.000228   0.000089  -0.000640
 -0.000697   0.000515   0.001092
  0.000493  -0.000066   0.000103
 -0.000065  -0.000014   0.000222
 -0.000044   0.000018   0.000138
 -0.000118   0.000049   0.000106
 -0.000199  -0.000051   0.000030
 -0.000149   0.000015   0.000274
 -0.000136  -0.000041   0.000168
 -0.000093  -0.000063   0.000176
 -0.000107   0.000070   0.000112
  0.001076  -0.002000  -0.002266
 -0.001274   0.000012   0.000638
  0.000276   0.000023  -0.000351
  0.000262  -0.000023  -0.000192
 -0.000007  -0.000017  -0.000159
  0.001187   0.000954   0.002892
  0.000386   0.000021  -0.000329
  0.000644  -0.000111  -0.000415
 -0.000273   0.000226  -0.000932
 -0.000178  -0.000011  -0.000389
   41    2  0.0000  0.0150 -0.0000
 -0.000026  -0.000057  -0.000111
 -0.000360  -0.000288  -0.000158
  0.000068   0.000220  -0.000443
  0.000046   0.000030   0.000045
  0.001843  -0.000944   0.000810
  0.000029  -0.000036  -0.000017
 -0.004669   0.011686   0.031540
  0.000024   0.000011   0.000012
  0.002271   0.094276   0.095540
 -0.000081   0.000048  -0.000037
 -0.000016   0.000016   0.000009
  0.000021  -0.000016   0.000010
 -0.000003  -0.000013  -0.000008
 -0.000005   0.000011  -0.000015
 -0.000013   0.000016   0.000002
 -0.000000  -0.000010   0.000007
 -0.000065  -0.000000   0.000102
 -0.000002   0.000004  -0.000014
  0.000110  -0.000092  -0.000345
 -0.000029  -0.000002  -0.000004
 -0.000018  -0.000005   0.000013
 -0.000477  -0.000342   0.001295
  0.000005  -0.000000   0.000012
  0.000081   0.000238  -0.000043
 -0.000002   0.000003  -0.000003
  0.000041   0.000123  -0.000043
 -0.000033  -0.000015  -0.000012
  0.000139   0.000121  -0.000013
 -0.000002   0.000022   0.000045
 -0.000011   0.000012  -0.000027
  0.000246  -0.000092  -0.000161
 -0.000003  -0.000010  -0.000005
 -0.000606  -0.000489  -0.000791
 -0.000007   0.000005   0.000007
 -0.000206  -0.000090  -0.000292
  0.000008   0.000011  -0.000001
  0.001287  -0.000796   0.000183
 -0.000008   0.000003  -0.000006
 -0.004507   0.002987   0.001151
  0.000002   0.000003  -0.000000
 -0.003115  -0.103584  -0.112547
 -0.000002  -0.000007   0.000006
 -0.000790  -0.008397  -0.035375
  0.000009  -0.000011  -0.000001
 -0.000404   0.000399   0.000637
 -0.000045   0.000009  -0.000016
  0.002387   0.000349  -0.000602
  0.000016   0.000022   0.000039
  0.000004  -0.000001  -0.000006
  0.000016  -0.000003   0.000014
 -0.000005  -0.000010   0.000017
 -0.000000   0.000004   0.000005
  0.000001  -0.000001  -0.000004
  0.000001   0.000010  -0.000000
 -0.000004   0.000001   0.000004
 -0.000004   0.000005   0.000002
  0.000004   0.000005   0.000002
  0.000005   0.000000   0.000006
 -0.000000   0.000004   0.000004
  0.000001   0.000002   0.000004
 -0.000014   0.000000   0.000011
 -0.000005   0.000003   0.000008
 -0.000002  -0.000000  -0.000005
 -0.000000   0.000008  -0.000004
  0.000006   0.000008  -0.000001
 -0.000001   0.000005   0.000001
  0.000046   0.000028   0.000026
 -0.000001   0.000001   0.000007
 -0.000177  -0.000031  -0.000043
 -0.000004   0.000002   0.000006
  0.000000   0.000006   0.000057
 -0.000001   0.000007  -0.000003
  0.000034  -0.000095   0.000071
 -0.000030  -0.000027  -0.000034
 -0.000005   0.000038   0.000000
  0.000003   0.000001  -0.000005
  0.000091   0.000032  -0.000004
  0.000176   0.000117  -0.000441
  0.007431   0.004698   0.019063
  0.000185   0.000060  -0.000009
  0.000019   0.000004  -0.000013
 -0.000010   0.000005  -0.000015
 -0.000083   0.000026   0.000045
  0.000032   0.000009   0.000030
  0.000313   0.000044  -0.000681
 -0.000092   0.000461   0.000465
 -0.000432  -0.000514  -0.000512
  0.000094  -0.000070   0.000167
  0.000401  -0.000261  -0.001176
  0.000144  -0.000008   0.000368
 -0.000297   0.000820  -0.000299
  0.000047   0.000044   0.000188
  0.000004   0.000010  -0.000088
 -0.000024   0.000001  -0.000033
 -0.000004  -0.000040  -0.000094
 -0.000116  -0.000045  -0.000076
 -0.000042  -0.000013  -0.000061
 -0.000087  -0.000024   0.000052
 -0.000010   0.000042  -0.000073
 -0.000091  -0.000021  -0.000037
 -0.000703  -0.000280   0.003355
  0.000030   0.000003  -0.000414
  0.000060  -0.000017   0.000126
  0.000169   0.000047   0.000073
  0.000024   0.000016   0.000047
 -0.000903  -0.000317  -0.000206
 -0.000072  -0.000035   0.000171
  0.000388  -0.000213  -0.000031
  0.000373   0.000112  -0.000224
 -0.000013   0.000006  -0.000175
   41    3  0.0000  0.0000  0.0150
 -0.000219   0.000055  -0.000042
  0.000307   0.000087   0.000035
 -0.000187  -0.000238  -0.000643
 -0.000033  -0.000039   0.000051
  0.000828  -0.000580  -0.000991
  0.000007   0.000079  -0.000044
 -0.001933   0.002359   0.007302
  0.000027  -0.000067   0.000084
  0.006375   0.098190   0.395819
 -0.000053   0.000144  -0.000050
 -0.000063  -0.000001  -0.000018
  0.000004  -0.000006  -0.000021
 -0.000008  -0.000009  -0.000017
  0.000004   0.000005  -0.000031
 -0.000009  -0.000016  -0.000055
  0.000003  -0.000017  -0.000005
 -0.000038   0.000037  -0.000036
  0.000013   0.000007  -0.000032
  0.000061  -0.000074   0.000008
 -0.000055  -0.000028   0.000019
 -0.000033  -0.000014   0.000043
  0.000253   0.000140  -0.000387
 -0.000045   0.000022  -0.000035
 -0.000075  -0.000160  -0.000060
  0.000007   0.000014   0.000027
 -0.000008  -0.000011   0.000003
 -0.000020   0.000006  -0.000010
 -0.000102  -0.000034   0.000020
 -0.000005  -0.000009  -0.000008
 -0.000001  -0.000000  -0.000015
  0.000388  -0.000129  -0.000040
  0.000030   0.000008   0.000002
 -0.001060  -0.000118  -0.000666
 -0.000003  -0.000009  -0.000022
 -0.000179   0.000082   0.000284
  0.000004  -0.000028   0.000022
 -0.000142   0.000131  -0.000860
 -0.000010  -0.000006  -0.000008
 -0.000192   0.000890  -0.002291
 -0.000004   0.000013  -0.000035
 -0.008792  -0.112661  -0.427582
 -0.000013  -0.000007  -0.000010
 -0.000330   0.006183   0.024560
  0.000011  -0.000034  -0.000006
  0.000213  -0.000859  -0.000071
 -0.000062  -0.000018   0.000107
  0.000430   0.000155  -0.002933
  0.000062  -0.000054   0.000065
 -0.000046  -0.000015  -0.000069
 -0.000022   0.000005  -0.000040
 -0.000001   0.000020  -0.000035
  0.000009  -0.000046  -0.000061
 -0.000002  -0.000016  -0.000003
 -0.000003   0.000016   0.000004
 -0.000002   0.000002   0.000019
  0.000005  -0.000004   0.000010
  0.000004   0.000009   0.000027
 -0.000001  -0.000010   0.000024
 -0.000006  -0.000007  -0.000002
  0.000002   0.000004  -0.000001
 -0.000028   0.000010   0.000040
  0.000004  -0.000005   0.000020
 -0.000001  -0.000014  -0.000003
 -0.000003   0.000011  -0.000004
 -0.000011  -0.000023  -0.000028
 -0.000001   0.000002   0.000003
  0.000005   0.000006   0.000042
 -0.000007  -0.000006   0.000018
  0.000002   0.000018  -0.000094
 -0.000003  -0.000000   0.000011
 -0.000013  -0.000017   0.000003
 -0.000001   0.000012  -0.000010
  0.000032   0.000036  -0.000004
 -0.000059  -0.000052  -0.000059
 -0.000018   0.000013  -0.000026
 -0.000006   0.000001  -0.000019
  0.000127  -0.000015   0.000033
 -0.000128   0.000001   0.000030
  0.006400   0.003512   0.007395
  0.000265  -0.000066  -0.000164
  0.000070  -0.000010   0.000077
  0.000015   0.000008   0.000072
 -0.000026  -0.000007   0.000032
  0.000093   0.000012   0.000052
 -0.000258  -0.000010   0.000311
  0.000501   0.000244   0.000279
 -0.000217  -0.000187   0.000143
  0.000275  -0.000042   0.000083
 -0.002614   0.001424   0.000515
  0.000121   0.000037  -0.000323
  0.000046  -0.000391  -0.000035
  0.000270   0.000004   0.000076
  0.000046   0.000008   0.000169
  0.000024   0.000004   0.000312
  0.000109   0.000033   0.000092
  0.000169  -0.000040   0.000288
  0.000029  -0.000001   0.000059
  0.000094   0.000014   0.000157
  0.000049  -0.000033   0.000075
  0.000093   0.000102   0.000233
  0.000154   0.001290  -0.001078
 -0.000805  -0.000039   0.000225
 -0.000103  -0.000017  -0.000229
 -0.000193  -0.000037  -0.000506
 -0.000114   0.000025  -0.000210
  0.000642   0.000949   0.001239
 -0.000102  -0.000001  -0.000039
 -0.000157   0.000072  -0.000410
  0.000132  -0.000182   0.000081
 -0.000188   0.000010  -0.000222
   43    1  0.0150  0.0000  0.0000
 -0.000029   0.000079  -0.000058
 -0.000196  -0.000060  -0.000079
  0.000078   0.000047  -0.000209
  0.000019   0.000018  -0.000134
 -0.002637  -0.002025   0.000445
  0.000027   0.000021   0.000036
 -0.002104  -0.026531   0.018054
  0.000055  -0.000031   0.000031
  0.067228   0.033967  -0.023164
 -0.000134   0.000113  -0.000101
  0.000001   0.000002   0.000002
  0.000004   0.000001   0.000007
 -0.000006   0.000002   0.000004
 -0.000001   0.000000   0.000006
 -0.000000  -0.000006  -0.000013
  0.000003   0.000001  -0.000000
 -0.000008   0.000013   0.000007
 -0.000004  -0.000001   0.000002
  0.000045  -0.000019  -0.000048
  0.000009   0.000008  -0.000014
 -0.000028  -0.000007   0.000014
 -0.001199   0.000218   0.000263
 -0.000009  -0.000001   0.000003
  0.000053   0.000002   0.000010
  0.000024   0.000023   0.000012
 -0.000002   0.000007   0.000018
 -0.000008  -0.000000  -0.000005
  0.000055   0.000015  -0.000012
 -0.000004   0.000229  -0.000028
 -0.000006  -0.000004   0.000026
  0.000022   0.000002  -0.000018
  0.000050  -0.000010   0.000046
  0.000110  -0.000041  -0.000038
 -0.000017  -0.000014   0.000006
  0.000256   0.000955  -0.000362
 -0.000005  -0.000006   0.000002
  0.004541  -0.003911  -0.000694
 -0.000005   0.000000  -0.000006
 -0.001339   0.001171  -0.000211
 -0.000003   0.000003   0.000003
 -0.000496  -0.000757  -0.000443
  0.000014  -0.000009   0.000012
 -0.090712  -0.049064   0.032420
  0.000026  -0.000021  -0.000003
  0.006938  -0.000243   0.005558
 -0.000245  -0.000140  -0.000050
 -0.001621  -0.001106  -0.000550
 -0.000046  -0.000023   0.000061
  0.000013   0.000004   0.000015
  0.000013  -0.000007   0.000024
 -0.000005  -0.000013   0.000019
 -0.000005   0.000015   0.000022
  0.000002   0.000001   0.000000
  0.000003  -0.000004  -0.000000
 -0.000005   0.000001   0.000000
 -0.000004   0.000000  -0.000001
  0.000004   0.000001   0.000000
  0.000005   0.000002  -0.000003
 -0.000001   0.000001   0.000001
 -0.000001  -0.000001   0.000002
 -0.000006  -0.000000   0.000002
 -0.000003   0.000001  -0.000000
  0.000002   0.000000   0.000000
  0.000002  -0.000000   0.000000
 -0.000000  -0.000002  -0.000007
  0.000000   0.000001  -0.000000
  0.000003  -0.000000   0.000005
  0.000003   0.000000   0.000001
  0.000010  -0.000011  -0.000008
 -0.000001  -0.000001   0.000001
 -0.000000   0.000005   0.000002
  0.000000  -0.000001   0.000003
  0.000054  -0.000034   0.000039
  0.000005   0.000008   0.000006
 -0.000007   0.000003   0.000007
  0.000003  -0.000003   0.000002
  0.000046  -0.000005  -0.000007
  0.000328   0.000101  -0.000826
  0.020798   0.043308  -0.028676
  0.000347  -0.000059   0.000005
 -0.000001   0.000003  -0.000021
 -0.000002  -0.000001  -0.000026
 -0.000068   0.000014  -0.000031
 -0.000015  -0.000005  -0.000004
  0.000098  -0.000041  -0.000165
 -0.000656   0.000369   0.000049
 -0.000192  -0.000103  -0.000226
 -0.000166  -0.000071   0.000104
 -0.000079   0.001338  -0.001548
  0.000113   0.000144   0.000556
  0.000058   0.000188  -0.000529
 -0.000173  -0.000006   0.000223
  0.000015   0.000003  -0.000094
 -0.000008  -0.000002  -0.000097
  0.000021  -0.000018  -0.000054
 -0.000046   0.000016  -0.000106
  0.000044  -0.000003  -0.000101
 -0.000050   0.000002  -0.000034
  0.000020   0.000026  -0.000067
 -0.000028  -0.000028  -0.000067
 -0.000095   0.000414   0.000930
  0.000854   0.000159  -0.000835
 -0.000075  -0.000002   0.000143
  0.000086   0.000007   0.000165
  0.000024  -0.000001   0.000079
 -0.000118   0.001588  -0.000408
 -0.000113  -0.000009   0.000144
  0.000073  -0.000077   0.000356
  0.000105  -0.000047   0.000245
  0.000079  -0.000037  -0.000015
   43    2  0.0000  0.0150 -0.0000
 -0.000107   0.000046   0.000124
 -0.000900  -0.000398  -0.000255
 -0.000250  -0.000701   0.000223
  0.000140   0.000010   0.000184
  0.001722   0.000246   0.000480
 -0.000036  -0.000085  -0.000008
  0.001633   0.029815  -0.018457
  0.000055   0.000056  -0.000049
  0.041267   0.290809  -0.158438
 -0.000244   0.000077  -0.000081
  0.000057   0.000012   0.000015
  0.000012  -0.000013   0.000058
 -0.000006   0.000003   0.000009
 -0.000007   0.000005   0.000029
 -0.000001  -0.000004   0.000012
 -0.000003  -0.000007   0.000051
 -0.000004  -0.000015   0.000024
 -0.000019  -0.000003   0.000014
  0.000053  -0.000006   0.000033
 -0.000008   0.000011   0.000001
 -0.000037  -0.000003  -0.000017
 -0.000602  -0.001315   0.003160
  0.000001  -0.000009   0.000014
  0.000303   0.000550   0.000134
 -0.000043  -0.000011  -0.000026
  0.000066   0.000111   0.000003
  0.000021   0.000001   0.000009
  0.000317   0.000184  -0.000113
  0.000327  -0.000174  -0.000026
 -0.000011  -0.000006  -0.000023
 -0.000047   0.000050   0.000078
 -0.000100  -0.000023  -0.000112
  0.000053  -0.000132   0.000130
  0.000016   0.000032  -0.000001
 -0.001052  -0.001101  -0.000234
 -0.000009   0.000023  -0.000026
 -0.004841   0.003250   0.001528
 -0.000014  -0.000007   0.000003
  0.000887  -0.001321   0.000707
 -0.000005  -0.000011   0.000017
 -0.002461  -0.008301   0.006168
 -0.000000  -0.000014   0.000033
 -0.049061  -0.324677   0.173650
  0.000018  -0.000008  -0.000014
  0.002228  -0.001824   0.002857
 -0.000171  -0.000085  -0.000030
 -0.000308  -0.000016  -0.000590
 -0.000054  -0.000006  -0.000001
  0.000064   0.000007   0.000065
  0.000039  -0.000018   0.000078
 -0.000007  -0.000037   0.000054
 -0.000013   0.000061   0.000091
  0.000001   0.000006   0.000000
  0.000003  -0.000025  -0.000010
 -0.000010  -0.000005  -0.000015
 -0.000008   0.000007  -0.000015
 -0.000001  -0.000006  -0.000021
  0.000005   0.000012  -0.000036
  0.000001   0.000003   0.000001
 -0.000003  -0.000013   0.000010
  0.000009  -0.000004  -0.000023
 -0.000018   0.000010  -0.000029
  0.000000   0.000008   0.000004
  0.000001  -0.000013  -0.000006
  0.000006   0.000009   0.000004
 -0.000005  -0.000007   0.000002
 -0.000003  -0.000003  -0.000023
  0.000013   0.000004  -0.000021
 -0.000009   0.000012  -0.000032
 -0.000020  -0.000000  -0.000008
  0.000001   0.000013   0.000016
  0.000000  -0.000006   0.000001
  0.000070  -0.000089   0.000089
 -0.000018  -0.000016  -0.000021
 -0.000010  -0.000004   0.000028
  0.000024  -0.000006   0.000012
 -0.000053   0.000003  -0.000038
  0.000260   0.000434  -0.002208
  0.010667   0.013905  -0.008841
  0.000452  -0.000002  -0.000007
 -0.000070   0.000015  -0.000094
 -0.000029  -0.000007  -0.000114
 -0.000087   0.000018  -0.000085
 -0.000001   0.000009   0.000018
  0.000370  -0.000083  -0.000391
 -0.000688   0.000282   0.000677
 -0.000100  -0.000096  -0.000447
  0.000002  -0.000115   0.000246
  0.000435   0.000580  -0.001367
  0.000274  -0.000088   0.000817
 -0.000012   0.000316  -0.000450
 -0.000104   0.000057   0.000468
 -0.000020  -0.000008  -0.000293
 -0.000112   0.000001  -0.000437
 -0.000023  -0.000055  -0.000144
 -0.000634  -0.000038  -0.000573
  0.000068  -0.000008  -0.000221
 -0.000413  -0.000092  -0.000010
  0.000005   0.000063  -0.000168
 -0.000382  -0.000168  -0.000355
 -0.000382  -0.000077   0.001568
  0.000615   0.000100  -0.001170
 -0.000071   0.000002   0.000407
  0.000801   0.000115   0.000806
  0.000169  -0.000029   0.000317
 -0.001200   0.000548   0.000091
 -0.000137  -0.000017   0.000248
  0.001304  -0.000497   0.000205
  0.000039   0.000039   0.000348
  0.000168  -0.000025  -0.000246
   43    3  0.0000  0.0000  0.0150
  0.000206  -0.000159   0.000076
  0.000075   0.000028  -0.000126
  0.000260   0.000454  -0.000279
 -0.000071   0.000089  -0.000162
  0.000510  -0.000682   0.000402
  0.000026  -0.000010   0.000019
 -0.000669   0.009015  -0.005060
 -0.000030   0.000013  -0.000022
 -0.030091  -0.158240   0.175036
  0.000083  -0.000064   0.000024
 -0.000002   0.000011   0.000013
  0.000008  -0.000010  -0.000010
  0.000009  -0.000013  -0.000010
 -0.000003   0.000002  -0.000018
 -0.000009   0.000024   0.000042
 -0.000001   0.000002  -0.000017
 -0.000032  -0.000011   0.000039
  0.000002  -0.000004  -0.000002
 -0.000002  -0.000041  -0.000147
  0.000012   0.000009  -0.000018
  0.000037   0.000011  -0.000014
 -0.000437   0.000005  -0.000348
  0.000056  -0.000029   0.000052
 -0.000046   0.000076  -0.000008
  0.000002  -0.000001  -0.000024
 -0.000002   0.000002  -0.000009
 -0.000005   0.000004   0.000001
 -0.000001  -0.000040   0.000056
 -0.000066   0.000015   0.000134
  0.000002   0.000001   0.000032
  0.000035   0.000009   0.000009
  0.000022  -0.000028   0.000073
 -0.000142  -0.000109  -0.000114
 -0.000013  -0.000011   0.000024
  0.000588  -0.000162  -0.000124
  0.000002   0.000011  -0.000005
 -0.000904   0.001957  -0.000673
  0.000003   0.000005   0.000002
  0.001202   0.000045  -0.001471
  0.000011  -0.000004   0.000013
 -0.006398  -0.035507   0.024451
 -0.000002   0.000002  -0.000009
  0.032316   0.173269  -0.185611
 -0.000004   0.000012   0.000012
  0.001755   0.001842  -0.001094
  0.000020   0.000043  -0.000031
 -0.000820   0.000974  -0.000483
  0.000026   0.000026   0.000019
 -0.000005   0.000002   0.000002
  0.000004   0.000004  -0.000012
  0.000003   0.000002   0.000002
  0.000003  -0.000008  -0.000012
  0.000000   0.000003  -0.000002
 -0.000000   0.000014   0.000003
  0.000006  -0.000001   0.000001
 -0.000002   0.000001   0.000008
 -0.000001  -0.000000  -0.000005
  0.000000  -0.000003   0.000012
  0.000003   0.000004   0.000005
  0.000001   0.000005   0.000000
 -0.000002  -0.000005  -0.000005
  0.000003  -0.000002   0.000013
 -0.000001   0.000000  -0.000008
 -0.000000   0.000006   0.000001
 -0.000002   0.000008   0.000007
  0.000002   0.000005  -0.000002
  0.000031   0.000015   0.000009
 -0.000004  -0.000001   0.000008
 -0.000134   0.000023  -0.000023
  0.000010  -0.000000   0.000005
  0.000005  -0.000003   0.000035
 -0.000000   0.000001   0.000003
 -0.000026  -0.000023  -0.000065
  0.000019   0.000008   0.000014
  0.000015   0.000011  -0.000006
 -0.000009   0.000001   0.000002
 -0.000118   0.000035  -0.000026
 -0.000288  -0.000673   0.003729
  0.002698   0.008598  -0.007479
 -0.000182   0.000032   0.000055
  0.000012  -0.000004   0.000004
 -0.000002   0.000003   0.000021
  0.000035  -0.000001   0.000050
 -0.000019  -0.000004  -0.000015
 -0.000025   0.000074  -0.000335
  0.000026  -0.000144  -0.000089
 -0.000261  -0.000107  -0.000087
 -0.000066   0.000063  -0.000021
  0.000827   0.000218  -0.001393
 -0.000011   0.000049   0.000088
 -0.000431   0.000559   0.000071
 -0.000209   0.000120  -0.000149
 -0.000031   0.000000   0.000027
  0.000021   0.000003   0.000054
 -0.000117  -0.000013  -0.000056
  0.000113   0.000009   0.000040
 -0.000145   0.000011   0.000083
  0.000086   0.000017  -0.000027
 -0.000071   0.000017   0.000002
  0.000069   0.000005   0.000023
  0.000544  -0.000803   0.001376
  0.000123  -0.000223  -0.000164
  0.000234  -0.000013   0.000022
 -0.000123  -0.000009  -0.000051
 -0.000001   0.000010  -0.000024
 -0.000301  -0.000924  -0.000143
  0.000194   0.000006  -0.000000
 -0.000253   0.000057   0.000061
  0.000216   0.000097  -0.000407
  0.000019   0.000039   0.000127
   45    1  0.0150  0.0000  0.0000
  0.000274   0.000019   0.000061
  0.000147  -0.000065   0.000020
 -0.000208  -0.000408  -0.000099
 -0.000053   0.000091  -0.000125
  0.000103   0.000239   0.000809
  0.000000  -0.000160   0.000092
 -0.001926   0.001966  -0.002224
 -0.000206   0.000182  -0.000159
  0.019342   0.043642  -0.027696
  0.000712  -0.000438   0.000642
  0.000015   0.000004  -0.000004
 -0.000018  -0.000002  -0.000019
  0.000022  -0.000005  -0.000017
  0.000012   0.000004  -0.000018
  0.000006   0.000027   0.000052
 -0.000000  -0.000002   0.000002
  0.000043  -0.000033  -0.000045
  0.000026   0.000011  -0.000009
 -0.000158   0.000094   0.000211
 -0.000039  -0.000047   0.000070
  0.000155   0.000038  -0.000086
  0.000190  -0.000059   0.000138
  0.000065  -0.000021   0.000028
 -0.000009  -0.000020  -0.000092
  0.000009   0.000011  -0.000024
  0.000017   0.000036  -0.000037
 -0.000014   0.000000   0.000015
 -0.000010   0.000016   0.000027
  0.000079  -0.000011  -0.000002
  0.000005  -0.000001   0.000002
  0.000015   0.000010   0.000028
  0.000017  -0.000004   0.000031
  0.000046   0.000019  -0.000026
 -0.000009   0.000006   0.000004
 -0.000291  -0.000449  -0.000009
  0.000022   0.000031  -0.000015
  0.000906  -0.001486   0.000400
  0.000027  -0.000009   0.000040
  0.000018  -0.000225   0.000176
  0.000026  -0.000021   0.000015
 -0.001792  -0.000429   0.000162
 -0.000136   0.000047  -0.000052
  0.006927   0.002194   0.001773
 -0.000232   0.000162   0.000016
 -0.102721  -0.067570   0.029500
  0.002704   0.000719   0.000657
 -0.000925  -0.007286   0.001393
  0.000694   0.000064  -0.000572
 -0.000034  -0.000013  -0.000045
 -0.000042   0.000026  -0.000081
  0.000024   0.000049  -0.000066
  0.000019  -0.000043  -0.000063
 -0.000002  -0.000006   0.000001
 -0.000003   0.000013   0.000001
  0.000024  -0.000003   0.000001
  0.000017   0.000000   0.000009
 -0.000010   0.000000   0.000002
 -0.000010  -0.000004   0.000012
  0.000011  -0.000001  -0.000000
  0.000007   0.000004  -0.000003
  0.000024  -0.000004  -0.000008
  0.000015  -0.000001   0.000005
 -0.000001   0.000000  -0.000004
 -0.000000   0.000001   0.000001
  0.000003   0.000009   0.000020
  0.000004  -0.000001   0.000004
 -0.000010  -0.000004  -0.000019
 -0.000005   0.000001  -0.000003
  0.000005   0.000012  -0.000005
  0.000009   0.000005  -0.000001
  0.000006  -0.000016  -0.000025
  0.000005   0.000006  -0.000006
 -0.000170   0.000135  -0.000125
 -0.000037   0.000027  -0.000010
  0.000024  -0.000017  -0.000020
  0.000013   0.000005  -0.000002
 -0.000465  -0.000032   0.000023
 -0.000175  -0.000007   0.000004
  0.071461   0.040891  -0.012017
 -0.001316   0.000348  -0.000863
 -0.000001  -0.000009   0.000071
  0.000021   0.000004   0.000085
  0.000248  -0.000040   0.000094
  0.000124   0.000001   0.000054
 -0.000308  -0.000300   0.000916
  0.001477   0.000402  -0.000074
  0.001025   0.000756   0.000923
  0.000394  -0.000086  -0.000486
  0.005275  -0.003310   0.003099
  0.000539  -0.002503  -0.002460
 -0.000312  -0.000779   0.001714
  0.001721  -0.000873   0.000288
 -0.000058  -0.000017   0.000336
  0.000017   0.000003   0.000285
 -0.000132   0.000087   0.000206
  0.000093  -0.000045   0.000247
 -0.000145   0.000024   0.000363
  0.000070   0.000014   0.000130
 -0.000086  -0.000113   0.000259
  0.000036   0.000074   0.000190
  0.000966  -0.000486  -0.005235
 -0.002246   0.001440   0.003680
  0.000281   0.000023  -0.000500
 -0.000114  -0.000017  -0.000469
 -0.000063  -0.000007  -0.000256
 -0.001848  -0.006477   0.006828
  0.000561   0.000080  -0.000639
  0.000007  -0.000012  -0.000472
 -0.000512   0.000115  -0.000706
 -0.000301  -0.000210  -0.000221
   45    2  0.0000  0.0150 -0.0000
  0.000394  -0.000057  -0.000015
  0.000264   0.000076  -0.000078
 -0.000322  -0.000237  -0.000148
  0.000002  -0.000041   0.000006
 -0.000864   0.000720   0.000140
  0.000147   0.000165  -0.000091
 -0.001319  -0.003679   0.000037
  0.000309  -0.000305   0.000235
  0.008000   0.014653  -0.003584
  0.000106   0.001011  -0.000553
 -0.000014   0.000041  -0.000010
 -0.000056  -0.000039  -0.000068
  0.000034  -0.000042  -0.000087
  0.000009   0.000032  -0.000104
 -0.000006   0.000080   0.000113
 -0.000022  -0.000016  -0.000028
  0.000071  -0.000036  -0.000120
  0.000030   0.000003  -0.000040
 -0.000427   0.000179   0.000330
 -0.000133  -0.000047   0.000016
  0.000182   0.000098   0.000089
  0.000252   0.000151  -0.000217
  0.000189  -0.000143   0.000146
 -0.000037  -0.000116  -0.000234
  0.000016   0.000050   0.000013
  0.000004   0.000008  -0.000020
 -0.000006   0.000006  -0.000018
 -0.000064  -0.000010   0.000041
 -0.000001   0.000060   0.000001
 -0.000002   0.000014  -0.000013
  0.000013   0.000002  -0.000020
  0.000041   0.000002   0.000027
 -0.000016   0.000016  -0.000036
 -0.000030  -0.000004   0.000002
  0.000049   0.000138   0.000007
  0.000006  -0.000002   0.000006
  0.000016  -0.000127  -0.000160
 -0.000014  -0.000004   0.000006
  0.000153   0.000039  -0.000085
  0.000040   0.000008  -0.000060
 -0.001682   0.000402  -0.000884
 -0.000060   0.000015   0.000019
 -0.000268  -0.001834   0.001861
  0.000145  -0.000085  -0.000038
 -0.067670  -0.345603   0.191009
 -0.000727  -0.001448   0.000439
 -0.006698  -0.015633   0.011512
  0.000512  -0.000552   0.000774
 -0.000113  -0.000040  -0.000166
 -0.000111   0.000076  -0.000254
  0.000050   0.000136  -0.000184
  0.000044  -0.000139  -0.000202
 -0.000015  -0.000035  -0.000005
 -0.000018   0.000065   0.000001
  0.000045  -0.000007   0.000020
  0.000029   0.000002   0.000040
 -0.000025   0.000015   0.000033
 -0.000030  -0.000028   0.000069
  0.000016  -0.000003   0.000004
  0.000009   0.000017  -0.000007
  0.000020  -0.000008   0.000009
  0.000014  -0.000012   0.000051
 -0.000011  -0.000015  -0.000026
 -0.000011   0.000023  -0.000006
 -0.000011   0.000012   0.000031
 -0.000003   0.000013  -0.000002
 -0.000012   0.000003   0.000002
 -0.000015  -0.000008   0.000037
 -0.000024  -0.000039   0.000032
 -0.000005   0.000002   0.000023
  0.000002  -0.000058  -0.000090
 -0.000001   0.000028  -0.000013
 -0.000489   0.000539  -0.000434
 -0.000128  -0.000069  -0.000131
  0.000057  -0.000020  -0.000084
  0.000003   0.000006  -0.000037
 -0.000809  -0.000098  -0.000002
 -0.000131  -0.000026   0.000203
  0.074769   0.335854  -0.206753
  0.002427  -0.000950  -0.001274
  0.000041  -0.000033   0.000216
  0.000059   0.000018   0.000262
  0.000662  -0.000174   0.000365
  0.000233   0.000021   0.000143
 -0.004042   0.001345   0.003702
  0.001496   0.001346   0.000211
  0.001491   0.001118   0.003894
  0.000605  -0.000128  -0.000287
 -0.004337  -0.001649   0.013381
 -0.000610   0.000023  -0.002735
 -0.000827  -0.006463   0.005411
  0.001272  -0.000674   0.000155
 -0.000193  -0.000012   0.000896
  0.000042   0.000004   0.000880
 -0.000510   0.000265   0.000361
  0.000307  -0.000130   0.000719
 -0.000687   0.000112   0.001104
  0.000127   0.000030   0.000430
 -0.000328  -0.000183   0.000546
  0.000126   0.000221   0.000568
  0.004068  -0.001171  -0.020622
 -0.002357   0.001011   0.002906
  0.001068  -0.000087  -0.001196
 -0.000332  -0.000017  -0.001416
 -0.000217   0.000004  -0.000762
 -0.003546   0.022049   0.004381
  0.001521   0.000327  -0.001166
 -0.000083  -0.000046  -0.000978
 -0.000602  -0.000129  -0.001636
 -0.000516  -0.000147  -0.000732
   45    3  0.0000  0.0000  0.0150
 -0.000606   0.000148   0.000007
 -0.000370  -0.000109   0.000094
  0.000331   0.000176   0.000278
  0.000095  -0.000031   0.000133
  0.000298  -0.000311  -0.000606
 -0.000067   0.000014   0.000027
  0.000942   0.000805   0.001029
  0.000089  -0.000030  -0.000065
 -0.002245   0.010345  -0.011273
 -0.000477   0.000043   0.000042
  0.000037  -0.000070   0.000013
  0.000061   0.000069   0.000093
 -0.000045   0.000072   0.000141
 -0.000016  -0.000050   0.000159
  0.000022  -0.000119  -0.000170
  0.000031   0.000039   0.000027
 -0.000079   0.000055   0.000132
 -0.000049  -0.000003   0.000076
  0.000555  -0.000218  -0.000314
  0.000247   0.000077  -0.000062
 -0.000275  -0.000116  -0.000065
 -0.000202   0.000202   0.000559
 -0.000261   0.000178  -0.000187
  0.000175   0.000227   0.000134
 -0.000012  -0.000058   0.000003
 -0.000007  -0.000030   0.000047
  0.000032  -0.000005   0.000023
  0.000086   0.000013  -0.000065
  0.000015  -0.000067  -0.000047
  0.000006  -0.000011   0.000001
 -0.000051   0.000007   0.000034
 -0.000071   0.000012  -0.000064
  0.000113   0.000062   0.000229
  0.000059   0.000005   0.000007
 -0.000078  -0.000021   0.000086
 -0.000024  -0.000007  -0.000007
  0.000081  -0.000425  -0.000614
  0.000045   0.000017  -0.000034
 -0.000347  -0.000137   0.000315
 -0.000091  -0.000010   0.000078
  0.000882   0.000635  -0.000068
  0.000267   0.000010   0.000108
  0.005572   0.002879  -0.001120
 -0.000058   0.000029  -0.000037
  0.029538   0.190706  -0.225434
  0.000672  -0.000439  -0.001631
 -0.007705  -0.040396   0.030053
 -0.001498   0.000261  -0.000453
  0.000169   0.000064   0.000264
  0.000155  -0.000097   0.000348
 -0.000072  -0.000194   0.000270
 -0.000068   0.000211   0.000302
  0.000024   0.000057   0.000010
  0.000026  -0.000097  -0.000000
 -0.000063   0.000012  -0.000032
 -0.000042  -0.000004  -0.000058
  0.000040  -0.000024  -0.000050
  0.000041   0.000041  -0.000100
 -0.000022   0.000004  -0.000007
 -0.000014  -0.000024   0.000009
 -0.000026   0.000014  -0.000008
 -0.000022   0.000016  -0.000072
  0.000018   0.000026   0.000044
  0.000017  -0.000035   0.000016
  0.000016  -0.000019  -0.000038
  0.000006  -0.000016   0.000001
 -0.000003  -0.000014  -0.000015
  0.000023   0.000014  -0.000051
  0.000122   0.000050  -0.000036
  0.000011  -0.000008  -0.000034
 -0.000011   0.000080   0.000097
  0.000003  -0.000046   0.000039
  0.000653  -0.000601   0.000601
  0.000250   0.000239   0.000263
 -0.000088   0.000021   0.000112
 -0.000000  -0.000014   0.000067
  0.001123   0.000068   0.000020
  0.000224  -0.000134  -0.000396
 -0.029478  -0.175016   0.211483
  0.000090   0.000273   0.001818
 -0.000067   0.000054  -0.000331
 -0.000075  -0.000033  -0.000392
 -0.000890   0.000234  -0.000500
 -0.000391  -0.000078  -0.000223
  0.003638  -0.001067  -0.002685
 -0.001698  -0.000828  -0.002651
 -0.001216  -0.000532  -0.003004
 -0.001298   0.000094  -0.000486
  0.004210   0.011322  -0.001944
 -0.002070  -0.000441   0.001539
  0.000953   0.002871  -0.005454
 -0.000581  -0.000667  -0.000508
  0.000260   0.000027  -0.001280
  0.000009  -0.000047  -0.001330
  0.000677  -0.000272  -0.000426
 -0.000303   0.000262  -0.000898
  0.000929  -0.000116  -0.001407
 -0.000051   0.000044  -0.000769
  0.000463   0.000246  -0.000754
 -0.000119  -0.000432  -0.000902
 -0.003954   0.000266   0.017548
  0.004028   0.001462   0.000994
 -0.001450   0.000051   0.001654
  0.000142   0.000107   0.001926
  0.000306  -0.000016   0.001122
  0.000986  -0.001256  -0.012526
 -0.001959  -0.000294   0.001453
 -0.000372   0.000027   0.001719
  0.000557  -0.000068   0.003015
  0.000613  -0.000190   0.001023
   47    1  0.0150  0.0000  0.0000
  0.000091   0.000097   0.000087
  0.000198  -0.000295   0.000134
 -0.000027  -0.000194  -0.000375
  0.000087   0.000070  -0.000101
  0.000460   0.000235  -0.000260
  0.000139   0.000042  -0.000038
 -0.002405   0.000396   0.001929
  0.000247  -0.000194   0.000067
  0.010412   0.013196   0.048373
  0.000116   0.000610  -0.000289
  0.000056  -0.000046   0.000035
  0.000006   0.000056  -0.000017
  0.000005   0.000033   0.000076
 -0.000010  -0.000052   0.000077
  0.000023  -0.000016   0.000027
  0.000011   0.000077  -0.000096
 -0.000011  -0.000008   0.000034
 -0.000041  -0.000045   0.000087
  0.000146  -0.000023  -0.000006
  0.000366   0.000148  -0.000174
 -0.000002  -0.000003  -0.000069
  0.000290   0.000439  -0.000050
  0.000049  -0.000041   0.000074
 -0.000256  -0.000166  -0.000560
  0.000006  -0.000004  -0.000019
  0.000036   0.000086  -0.000062
 -0.000000  -0.000004   0.000009
 -0.000091   0.000006   0.000086
  0.000007   0.000016   0.000032
 -0.000008   0.000025  -0.000008
  0.000076  -0.000022  -0.000001
  0.000021  -0.000007   0.000095
 -0.000317  -0.000174  -0.000369
  0.000012  -0.000023   0.000072
 -0.000081  -0.000057   0.000028
  0.000002   0.000038  -0.000000
  0.000183  -0.000219   0.000002
  0.000041   0.000031  -0.000034
  0.000696  -0.000524  -0.001036
 -0.000038  -0.000033   0.000078
  0.006814   0.002378   0.000404
  0.000216  -0.000015   0.000045
 -0.001637  -0.000344  -0.000808
 -0.000041   0.000043   0.000015
 -0.000939  -0.006715  -0.007682
  0.000693  -0.000489  -0.001457
 -0.087723  -0.032714  -0.054036
 -0.000677  -0.000039  -0.000068
  0.000086   0.000060   0.000209
  0.000072  -0.000034   0.000128
 -0.000029  -0.000096   0.000138
 -0.000037   0.000097   0.000130
  0.000015   0.000056   0.000001
  0.000015  -0.000033   0.000007
 -0.000013   0.000002  -0.000037
 -0.000030  -0.000011  -0.000016
  0.000020  -0.000025  -0.000060
  0.000019   0.000014  -0.000027
 -0.000002   0.000012  -0.000000
 -0.000009   0.000000  -0.000012
  0.000006  -0.000014  -0.000056
  0.000006  -0.000006  -0.000015
  0.000012   0.000020   0.000002
  0.000012  -0.000015   0.000024
  0.000009   0.000016   0.000001
  0.000018   0.000003  -0.000019
  0.000016  -0.000008  -0.000037
  0.000001   0.000006  -0.000009
  0.000004   0.000016  -0.000030
  0.000068  -0.000015  -0.000017
  0.000008   0.000027   0.000023
 -0.000003  -0.000050   0.000048
  0.000174  -0.000161   0.000168
  0.000434   0.000278   0.000383
 -0.000011  -0.000005   0.000041
 -0.000069  -0.000004   0.000066
 -0.000172   0.000025  -0.000066
  0.000557  -0.000157   0.000081
  0.071257   0.026903   0.027797
  0.001891   0.000145   0.001040
 -0.000054   0.000007  -0.000199
 -0.000019  -0.000030  -0.000147
 -0.000206   0.000036  -0.000174
 -0.000627  -0.000081  -0.000413
  0.000800  -0.000259  -0.000596
  0.003018  -0.002927  -0.003252
 -0.000371  -0.000164  -0.000870
 -0.001523   0.000966  -0.000632
  0.000673  -0.000489  -0.002714
 -0.000722  -0.000789   0.002742
  0.000168   0.000002  -0.001248
 -0.002069   0.001928  -0.000981
  0.000021   0.000003  -0.000550
  0.000299  -0.000130  -0.000557
 -0.000109  -0.000096  -0.000315
  0.000998   0.000161   0.000288
  0.000119  -0.000010  -0.000414
  0.000794   0.000136  -0.000953
  0.000004   0.000127  -0.000354
  0.000543  -0.000400  -0.000608
 -0.000722   0.000231   0.002927
  0.005414  -0.000389  -0.001690
 -0.000110   0.000009   0.000845
 -0.001703   0.000321   0.000609
  0.000108   0.000006   0.000518
 -0.004334  -0.000814  -0.010615
 -0.000155   0.000006   0.000471
 -0.003075  -0.000248   0.001105
  0.000160  -0.000042   0.000836
  0.001156   0.000330   0.002802
   47    2  0.0000  0.0150 -0.0000
 -0.000016   0.000066   0.000046
  0.000056  -0.000047   0.000201
 -0.000105  -0.000085  -0.000094
  0.000066   0.000013  -0.000048
 -0.000449   0.000270   0.000115
  0.000033   0.000027   0.000006
 -0.000247  -0.001525  -0.001644
  0.000067  -0.000051   0.000019
  0.000551   0.008792   0.014130
 -0.000196   0.000078  -0.000099
  0.000055   0.000016   0.000011
 -0.000016   0.000007   0.000011
 -0.000004   0.000004   0.000007
 -0.000002   0.000002   0.000016
  0.000008   0.000002  -0.000003
  0.000013   0.000011  -0.000016
 -0.000004   0.000002   0.000001
  0.000024   0.000017   0.000012
  0.000053  -0.000018  -0.000022
  0.000050  -0.000032  -0.000013
 -0.000022  -0.000003  -0.000002
  0.000521   0.000681  -0.000274
  0.000011  -0.000014   0.000019
  0.000109  -0.000150  -0.000298
  0.000005   0.000002  -0.000001
 -0.000044  -0.000011   0.000000
  0.000012   0.000003  -0.000003
 -0.000086  -0.000043   0.000019
 -0.000000   0.000007   0.000001
  0.000001   0.000004   0.000003
  0.000007  -0.000005   0.000011
  0.000012   0.000006   0.000020
 -0.000033   0.000109   0.000012
  0.000006  -0.000006   0.000011
  0.000077   0.000070   0.000039
 -0.000001   0.000005  -0.000002
 -0.000045   0.000018  -0.000187
  0.000016   0.000007  -0.000015
  0.000169  -0.000420   0.000125
 -0.000004   0.000002   0.000010
  0.003125   0.000351   0.000147
  0.000024   0.000023   0.000041
 -0.001100  -0.000025   0.000986
  0.000026  -0.000007  -0.000030
 -0.007292  -0.015678  -0.040330
 -0.000061  -0.000535  -0.000241
 -0.032753  -0.098868  -0.123346
  0.000045  -0.000005   0.000040
  0.000064   0.000020   0.000092
  0.000035  -0.000014   0.000053
 -0.000008  -0.000031   0.000050
 -0.000021   0.000072   0.000087
  0.000007   0.000006   0.000001
  0.000008  -0.000012  -0.000003
 -0.000010  -0.000002  -0.000011
 -0.000019  -0.000002  -0.000004
  0.000010  -0.000002  -0.000014
  0.000011   0.000007  -0.000013
  0.000002   0.000003   0.000000
 -0.000005  -0.000003  -0.000000
  0.000002  -0.000001  -0.000013
 -0.000001   0.000002  -0.000010
  0.000004   0.000004  -0.000002
  0.000006  -0.000002   0.000003
  0.000004   0.000004  -0.000006
  0.000006   0.000000  -0.000006
  0.000004  -0.000000  -0.000010
  0.000006   0.000003  -0.000005
  0.000012   0.000015  -0.000004
  0.000003  -0.000011  -0.000012
  0.000005   0.000008   0.000011
  0.000011  -0.000003   0.000031
  0.000064  -0.000048   0.000054
  0.000053   0.000326   0.000128
 -0.000009   0.000001   0.000015
  0.000060  -0.000023   0.000029
 -0.000009  -0.000002  -0.000037
  0.000307  -0.000483  -0.000193
  0.038748   0.099870   0.143939
  0.000053  -0.000002  -0.000220
 -0.000046   0.000010  -0.000086
  0.000011  -0.000014  -0.000086
 -0.000073   0.000017  -0.000070
  0.000077  -0.000097   0.000055
  0.000102  -0.000059  -0.000199
 -0.006333  -0.005815  -0.004146
 -0.000096  -0.000049  -0.000127
 -0.002627  -0.001175   0.000025
  0.000827   0.004106   0.000165
 -0.001453  -0.002122   0.001989
 -0.000006   0.000204  -0.000614
  0.001713  -0.005425   0.002567
 -0.000008  -0.000004  -0.000233
  0.000059  -0.000141  -0.000441
 -0.000026  -0.000036  -0.000128
  0.000263   0.000447  -0.000252
  0.000050   0.000002  -0.000173
 -0.000147   0.000262  -0.000307
  0.000005   0.000053  -0.000139
  0.000035  -0.000626  -0.000607
  0.000114   0.000344   0.000852
  0.010687   0.011589  -0.003191
 -0.000052   0.000003   0.000347
 -0.000122   0.000302   0.000361
  0.000102  -0.000033   0.000287
 -0.003156   0.006200   0.007755
 -0.000085  -0.000004   0.000210
 -0.002339   0.000897   0.002792
  0.000082  -0.000031   0.000347
  0.000382  -0.001573  -0.000276
   47    3  0.0000  0.0000  0.0150
  0.000171   0.000184   0.000208
 -0.000592  -0.000397   0.000240
 -0.000176  -0.000286  -0.000382
  0.000169   0.000107  -0.000294
 -0.000480   0.000628   0.000232
  0.000123  -0.000043   0.000014
 -0.000452  -0.001700  -0.001972
  0.000218  -0.000070  -0.000016
  0.002136   0.001754  -0.002231
 -0.000382   0.000370  -0.000410
  0.000186  -0.000021   0.000078
 -0.000036   0.000064   0.000055
 -0.000009   0.000042   0.000107
 -0.000036  -0.000045   0.000142
  0.000030  -0.000011   0.000069
 -0.000001   0.000096  -0.000084
 -0.000007  -0.000037   0.000043
 -0.000073  -0.000053   0.000138
  0.000153   0.000033   0.000171
  0.000405   0.000189  -0.000228
 -0.000030   0.000002  -0.000064
 -0.000430  -0.000026  -0.000743
  0.000099  -0.000091   0.000139
 -0.000522  -0.000382   0.000000
  0.000003  -0.000015  -0.000034
  0.000005   0.000155  -0.000102
  0.000031  -0.000005   0.000008
  0.000017   0.000039   0.000051
  0.000017   0.000036   0.000046
 -0.000017   0.000017   0.000028
 -0.000052   0.000031   0.000075
  0.000018  -0.000027   0.000118
 -0.000059  -0.000008   0.000092
 -0.000007  -0.000020   0.000100
  0.000012  -0.000120  -0.000074
 -0.000012   0.000056  -0.000026
  0.000180   0.000002   0.000277
  0.000007   0.000033  -0.000034
  0.000424  -0.000099   0.000570
 -0.000017  -0.000033   0.000099
 -0.001845  -0.000613  -0.003002
  0.000136  -0.000038   0.000056
 -0.000567  -0.000619  -0.000457
  0.000057   0.000002   0.000013
  0.001415   0.011485   0.030126
 -0.000584  -0.000752  -0.000415
 -0.054273  -0.123768  -0.522719
 -0.000079  -0.000040  -0.000029
  0.000220   0.000099   0.000362
  0.000139  -0.000059   0.000247
 -0.000044  -0.000159   0.000249
 -0.000081   0.000248   0.000331
  0.000018   0.000068   0.000008
  0.000022  -0.000075  -0.000003
 -0.000035  -0.000005  -0.000064
 -0.000067  -0.000010  -0.000032
  0.000020  -0.000034  -0.000095
  0.000031   0.000032  -0.000075
 -0.000001   0.000020   0.000010
 -0.000028  -0.000015   0.000003
  0.000019  -0.000022  -0.000088
 -0.000024   0.000001  -0.000038
  0.000010   0.000035   0.000012
  0.000014  -0.000035   0.000031
  0.000012   0.000033   0.000019
  0.000008   0.000005  -0.000022
 -0.000007  -0.000019  -0.000084
  0.000015   0.000014  -0.000031
  0.000043  -0.000023  -0.000045
  0.000033  -0.000019  -0.000022
  0.000002   0.000046   0.000005
 -0.000004  -0.000061   0.000066
  0.000192  -0.000195   0.000277
  0.000396   0.000359   0.000387
 -0.000025  -0.000013   0.000079
 -0.000004  -0.000031   0.000088
 -0.000288   0.000023  -0.000134
  0.001324   0.000028  -0.000044
  0.058766   0.114898   0.495367
  0.001030   0.000281   0.000209
 -0.000197   0.000033  -0.000389
 -0.000022  -0.000052  -0.000357
 -0.000271   0.000055  -0.000260
 -0.000636  -0.000101  -0.000328
  0.000831  -0.000247  -0.000835
 -0.006383  -0.005854   0.003103
 -0.000237  -0.000211  -0.001029
 -0.002971   0.000152   0.000254
  0.000858  -0.001106  -0.002643
 -0.000229   0.000236   0.006077
  0.000210   0.000407  -0.001068
 -0.002984  -0.001328   0.002778
 -0.000044  -0.000014  -0.001119
  0.000076  -0.000074  -0.001659
 -0.000228  -0.000175  -0.000586
  0.000371   0.000480  -0.001391
  0.000176  -0.000011  -0.000704
 -0.000005   0.000124  -0.001173
 -0.000038   0.000222  -0.000622
  0.000114  -0.000559  -0.001232
 -0.000859   0.000180   0.002856
  0.011759   0.001697  -0.010707
 -0.000086   0.000021   0.001573
 -0.000086   0.000044   0.002600
  0.000412  -0.000096   0.001166
 -0.005648   0.003718   0.001002
 -0.000130   0.000009   0.000764
 -0.002771   0.001304   0.003718
  0.000009   0.000034   0.001098
  0.002031  -0.000315   0.002167
   49    1  0.0150  0.0000  0.0000
  0.000140  -0.000031  -0.000027
  0.000374   0.000164  -0.000180
 -0.000021  -0.000001   0.000049
 -0.000065  -0.000043   0.000101
  0.000019  -0.000024   0.000006
  0.000000   0.000082  -0.000089
 -0.000002   0.000055   0.000098
 -0.000018  -0.000051   0.000087
  0.000107  -0.000041   0.000034
  0.000008   0.000058  -0.000007
  0.010416   0.013200   0.048390
  0.000108   0.000606  -0.000288
 -0.002406   0.000410   0.001937
  0.000258  -0.000191   0.000060
  0.000462   0.000234  -0.000282
  0.000144   0.000043  -0.000032
 -0.000006  -0.000186  -0.000377
  0.000103   0.000071  -0.000106
  0.000072   0.000110   0.000081
  0.000195  -0.000302   0.000145
 -0.000015  -0.000003   0.000044
 -0.000070  -0.000006   0.000073
  0.000169  -0.000156   0.000160
  0.000449   0.000292   0.000401
  0.000006   0.000031   0.000025
 -0.000008  -0.000055   0.000052
  0.000001   0.000017  -0.000025
  0.000062  -0.000015  -0.000021
  0.000007   0.000013  -0.000004
  0.000015   0.000002  -0.000018
  0.000017  -0.000008  -0.000044
 -0.000001   0.000009  -0.000017
  0.000002  -0.000012  -0.000052
  0.000003  -0.000005  -0.000021
  0.000011   0.000024   0.000007
  0.000011  -0.000019   0.000026
 -0.000004   0.000014  -0.000006
 -0.000011  -0.000002  -0.000011
  0.000025  -0.000026  -0.000072
  0.000019   0.000017  -0.000035
 -0.000013   0.000007  -0.000043
 -0.000034  -0.000009  -0.000023
  0.000020   0.000063   0.000003
  0.000015  -0.000039   0.000005
 -0.000033  -0.000118   0.000161
 -0.000043   0.000122   0.000159
  0.000108   0.000066   0.000222
  0.000081  -0.000034   0.000134
 -0.087680  -0.032562  -0.053677
 -0.000693  -0.000034  -0.000086
 -0.000896  -0.006678  -0.007734
  0.000697  -0.000503  -0.001475
 -0.001629  -0.000337  -0.000810
 -0.000042   0.000047   0.000014
  0.006826   0.002391   0.000443
  0.000221  -0.000015   0.000052
  0.000697  -0.000521  -0.001030
 -0.000042  -0.000034   0.000081
  0.000184  -0.000221  -0.000004
  0.000042   0.000032  -0.000034
 -0.000316  -0.000174  -0.000360
  0.000016  -0.000021   0.000068
 -0.000081  -0.000057   0.000026
  0.000002   0.000040  -0.000004
  0.000009   0.000015   0.000025
 -0.000006   0.000022  -0.000008
  0.000076  -0.000020  -0.000001
  0.000021  -0.000006   0.000092
  0.000003  -0.000004   0.000015
 -0.000088   0.000007   0.000079
  0.000010  -0.000007  -0.000020
  0.000038   0.000087  -0.000063
  0.000030  -0.000026   0.000052
 -0.000250  -0.000157  -0.000555
 -0.000007  -0.000006  -0.000072
  0.000289   0.000446  -0.000053
 -0.000211   0.000048  -0.000164
 -0.000694  -0.000102  -0.000427
 -0.000045  -0.000035  -0.000223
 -0.000029  -0.000036  -0.000195
  0.071184   0.026718   0.027496
  0.001903   0.000150   0.001100
 -0.000094   0.000015  -0.000053
  0.000572  -0.000150   0.000055
  0.000131  -0.000000  -0.000437
  0.000765   0.000125  -0.001050
 -0.000067  -0.000098  -0.000292
  0.000961   0.000173   0.000213
 -0.000009  -0.000010  -0.000606
  0.000292  -0.000146  -0.000730
  0.000016   0.000122  -0.000351
  0.000518  -0.000414  -0.000693
  0.000648  -0.000508  -0.002532
 -0.000739  -0.000775   0.002861
 -0.000352  -0.000150  -0.000808
 -0.001578   0.000969  -0.000631
  0.000826  -0.000266  -0.000537
  0.002964  -0.002924  -0.003226
  0.000177  -0.000009  -0.001174
 -0.002104   0.001926  -0.000961
 -0.000132   0.000003   0.000844
 -0.001661   0.000330   0.000749
 -0.000729   0.000233   0.002767
  0.005460  -0.000410  -0.001766
 -0.004324  -0.000830  -0.010736
  0.000171  -0.000011   0.000619
  0.000138  -0.000045   0.000816
  0.001192   0.000321   0.002850
 -0.000205  -0.000005   0.000435
 -0.003055  -0.000250   0.001141
   49    2  0.0000  0.0150 -0.0000
  0.000054  -0.000018  -0.000023
  0.000051  -0.000032  -0.000013
 -0.000003   0.000002   0.000002
  0.000025   0.000017   0.000012
  0.000008   0.000002  -0.000004
  0.000013   0.000011  -0.000016
 -0.000004   0.000005   0.000008
 -0.000002   0.000003   0.000016
  0.000055   0.000016   0.000011
 -0.000016   0.000007   0.000011
  0.000541   0.008779   0.014147
 -0.000195   0.000078  -0.000099
 -0.000247  -0.001524  -0.001647
  0.000067  -0.000050   0.000018
 -0.000447   0.000270   0.000116
  0.000034   0.000028   0.000006
 -0.000104  -0.000084  -0.000094
  0.000066   0.000013  -0.000048
 -0.000016   0.000066   0.000046
  0.000057  -0.000045   0.000200
 -0.000009   0.000001   0.000015
  0.000060  -0.000023   0.000028
  0.000064  -0.000047   0.000054
  0.000052   0.000327   0.000128
  0.000004   0.000009   0.000011
  0.000011  -0.000002   0.000031
  0.000012   0.000015  -0.000004
  0.000003  -0.000011  -0.000012
  0.000004   0.000004  -0.000006
  0.000006   0.000001  -0.000006
  0.000004   0.000000  -0.000010
  0.000005   0.000004  -0.000005
  0.000001  -0.000001  -0.000013
 -0.000001   0.000003  -0.000011
  0.000004   0.000005  -0.000002
  0.000006  -0.000002   0.000003
  0.000002   0.000003   0.000000
 -0.000005  -0.000002  -0.000000
  0.000010  -0.000002  -0.000014
  0.000011   0.000007  -0.000013
 -0.000010  -0.000001  -0.000011
 -0.000019  -0.000002  -0.000004
  0.000007   0.000006   0.000001
  0.000008  -0.000012  -0.000003
 -0.000008  -0.000031   0.000050
 -0.000021   0.000072   0.000087
  0.000064   0.000021   0.000092
  0.000035  -0.000014   0.000053
 -0.032581  -0.098775  -0.123121
  0.000045  -0.000004   0.000040
 -0.007267  -0.015681  -0.040309
 -0.000061  -0.000534  -0.000241
 -0.001100  -0.000025   0.000985
  0.000026  -0.000007  -0.000030
  0.003123   0.000353   0.000148
  0.000024   0.000024   0.000041
  0.000170  -0.000421   0.000123
 -0.000005   0.000002   0.000010
 -0.000046   0.000018  -0.000186
  0.000016   0.000007  -0.000015
 -0.000033   0.000109   0.000012
  0.000006  -0.000006   0.000011
  0.000077   0.000070   0.000038
 -0.000001   0.000005  -0.000002
 -0.000000   0.000007   0.000001
  0.000001   0.000005   0.000003
  0.000007  -0.000004   0.000011
  0.000012   0.000006   0.000020
  0.000012   0.000004  -0.000003
 -0.000086  -0.000043   0.000019
  0.000005   0.000003  -0.000001
 -0.000044  -0.000011   0.000000
  0.000010  -0.000013   0.000019
  0.000109  -0.000150  -0.000299
 -0.000022  -0.000003  -0.000002
  0.000524   0.000681  -0.000273
 -0.000072   0.000017  -0.000069
  0.000078  -0.000095   0.000056
 -0.000047   0.000010  -0.000085
  0.000011  -0.000013  -0.000085
  0.038587   0.099773   0.143670
  0.000053  -0.000001  -0.000222
 -0.000008  -0.000002  -0.000037
  0.000302  -0.000484  -0.000193
  0.000051   0.000002  -0.000172
 -0.000147   0.000262  -0.000305
 -0.000025  -0.000035  -0.000126
  0.000262   0.000446  -0.000251
 -0.000008  -0.000003  -0.000232
  0.000059  -0.000140  -0.000440
  0.000005   0.000053  -0.000138
  0.000034  -0.000624  -0.000606
  0.000826   0.004116   0.000162
 -0.001452  -0.002121   0.001984
 -0.000097  -0.000048  -0.000125
 -0.002623  -0.001177   0.000025
  0.000102  -0.000059  -0.000198
 -0.006342  -0.005831  -0.004137
 -0.000006   0.000204  -0.000613
  0.001723  -0.005425   0.002568
 -0.000053   0.000003   0.000346
 -0.000122   0.000301   0.000360
  0.000114   0.000346   0.000848
  0.010661   0.011585  -0.003184
 -0.003162   0.006194   0.007766
  0.000101  -0.000033   0.000286
  0.000082  -0.000030   0.000346
  0.000380  -0.001574  -0.000278
 -0.000087  -0.000004   0.000209
 -0.002335   0.000901   0.002786
   49    3  0.0000  0.0000  0.0150
  0.000152   0.000033   0.000171
  0.000404   0.000188  -0.000227
 -0.000007  -0.000037   0.000043
 -0.000073  -0.000052   0.000138
  0.000030  -0.000010   0.000069
 -0.000001   0.000096  -0.000084
 -0.000009   0.000042   0.000107
 -0.000036  -0.000045   0.000142
  0.000186  -0.000022   0.000078
 -0.000036   0.000063   0.000055
  0.002140   0.001775  -0.002167
 -0.000380   0.000369  -0.000409
 -0.000452  -0.001707  -0.001977
  0.000217  -0.000070  -0.000016
 -0.000481   0.000627   0.000229
  0.000123  -0.000043   0.000014
 -0.000176  -0.000286  -0.000382
  0.000168   0.000106  -0.000293
  0.000170   0.000183   0.000207
 -0.000590  -0.000396   0.000241
 -0.000025  -0.000013   0.000079
 -0.000004  -0.000030   0.000088
  0.000192  -0.000194   0.000276
  0.000395   0.000359   0.000386
  0.000002   0.000046   0.000005
 -0.000004  -0.000061   0.000066
  0.000043  -0.000023  -0.000045
  0.000033  -0.000019  -0.000021
  0.000012   0.000033   0.000019
  0.000008   0.000005  -0.000022
 -0.000006  -0.000019  -0.000083
  0.000016   0.000013  -0.000031
  0.000019  -0.000022  -0.000088
 -0.000024   0.000001  -0.000038
  0.000011   0.000035   0.000012
  0.000014  -0.000035   0.000031
 -0.000001   0.000020   0.000010
 -0.000028  -0.000015   0.000003
  0.000020  -0.000034  -0.000095
  0.000031   0.000032  -0.000074
 -0.000034  -0.000005  -0.000063
 -0.000067  -0.000010  -0.000032
  0.000018   0.000068   0.000008
  0.000022  -0.000075  -0.000003
 -0.000044  -0.000158   0.000248
 -0.000081   0.000247   0.000329
  0.000219   0.000100   0.000362
  0.000139  -0.000059   0.000247
 -0.053893  -0.123562  -0.522629
 -0.000078  -0.000040  -0.000028
  0.001386   0.011482   0.030062
 -0.000583  -0.000751  -0.000414
 -0.000565  -0.000611  -0.000461
  0.000056   0.000002   0.000013
 -0.001828  -0.000602  -0.002997
  0.000136  -0.000038   0.000056
  0.000431  -0.000102   0.000570
 -0.000017  -0.000033   0.000099
  0.000180   0.000003   0.000277
  0.000007   0.000033  -0.000034
 -0.000060  -0.000008   0.000092
 -0.000007  -0.000020   0.000100
  0.000012  -0.000119  -0.000074
 -0.000012   0.000056  -0.000026
  0.000017   0.000036   0.000046
 -0.000017   0.000017   0.000029
 -0.000052   0.000031   0.000075
  0.000018  -0.000027   0.000117
  0.000031  -0.000005   0.000009
  0.000017   0.000039   0.000051
  0.000003  -0.000015  -0.000034
  0.000005   0.000155  -0.000102
  0.000098  -0.000090   0.000138
 -0.000522  -0.000380   0.000001
 -0.000030   0.000002  -0.000064
 -0.000429  -0.000026  -0.000742
 -0.000269   0.000055  -0.000259
 -0.000634  -0.000102  -0.000327
 -0.000197   0.000033  -0.000388
 -0.000021  -0.000051  -0.000356
  0.058379   0.114654   0.495257
  0.001026   0.000281   0.000210
 -0.000287   0.000023  -0.000133
  0.001322   0.000027  -0.000044
  0.000175  -0.000010  -0.000700
 -0.000005   0.000123  -0.001170
 -0.000228  -0.000174  -0.000583
  0.000369   0.000478  -0.001389
 -0.000044  -0.000015  -0.001113
  0.000075  -0.000073  -0.001653
 -0.000038   0.000221  -0.000618
  0.000113  -0.000559  -0.001228
  0.000855  -0.001106  -0.002638
 -0.000231   0.000240   0.006051
 -0.000235  -0.000210  -0.001025
 -0.002962   0.000152   0.000251
  0.000829  -0.000246  -0.000832
 -0.006363  -0.005829   0.003106
  0.000209   0.000406  -0.001064
 -0.002973  -0.001315   0.002779
 -0.000085   0.000021   0.001566
 -0.000083   0.000043   0.002593
 -0.000858   0.000179   0.002848
  0.011722   0.001679  -0.010672
 -0.005642   0.003713   0.001004
  0.000411  -0.000096   0.001163
  0.000008   0.000034   0.001094
  0.002030  -0.000314   0.002164
 -0.000130   0.000009   0.000761
 -0.002765   0.001303   0.003706
   51    1  0.0150  0.0000  0.0000
 -0.000156   0.000092   0.000203
 -0.000042  -0.000055   0.000077
  0.000050  -0.000029  -0.000049
  0.000034   0.000011  -0.000015
  0.000011   0.000026   0.000042
  0.000001  -0.000006   0.000005
  0.000027  -0.000007  -0.000023
  0.000011   0.000003  -0.000026
  0.000008   0.000004  -0.000009
 -0.000017  -0.000008  -0.000018
  0.019418   0.043660  -0.027648
  0.000714  -0.000439   0.000647
 -0.001922   0.001989  -0.002203
 -0.000211   0.000183  -0.000150
  0.000091   0.000234   0.000792
 -0.000008  -0.000156   0.000094
 -0.000202  -0.000407  -0.000084
 -0.000066   0.000090  -0.000109
  0.000257   0.000026   0.000058
  0.000148  -0.000054   0.000014
  0.000025  -0.000017  -0.000023
  0.000011   0.000006  -0.000004
 -0.000175   0.000139  -0.000133
 -0.000039   0.000027  -0.000011
  0.000006  -0.000019  -0.000025
  0.000006   0.000007  -0.000007
  0.000005   0.000012   0.000004
  0.000011   0.000005  -0.000000
  0.000003   0.000006   0.000019
  0.000004  -0.000003   0.000005
 -0.000010  -0.000004  -0.000014
 -0.000005  -0.000001  -0.000001
  0.000023  -0.000004  -0.000003
  0.000015  -0.000001   0.000005
 -0.000001  -0.000002  -0.000005
 -0.000001   0.000003  -0.000001
  0.000010  -0.000003  -0.000002
  0.000006   0.000004  -0.000003
 -0.000010   0.000001   0.000005
 -0.000013  -0.000007   0.000016
  0.000024  -0.000003   0.000004
  0.000017  -0.000000   0.000011
 -0.000003  -0.000009  -0.000000
 -0.000005   0.000016   0.000001
  0.000024   0.000054  -0.000074
  0.000021  -0.000050  -0.000073
 -0.000040  -0.000015  -0.000051
 -0.000047   0.000028  -0.000088
 -0.000887  -0.007254   0.001383
  0.000701   0.000062  -0.000567
 -0.102818  -0.067490   0.029445
  0.002707   0.000729   0.000672
  0.006938   0.002232   0.001757
 -0.000232   0.000157   0.000014
 -0.001784  -0.000410   0.000188
 -0.000139   0.000047  -0.000055
  0.000024  -0.000218   0.000193
  0.000026  -0.000020   0.000009
  0.000917  -0.001456   0.000378
  0.000027  -0.000011   0.000040
  0.000044   0.000017  -0.000029
 -0.000008   0.000006   0.000001
 -0.000292  -0.000445  -0.000009
  0.000022   0.000025  -0.000013
  0.000081  -0.000012  -0.000005
  0.000004  -0.000003   0.000001
  0.000018   0.000010   0.000020
  0.000015  -0.000003   0.000022
 -0.000014   0.000000   0.000018
 -0.000012   0.000015   0.000022
  0.000011   0.000014  -0.000023
  0.000013   0.000030  -0.000035
  0.000055  -0.000016   0.000018
  0.000002  -0.000011  -0.000081
  0.000153   0.000035  -0.000082
  0.000188  -0.000062   0.000148
  0.000256  -0.000045   0.000104
  0.000145   0.000006   0.000051
  0.000009  -0.000011   0.000090
  0.000016   0.000009   0.000103
  0.071499   0.040782  -0.012011
 -0.001329   0.000341  -0.000884
 -0.000440  -0.000037   0.000033
 -0.000220  -0.000021  -0.000013
 -0.000161   0.000024   0.000405
  0.000070   0.000018   0.000143
 -0.000118   0.000095   0.000241
  0.000067  -0.000046   0.000247
 -0.000061  -0.000019   0.000395
  0.000014   0.000005   0.000333
 -0.000086  -0.000123   0.000293
  0.000029   0.000069   0.000198
  0.005229  -0.003342   0.003109
  0.000524  -0.002515  -0.002556
  0.001005   0.000755   0.000948
  0.000383  -0.000081  -0.000515
 -0.000347  -0.000285   0.000929
  0.001455   0.000391  -0.000141
 -0.000336  -0.000787   0.001738
  0.001709  -0.000877   0.000244
  0.000278   0.000017  -0.000560
 -0.000097  -0.000021  -0.000484
  0.001015  -0.000489  -0.005280
 -0.002210   0.001452   0.003731
 -0.001765  -0.006503   0.006880
 -0.000078  -0.000007  -0.000293
 -0.000498   0.000112  -0.000745
 -0.000305  -0.000210  -0.000209
  0.000551   0.000075  -0.000667
  0.000030  -0.000021  -0.000438
   51    2  0.0000  0.0150 -0.0000
 -0.000429   0.000179   0.000330
 -0.000133  -0.000047   0.000016
  0.000071  -0.000035  -0.000120
  0.000030   0.000003  -0.000040
 -0.000007   0.000080   0.000113
 -0.000023  -0.000017  -0.000028
  0.000034  -0.000042  -0.000087
  0.000008   0.000032  -0.000104
 -0.000014   0.000041  -0.000011
 -0.000056  -0.000039  -0.000068
  0.008018   0.014663  -0.003569
  0.000107   0.001010  -0.000554
 -0.001318  -0.003680   0.000032
  0.000310  -0.000305   0.000235
 -0.000865   0.000721   0.000141
  0.000147   0.000166  -0.000091
 -0.000321  -0.000237  -0.000148
  0.000002  -0.000042   0.000005
  0.000395  -0.000056  -0.000016
  0.000265   0.000077  -0.000078
  0.000057  -0.000020  -0.000084
  0.000003   0.000005  -0.000038
 -0.000490   0.000541  -0.000435
 -0.000129  -0.000069  -0.000131
  0.000002  -0.000058  -0.000090
 -0.000001   0.000028  -0.000013
 -0.000024  -0.000039   0.000033
 -0.000005   0.000002   0.000023
 -0.000011   0.000012   0.000031
 -0.000003   0.000013  -0.000002
 -0.000012   0.000003   0.000002
 -0.000015  -0.000008   0.000037
  0.000020  -0.000008   0.000009
  0.000014  -0.000012   0.000051
 -0.000011  -0.000016  -0.000026
 -0.000011   0.000023  -0.000007
  0.000016  -0.000003   0.000004
  0.000009   0.000017  -0.000007
 -0.000025   0.000015   0.000033
 -0.000031  -0.000028   0.000069
  0.000045  -0.000007   0.000020
  0.000029   0.000002   0.000040
 -0.000015  -0.000035  -0.000005
 -0.000018   0.000065   0.000000
  0.000050   0.000135  -0.000185
  0.000044  -0.000138  -0.000202
 -0.000113  -0.000041  -0.000167
 -0.000112   0.000077  -0.000255
 -0.006711  -0.015635   0.011513
  0.000514  -0.000551   0.000773
 -0.067578  -0.345156   0.190474
 -0.000727  -0.001450   0.000440
 -0.000269  -0.001831   0.001857
  0.000145  -0.000085  -0.000037
 -0.001684   0.000404  -0.000883
 -0.000060   0.000015   0.000019
  0.000155   0.000038  -0.000086
  0.000040   0.000008  -0.000060
  0.000016  -0.000127  -0.000161
 -0.000014  -0.000004   0.000006
 -0.000016   0.000015  -0.000036
 -0.000030  -0.000004   0.000002
  0.000048   0.000138   0.000006
  0.000006  -0.000002   0.000006
 -0.000000   0.000060   0.000001
 -0.000002   0.000014  -0.000013
  0.000013   0.000002  -0.000021
  0.000041   0.000002   0.000026
 -0.000006   0.000006  -0.000017
 -0.000064  -0.000011   0.000040
  0.000017   0.000050   0.000012
  0.000004   0.000008  -0.000020
  0.000188  -0.000143   0.000145
 -0.000036  -0.000116  -0.000234
  0.000182   0.000098   0.000089
  0.000253   0.000151  -0.000217
  0.000662  -0.000175   0.000366
  0.000233   0.000021   0.000143
  0.000042  -0.000033   0.000216
  0.000060   0.000017   0.000261
  0.074681   0.335408  -0.206225
  0.002429  -0.000951  -0.001274
 -0.000808  -0.000099  -0.000002
 -0.000132  -0.000027   0.000202
 -0.000686   0.000111   0.001106
  0.000128   0.000030   0.000429
 -0.000508   0.000265   0.000363
  0.000307  -0.000130   0.000718
 -0.000193  -0.000011   0.000895
  0.000042   0.000004   0.000878
 -0.000327  -0.000184   0.000547
  0.000126   0.000221   0.000567
 -0.004349  -0.001670   0.013407
 -0.000610   0.000022  -0.002738
  0.001492   0.001117   0.003905
  0.000606  -0.000129  -0.000289
 -0.004048   0.001344   0.003713
  0.001496   0.001344   0.000209
 -0.000828  -0.006481   0.005420
  0.001276  -0.000676   0.000156
  0.001067  -0.000087  -0.001198
 -0.000333  -0.000017  -0.001416
  0.004083  -0.001155  -0.020669
 -0.002362   0.001019   0.002910
 -0.003558   0.022071   0.004396
 -0.000217   0.000003  -0.000763
 -0.000603  -0.000131  -0.001639
 -0.000517  -0.000148  -0.000733
  0.001523   0.000328  -0.001169
 -0.000082  -0.000046  -0.000980
   51    3  0.0000  0.0000  0.0150
  0.000557  -0.000219  -0.000314
  0.000248   0.000077  -0.000061
 -0.000079   0.000055   0.000132
 -0.000049  -0.000002   0.000077
  0.000023  -0.000119  -0.000170
  0.000032   0.000039   0.000027
 -0.000045   0.000072   0.000141
 -0.000016  -0.000050   0.000160
  0.000037  -0.000070   0.000013
  0.000061   0.000069   0.000094
 -0.002235   0.010367  -0.011293
 -0.000477   0.000042   0.000042
  0.000940   0.000804   0.001030
  0.000088  -0.000030  -0.000065
  0.000298  -0.000311  -0.000604
 -0.000068   0.000014   0.000028
  0.000329   0.000175   0.000279
  0.000094  -0.000031   0.000133
 -0.000608   0.000149   0.000009
 -0.000372  -0.000109   0.000095
 -0.000089   0.000020   0.000112
 -0.000000  -0.000013   0.000068
  0.000655  -0.000603   0.000603
  0.000250   0.000240   0.000264
 -0.000011   0.000081   0.000098
  0.000003  -0.000046   0.000039
  0.000122   0.000051  -0.000035
  0.000011  -0.000008  -0.000034
  0.000016  -0.000019  -0.000037
  0.000006  -0.000016   0.000002
 -0.000002  -0.000013  -0.000015
  0.000024   0.000014  -0.000050
 -0.000026   0.000013  -0.000008
 -0.000022   0.000016  -0.000072
  0.000018   0.000026   0.000044
  0.000017  -0.000035   0.000017
 -0.000022   0.000004  -0.000006
 -0.000014  -0.000024   0.000010
  0.000040  -0.000024  -0.000050
  0.000042   0.000041  -0.000099
 -0.000063   0.000012  -0.000032
 -0.000042  -0.000004  -0.000058
  0.000024   0.000057   0.000010
  0.000027  -0.000097   0.000000
 -0.000072  -0.000194   0.000270
 -0.000068   0.000210   0.000302
  0.000169   0.000064   0.000265
  0.000156  -0.000098   0.000350
 -0.007713  -0.040375   0.029993
 -0.001499   0.000261  -0.000452
  0.029470   0.190175  -0.225076
  0.000674  -0.000441  -0.001633
  0.005581   0.002887  -0.001116
 -0.000058   0.000029  -0.000037
  0.000883   0.000635  -0.000064
  0.000267   0.000010   0.000108
 -0.000348  -0.000136   0.000318
 -0.000091  -0.000010   0.000078
  0.000083  -0.000427  -0.000614
  0.000045   0.000017  -0.000033
  0.000113   0.000063   0.000229
  0.000059   0.000005   0.000007
 -0.000079  -0.000022   0.000086
 -0.000024  -0.000007  -0.000007
  0.000015  -0.000067  -0.000046
  0.000006  -0.000011   0.000001
 -0.000051   0.000007   0.000034
 -0.000071   0.000012  -0.000063
  0.000031  -0.000005   0.000023
  0.000086   0.000013  -0.000065
 -0.000012  -0.000058   0.000003
 -0.000007  -0.000030   0.000047
 -0.000261   0.000177  -0.000187
  0.000175   0.000226   0.000134
 -0.000275  -0.000116  -0.000065
 -0.000203   0.000202   0.000559
 -0.000890   0.000235  -0.000500
 -0.000391  -0.000078  -0.000223
 -0.000067   0.000053  -0.000330
 -0.000075  -0.000033  -0.000391
 -0.029422  -0.174554   0.211157
  0.000087   0.000277   0.001816
  0.001123   0.000068   0.000021
  0.000223  -0.000134  -0.000395
  0.000929  -0.000116  -0.001407
 -0.000050   0.000044  -0.000769
  0.000677  -0.000271  -0.000425
 -0.000303   0.000263  -0.000897
  0.000260   0.000026  -0.001280
  0.000009  -0.000046  -0.001329
  0.000463   0.000247  -0.000754
 -0.000119  -0.000433  -0.000902
  0.004218   0.011352  -0.001952
 -0.002066  -0.000441   0.001542
 -0.001217  -0.000532  -0.003009
 -0.001298   0.000094  -0.000485
  0.003645  -0.001070  -0.002691
 -0.001698  -0.000831  -0.002651
  0.000956   0.002882  -0.005462
 -0.000582  -0.000667  -0.000507
 -0.001452   0.000051   0.001656
  0.000142   0.000107   0.001928
 -0.003962   0.000262   0.017569
  0.004032   0.001464   0.000987
  0.000986  -0.001269  -0.012530
  0.000306  -0.000016   0.001122
  0.000557  -0.000067   0.003021
  0.000613  -0.000190   0.001024
 -0.001962  -0.000294   0.001455
 -0.000373   0.000028   0.001720
   53    1  0.0150  0.0000  0.0000
  0.000043  -0.000009  -0.000035
  0.000005   0.000002  -0.000012
  0.000008   0.000012   0.000002
  0.000008  -0.000001  -0.000003
  0.000006  -0.000003  -0.000006
  0.000008  -0.000001  -0.000004
  0.000001  -0.000000  -0.000004
  0.000003   0.000002  -0.000001
  0.000000   0.000006   0.000002
  0.000007  -0.000003   0.000003
  0.067171   0.033929  -0.023125
 -0.000125   0.000110  -0.000100
 -0.002100  -0.026587   0.018040
  0.000043  -0.000032   0.000033
 -0.002630  -0.002031   0.000456
  0.000021   0.000020   0.000035
  0.000062   0.000040  -0.000206
  0.000009   0.000017  -0.000130
 -0.000019   0.000067  -0.000062
 -0.000195  -0.000055  -0.000082
 -0.000004   0.000001   0.000006
  0.000003  -0.000000   0.000000
  0.000052  -0.000031   0.000036
  0.000001   0.000005   0.000000
  0.000004   0.000004   0.000001
  0.000003   0.000002   0.000002
  0.000013  -0.000011  -0.000009
  0.000002  -0.000000   0.000001
  0.000003   0.000000  -0.000006
  0.000003   0.000002  -0.000002
  0.000006   0.000001   0.000007
  0.000004   0.000000   0.000003
 -0.000003  -0.000001  -0.000003
 -0.000000   0.000001   0.000002
  0.000004  -0.000001  -0.000003
  0.000003   0.000002  -0.000001
  0.000001   0.000002   0.000001
  0.000001   0.000001   0.000001
  0.000004   0.000002   0.000002
  0.000005   0.000001   0.000002
 -0.000001   0.000000   0.000002
 -0.000001   0.000001   0.000002
  0.000002  -0.000001  -0.000001
  0.000002   0.000001   0.000001
  0.000000  -0.000004   0.000008
  0.000001   0.000005   0.000008
  0.000007   0.000003   0.000007
  0.000010  -0.000004   0.000016
 -0.001609  -0.001108  -0.000574
 -0.000033  -0.000024   0.000069
  0.006908  -0.000296   0.005606
 -0.000244  -0.000130  -0.000039
 -0.090683  -0.049078   0.032333
  0.000027  -0.000022  -0.000002
 -0.000490  -0.000749  -0.000471
  0.000010  -0.000009   0.000008
 -0.001338   0.001167  -0.000230
 -0.000000   0.000003   0.000002
  0.004540  -0.003918  -0.000694
 -0.000005   0.000001  -0.000005
  0.000110  -0.000039  -0.000040
 -0.000019  -0.000014   0.000010
  0.000258   0.000956  -0.000364
 -0.000006  -0.000005   0.000004
 -0.000003   0.000231  -0.000026
 -0.000007  -0.000001   0.000027
  0.000023   0.000001  -0.000015
  0.000050  -0.000010   0.000049
 -0.000011   0.000001  -0.000005
  0.000054   0.000016  -0.000007
  0.000021   0.000025   0.000014
 -0.000002   0.000008   0.000021
  0.000002  -0.000008   0.000014
  0.000051  -0.000002   0.000007
 -0.000023  -0.000002   0.000016
 -0.001196   0.000217   0.000266
 -0.000035  -0.000003  -0.000028
  0.000014   0.000002   0.000001
  0.000003  -0.000001  -0.000000
 -0.000002   0.000003   0.000001
  0.020729   0.043388  -0.028652
  0.000326  -0.000062  -0.000037
 -0.000014  -0.000000  -0.000010
  0.000323   0.000100  -0.000800
  0.000009   0.000001  -0.000058
 -0.000039   0.000006  -0.000002
 -0.000020  -0.000012  -0.000045
 -0.000028   0.000011  -0.000067
  0.000004   0.000001  -0.000027
 -0.000009   0.000003  -0.000019
 -0.000002   0.000025  -0.000045
 -0.000018  -0.000019  -0.000030
 -0.000079   0.001359  -0.001646
  0.000118   0.000147   0.000473
 -0.000196  -0.000108  -0.000243
 -0.000145  -0.000066   0.000097
  0.000055  -0.000031  -0.000179
 -0.000627   0.000368   0.000033
  0.000053   0.000192  -0.000562
 -0.000157  -0.000009   0.000208
 -0.000033  -0.000000   0.000106
  0.000078   0.000006   0.000097
 -0.000077   0.000415   0.000996
  0.000833   0.000163  -0.000777
 -0.000096   0.001596  -0.000338
  0.000012   0.000003   0.000026
  0.000118  -0.000050   0.000224
  0.000065  -0.000032  -0.000026
 -0.000059  -0.000000   0.000134
  0.000058  -0.000073   0.000341
   53    2  0.0000  0.0150 -0.0000
  0.000053  -0.000006   0.000033
 -0.000009   0.000012   0.000001
 -0.000004  -0.000015   0.000024
 -0.000020  -0.000003   0.000013
 -0.000000  -0.000004   0.000011
 -0.000004  -0.000006   0.000050
 -0.000006   0.000003   0.000009
 -0.000007   0.000006   0.000029
  0.000057   0.000013   0.000014
  0.000012  -0.000012   0.000058
  0.041271   0.291339  -0.158356
 -0.000244   0.000077  -0.000081
  0.001644   0.029805  -0.018429
  0.000055   0.000056  -0.000048
  0.001727   0.000240   0.000476
 -0.000036  -0.000084  -0.000008
 -0.000249  -0.000703   0.000224
  0.000139   0.000010   0.000183
 -0.000107   0.000046   0.000123
 -0.000900  -0.000400  -0.000256
 -0.000010  -0.000003   0.000028
  0.000024  -0.000005   0.000012
  0.000070  -0.000088   0.000089
 -0.000018  -0.000016  -0.000021
  0.000001   0.000013   0.000016
  0.000000  -0.000006   0.000001
 -0.000009   0.000013  -0.000032
 -0.000020   0.000000  -0.000009
  0.000006   0.000010   0.000004
 -0.000005  -0.000007   0.000002
 -0.000003  -0.000002  -0.000023
  0.000013   0.000005  -0.000021
  0.000009  -0.000004  -0.000023
 -0.000018   0.000011  -0.000029
  0.000001   0.000008   0.000003
  0.000001  -0.000012  -0.000006
  0.000001   0.000003   0.000001
 -0.000003  -0.000012   0.000010
 -0.000001  -0.000006  -0.000021
  0.000005   0.000012  -0.000036
 -0.000010  -0.000004  -0.000015
 -0.000008   0.000008  -0.000015
  0.000002   0.000006   0.000000
  0.000003  -0.000024  -0.000010
 -0.000007  -0.000036   0.000054
 -0.000013   0.000062   0.000091
  0.000064   0.000007   0.000065
  0.000039  -0.000018   0.000078
 -0.000309  -0.000016  -0.000593
 -0.000054  -0.000005  -0.000002
  0.002222  -0.001826   0.002864
 -0.000171  -0.000084  -0.000030
 -0.049069  -0.325262   0.173543
  0.000018  -0.000008  -0.000015
 -0.002454  -0.008266   0.006138
 -0.000000  -0.000014   0.000033
  0.000887  -0.001319   0.000706
 -0.000005  -0.000010   0.000017
 -0.004837   0.003243   0.001533
 -0.000014  -0.000006   0.000003
  0.000052  -0.000131   0.000131
  0.000016   0.000032  -0.000001
 -0.001055  -0.001101  -0.000232
 -0.000009   0.000023  -0.000026
  0.000328  -0.000175  -0.000026
 -0.000011  -0.000006  -0.000024
 -0.000046   0.000051   0.000078
 -0.000100  -0.000022  -0.000112
  0.000021   0.000001   0.000009
  0.000317   0.000185  -0.000113
 -0.000042  -0.000010  -0.000026
  0.000067   0.000111   0.000003
  0.000000  -0.000009   0.000013
  0.000304   0.000550   0.000132
 -0.000037  -0.000002  -0.000017
 -0.000606  -0.001308   0.003165
 -0.000087   0.000018  -0.000085
 -0.000001   0.000009   0.000018
 -0.000069   0.000015  -0.000094
 -0.000028  -0.000006  -0.000114
  0.010657   0.013905  -0.008820
  0.000452  -0.000001  -0.000007
 -0.000051   0.000004  -0.000038
  0.000262   0.000430  -0.002203
  0.000068  -0.000007  -0.000221
 -0.000412  -0.000092  -0.000011
 -0.000022  -0.000055  -0.000144
 -0.000632  -0.000037  -0.000573
 -0.000019  -0.000007  -0.000293
 -0.000112   0.000001  -0.000437
  0.000006   0.000063  -0.000168
 -0.000381  -0.000167  -0.000355
  0.000429   0.000583  -0.001363
  0.000273  -0.000087   0.000817
 -0.000100  -0.000096  -0.000447
  0.000001  -0.000116   0.000246
  0.000372  -0.000083  -0.000390
 -0.000691   0.000283   0.000675
 -0.000011   0.000316  -0.000450
 -0.000104   0.000057   0.000468
 -0.000071   0.000002   0.000406
  0.000801   0.000115   0.000805
 -0.000384  -0.000076   0.001566
  0.000617   0.000102  -0.001170
 -0.001201   0.000549   0.000090
  0.000169  -0.000029   0.000318
  0.000039   0.000040   0.000349
  0.000169  -0.000024  -0.000247
 -0.000139  -0.000016   0.000249
  0.001306  -0.000497   0.000206
   53    3  0.0000  0.0000  0.0150
 -0.000002  -0.000041  -0.000147
  0.000012   0.000009  -0.000018
 -0.000032  -0.000011   0.000040
  0.000002  -0.000005  -0.000002
 -0.000009   0.000024   0.000042
 -0.000001   0.000001  -0.000017
  0.000009  -0.000013  -0.000010
 -0.000003   0.000002  -0.000018
 -0.000002   0.000011   0.000013
  0.000008  -0.000010  -0.000010
 -0.030021  -0.158152   0.174656
  0.000083  -0.000064   0.000024
 -0.000646   0.009015  -0.005064
 -0.000029   0.000013  -0.000022
  0.000511  -0.000684   0.000398
  0.000026  -0.000010   0.000019
  0.000259   0.000456  -0.000277
 -0.000070   0.000089  -0.000162
  0.000207  -0.000159   0.000076
  0.000074   0.000027  -0.000124
  0.000015   0.000011  -0.000006
 -0.000009   0.000001   0.000002
 -0.000026  -0.000024  -0.000065
  0.000019   0.000008   0.000014
  0.000005  -0.000003   0.000035
 -0.000000   0.000000   0.000003
 -0.000134   0.000023  -0.000024
  0.000009  -0.000000   0.000005
 -0.000002   0.000008   0.000007
  0.000002   0.000005  -0.000002
  0.000031   0.000015   0.000009
 -0.000004  -0.000001   0.000008
 -0.000002  -0.000005  -0.000005
  0.000003  -0.000002   0.000013
 -0.000001   0.000000  -0.000008
 -0.000000   0.000006   0.000001
  0.000003   0.000004   0.000006
  0.000001   0.000005   0.000000
 -0.000001  -0.000000  -0.000004
  0.000000  -0.000003   0.000012
  0.000005  -0.000001   0.000001
 -0.000002   0.000001   0.000008
  0.000000   0.000003  -0.000002
 -0.000000   0.000013   0.000003
  0.000002   0.000001   0.000002
  0.000003  -0.000008  -0.000012
 -0.000005   0.000002   0.000002
  0.000004   0.000004  -0.000012
 -0.000823   0.000972  -0.000478
  0.000026   0.000026   0.000019
  0.001758   0.001843  -0.001094
  0.000020   0.000043  -0.000031
  0.032238   0.173194  -0.185216
 -0.000004   0.000012   0.000012
 -0.006399  -0.035535   0.024458
 -0.000002   0.000002  -0.000009
  0.001205   0.000040  -0.001468
  0.000011  -0.000004   0.000013
 -0.000903   0.001954  -0.000678
  0.000003   0.000005   0.000002
 -0.000142  -0.000110  -0.000113
 -0.000013  -0.000011   0.000024
  0.000586  -0.000165  -0.000125
  0.000002   0.000011  -0.000005
 -0.000066   0.000016   0.000134
  0.000002   0.000001   0.000032
  0.000034   0.000009   0.000010
  0.000022  -0.000028   0.000073
 -0.000005   0.000003   0.000001
 -0.000001  -0.000040   0.000056
  0.000002  -0.000001  -0.000024
 -0.000002   0.000002  -0.000008
  0.000056  -0.000028   0.000052
 -0.000045   0.000077  -0.000007
  0.000037   0.000011  -0.000013
 -0.000438   0.000007  -0.000347
  0.000034  -0.000001   0.000050
 -0.000019  -0.000004  -0.000015
  0.000011  -0.000004   0.000004
 -0.000002   0.000003   0.000020
  0.002692   0.008625  -0.007493
 -0.000181   0.000032   0.000056
 -0.000118   0.000034  -0.000026
 -0.000287  -0.000670   0.003720
 -0.000145   0.000011   0.000081
  0.000084   0.000017  -0.000028
 -0.000117  -0.000013  -0.000057
  0.000112   0.000009   0.000039
 -0.000032   0.000000   0.000026
  0.000020   0.000003   0.000053
 -0.000071   0.000018   0.000000
  0.000067   0.000005   0.000022
  0.000837   0.000218  -0.001400
 -0.000011   0.000049   0.000092
 -0.000261  -0.000107  -0.000089
 -0.000067   0.000062  -0.000020
 -0.000022   0.000074  -0.000338
  0.000022  -0.000142  -0.000087
 -0.000432   0.000562   0.000071
 -0.000211   0.000120  -0.000148
  0.000233  -0.000013   0.000023
 -0.000122  -0.000009  -0.000049
  0.000540  -0.000807   0.001386
  0.000126  -0.000223  -0.000166
 -0.000303  -0.000925  -0.000147
 -0.000001   0.000010  -0.000023
  0.000215   0.000098  -0.000406
  0.000019   0.000039   0.000128
  0.000192   0.000005   0.000001
 -0.000252   0.000057   0.000061
   55    1  0.0150  0.0000  0.0000
 -0.000198   0.000187   0.000434
 -0.000055  -0.000019   0.000031
  0.000066  -0.000043  -0.000068
  0.000006   0.000004  -0.000003
  0.000011   0.000024   0.000043
 -0.000006  -0.000005   0.000022
  0.000018  -0.000002  -0.000020
  0.000007   0.000009  -0.000010
  0.000024   0.000007  -0.000006
 -0.000018  -0.000009   0.000002
  0.060091  -0.000183  -0.007238
  0.000042  -0.000019   0.000014
  0.003733  -0.010298  -0.030579
 -0.000016   0.000021  -0.000016
 -0.001662  -0.000888  -0.002362
 -0.000038   0.000013   0.000013
  0.000035   0.000074  -0.000022
 -0.000033  -0.000031   0.000030
  0.000137   0.000008   0.000096
  0.000014   0.000199  -0.000047
  0.000045  -0.000021  -0.000015
  0.000013   0.000004  -0.000010
 -0.000207   0.000132  -0.000138
 -0.000064  -0.000048  -0.000061
  0.000004  -0.000020  -0.000085
  0.000001   0.000007  -0.000008
 -0.000002  -0.000089   0.000007
 -0.000012   0.000005   0.000002
  0.000007   0.000018   0.000033
 -0.000002   0.000001   0.000004
 -0.000033  -0.000008  -0.000029
  0.000003   0.000002  -0.000004
  0.000031  -0.000005  -0.000011
  0.000002   0.000003  -0.000000
 -0.000003   0.000002  -0.000002
 -0.000001  -0.000000  -0.000003
  0.000009  -0.000001   0.000001
  0.000005   0.000002   0.000001
 -0.000012   0.000003   0.000004
 -0.000011  -0.000001   0.000003
  0.000016  -0.000001   0.000001
  0.000014   0.000005   0.000005
 -0.000003  -0.000007   0.000002
 -0.000004   0.000009  -0.000004
  0.000018   0.000039  -0.000051
  0.000014  -0.000026  -0.000038
 -0.000017  -0.000011  -0.000038
 -0.000031   0.000022  -0.000060
  0.006819   0.003144  -0.001699
  0.000207  -0.000020   0.000135
 -0.001774  -0.001620   0.000805
 -0.000139   0.000056   0.000255
 -0.000463  -0.002255  -0.006556
  0.000014  -0.000004  -0.000001
 -0.087951  -0.002943  -0.008355
 -0.000050   0.000003  -0.000008
  0.004294  -0.004687  -0.000600
  0.000013   0.000003  -0.000016
 -0.001103   0.000684   0.000667
 -0.000007  -0.000007   0.000014
  0.000428  -0.000119   0.000949
  0.000005   0.000011  -0.000015
  0.000043   0.000174  -0.000092
 -0.000011  -0.000006  -0.000006
 -0.000028   0.000034  -0.000034
  0.000010  -0.000012   0.000015
 -0.000081   0.000095   0.000295
 -0.000037   0.000009  -0.000044
  0.000055   0.000023   0.000032
  0.000020  -0.000049  -0.000040
  0.000005   0.000005  -0.000009
 -0.000016  -0.000104   0.000080
  0.000042  -0.000015   0.000012
  0.000123   0.000093   0.000073
  0.000039   0.000023   0.000005
  0.000169  -0.000054   0.000226
  0.000235  -0.000054   0.000067
  0.000092   0.000016   0.000055
 -0.000017  -0.000001   0.000051
  0.000011   0.000007   0.000051
  0.015992   0.016396   0.052175
  0.000037  -0.000042  -0.000323
 -0.000199  -0.000019   0.000026
 -0.000222  -0.000002  -0.000075
 -0.000141   0.000015   0.000277
 -0.000114  -0.000035   0.000170
 -0.000089   0.000052   0.000120
 -0.000179  -0.000048   0.000044
 -0.000057  -0.000011   0.000231
 -0.000039   0.000020   0.000159
 -0.000082  -0.000065   0.000185
 -0.000094   0.000072   0.000123
 -0.000581   0.000853  -0.000457
  0.000226   0.000088  -0.000651
  0.000483   0.000277   0.000580
  0.000404  -0.000114   0.000050
 -0.000698   0.000373   0.000450
  0.000656   0.001169   0.001142
 -0.000702   0.000503   0.001100
  0.000500  -0.000061   0.000093
  0.000253   0.000022  -0.000364
  0.000240  -0.000023  -0.000208
  0.001087  -0.001997  -0.002285
 -0.001285   0.000013   0.000638
  0.001206   0.000950   0.002898
 -0.000018  -0.000012  -0.000169
 -0.000263   0.000228  -0.000935
 -0.000190  -0.000008  -0.000384
  0.000360   0.000018  -0.000334
  0.000622  -0.000108  -0.000408
   55    2  0.0000  0.0150 -0.0000
  0.000111  -0.000092  -0.000345
 -0.000029  -0.000002  -0.000004
 -0.000064  -0.000000   0.000102
 -0.000001   0.000004  -0.000014
 -0.000014   0.000016   0.000001
 -0.000000  -0.000011   0.000007
 -0.000003  -0.000013  -0.000008
 -0.000005   0.000011  -0.000015
 -0.000016   0.000016   0.000009
  0.000021  -0.000016   0.000010
  0.002188   0.094081   0.095202
 -0.000081   0.000048  -0.000037
 -0.004675   0.011660   0.031542
  0.000025   0.000011   0.000012
  0.001836  -0.000940   0.000804
  0.000029  -0.000036  -0.000017
  0.000068   0.000220  -0.000442
  0.000046   0.000030   0.000044
 -0.000026  -0.000057  -0.000112
 -0.000359  -0.000289  -0.000158
 -0.000005   0.000038   0.000000
  0.000003   0.000000  -0.000005
  0.000035  -0.000096   0.000072
 -0.000030  -0.000027  -0.000034
  0.000000   0.000006   0.000057
 -0.000001   0.000007  -0.000003
 -0.000178  -0.000032  -0.000043
 -0.000004   0.000002   0.000006
  0.000006   0.000008  -0.000001
 -0.000001   0.000005   0.000001
  0.000046   0.000028   0.000026
 -0.000001   0.000001   0.000007
 -0.000014   0.000000   0.000011
 -0.000005   0.000003   0.000008
 -0.000002  -0.000000  -0.000005
 -0.000000   0.000008  -0.000004
 -0.000000   0.000004   0.000004
  0.000001   0.000002   0.000004
  0.000004   0.000005   0.000002
  0.000005   0.000000   0.000006
 -0.000004   0.000001   0.000004
 -0.000004   0.000005   0.000002
  0.000001  -0.000001  -0.000004
  0.000001   0.000010  -0.000000
 -0.000005  -0.000011   0.000017
 -0.000000   0.000004   0.000005
  0.000004  -0.000001  -0.000006
  0.000016  -0.000003   0.000014
  0.002390   0.000351  -0.000594
  0.000015   0.000022   0.000038
 -0.000404   0.000397   0.000637
 -0.000045   0.000009  -0.000017
 -0.000769  -0.008360  -0.035414
  0.000009  -0.000011  -0.000001
 -0.003024  -0.103378  -0.112213
 -0.000002  -0.000007   0.000006
 -0.004512   0.002983   0.001162
  0.000002   0.000003  -0.000000
  0.001290  -0.000800   0.000184
 -0.000008   0.000003  -0.000006
 -0.000604  -0.000491  -0.000788
 -0.000007   0.000005   0.000007
 -0.000205  -0.000089  -0.000292
  0.000008   0.000011  -0.000001
 -0.000002   0.000022   0.000045
 -0.000011   0.000012  -0.000027
  0.000246  -0.000092  -0.000162
 -0.000003  -0.000010  -0.000005
 -0.000033  -0.000015  -0.000012
  0.000139   0.000121  -0.000013
 -0.000001   0.000003  -0.000003
  0.000041   0.000123  -0.000043
  0.000004  -0.000000   0.000012
  0.000081   0.000238  -0.000044
 -0.000018  -0.000005   0.000013
 -0.000478  -0.000340   0.001297
 -0.000083   0.000026   0.000045
  0.000032   0.000009   0.000030
  0.000019   0.000004  -0.000012
 -0.000010   0.000005  -0.000014
  0.007418   0.004688   0.019083
  0.000185   0.000061  -0.000009
  0.000090   0.000032  -0.000004
  0.000175   0.000117  -0.000440
 -0.000041  -0.000013  -0.000061
 -0.000087  -0.000024   0.000052
 -0.000003  -0.000041  -0.000093
 -0.000116  -0.000045  -0.000076
  0.000005   0.000010  -0.000089
 -0.000023   0.000001  -0.000033
 -0.000010   0.000042  -0.000073
 -0.000091  -0.000021  -0.000038
  0.000402  -0.000261  -0.001172
  0.000144  -0.000008   0.000368
 -0.000431  -0.000516  -0.000515
  0.000094  -0.000070   0.000167
  0.000316   0.000042  -0.000681
 -0.000092   0.000461   0.000463
 -0.000296   0.000824  -0.000298
  0.000048   0.000043   0.000188
  0.000059  -0.000017   0.000127
  0.000168   0.000047   0.000074
 -0.000713  -0.000278   0.003358
  0.000031   0.000003  -0.000415
 -0.000905  -0.000319  -0.000210
  0.000024   0.000016   0.000047
  0.000374   0.000113  -0.000223
 -0.000013   0.000006  -0.000174
 -0.000073  -0.000035   0.000172
  0.000388  -0.000214  -0.000029
   55    3  0.0000  0.0000  0.0150
  0.000061  -0.000075   0.000009
 -0.000056  -0.000029   0.000019
 -0.000038   0.000038  -0.000036
  0.000014   0.000007  -0.000033
 -0.000009  -0.000016  -0.000056
  0.000003  -0.000017  -0.000005
 -0.000007  -0.000009  -0.000018
  0.000004   0.000005  -0.000031
 -0.000063  -0.000000  -0.000018
  0.000004  -0.000006  -0.000022
  0.006138   0.097863   0.395869
 -0.000052   0.000144  -0.000050
 -0.001937   0.002363   0.007321
  0.000027  -0.000067   0.000084
  0.000825  -0.000578  -0.000984
  0.000007   0.000079  -0.000045
 -0.000188  -0.000237  -0.000645
 -0.000033  -0.000039   0.000052
 -0.000218   0.000054  -0.000042
  0.000307   0.000088   0.000035
 -0.000018   0.000013  -0.000026
 -0.000006   0.000001  -0.000020
  0.000032   0.000036  -0.000005
 -0.000059  -0.000052  -0.000059
 -0.000013  -0.000017   0.000003
 -0.000001   0.000012  -0.000010
  0.000001   0.000018  -0.000094
 -0.000002  -0.000000   0.000010
 -0.000011  -0.000023  -0.000028
 -0.000001   0.000003   0.000003
  0.000005   0.000006   0.000042
 -0.000007  -0.000006   0.000018
 -0.000028   0.000010   0.000040
  0.000004  -0.000005   0.000020
 -0.000001  -0.000014  -0.000003
 -0.000003   0.000011  -0.000004
 -0.000006  -0.000006  -0.000002
  0.000002   0.000004  -0.000002
  0.000004   0.000009   0.000027
 -0.000001  -0.000010   0.000024
 -0.000002   0.000002   0.000019
  0.000005  -0.000004   0.000010
 -0.000002  -0.000016  -0.000003
 -0.000003   0.000016   0.000004
 -0.000001   0.000020  -0.000036
  0.000009  -0.000046  -0.000062
 -0.000046  -0.000015  -0.000070
 -0.000023   0.000005  -0.000041
  0.000441   0.000158  -0.002937
  0.000063  -0.000054   0.000065
  0.000210  -0.000865  -0.000067
 -0.000062  -0.000018   0.000107
 -0.000346   0.006142   0.024541
  0.000011  -0.000034  -0.000006
 -0.008537  -0.112327  -0.427669
 -0.000013  -0.000007  -0.000010
 -0.000198   0.000889  -0.002297
 -0.000004   0.000013  -0.000036
 -0.000142   0.000131  -0.000862
 -0.000010  -0.000006  -0.000008
 -0.001061  -0.000119  -0.000667
 -0.000003  -0.000009  -0.000022
 -0.000177   0.000083   0.000282
  0.000004  -0.000028   0.000022
 -0.000006  -0.000008  -0.000008
 -0.000001  -0.000000  -0.000015
  0.000388  -0.000130  -0.000041
  0.000029   0.000008   0.000002
 -0.000020   0.000006  -0.000010
 -0.000102  -0.000034   0.000020
  0.000007   0.000014   0.000027
 -0.000008  -0.000011   0.000003
 -0.000045   0.000022  -0.000034
 -0.000074  -0.000159  -0.000060
 -0.000033  -0.000013   0.000042
  0.000254   0.000139  -0.000387
 -0.000026  -0.000007   0.000032
  0.000094   0.000013   0.000052
  0.000070  -0.000010   0.000077
  0.000015   0.000009   0.000072
  0.006414   0.003528   0.007460
  0.000265  -0.000066  -0.000166
  0.000125  -0.000015   0.000033
 -0.000128   0.000001   0.000030
  0.000026  -0.000001   0.000061
  0.000094   0.000014   0.000159
  0.000107   0.000033   0.000091
  0.000169  -0.000040   0.000290
  0.000045   0.000008   0.000170
  0.000023   0.000004   0.000314
  0.000047  -0.000033   0.000075
  0.000093   0.000103   0.000234
 -0.002622   0.001431   0.000507
  0.000121   0.000037  -0.000326
 -0.000221  -0.000189   0.000142
  0.000277  -0.000042   0.000083
 -0.000263  -0.000009   0.000310
  0.000503   0.000245   0.000280
  0.000042  -0.000392  -0.000034
  0.000271   0.000004   0.000076
 -0.000100  -0.000017  -0.000230
 -0.000193  -0.000037  -0.000509
  0.000161   0.001294  -0.001080
 -0.000808  -0.000039   0.000227
  0.000645   0.000950   0.001246
 -0.000115   0.000025  -0.000211
  0.000135  -0.000182   0.000079
 -0.000189   0.000010  -0.000224
 -0.000098  -0.000000  -0.000040
 -0.000157   0.000072  -0.000412
   57    1  0.0150  0.0000  0.0000
  0.000064  -0.000044  -0.000081
  0.000023   0.000012  -0.000029
  0.000006   0.000011  -0.000022
 -0.000003  -0.000006  -0.000004
  0.000033  -0.000050  -0.000132
  0.000006   0.000004  -0.000021
 -0.000032   0.000003   0.000027
 -0.000004  -0.000004   0.000009
 -0.000020   0.000002  -0.000004
 -0.000005   0.000006   0.000000
  0.003835  -0.008805  -0.035891
  0.000022   0.000000  -0.000013
  0.062222  -0.002831  -0.019716
  0.000013   0.000016   0.000032
  0.001611   0.008325   0.041032
  0.000109  -0.000142   0.000017
 -0.003030   0.000369   0.001803
  0.000019   0.000051  -0.000231
 -0.000032   0.000334   0.000094
 -0.000502  -0.000667  -0.000042
 -0.000018   0.000012   0.000006
  0.000003  -0.000007  -0.000001
  0.000074  -0.000066   0.000102
  0.000015   0.000013   0.000009
 -0.000001   0.000004   0.000013
  0.000001  -0.000002   0.000002
  0.000137   0.000007   0.000012
  0.000007  -0.000004   0.000004
  0.000008  -0.000016  -0.000027
  0.000001   0.000001  -0.000004
 -0.000013   0.000002   0.000018
  0.000003  -0.000003   0.000007
 -0.000063   0.000031   0.000022
 -0.000006  -0.000004   0.000005
  0.000002  -0.000004   0.000024
  0.000003   0.000000   0.000001
 -0.000008  -0.000004  -0.000006
 -0.000004  -0.000002  -0.000001
  0.000022   0.000005   0.000011
  0.000010  -0.000001  -0.000001
 -0.000015   0.000001   0.000004
 -0.000010  -0.000005  -0.000001
  0.000004  -0.000002  -0.000002
  0.000005  -0.000008   0.000000
 -0.000011  -0.000023   0.000030
 -0.000011   0.000024   0.000033
  0.000017   0.000004   0.000015
  0.000017  -0.000011   0.000031
  0.000682   0.000155   0.000411
 -0.000046   0.000008  -0.000018
  0.000012   0.000142  -0.000336
  0.000014  -0.000032  -0.000078
 -0.001334   0.000868   0.001220
  0.000000   0.000000   0.000009
  0.004288  -0.004516  -0.000248
  0.000016  -0.000005  -0.000005
 -0.072402   0.005956   0.019858
  0.000005  -0.000004   0.000017
  0.001457  -0.002568  -0.008902
 -0.000005   0.000008  -0.000016
  0.006733   0.003422   0.002854
 -0.000043  -0.000008   0.000040
 -0.001388  -0.000318  -0.000895
  0.000032   0.000044  -0.000003
  0.000115  -0.000104  -0.000028
 -0.000005   0.000025  -0.000045
  0.000272  -0.000284  -0.001099
  0.000056   0.000043   0.000178
 -0.000111  -0.000113  -0.000350
  0.000087   0.000113   0.000028
 -0.000044  -0.000005   0.000061
 -0.000164   0.000226  -0.000159
 -0.000005  -0.000012   0.000020
  0.000046  -0.000058   0.000110
  0.000083  -0.000032  -0.000006
 -0.000219   0.000019  -0.000122
 -0.000104   0.000025  -0.000010
 -0.000029  -0.000007   0.000004
  0.000015   0.000001  -0.000029
  0.000012  -0.000005  -0.000034
 -0.002978   0.000707   0.000531
 -0.000079   0.000023   0.000091
 -0.000024  -0.000059  -0.000257
  0.000307   0.000102  -0.000022
  0.000073  -0.000018  -0.000132
 -0.000080   0.000001  -0.000040
  0.000032  -0.000027  -0.000095
 -0.000116   0.000066  -0.000255
  0.000029   0.000004  -0.000148
 -0.000018   0.000007  -0.000173
  0.000022   0.000041  -0.000108
 -0.000045  -0.000040  -0.000105
  0.000734  -0.000218  -0.000146
 -0.000068  -0.000045   0.000377
 -0.000001  -0.000047  -0.000270
 -0.000185  -0.000028   0.000041
  0.000254  -0.000095  -0.000209
 -0.000500  -0.000129   0.000150
  0.000164   0.000010  -0.000262
 -0.000139  -0.000029   0.000099
 -0.000115  -0.000010   0.000216
  0.000202  -0.000054   0.000275
 -0.000419   0.000156   0.000779
  0.000599   0.000205  -0.000507
 -0.000376  -0.000206  -0.000467
  0.000013  -0.000007   0.000116
  0.000019   0.000013   0.000341
  0.000111  -0.000033   0.000006
 -0.000117   0.000001   0.000185
  0.000173   0.000198   0.000434
   57    2  0.0000  0.0150 -0.0000
 -0.000009  -0.000042  -0.000073
 -0.000005  -0.000007  -0.000003
 -0.000000  -0.000005  -0.000006
  0.000010   0.000002  -0.000013
  0.000013  -0.000015  -0.000059
  0.000003  -0.000002  -0.000017
 -0.000006  -0.000004   0.000001
  0.000003   0.000000  -0.000017
 -0.000036  -0.000001  -0.000011
 -0.000001  -0.000000  -0.000021
 -0.002604   0.010924   0.033016
  0.000069   0.000016   0.000001
 -0.003078   0.080301   0.070292
  0.000021  -0.000025   0.000048
 -0.000071   0.004991   0.016675
  0.000111  -0.000040   0.000046
 -0.000858  -0.000475  -0.000478
 -0.000123   0.000031  -0.000133
 -0.000148   0.000127  -0.000216
  0.000023   0.000373   0.000277
  0.000003   0.000008  -0.000012
 -0.000009   0.000002  -0.000008
 -0.000011  -0.000015  -0.000028
 -0.000002  -0.000001  -0.000002
  0.000004  -0.000007   0.000033
  0.000001   0.000005  -0.000002
  0.000014   0.000064   0.000029
  0.000009  -0.000000   0.000005
  0.000004  -0.000006  -0.000011
  0.000002   0.000004  -0.000001
  0.000004   0.000012   0.000019
 -0.000004  -0.000002   0.000012
 -0.000023   0.000018   0.000025
  0.000005  -0.000004   0.000014
 -0.000000  -0.000005   0.000010
 -0.000000   0.000008  -0.000001
 -0.000002  -0.000002  -0.000004
  0.000002   0.000005  -0.000003
  0.000007   0.000007   0.000015
 -0.000000  -0.000005   0.000017
  0.000001   0.000003   0.000009
  0.000004  -0.000001   0.000008
  0.000000  -0.000005  -0.000001
 -0.000001   0.000013   0.000003
  0.000002   0.000015  -0.000024
  0.000007  -0.000029  -0.000042
 -0.000028  -0.000005  -0.000035
 -0.000017   0.000007  -0.000033
 -0.000523  -0.000424  -0.000108
  0.000039  -0.000002   0.000034
 -0.000225   0.000032  -0.000130
  0.000023   0.000011   0.000015
  0.001173  -0.001334   0.000035
  0.000000  -0.000007   0.000007
 -0.004691   0.002976   0.000859
  0.000002   0.000002  -0.000016
  0.005884  -0.088520  -0.084683
  0.000004   0.000012  -0.000011
  0.001641  -0.008811  -0.035334
  0.000004   0.000003  -0.000009
  0.002431   0.000492   0.001466
 -0.000033  -0.000033   0.000007
 -0.000761  -0.000264   0.000256
 -0.000002  -0.000039   0.000024
  0.000056  -0.000042  -0.000139
  0.000048  -0.000015  -0.000149
  0.000340  -0.000389  -0.000289
  0.000064   0.000242   0.000131
 -0.000139  -0.000002  -0.000077
 -0.000021  -0.000102   0.000008
  0.000015   0.000039   0.000054
 -0.000048  -0.000300   0.000105
 -0.000015   0.000005  -0.000015
 -0.000153   0.000068  -0.000486
  0.000024  -0.000010   0.000031
 -0.000270   0.001384   0.000300
  0.000023  -0.000002   0.000048
  0.000022  -0.000001   0.000006
  0.000039  -0.000007   0.000047
  0.000014   0.000004   0.000054
  0.001426  -0.001008  -0.001507
 -0.000052  -0.000019  -0.000045
  0.000063  -0.000024  -0.000048
  0.000308  -0.000634   0.000206
 -0.000021  -0.000006   0.000085
  0.000161   0.000034   0.000032
  0.000031   0.000021   0.000060
  0.000264  -0.000062   0.000285
  0.000015   0.000005   0.000130
  0.000055  -0.000015   0.000218
  0.000003  -0.000023   0.000070
  0.000129   0.000035   0.000132
 -0.000182   0.000428   0.000125
 -0.000044   0.000016  -0.000198
  0.000093   0.000066   0.000027
 -0.000013   0.000017  -0.000049
 -0.000115   0.000056   0.000069
  0.000080  -0.000049  -0.000275
 -0.000149   0.000093   0.000127
  0.000030  -0.000029  -0.000089
  0.000004  -0.000003  -0.000179
 -0.000351   0.000021  -0.000365
  0.000092  -0.000292  -0.000281
 -0.000031   0.000035   0.000218
  0.000467   0.000035   0.000167
 -0.000080   0.000018  -0.000144
  0.000021   0.000069  -0.000154
 -0.000063   0.000002   0.000053
  0.000013  -0.000004  -0.000061
 -0.000405   0.000018   0.000046
   57    3  0.0000  0.0000  0.0150
  0.000014  -0.000083  -0.000264
 -0.000042  -0.000024  -0.000009
 -0.000020   0.000044  -0.000018
  0.000023  -0.000001  -0.000043
  0.000007  -0.000020  -0.000092
  0.000004  -0.000014  -0.000049
 -0.000009  -0.000020  -0.000021
  0.000003   0.000003  -0.000052
 -0.000094   0.000004  -0.000018
 -0.000005  -0.000010  -0.000054
  0.000679   0.001342   0.008458
  0.000161   0.000006   0.000010
 -0.019532   0.071418   0.389898
 -0.000005  -0.000046   0.000115
  0.000164   0.002833   0.015746
  0.000129  -0.000090  -0.000031
 -0.001353  -0.000074  -0.000535
  0.000029  -0.000109  -0.000154
  0.000060  -0.000086  -0.000734
  0.000144   0.000797   0.000617
 -0.000000   0.000020  -0.000038
 -0.000019  -0.000000  -0.000028
 -0.000006   0.000027  -0.000084
 -0.000041  -0.000050  -0.000052
 -0.000004  -0.000019   0.000011
 -0.000002   0.000014  -0.000011
  0.000018  -0.000008   0.000036
  0.000015  -0.000003   0.000018
 -0.000010  -0.000032  -0.000031
  0.000002   0.000008  -0.000003
  0.000016   0.000009   0.000059
 -0.000014  -0.000012   0.000036
 -0.000055   0.000017   0.000064
  0.000008  -0.000013   0.000043
 -0.000001  -0.000021  -0.000001
 -0.000004   0.000019  -0.000003
 -0.000007  -0.000008  -0.000003
  0.000002   0.000010  -0.000007
  0.000013   0.000013   0.000040
  0.000000  -0.000021   0.000047
  0.000001  -0.000000   0.000026
  0.000003  -0.000009   0.000021
 -0.000001  -0.000023  -0.000008
 -0.000004   0.000032   0.000008
  0.000000   0.000031  -0.000055
  0.000013  -0.000074  -0.000101
 -0.000071  -0.000021  -0.000100
 -0.000035   0.000012  -0.000082
 -0.001049   0.000117   0.000591
  0.000088  -0.000022   0.000096
  0.000200  -0.000081   0.000305
  0.000028   0.000057   0.000073
 -0.000167   0.000743  -0.001497
  0.000001  -0.000023   0.000016
 -0.000563   0.001208  -0.002270
 -0.000009  -0.000004  -0.000038
  0.019818  -0.084782  -0.427945
  0.000014   0.000012  -0.000029
 -0.000929   0.006102   0.022128
 -0.000008   0.000008  -0.000021
  0.002627   0.001845  -0.001137
 -0.000051  -0.000020   0.000026
  0.000243   0.000505  -0.000801
  0.000052   0.000022   0.000024
  0.000006   0.000007   0.000049
  0.000020   0.000005  -0.000066
  0.001261  -0.000503  -0.000645
  0.000173  -0.000032   0.000153
 -0.000354  -0.000111  -0.000117
 -0.000001   0.000081   0.000157
 -0.000022   0.000002   0.000059
 -0.000073   0.000072  -0.000133
 -0.000004  -0.000001  -0.000008
 -0.000263  -0.000241  -0.000229
  0.000057   0.000001   0.000070
 -0.000322  -0.000315   0.000022
 -0.000005   0.000008   0.000119
  0.000080   0.000009   0.000046
  0.000112  -0.000020   0.000113
  0.000034   0.000009   0.000128
 -0.001022  -0.000418  -0.001938
 -0.000243  -0.000054  -0.000109
  0.000194   0.000001  -0.000014
  0.000056  -0.000048   0.000459
 -0.000104  -0.000001   0.000197
  0.000264   0.000041   0.000161
  0.000028   0.000031   0.000083
  0.000461  -0.000091   0.000532
  0.000034   0.000012   0.000276
  0.000085  -0.000012   0.000492
 -0.000010  -0.000037   0.000123
  0.000223   0.000120   0.000327
 -0.000709  -0.000119  -0.000116
 -0.000006   0.000073  -0.000530
 -0.000339  -0.000033   0.000146
  0.000257   0.000039  -0.000017
 -0.000363   0.000115   0.000064
  0.000895   0.000168  -0.000171
 -0.000205  -0.000034   0.000062
  0.000148   0.000080  -0.000165
  0.000082  -0.000031  -0.000351
 -0.000572  -0.000010  -0.000833
  0.000734  -0.000010  -0.000291
 -0.000757  -0.000311   0.000696
  0.000530   0.000029   0.000482
 -0.000188   0.000041  -0.000336
  0.000217  -0.000040  -0.000293
 -0.000193   0.000063  -0.000078
  0.000076  -0.000001  -0.000097
 -0.000741   0.000005  -0.000576
   59    1  0.0150  0.0000  0.0000
 -0.000078   0.000041   0.000112
  0.000009  -0.000002   0.000008
  0.000016  -0.000050  -0.000009
  0.000002  -0.000004   0.000009
  0.000002   0.000008   0.000027
 -0.000003   0.000003  -0.000001
  0.000012  -0.000005  -0.000003
  0.000004  -0.000004   0.000002
  0.000022  -0.000006  -0.000003
 -0.000013   0.000002  -0.000006
 -0.003961  -0.031355   0.018623
  0.000065  -0.000038   0.000021
  0.077409   0.065525  -0.039959
 -0.000010  -0.000003   0.000017
  0.011182   0.034861  -0.019685
 -0.000007  -0.000008  -0.000004
 -0.002177   0.001145  -0.000847
 -0.000027  -0.000006   0.000043
  0.000275   0.000227   0.000296
  0.000167   0.000027  -0.000012
  0.000009  -0.000013  -0.000004
  0.000000  -0.000001   0.000002
 -0.000089   0.000070  -0.000054
  0.000011   0.000008   0.000013
  0.000004  -0.000008  -0.000001
  0.000001  -0.000005   0.000001
 -0.000018   0.000012  -0.000023
  0.000001  -0.000002  -0.000003
  0.000007   0.000015   0.000018
  0.000001  -0.000004   0.000000
 -0.000004   0.000003  -0.000021
 -0.000000  -0.000002  -0.000004
  0.000019   0.000004  -0.000022
  0.000005  -0.000003  -0.000003
 -0.000003   0.000002   0.000007
  0.000000  -0.000006   0.000002
  0.000005  -0.000004  -0.000001
  0.000001  -0.000002  -0.000002
 -0.000007  -0.000005  -0.000006
 -0.000005  -0.000003   0.000000
  0.000009  -0.000002  -0.000005
  0.000005  -0.000003   0.000001
 -0.000002  -0.000001   0.000003
 -0.000001  -0.000002  -0.000000
  0.000009   0.000013  -0.000022
  0.000004  -0.000011  -0.000013
 -0.000005  -0.000003  -0.000002
 -0.000013   0.000005  -0.000025
  0.000179  -0.000051   0.000195
  0.000030  -0.000014   0.000001
  0.000900   0.000026   0.000065
  0.000018   0.000017   0.000048
  0.004571  -0.004793  -0.000936
 -0.000002   0.000006   0.000002
 -0.001121   0.001319  -0.000087
 -0.000004   0.000006  -0.000008
  0.001460   0.001694  -0.000886
 -0.000007  -0.000004  -0.000010
 -0.089845  -0.069275   0.040390
  0.000002  -0.000002   0.000001
 -0.001919  -0.001034  -0.000001
  0.000009   0.000009  -0.000009
  0.006602   0.002761   0.002444
  0.000005   0.000008   0.000003
  0.000343  -0.000910   0.000150
 -0.000000   0.000001  -0.000008
  0.000078  -0.000027   0.000096
  0.000017  -0.000064   0.000085
  0.000027   0.000016   0.000041
 -0.000055  -0.000002   0.000012
 -0.000098  -0.000393   0.000013
  0.000001   0.000011  -0.000011
  0.000058  -0.000006  -0.000049
 -0.000045  -0.000088  -0.000012
  0.000016   0.000020  -0.000003
  0.000126  -0.000045  -0.000381
  0.000110  -0.000037   0.000022
 -0.000011  -0.000005  -0.000012
 -0.000018  -0.000005   0.000014
  0.000007  -0.000004   0.000020
 -0.003385   0.000795   0.000319
 -0.000114  -0.000025  -0.000028
 -0.000082  -0.000233   0.000154
 -0.000056   0.000045   0.000079
 -0.000024   0.000011   0.000098
  0.000044   0.000004  -0.000009
 -0.000013   0.000024   0.000088
  0.000071   0.000002   0.000075
 -0.000020  -0.000006   0.000102
  0.000014  -0.000004   0.000054
 -0.000016  -0.000034   0.000074
  0.000039   0.000017   0.000036
 -0.000617  -0.000297   0.000480
 -0.000065   0.000037  -0.000326
  0.000211   0.000054   0.000404
  0.000005   0.000030  -0.000101
 -0.000273   0.000089   0.000406
  0.000198  -0.000017  -0.000093
  0.000021  -0.000243   0.000359
  0.000032  -0.000027  -0.000141
  0.000048  -0.000003  -0.000168
 -0.000099  -0.000012  -0.000105
  0.000187   0.000141  -0.001672
 -0.000234  -0.000056   0.000417
  0.000072   0.000142   0.000326
 -0.000011  -0.000012  -0.000063
 -0.000120  -0.000042  -0.000228
 -0.000020   0.000003   0.000060
  0.000101   0.000026  -0.000173
 -0.000159   0.000046  -0.000077
   59    2  0.0000  0.0150 -0.0000
 -0.000013   0.000012   0.000136
  0.000018   0.000002   0.000001
  0.000024  -0.000033  -0.000019
 -0.000004  -0.000004   0.000010
  0.000009  -0.000015  -0.000017
  0.000001   0.000004   0.000005
  0.000003   0.000007   0.000011
  0.000001  -0.000009   0.000019
  0.000019  -0.000014  -0.000010
 -0.000009   0.000009   0.000007
  0.005439   0.031386  -0.016600
 -0.000044   0.000009  -0.000006
  0.062828   0.311004  -0.151155
  0.000013  -0.000003   0.000025
  0.004122   0.014573  -0.006399
 -0.000004  -0.000022  -0.000024
 -0.000346  -0.000673   0.000375
  0.000005   0.000003   0.000116
 -0.000114  -0.000257   0.000090
 -0.000074  -0.000092  -0.000036
  0.000000  -0.000014   0.000011
  0.000004  -0.000003   0.000004
  0.000010  -0.000042   0.000042
  0.000014   0.000012   0.000016
  0.000003   0.000001   0.000020
  0.000001  -0.000007   0.000001
  0.000033   0.000084  -0.000011
 -0.000002  -0.000003  -0.000006
  0.000009   0.000001   0.000008
 -0.000000  -0.000005  -0.000001
 -0.000020  -0.000007  -0.000019
  0.000004  -0.000000  -0.000010
  0.000016   0.000009  -0.000009
 -0.000002  -0.000001  -0.000011
  0.000001   0.000002   0.000014
  0.000001  -0.000009   0.000001
  0.000000  -0.000005  -0.000005
 -0.000001  -0.000005  -0.000001
 -0.000001  -0.000006  -0.000005
  0.000001   0.000003  -0.000013
 -0.000002  -0.000000  -0.000006
 -0.000000  -0.000003  -0.000006
  0.000001   0.000001   0.000003
  0.000001  -0.000015  -0.000002
 -0.000001  -0.000007   0.000006
 -0.000005   0.000014   0.000021
  0.000013   0.000001   0.000018
  0.000000  -0.000006   0.000017
 -0.000221   0.000011  -0.000000
 -0.000035   0.000006  -0.000034
 -0.001478  -0.000122  -0.000423
  0.000014  -0.000008  -0.000020
 -0.003873   0.003253   0.001877
 -0.000001  -0.000009  -0.000004
  0.000668  -0.000783   0.000139
  0.000010  -0.000003   0.000005
 -0.002643  -0.008732   0.006073
 -0.000012   0.000002  -0.000012
 -0.069469  -0.345802   0.163721
 -0.000001  -0.000001  -0.000005
 -0.000360  -0.000450   0.000228
  0.000012   0.000008  -0.000010
  0.002408   0.000136   0.001200
  0.000003  -0.000008   0.000006
  0.000677  -0.000503  -0.000245
 -0.000002  -0.000004  -0.000047
  0.000003  -0.000073   0.000028
 -0.000012   0.000015  -0.000014
  0.000009   0.000032   0.000022
  0.000025   0.000045  -0.000012
 -0.000224  -0.000065  -0.000029
  0.000025  -0.000011  -0.000057
 -0.000029   0.000045  -0.000064
  0.000029   0.000095  -0.000046
 -0.000030  -0.000012   0.000014
 -0.000138   0.000080   0.000439
 -0.000008  -0.000005  -0.000060
 -0.000023  -0.000006  -0.000016
 -0.000020   0.000003  -0.000018
  0.000001  -0.000006  -0.000027
  0.001734  -0.003080   0.000765
  0.000035   0.000003   0.000035
  0.000224  -0.000046   0.000067
  0.000060  -0.000078  -0.000079
  0.000123  -0.000025  -0.000070
 -0.000030  -0.000007  -0.000043
  0.000107  -0.000004   0.000050
 -0.000052  -0.000004  -0.000077
  0.000022  -0.000004  -0.000035
 -0.000002  -0.000008  -0.000095
  0.000061  -0.000013   0.000008
 -0.000037  -0.000041  -0.000078
  0.000557   0.000417   0.000308
  0.000009  -0.000044   0.000102
  0.000387   0.000148  -0.000100
 -0.000070  -0.000004  -0.000017
  0.000217  -0.000055   0.000029
 -0.000167  -0.000001  -0.000050
  0.000076   0.000020   0.000032
 -0.000050  -0.000018   0.000023
 -0.000188   0.000017  -0.000006
  0.000058   0.000021   0.000156
 -0.000521  -0.000129  -0.000331
  0.000234   0.000045  -0.000091
  0.000176  -0.000049  -0.000111
  0.000015  -0.000015   0.000057
 -0.000178   0.000079   0.000159
  0.000047  -0.000014   0.000050
 -0.000184  -0.000041   0.000003
  0.000080  -0.000072   0.000126
   59    3  0.0000  0.0000  0.0150
 -0.000010   0.000036   0.000145
  0.000032   0.000007  -0.000004
  0.000032  -0.000025  -0.000021
  0.000002   0.000000   0.000009
  0.000008  -0.000004  -0.000008
  0.000004   0.000012  -0.000013
  0.000012   0.000015   0.000008
  0.000004  -0.000007   0.000015
  0.000005  -0.000015  -0.000013
 -0.000014   0.000019  -0.000008
  0.001894   0.006950  -0.004345
  0.000023   0.000002   0.000005
 -0.040209  -0.153575   0.159776
  0.000005  -0.000011   0.000064
  0.004710   0.014844  -0.007070
  0.000049  -0.000054  -0.000028
 -0.000743   0.000039   0.000236
 -0.000017   0.000010   0.000161
 -0.000212   0.000435  -0.000185
 -0.000046  -0.000331   0.000021
  0.000003  -0.000008   0.000006
 -0.000002   0.000003   0.000005
 -0.000009  -0.000022   0.000049
  0.000030   0.000032   0.000036
  0.000003   0.000003   0.000009
  0.000002  -0.000001   0.000005
  0.000025   0.000051  -0.000036
  0.000006   0.000002  -0.000000
  0.000012   0.000006   0.000015
  0.000003   0.000003   0.000001
 -0.000018  -0.000002  -0.000009
  0.000001   0.000003   0.000001
  0.000019   0.000011  -0.000005
  0.000004   0.000001   0.000001
  0.000001   0.000004   0.000013
  0.000002   0.000000   0.000006
  0.000000  -0.000000  -0.000002
 -0.000001   0.000004  -0.000002
 -0.000001   0.000001   0.000003
  0.000001   0.000005   0.000000
  0.000001   0.000006   0.000001
  0.000001  -0.000000   0.000002
  0.000002   0.000005   0.000006
  0.000002  -0.000003   0.000003
 -0.000000   0.000007  -0.000004
 -0.000002   0.000004   0.000003
 -0.000001   0.000005   0.000008
 -0.000010   0.000004   0.000001
  0.000002  -0.000179   0.000304
 -0.000027   0.000015  -0.000027
  0.000416  -0.000157  -0.000603
  0.000040  -0.000002  -0.000029
 -0.000750   0.001568  -0.000650
 -0.000005  -0.000001   0.000006
  0.000688   0.000184  -0.000897
  0.000016   0.000007  -0.000004
 -0.008841  -0.035432   0.021944
 -0.000014   0.000013  -0.000014
  0.040396   0.163263  -0.167515
  0.000002   0.000009  -0.000012
 -0.000700   0.000347  -0.001410
  0.000003   0.000008  -0.000006
  0.003234   0.002175  -0.000537
  0.000015  -0.000005   0.000026
 -0.000301  -0.000228  -0.000166
 -0.000002   0.000014  -0.000148
  0.000073  -0.000118  -0.000003
  0.000030   0.000158   0.000012
 -0.000009   0.000009   0.000030
  0.000001   0.000113   0.000026
  0.000050  -0.000092   0.000100
  0.000060   0.000064  -0.000118
 -0.000043   0.000030  -0.000080
 -0.000077   0.000100  -0.000300
 -0.000021  -0.000007   0.000027
 -0.000198   0.000692   0.000373
  0.000015  -0.000012  -0.000048
 -0.000032  -0.000008  -0.000025
  0.000002   0.000005   0.000010
  0.000014   0.000002   0.000008
  0.000160  -0.000379   0.000272
 -0.000078  -0.000000   0.000049
  0.000134  -0.000149   0.000083
  0.000227  -0.000359   0.000114
  0.000116  -0.000022  -0.000011
  0.000108   0.000028  -0.000054
  0.000130   0.000018   0.000100
  0.000167  -0.000020   0.000099
  0.000034   0.000004   0.000050
  0.000045  -0.000013   0.000028
  0.000058  -0.000021   0.000051
  0.000068  -0.000021  -0.000003
 -0.000021  -0.000017   0.000860
 -0.000099   0.000004  -0.000054
  0.000458   0.000095  -0.000048
 -0.000146   0.000026  -0.000095
  0.000161  -0.000014   0.000104
 -0.000191  -0.000019  -0.000326
  0.000135  -0.000056   0.000150
 -0.000075  -0.000045  -0.000104
 -0.000196   0.000016  -0.000113
 -0.000221   0.000041  -0.000041
 -0.000714  -0.000138  -0.000449
  0.000334   0.000096   0.000142
  0.000448  -0.000075  -0.000313
 -0.000036  -0.000002  -0.000018
 -0.000179   0.000086   0.000077
  0.000029  -0.000013   0.000161
 -0.000168  -0.000019  -0.000038
 -0.000325  -0.000039   0.000192
   61    1  0.0150  0.0000  0.0000
 -0.000045  -0.000160  -0.000667
 -0.000014  -0.000008   0.000028
 -0.000138  -0.000005   0.000118
  0.000008   0.000001   0.000012
 -0.000114   0.000188   0.000547
 -0.000012  -0.000006   0.000010
  0.000078  -0.000037  -0.000111
 -0.000002   0.000010  -0.000026
  0.000073   0.000016   0.000041
  0.000022  -0.000024   0.000002
 -0.001891   0.001334   0.002774
 -0.000108   0.000046   0.000014
  0.002360   0.005836   0.040637
 -0.000004  -0.000033   0.000061
  0.061610  -0.002795  -0.018993
 -0.000029   0.000214  -0.000049
  0.005734  -0.005391  -0.037422
  0.000009  -0.000019   0.000115
 -0.001684  -0.000511  -0.002384
  0.000261  -0.000078  -0.000035
 -0.000025   0.000029  -0.000001
 -0.000000   0.000005   0.000011
 -0.000011  -0.000008  -0.000066
  0.000004   0.000005   0.000011
  0.000002   0.000007   0.000117
  0.000000  -0.000003   0.000002
 -0.000061   0.000023  -0.000086
 -0.000000   0.000001  -0.000005
 -0.000017   0.000023   0.000026
  0.000002  -0.000002   0.000002
  0.000121   0.000010  -0.000004
 -0.000008   0.000000  -0.000006
  0.000125  -0.000100  -0.000107
  0.000014   0.000002  -0.000002
 -0.000001  -0.000001  -0.000113
 -0.000001   0.000001  -0.000001
  0.000021   0.000013   0.000023
  0.000005   0.000001   0.000002
 -0.000060  -0.000022  -0.000044
 -0.000006  -0.000002   0.000008
  0.000034  -0.000012  -0.000021
  0.000004   0.000005   0.000003
 -0.000004   0.000007   0.000001
 -0.000003   0.000016   0.000002
  0.000020   0.000021  -0.000022
  0.000013  -0.000015  -0.000022
 -0.000001  -0.000001   0.000012
 -0.000000   0.000005  -0.000022
 -0.000325  -0.000039  -0.000070
  0.000005   0.000001  -0.000005
  0.000036  -0.000020   0.000112
 -0.000019   0.000031   0.000056
  0.000111   0.000042  -0.000130
 -0.000016  -0.000025  -0.000014
  0.000427  -0.000615  -0.001038
  0.000004   0.000008   0.000001
  0.006731   0.002428   0.002700
 -0.000047   0.000038  -0.000052
 -0.001904  -0.000323  -0.000741
  0.000007  -0.000011   0.000001
 -0.077159   0.003998   0.019727
  0.000018  -0.000070  -0.000072
  0.001215  -0.000715  -0.005399
  0.000025  -0.000155   0.000082
 -0.001564   0.000515   0.000814
 -0.000023  -0.000002  -0.000030
  0.005792  -0.004057  -0.001256
  0.000102   0.000011  -0.000004
  0.000523   0.000056   0.000894
 -0.000048   0.000060   0.000021
  0.000057   0.000080  -0.000027
  0.000068   0.000061  -0.000064
 -0.000030   0.000029  -0.000058
 -0.000046  -0.000008  -0.000077
 -0.000366   0.000078   0.000251
 -0.000006  -0.000031   0.000009
  0.000039   0.000035   0.000171
  0.000013   0.000002  -0.000016
 -0.000046  -0.000005  -0.000003
 -0.000024   0.000005   0.000025
  0.000132   0.000031  -0.000865
  0.000075  -0.000020  -0.000047
  0.000143   0.000080   0.000673
 -0.000080  -0.000009   0.000072
 -0.000143   0.000023   0.000110
  0.000035  -0.000003  -0.000004
 -0.000099   0.000011   0.000088
  0.000074  -0.000018   0.000113
 -0.000064  -0.000008   0.000106
 -0.000003   0.000000   0.000075
 -0.000037  -0.000041   0.000091
  0.000028   0.000018   0.000043
 -0.000124   0.000003  -0.000130
  0.000061   0.000006  -0.000194
 -0.000219  -0.000034   0.000064
  0.000064   0.000020  -0.000054
 -0.000140   0.000033   0.000049
  0.000237   0.000045  -0.000076
 -0.000113   0.000020   0.000019
  0.000052   0.000001  -0.000080
  0.000219   0.000006  -0.000160
 -0.000089   0.000017  -0.000126
  0.000328  -0.000026   0.000114
 -0.000259  -0.000086   0.000286
 -0.000007   0.000009   0.000172
  0.000049  -0.000004  -0.000063
  0.000175  -0.000014  -0.000206
 -0.000043   0.000012   0.000054
  0.000075  -0.000026  -0.000168
 -0.000156  -0.000036  -0.000136
   61    2  0.0000  0.0150 -0.0000
 -0.000001   0.000042  -0.000238
 -0.000020  -0.000005  -0.000002
 -0.000027  -0.000013   0.000105
  0.000002   0.000007  -0.000019
  0.000096   0.000020  -0.000181
  0.000003  -0.000007   0.000001
 -0.000045   0.000002   0.000064
 -0.000001   0.000008  -0.000015
 -0.000050   0.000015  -0.000002
  0.000016  -0.000006  -0.000004
 -0.000973  -0.000061  -0.000857
  0.000048  -0.000050  -0.000027
  0.001840   0.004739   0.020418
 -0.000001   0.000043   0.000003
 -0.002825   0.069255   0.044503
 -0.000068  -0.000202  -0.000149
 -0.004017   0.005990   0.027572
  0.000035  -0.000057   0.000436
  0.001159  -0.000429   0.000286
  0.000151  -0.000165  -0.000087
 -0.000020   0.000039  -0.000003
 -0.000005   0.000003  -0.000008
  0.000019  -0.000014   0.000044
 -0.000021  -0.000017  -0.000025
  0.000010  -0.000000  -0.000071
 -0.000001   0.000010  -0.000004
  0.000079  -0.000323  -0.000015
 -0.000000   0.000004   0.000007
  0.000001   0.000060   0.000017
 -0.000001   0.000006   0.000002
  0.000009   0.000050   0.000020
 -0.000001   0.000001   0.000010
 -0.000106  -0.000115   0.000063
 -0.000002   0.000002   0.000010
 -0.000011   0.000001  -0.000025
 -0.000001   0.000011  -0.000003
  0.000004   0.000011   0.000009
  0.000001   0.000005   0.000001
  0.000033   0.000020   0.000021
  0.000003  -0.000001   0.000008
 -0.000010   0.000001   0.000014
 -0.000001   0.000004   0.000002
  0.000000  -0.000001  -0.000006
  0.000000   0.000012   0.000001
 -0.000007  -0.000008   0.000013
  0.000001  -0.000008  -0.000013
 -0.000013  -0.000000  -0.000023
  0.000007   0.000002   0.000001
 -0.000182   0.000109  -0.000012
  0.000022  -0.000005   0.000020
  0.000018   0.000020   0.000058
 -0.000004  -0.000006  -0.000010
 -0.000031  -0.000114  -0.000118
  0.000014   0.000033   0.000010
 -0.000098  -0.000481  -0.000092
 -0.000009   0.000006   0.000007
  0.003418   0.000493   0.001885
  0.000005  -0.000030   0.000013
 -0.001009  -0.000430   0.000350
 -0.000012   0.000015  -0.000007
  0.003952  -0.075219  -0.054953
  0.000070   0.000124   0.000018
  0.002224  -0.004453  -0.039698
 -0.000003   0.000150  -0.000034
  0.001272  -0.000871   0.000218
  0.000013   0.000043  -0.000173
 -0.004637   0.001842   0.001676
 -0.000135  -0.000107   0.000072
 -0.000279  -0.000490  -0.000428
 -0.000071   0.000075  -0.000004
 -0.000145  -0.000003  -0.000238
  0.000007   0.000088  -0.000035
  0.000021  -0.000006   0.000086
 -0.000018   0.000019  -0.000054
  0.000311   0.000062  -0.000066
  0.000126  -0.000059   0.000031
 -0.000075   0.000048   0.000112
  0.000027   0.000008   0.000021
  0.000051   0.000001   0.000011
  0.000001   0.000004   0.000006
  0.000003  -0.000001  -0.000129
 -0.000011   0.000024  -0.000000
 -0.000128   0.000062  -0.000440
 -0.000063   0.000031   0.000075
 -0.000064   0.000009  -0.000012
  0.000030   0.000006   0.000046
 -0.000089  -0.000022  -0.000109
  0.000055  -0.000021   0.000086
  0.000014   0.000008  -0.000056
  0.000009  -0.000000   0.000070
 -0.000044   0.000034  -0.000071
  0.000018   0.000020   0.000051
 -0.000010  -0.000046  -0.000138
  0.000004   0.000008   0.000032
 -0.000190  -0.000076  -0.000075
  0.000067  -0.000006   0.000058
 -0.000099   0.000016  -0.000047
  0.000106   0.000042   0.000050
 -0.000049   0.000020  -0.000086
  0.000031   0.000033   0.000039
  0.000119  -0.000014   0.000135
 -0.000072   0.000015  -0.000129
  0.000214   0.000049   0.000274
 -0.000138  -0.000037  -0.000058
 -0.000026   0.000052   0.000047
 -0.000028   0.000029  -0.000011
  0.000156  -0.000002   0.000024
 -0.000046   0.000015  -0.000077
  0.000148   0.000039   0.000067
 -0.000042  -0.000035  -0.000143
   61    3  0.0000  0.0000  0.0150
  0.000024  -0.000106   0.000412
 -0.000049  -0.000018  -0.000030
 -0.000044   0.000071  -0.000111
  0.000018   0.000004  -0.000063
  0.000034  -0.000093  -0.000048
  0.000012  -0.000020  -0.000047
 -0.000060  -0.000009  -0.000036
 -0.000002   0.000008  -0.000055
 -0.000153   0.000005  -0.000025
  0.000015  -0.000012  -0.000042
 -0.001653   0.000488   0.000266
  0.000162   0.000010  -0.000019
  0.001153   0.002777   0.016947
 -0.000001  -0.000016   0.000008
 -0.018476   0.045472   0.401769
  0.000128  -0.000117   0.000036
 -0.002054   0.001577   0.010782
  0.000006   0.000118  -0.000447
  0.001188  -0.000024  -0.000110
 -0.000179  -0.000168   0.000008
 -0.000011   0.000041  -0.000015
 -0.000019  -0.000003  -0.000032
  0.000102  -0.000045  -0.000005
 -0.000053  -0.000055  -0.000069
  0.000002  -0.000047  -0.000024
 -0.000003   0.000020  -0.000011
  0.000086   0.000005  -0.000093
  0.000015  -0.000003   0.000025
 -0.000004  -0.000056  -0.000106
  0.000000   0.000012  -0.000003
 -0.000013   0.000038   0.000090
 -0.000010  -0.000012   0.000046
 -0.000139   0.000051   0.000047
 -0.000004  -0.000012   0.000047
 -0.000010  -0.000041   0.000005
 -0.000003   0.000026  -0.000006
 -0.000026  -0.000009  -0.000011
 -0.000001   0.000010  -0.000004
  0.000030   0.000029   0.000067
  0.000009  -0.000019   0.000046
 -0.000026   0.000005   0.000042
 -0.000005  -0.000008   0.000018
  0.000002  -0.000024  -0.000015
 -0.000000   0.000030   0.000007
 -0.000020  -0.000001  -0.000009
  0.000004  -0.000055  -0.000073
 -0.000059  -0.000017  -0.000096
 -0.000009   0.000004  -0.000039
 -0.000381   0.000009   0.000090
  0.000080  -0.000020   0.000101
 -0.000028  -0.000040   0.000229
  0.000005  -0.000009   0.000002
 -0.000039   0.000125  -0.000122
  0.000008  -0.000000   0.000024
  0.000999  -0.000786  -0.000668
 -0.000013  -0.000009  -0.000023
  0.002740   0.001418  -0.001155
  0.000044  -0.000012   0.000029
 -0.000001   0.000239  -0.001371
 -0.000006   0.000009  -0.000012
  0.019755  -0.054966  -0.441298
 -0.000073  -0.000020   0.000062
 -0.000946   0.002345   0.019598
  0.000004   0.000069  -0.000004
 -0.000105   0.000500  -0.000933
 -0.000007   0.000012   0.000049
 -0.001237   0.001546  -0.001766
  0.000042   0.000015   0.000201
 -0.001046  -0.000297  -0.000611
  0.000042   0.000011   0.000062
 -0.000071   0.000044   0.000141
  0.000007   0.000083  -0.000048
  0.000076  -0.000062   0.000158
 -0.000155  -0.000125  -0.000177
  0.000422  -0.000039   0.000043
 -0.000172  -0.000004   0.000027
 -0.000111   0.000023   0.000027
  0.000085   0.000011   0.000067
  0.000146  -0.000013   0.000084
  0.000029   0.000008   0.000083
  0.000360  -0.000246  -0.001069
 -0.000122  -0.000009  -0.000086
 -0.000496  -0.000102  -0.000839
  0.000271   0.000039   0.000100
 -0.000111  -0.000004   0.000059
  0.000184   0.000037   0.000161
 -0.000036  -0.000002  -0.000145
  0.000336  -0.000065   0.000345
  0.000064   0.000025   0.000055
  0.000060  -0.000008   0.000368
 -0.000055   0.000051  -0.000067
  0.000156   0.000093   0.000256
 -0.000112   0.000005  -0.000491
 -0.000014   0.000014  -0.000067
 -0.000489  -0.000066  -0.000181
  0.000143  -0.000012   0.000113
 -0.000289   0.000053  -0.000159
  0.000275   0.000018  -0.000025
 -0.000209   0.000092  -0.000220
  0.000082   0.000051   0.000055
  0.000107  -0.000073   0.000025
 -0.000387  -0.000010  -0.000610
  0.000652  -0.000036   0.000701
 -0.000314  -0.000085  -0.000023
  0.000121   0.000133   0.000303
 -0.000170   0.000059  -0.000200
  0.000362   0.000005  -0.000008
 -0.000136   0.000030  -0.000170
  0.000186   0.000085   0.000189
 -0.000419   0.000051  -0.000281
   63    1  0.0150  0.0000  0.0000
  0.000012  -0.000000   0.000029
  0.000005   0.000003  -0.000002
  0.000009   0.000006  -0.000007
 -0.000002  -0.000001   0.000003
 -0.000000   0.000001  -0.000012
  0.000002   0.000001   0.000004
 -0.000005   0.000006   0.000002
  0.000002  -0.000001   0.000006
  0.000003  -0.000001  -0.000003
  0.000001   0.000001   0.000005
 -0.001077   0.003210  -0.000990
  0.000020  -0.000017   0.000038
  0.010488   0.036621  -0.017477
 -0.000031   0.000021  -0.000108
  0.064959   0.037865  -0.018224
 -0.000033  -0.000005  -0.000042
  0.000573  -0.033833   0.015987
  0.000220   0.000034  -0.000218
 -0.001402  -0.003522   0.000953
 -0.000092  -0.000064   0.000159
  0.000002  -0.000004   0.000003
  0.000004  -0.000001   0.000001
  0.000010  -0.000014   0.000012
  0.000004   0.000000   0.000001
  0.000002   0.000001  -0.000000
  0.000001  -0.000002   0.000000
  0.000003   0.000020   0.000008
 -0.000000  -0.000001  -0.000002
  0.000003  -0.000002  -0.000009
  0.000001  -0.000002  -0.000000
 -0.000005  -0.000005  -0.000005
  0.000003  -0.000000  -0.000003
  0.000000  -0.000011  -0.000012
 -0.000001   0.000000  -0.000005
  0.000002  -0.000000  -0.000004
  0.000002  -0.000003  -0.000001
 -0.000002  -0.000001  -0.000004
  0.000001  -0.000002   0.000000
  0.000001  -0.000002  -0.000001
  0.000002   0.000001  -0.000006
 -0.000004  -0.000003  -0.000001
  0.000000  -0.000000  -0.000002
  0.000001  -0.000000  -0.000001
  0.000002  -0.000005  -0.000001
 -0.000001  -0.000006   0.000007
 -0.000001   0.000008   0.000011
  0.000009   0.000001   0.000007
  0.000006  -0.000003   0.000011
 -0.000091   0.000069  -0.000007
 -0.000006   0.000005  -0.000012
 -0.000305   0.000037  -0.000068
  0.000011  -0.000000  -0.000018
  0.000268  -0.001039   0.000563
 -0.000003   0.000003   0.000001
  0.000051  -0.000204  -0.000152
 -0.000008  -0.000009   0.000003
 -0.001391  -0.000758   0.000309
  0.000031   0.000008   0.000046
  0.006630   0.002459   0.003189
  0.000004  -0.000005   0.000012
  0.001215   0.002254  -0.001074
  0.000022   0.000002   0.000002
 -0.084365  -0.041356   0.018914
 -0.000004  -0.000009   0.000008
  0.005759  -0.003725  -0.001207
  0.000008  -0.000006   0.000002
 -0.001397   0.000907  -0.000146
 -0.000329   0.000064  -0.000141
  0.000107   0.000102  -0.000010
  0.000044   0.000001  -0.000013
  0.000364   0.001017  -0.000290
  0.000019   0.000004  -0.000007
 -0.000167   0.000134   0.000045
  0.000029   0.000076   0.000014
 -0.000013  -0.000029  -0.000016
  0.000223  -0.000078   0.000107
  0.000002  -0.000000  -0.000020
 -0.000008   0.000000  -0.000001
 -0.000009   0.000001  -0.000009
  0.000002  -0.000004  -0.000014
 -0.000321  -0.000617   0.000247
 -0.000012   0.000011   0.000027
 -0.000241   0.000513  -0.000288
 -0.000111   0.000019   0.000012
  0.000015  -0.000003  -0.000036
 -0.000037  -0.000009  -0.000008
 -0.000022  -0.000006  -0.000071
 -0.000062  -0.000004  -0.000060
  0.000003  -0.000002  -0.000052
 -0.000006  -0.000002  -0.000050
 -0.000013   0.000021  -0.000048
 -0.000040  -0.000025  -0.000046
  0.000208   0.000072  -0.000024
 -0.000004  -0.000010   0.000058
  0.000052   0.000013  -0.000051
 -0.000012  -0.000000   0.000007
  0.000050  -0.000023  -0.000040
 -0.000045  -0.000004   0.000030
  0.000008   0.000038  -0.000016
 -0.000025   0.000010   0.000008
 -0.000013  -0.000008   0.000075
  0.000067   0.000018   0.000087
 -0.000076  -0.000071   0.000154
  0.000055  -0.000011  -0.000068
  0.000006  -0.000117  -0.000108
  0.000016  -0.000004   0.000040
 -0.000025   0.000018   0.000052
  0.000026   0.000000  -0.000007
  0.000049   0.000027   0.000056
  0.000121  -0.000055   0.000004
   63    2  0.0000  0.0150 -0.0000
 -0.000010   0.000018   0.000068
 -0.000010  -0.000010   0.000035
 -0.000004  -0.000018   0.000009
 -0.000008   0.000006   0.000011
  0.000002   0.000003   0.000046
 -0.000003  -0.000009   0.000046
  0.000001  -0.000003   0.000010
  0.000001  -0.000000   0.000013
  0.000030   0.000004   0.000019
  0.000023  -0.000008   0.000028
 -0.002490  -0.000634   0.000070
 -0.000163  -0.000025  -0.000042
  0.006220   0.018910  -0.008370
  0.000024   0.000062   0.000021
  0.037367   0.335636  -0.128870
 -0.000244  -0.000110  -0.000237
 -0.000544   0.028840  -0.011917
  0.000106   0.000047   0.000248
  0.002616  -0.000159   0.000157
  0.000459  -0.000088  -0.000133
 -0.000002  -0.000005   0.000015
  0.000007   0.000001   0.000010
  0.000014  -0.000024   0.000032
 -0.000005  -0.000003   0.000003
  0.000001   0.000004   0.000001
  0.000001  -0.000007  -0.000001
  0.000017  -0.000010  -0.000053
 -0.000015   0.000001  -0.000012
  0.000000   0.000008   0.000008
 -0.000002  -0.000010   0.000006
  0.000002  -0.000005  -0.000021
  0.000005   0.000003  -0.000022
 -0.000001  -0.000003  -0.000037
  0.000001   0.000006  -0.000026
 -0.000001   0.000006   0.000001
  0.000000  -0.000010  -0.000004
  0.000004   0.000003   0.000003
  0.000002  -0.000008   0.000004
 -0.000004  -0.000008  -0.000020
 -0.000003   0.000006  -0.000024
  0.000002  -0.000004  -0.000013
  0.000003   0.000004  -0.000013
 -0.000001   0.000007  -0.000001
 -0.000000  -0.000014  -0.000004
  0.000000  -0.000019   0.000025
 -0.000001   0.000020   0.000032
  0.000024   0.000003   0.000033
  0.000019  -0.000009   0.000037
 -0.000065   0.000068  -0.000120
 -0.000043   0.000005  -0.000058
 -0.000455   0.000134  -0.000020
 -0.000039  -0.000001   0.000004
  0.000968  -0.001107  -0.000175
  0.000005   0.000023  -0.000015
  0.000185  -0.000093   0.000078
  0.000000   0.000008   0.000027
 -0.000389  -0.000296   0.000479
 -0.000047  -0.000042  -0.000029
  0.002762   0.000128   0.002172
 -0.000014  -0.000007   0.000008
 -0.000757  -0.004315   0.002324
  0.000151   0.000150  -0.000072
 -0.041361  -0.375394   0.141391
  0.000006   0.000092  -0.000010
 -0.004349   0.001991   0.001822
  0.000009  -0.000018  -0.000174
  0.000577  -0.000855   0.000521
 -0.000183  -0.000381   0.000076
  0.000009  -0.000063   0.000092
 -0.000135   0.000101  -0.000066
 -0.001099  -0.001214  -0.000309
 -0.000010   0.000065  -0.000014
  0.000408   0.000044  -0.000095
  0.000109   0.000106   0.000090
  0.000017   0.000131  -0.000030
  0.000337  -0.000148  -0.000034
 -0.000015  -0.000001  -0.000030
  0.000001   0.000002  -0.000016
 -0.000040   0.000003  -0.000048
 -0.000032  -0.000005  -0.000053
  0.000274  -0.000533   0.000566
  0.000216   0.000030   0.000023
 -0.000216  -0.000888   0.000542
 -0.000397   0.000026   0.000008
 -0.000019   0.000007  -0.000078
 -0.000109  -0.000031  -0.000036
 -0.000083  -0.000053  -0.000036
 -0.000212   0.000012  -0.000140
 -0.000026  -0.000006  -0.000130
 -0.000046   0.000004  -0.000156
 -0.000032   0.000022  -0.000077
 -0.000105  -0.000042  -0.000107
  0.000307   0.000064  -0.000151
  0.000102  -0.000038   0.000126
  0.000055  -0.000002  -0.000095
  0.000057  -0.000025   0.000036
  0.000118  -0.000064  -0.000031
 -0.000022   0.000044   0.000161
  0.000050   0.000049  -0.000072
  0.000029   0.000013   0.000066
  0.000055  -0.000001   0.000193
  0.000234   0.000015   0.000267
 -0.000196  -0.000025   0.000289
 -0.000060   0.000017  -0.000153
 -0.000368  -0.000016  -0.000103
  0.000090  -0.000007   0.000131
 -0.000023   0.000016   0.000100
  0.000003  -0.000008  -0.000031
  0.000035   0.000020   0.000036
  0.000337  -0.000103  -0.000039
   63    3  0.0000  0.0000  0.0150
  0.000002  -0.000066  -0.000287
 -0.000025  -0.000009   0.000013
 -0.000047  -0.000019   0.000035
 -0.000002   0.000008  -0.000015
  0.000065  -0.000005  -0.000094
  0.000001  -0.000015   0.000023
 -0.000039  -0.000024   0.000051
 -0.000003   0.000009  -0.000015
 -0.000029   0.000030   0.000036
  0.000044  -0.000021   0.000016
 -0.000279   0.000152  -0.000673
 -0.000042  -0.000033  -0.000004
  0.002944   0.013955  -0.006353
 -0.000036   0.000068  -0.000104
 -0.017598  -0.127975   0.125852
 -0.000070   0.000031  -0.000212
  0.000154   0.010579  -0.004337
 -0.000145  -0.000317   0.001534
  0.000327  -0.000887   0.000137
  0.000136   0.000037  -0.000184
 -0.000021   0.000039   0.000006
 -0.000004   0.000002   0.000003
  0.000049  -0.000057   0.000057
 -0.000015  -0.000011  -0.000014
  0.000004   0.000002   0.000025
 -0.000001   0.000003  -0.000002
  0.000145  -0.000079  -0.000027
 -0.000005   0.000002   0.000001
 -0.000003   0.000023   0.000001
 -0.000001  -0.000000   0.000004
  0.000024   0.000035   0.000026
 -0.000001   0.000001   0.000001
 -0.000121  -0.000028   0.000012
 -0.000002   0.000004  -0.000002
 -0.000004   0.000001   0.000003
 -0.000001   0.000005  -0.000005
  0.000005   0.000015   0.000013
  0.000002  -0.000001   0.000005
  0.000027   0.000012   0.000001
  0.000003   0.000001  -0.000000
 -0.000005  -0.000004   0.000000
 -0.000003   0.000006  -0.000003
 -0.000000   0.000006  -0.000009
  0.000000   0.000007   0.000001
 -0.000007  -0.000027   0.000042
  0.000001   0.000006   0.000012
  0.000006   0.000002   0.000010
  0.000030  -0.000007   0.000031
  0.000026   0.000038  -0.000072
 -0.000003   0.000003  -0.000026
 -0.000007   0.000010   0.000081
 -0.000014  -0.000007  -0.000013
 -0.000379  -0.000231  -0.000115
 -0.000002   0.000025  -0.000005
 -0.000091  -0.000293   0.000272
 -0.000010   0.000001   0.000021
 -0.000868   0.000262  -0.000792
 -0.000005  -0.000024   0.000022
  0.002447   0.001213  -0.000554
  0.000002  -0.000005   0.000020
 -0.005377  -0.039743   0.019627
  0.000079   0.000033  -0.000004
  0.018862   0.141135  -0.132399
  0.000004   0.000010  -0.000007
 -0.001277   0.001477  -0.000902
  0.000009   0.000059  -0.000130
  0.000857   0.000145  -0.000769
 -0.000189  -0.000185   0.000182
 -0.000021  -0.000158   0.000017
 -0.000068   0.000017  -0.000020
  0.000439  -0.000084  -0.000261
 -0.000005   0.000005  -0.000007
  0.000110  -0.000002   0.000197
  0.000042   0.000032   0.000057
 -0.000024   0.000043  -0.000022
  0.000163  -0.000091  -0.000081
 -0.000101   0.000040   0.000110
  0.000021   0.000005   0.000006
  0.000024  -0.000002  -0.000034
 -0.000030   0.000002  -0.000028
 -0.000077   0.000251   0.000132
  0.000049   0.000017   0.000025
 -0.000056   0.000371  -0.000108
 -0.000136   0.000078  -0.000007
 -0.000186   0.000021  -0.000038
 -0.000039  -0.000011   0.000002
 -0.000301  -0.000035  -0.000199
 -0.000087   0.000009  -0.000052
 -0.000042  -0.000010  -0.000174
 -0.000030   0.000009  -0.000059
 -0.000101   0.000031  -0.000110
 -0.000040  -0.000013  -0.000030
  0.000132   0.000033  -0.000152
  0.000029  -0.000009   0.000111
 -0.000182  -0.000049  -0.000133
  0.000048  -0.000016   0.000057
 -0.000115   0.000002  -0.000014
 -0.000015   0.000017   0.000106
 -0.000067   0.000054  -0.000096
  0.000018   0.000021   0.000061
  0.000338   0.000027   0.000359
  0.000103   0.000006   0.000110
  0.000178  -0.000027   0.000350
 -0.000039   0.000011  -0.000166
 -0.000165  -0.000015  -0.000059
  0.000059   0.000028   0.000104
  0.000218   0.000034   0.000044
 -0.000022   0.000003  -0.000054
  0.000297   0.000009   0.000052
  0.000156  -0.000033  -0.000046
   65    1  0.0150  0.0000  0.0000
  0.000002  -0.000013  -0.000044
  0.000002  -0.000001   0.000001
 -0.000010   0.000019   0.000001
  0.000002  -0.000000  -0.000001
 -0.000002  -0.000005   0.000006
  0.000001  -0.000001  -0.000003
 -0.000011  -0.000016  -0.000001
  0.000002   0.000001  -0.000005
  0.000007   0.000011   0.000021
  0.000005  -0.000002  -0.000003
  0.000102  -0.000237  -0.000121
 -0.000034   0.000013  -0.000011
 -0.002620  -0.000625   0.000572
  0.000010  -0.000019   0.000080
 -0.000271  -0.034701   0.017481
  0.000030   0.000035   0.000002
  0.062742   0.020275  -0.011015
 -0.000021   0.000023  -0.000066
  0.005222   0.036575  -0.017424
 -0.000007   0.000017  -0.000001
  0.000002   0.000003  -0.000002
 -0.000001   0.000001   0.000002
  0.000004   0.000006  -0.000015
  0.000005   0.000004   0.000005
  0.000001   0.000001  -0.000006
  0.000001  -0.000000  -0.000000
  0.000006  -0.000012   0.000007
  0.000003   0.000000  -0.000000
 -0.000011  -0.000007  -0.000010
  0.000002   0.000000  -0.000001
  0.000008  -0.000004   0.000004
 -0.000000   0.000000  -0.000000
 -0.000014   0.000003  -0.000000
  0.000003  -0.000000   0.000002
  0.000001   0.000000  -0.000000
  0.000001   0.000001  -0.000000
  0.000008   0.000002   0.000012
  0.000002   0.000001  -0.000001
  0.000005   0.000003  -0.000005
  0.000001  -0.000001   0.000001
  0.000009   0.000009  -0.000005
  0.000001   0.000000   0.000001
 -0.000000   0.000002   0.000001
  0.000001   0.000003   0.000000
  0.000004   0.000000   0.000000
  0.000003  -0.000002  -0.000002
  0.000000   0.000000   0.000004
  0.000003   0.000001  -0.000002
  0.000001  -0.000004   0.000014
 -0.000012   0.000002  -0.000008
  0.000068  -0.000006   0.000020
 -0.000002   0.000007   0.000009
  0.000007   0.000327  -0.000080
 -0.000005   0.000001   0.000002
 -0.000029  -0.000009   0.000002
  0.000012   0.000010  -0.000003
  0.000101   0.000055   0.000046
 -0.000005  -0.000045   0.000011
  0.000350   0.000694  -0.000314
 -0.000002   0.000002  -0.000008
 -0.001583   0.001273   0.000141
 -0.000027  -0.000012  -0.000009
  0.005795  -0.004131  -0.001409
  0.000009  -0.000013   0.000012
 -0.072815  -0.022722   0.010898
  0.000004  -0.000016   0.000025
  0.001197   0.001973  -0.000937
  0.000052   0.000030  -0.000037
 -0.001616  -0.001377   0.000006
  0.000009  -0.000007   0.000004
  0.005930   0.003618   0.002065
  0.000002  -0.000009  -0.000004
  0.000662  -0.000577   0.000029
 -0.000008  -0.000011  -0.000006
  0.000108   0.000104  -0.000052
 -0.000043   0.000016  -0.000010
  0.000009   0.000005   0.000019
 -0.000002  -0.000002  -0.000006
 -0.000002  -0.000005  -0.000009
 -0.000000  -0.000001   0.000002
  0.000005   0.000164  -0.000120
  0.000004  -0.000007  -0.000002
 -0.003339  -0.000913  -0.000045
  0.000034  -0.000010  -0.000002
 -0.000035   0.000006   0.000012
  0.000019   0.000004  -0.000005
  0.000019   0.000086   0.000113
  0.000027   0.000002   0.000013
 -0.000012   0.000008   0.000023
  0.000006   0.000002   0.000014
 -0.000029   0.000014  -0.000000
  0.000017   0.000002   0.000009
 -0.000058  -0.000000   0.000032
  0.000006   0.000001  -0.000046
 -0.000048   0.000004   0.000026
 -0.000004   0.000006  -0.000021
 -0.000138  -0.000014   0.000076
  0.000024  -0.000002  -0.000037
 -0.000013  -0.000005   0.000022
  0.000003  -0.000004  -0.000027
  0.000109  -0.000007   0.000030
 -0.000021  -0.000002  -0.000010
  0.000118  -0.000023  -0.000049
 -0.000015  -0.000008   0.000060
  0.000003  -0.000006   0.000018
  0.000010   0.000001  -0.000001
  0.000028  -0.000007  -0.000042
 -0.000002   0.000000   0.000026
 -0.000040   0.000162   0.000047
 -0.000043   0.000012   0.000014
   65    2  0.0000  0.0150 -0.0000
 -0.000082   0.000028   0.000029
  0.000016   0.000005   0.000005
 -0.000019  -0.000082   0.000004
 -0.000005  -0.000007   0.000022
 -0.000008  -0.000001   0.000124
 -0.000007   0.000005   0.000007
  0.000018  -0.000031  -0.000008
 -0.000001  -0.000005   0.000011
  0.000070   0.000005   0.000025
 -0.000011  -0.000001   0.000008
 -0.000078  -0.000351   0.000250
 -0.000047  -0.000007  -0.000025
  0.001035  -0.000759   0.000230
  0.000007   0.000009   0.000076
  0.000626   0.024264  -0.010618
 -0.000012  -0.000023  -0.000026
  0.021115   0.339368  -0.141795
  0.000019   0.000008   0.000081
  0.001037   0.022611  -0.009241
  0.000037  -0.000022  -0.000014
 -0.000006  -0.000012   0.000008
  0.000004  -0.000002   0.000011
 -0.000044   0.000018  -0.000027
  0.000021   0.000019   0.000026
  0.000003  -0.000002   0.000024
 -0.000000  -0.000011   0.000003
 -0.000025   0.000021  -0.000026
 -0.000002  -0.000003  -0.000009
 -0.000010   0.000021   0.000034
 -0.000000  -0.000006  -0.000001
  0.000019   0.000006  -0.000032
  0.000000   0.000000  -0.000015
  0.000026   0.000060  -0.000051
  0.000002  -0.000001  -0.000014
 -0.000005   0.000007   0.000025
 -0.000000  -0.000011   0.000001
  0.000021   0.000001   0.000008
 -0.000000  -0.000005  -0.000001
 -0.000017  -0.000010  -0.000028
 -0.000005   0.000002  -0.000012
  0.000026   0.000008  -0.000023
  0.000002  -0.000001  -0.000005
 -0.000004   0.000007   0.000010
 -0.000002  -0.000010  -0.000004
  0.000013   0.000010  -0.000017
  0.000002   0.000009   0.000013
  0.000014   0.000001   0.000031
 -0.000008  -0.000002  -0.000005
  0.000020   0.000005   0.000033
 -0.000028   0.000002  -0.000016
 -0.000013   0.000054  -0.000064
  0.000001   0.000011   0.000008
  0.000228  -0.000179   0.000012
  0.000003  -0.000007   0.000000
  0.000019   0.000013  -0.000007
  0.000012   0.000006  -0.000002
 -0.000112  -0.000051   0.000018
 -0.000023  -0.000025  -0.000007
 -0.000904  -0.000501  -0.000245
 -0.000006  -0.000003  -0.000011
  0.000546  -0.000862   0.000484
  0.000002   0.000036  -0.000011
 -0.003666   0.001988   0.001464
  0.000005  -0.000014  -0.000056
 -0.022735  -0.377337   0.153538
  0.000007  -0.000009  -0.000028
 -0.000532  -0.005528   0.003473
 -0.000019  -0.000021   0.000055
 -0.000477  -0.000905   0.000385
 -0.000009   0.000010  -0.000011
  0.003234   0.000744   0.001649
 -0.000006  -0.000004   0.000003
  0.000824  -0.000060  -0.000544
  0.000030   0.000030   0.000031
  0.000101  -0.000015   0.000054
  0.000039  -0.000013   0.000017
  0.000080  -0.000020   0.000002
 -0.000032  -0.000008  -0.000026
 -0.000061  -0.000006  -0.000027
 -0.000006  -0.000003  -0.000011
 -0.000194   0.000002   0.000072
  0.000012  -0.000002   0.000017
  0.000124  -0.002210   0.000593
 -0.000057  -0.000003  -0.000020
  0.000053  -0.000013   0.000022
 -0.000042  -0.000013  -0.000055
  0.000062   0.000063   0.000235
 -0.000068   0.000015  -0.000082
 -0.000040  -0.000014   0.000090
 -0.000013  -0.000003  -0.000085
  0.000068  -0.000059   0.000128
 -0.000036  -0.000029  -0.000069
  0.000017   0.000004   0.000136
 -0.000004  -0.000003  -0.000040
  0.000157   0.000022   0.000086
 -0.000054   0.000010  -0.000062
  0.000099  -0.000005   0.000042
 -0.000049  -0.000013  -0.000039
  0.000061  -0.000026   0.000081
 -0.000030  -0.000022  -0.000051
 -0.000053   0.000052  -0.000206
  0.000084   0.000004   0.000143
 -0.000205  -0.000013  -0.000224
  0.000081   0.000004   0.000093
  0.000026  -0.000066  -0.000053
  0.000053  -0.000030   0.000013
 -0.000123  -0.000008  -0.000058
  0.000044  -0.000010   0.000080
 -0.000299  -0.000076  -0.000102
  0.000067  -0.000017   0.000086
   65    3  0.0000  0.0000  0.0150
 -0.000078   0.000037   0.000046
  0.000018   0.000013  -0.000014
 -0.000015  -0.000064  -0.000019
 -0.000001  -0.000009   0.000019
 -0.000003   0.000022   0.000142
 -0.000006   0.000011  -0.000010
  0.000027  -0.000022  -0.000021
 -0.000002  -0.000002   0.000006
  0.000067   0.000015   0.000028
 -0.000028   0.000004  -0.000001
  0.000351   0.000322  -0.000131
  0.000061  -0.000107  -0.000073
  0.000292  -0.000403   0.000258
  0.000015  -0.000113   0.000282
  0.000064   0.010483  -0.004438
  0.000064  -0.000459   0.000080
 -0.010836  -0.143814   0.138795
  0.000011  -0.000213   0.000303
  0.002257   0.015651  -0.006011
 -0.000102  -0.000184  -0.000015
 -0.000008  -0.000011   0.000002
  0.000003  -0.000001   0.000006
 -0.000043   0.000030  -0.000034
  0.000019   0.000018   0.000019
  0.000002  -0.000001   0.000009
 -0.000000  -0.000004   0.000005
 -0.000029   0.000009  -0.000024
  0.000004  -0.000001  -0.000001
 -0.000008   0.000024   0.000022
 -0.000000   0.000002  -0.000003
  0.000017   0.000002  -0.000023
 -0.000001   0.000001  -0.000003
  0.000018   0.000017  -0.000086
 -0.000001  -0.000001  -0.000000
 -0.000003   0.000006   0.000003
 -0.000001  -0.000004   0.000003
  0.000019   0.000004   0.000009
 -0.000002   0.000000  -0.000001
 -0.000018  -0.000008  -0.000019
 -0.000004   0.000001  -0.000001
  0.000027  -0.000002  -0.000021
  0.000001  -0.000000   0.000002
 -0.000003   0.000003   0.000005
 -0.000002  -0.000002  -0.000002
  0.000016   0.000029  -0.000034
  0.000002   0.000002  -0.000003
  0.000002   0.000000   0.000014
 -0.000020   0.000007  -0.000024
  0.000029   0.000004   0.000052
 -0.000015  -0.000003   0.000031
  0.000009   0.000009  -0.000054
  0.000009   0.000010  -0.000006
 -0.000031  -0.000019   0.000139
  0.000025   0.000018   0.000037
 -0.000016   0.000050  -0.000014
  0.000021   0.000024  -0.000014
 -0.000032  -0.000141   0.000036
 -0.000047   0.000153  -0.000064
  0.000150  -0.000245  -0.000163
 -0.000008   0.000047  -0.000152
  0.000806   0.000207  -0.000948
 -0.000030   0.000172   0.000050
 -0.001252   0.001836  -0.000895
  0.000000   0.000166  -0.000126
  0.010903   0.153284  -0.145195
  0.000027   0.000027  -0.000293
 -0.003017  -0.038695   0.020048
  0.000003   0.000417  -0.000001
 -0.000948   0.000218  -0.001259
 -0.000004   0.000026  -0.000007
  0.002463   0.002161  -0.000720
 -0.000034   0.000004   0.000007
 -0.000407  -0.000405  -0.000345
 -0.000003   0.000029  -0.000018
  0.000207  -0.000195   0.000217
  0.000028   0.000040   0.000060
  0.000076  -0.000013  -0.000003
 -0.000023  -0.000004  -0.000008
 -0.000040  -0.000005   0.000001
  0.000012   0.000002   0.000019
 -0.000101  -0.000123   0.000045
 -0.000076   0.000029   0.000009
 -0.000878  -0.000349   0.000268
  0.000050   0.000016   0.000015
  0.000153  -0.000002   0.000054
 -0.000012  -0.000001  -0.000016
  0.000366   0.000067   0.000396
  0.000004   0.000004  -0.000019
  0.000006   0.000020   0.000200
  0.000007  -0.000003   0.000008
  0.000067  -0.000004   0.000120
 -0.000006  -0.000013  -0.000018
 -0.000049  -0.000018   0.000083
 -0.000047   0.000011  -0.000053
  0.000108   0.000015   0.000078
 -0.000066   0.000016  -0.000051
  0.000098  -0.000014  -0.000009
 -0.000051  -0.000020  -0.000061
  0.000041  -0.000032   0.000055
 -0.000038  -0.000016  -0.000047
 -0.000247  -0.000102  -0.000382
  0.000020   0.000011   0.000020
 -0.000149   0.000020  -0.000181
  0.000111   0.000005   0.000099
  0.000147  -0.000025   0.000015
  0.000000  -0.000034  -0.000062
 -0.000124  -0.000019  -0.000046
  0.000045  -0.000004   0.000059
 -0.000372   0.000097  -0.000110
 -0.000014  -0.000002   0.000073
   67    1  0.0150  0.0000  0.0000
  0.000025   0.000086   0.000219
  0.000010   0.000007  -0.000014
  0.000052  -0.000032   0.000029
 -0.000006  -0.000002   0.000004
 -0.000026  -0.000022  -0.000037
  0.000006   0.000005   0.000010
  0.000028   0.000026  -0.000023
  0.000004  -0.000005   0.000022
 -0.000005  -0.000075  -0.000108
 -0.000018   0.000014   0.000009
  0.000124  -0.000410  -0.000033
  0.000173  -0.000237  -0.000078
 -0.002766   0.000003  -0.002379
 -0.000036  -0.000007  -0.000311
  0.005823  -0.006390  -0.038720
 -0.000043  -0.000453  -0.000198
  0.060618  -0.001539  -0.017254
 -0.000041   0.000060   0.000375
  0.003378   0.006405   0.041121
  0.000099   0.000460   0.000041
  0.000010  -0.000020   0.000008
  0.000011  -0.000001  -0.000008
 -0.000004   0.000000   0.000034
 -0.000005  -0.000008  -0.000011
  0.000004   0.000004  -0.000032
  0.000003   0.000001   0.000001
 -0.000066  -0.000025  -0.000000
 -0.000005   0.000000   0.000001
  0.000013   0.000018   0.000028
 -0.000000   0.000000   0.000001
 -0.000034   0.000003  -0.000020
  0.000011   0.000002  -0.000001
  0.000133   0.000013  -0.000010
 -0.000008   0.000002  -0.000005
 -0.000002   0.000003   0.000025
  0.000003  -0.000004   0.000001
 -0.000001  -0.000019  -0.000023
  0.000000  -0.000002   0.000002
 -0.000011   0.000003   0.000016
  0.000003   0.000005  -0.000010
 -0.000032   0.000047   0.000003
  0.000005   0.000001  -0.000002
  0.000005  -0.000001   0.000029
  0.000003  -0.000012  -0.000002
 -0.000012  -0.000010  -0.000005
 -0.000006   0.000011   0.000016
  0.000011   0.000002  -0.000010
 -0.000004   0.000000   0.000014
  0.000069   0.000003  -0.000056
  0.000014  -0.000008   0.000022
  0.000006   0.000005  -0.000041
  0.000012  -0.000033  -0.000063
  0.000026  -0.000037   0.000022
  0.000050   0.000097   0.000025
 -0.000085   0.000242   0.000388
 -0.000031   0.000000   0.000025
  0.000274   0.000325   0.001222
  0.000056  -0.000061   0.000166
  0.000075  -0.000009   0.000074
  0.000014   0.000015   0.000031
  0.005791  -0.004641  -0.001330
  0.000095   0.000134   0.000046
 -0.001399   0.000522   0.000873
 -0.000335   0.000181  -0.000191
  0.001214  -0.000496  -0.003049
  0.000048   0.000016   0.000007
 -0.074311   0.002934   0.018268
 -0.000045   0.000015  -0.000177
  0.006119   0.003814   0.002024
 -0.000039  -0.000081  -0.000060
 -0.001272  -0.000599  -0.001007
  0.000105  -0.000184   0.000097
  0.000210  -0.000245   0.000227
  0.000055   0.000038   0.000092
  0.000659  -0.000338  -0.001332
  0.000089   0.000009  -0.000059
 -0.000006  -0.000011  -0.000099
  0.000002   0.000002   0.000015
  0.000013   0.000020   0.000032
  0.000017  -0.000000  -0.000021
 -0.000041   0.000076   0.000282
 -0.000077   0.000068   0.000078
 -0.004731  -0.000042   0.000735
 -0.000119  -0.000086  -0.000061
  0.000184  -0.000029  -0.000071
 -0.000057  -0.000004   0.000025
  0.000344   0.000153  -0.000123
 -0.000109   0.000003  -0.000074
  0.000094   0.000033  -0.000046
 -0.000003   0.000002  -0.000040
  0.000027   0.000107  -0.000174
 -0.000042  -0.000013  -0.000028
  0.000030   0.000009   0.000041
 -0.000048   0.000006   0.000175
  0.000057  -0.000001  -0.000047
 -0.000004  -0.000018   0.000065
 -0.000053  -0.000035  -0.000044
 -0.000116  -0.000008   0.000108
  0.000019   0.000015  -0.000029
 -0.000019   0.000020   0.000080
 -0.000392  -0.000066  -0.000046
  0.000131  -0.000001   0.000098
 -0.000069  -0.000034  -0.000019
  0.000130   0.000040  -0.000253
  0.000027   0.000022  -0.000106
 -0.000045  -0.000007   0.000024
 -0.000112   0.000003   0.000163
  0.000032  -0.000003  -0.000078
 -0.000152   0.000285   0.000497
  0.000202  -0.000031  -0.000012
   67    2  0.0000  0.0150 -0.0000
 -0.000001  -0.000033  -0.000109
 -0.000003  -0.000001  -0.000004
 -0.000008  -0.000032   0.000020
  0.000004   0.000001  -0.000009
  0.000004  -0.000037  -0.000060
  0.000002  -0.000000  -0.000010
 -0.000003  -0.000013   0.000000
  0.000000   0.000002  -0.000009
 -0.000021  -0.000022  -0.000045
 -0.000003   0.000001  -0.000009
  0.000154   0.000211  -0.000014
  0.000091  -0.000091  -0.000001
  0.001384  -0.000466  -0.000164
 -0.000136  -0.000060   0.000041
 -0.003523   0.006077   0.025778
 -0.000004   0.000168   0.000417
 -0.000648   0.071749   0.047484
  0.000215  -0.000054   0.000070
 -0.000155   0.005106   0.023850
 -0.000185  -0.000123   0.000119
 -0.000007   0.000012  -0.000004
 -0.000001   0.000002  -0.000007
  0.000010  -0.000014   0.000003
 -0.000005  -0.000005  -0.000009
  0.000002  -0.000001   0.000029
  0.000000   0.000005  -0.000002
  0.000033   0.000023   0.000011
  0.000003   0.000001   0.000003
 -0.000004   0.000007   0.000006
  0.000001   0.000004  -0.000001
  0.000005   0.000026   0.000014
 -0.000002   0.000000   0.000008
  0.000013   0.000053   0.000043
  0.000001  -0.000001   0.000010
 -0.000003  -0.000002   0.000035
  0.000000   0.000006  -0.000001
  0.000007  -0.000003  -0.000006
  0.000000   0.000004  -0.000001
  0.000006   0.000013   0.000012
  0.000002  -0.000002   0.000009
 -0.000009   0.000030   0.000004
 -0.000000   0.000000   0.000005
  0.000000   0.000000   0.000012
  0.000000   0.000008   0.000001
 -0.000004   0.000002  -0.000012
  0.000001  -0.000009  -0.000015
 -0.000010  -0.000001  -0.000021
 -0.000006   0.000003  -0.000012
 -0.000018  -0.000004   0.000034
  0.000008   0.000004   0.000024
  0.000011   0.000005   0.000005
  0.000005   0.000003  -0.000007
  0.000002   0.000053   0.000008
  0.000016  -0.000021   0.000026
  0.000096  -0.000095  -0.000132
 -0.000003  -0.000008  -0.000011
 -0.000283  -0.000392  -0.000502
 -0.000043   0.000243   0.000033
 -0.000025  -0.000061  -0.000129
  0.000064   0.000021  -0.000153
 -0.004053   0.001841   0.001518
 -0.000012  -0.000108  -0.000021
  0.000912  -0.000865   0.000149
 -0.000062  -0.000384   0.000184
  0.001958  -0.005621  -0.038677
 -0.000035  -0.000012  -0.000411
  0.002889  -0.077356  -0.059172
 -0.000019   0.000800   0.000164
  0.003335   0.000973   0.001353
  0.000031  -0.000031   0.000006
 -0.000825  -0.000670   0.000056
  0.000031  -0.000073   0.000032
  0.000120  -0.000059  -0.000156
 -0.000041  -0.000007  -0.000045
  0.000446  -0.000511  -0.000374
 -0.000023   0.000053   0.000031
 -0.000023   0.000008   0.000036
  0.000011   0.000003   0.000008
  0.000027   0.000003   0.000027
  0.000009   0.000004   0.000017
 -0.000006  -0.000064  -0.000141
 -0.000024   0.000023  -0.000002
 -0.001686  -0.000495  -0.001303
  0.000079  -0.000008   0.000017
  0.000016  -0.000004   0.000023
  0.000043   0.000011   0.000025
  0.000135   0.000085   0.000045
  0.000075  -0.000010   0.000059
  0.000027   0.000017   0.000044
  0.000017  -0.000001   0.000069
  0.000004   0.000035  -0.000032
  0.000035   0.000015   0.000043
 -0.000036   0.000001  -0.000032
 -0.000008   0.000005  -0.000024
 -0.000065  -0.000007  -0.000023
  0.000011   0.000002   0.000008
 -0.000042   0.000005  -0.000024
  0.000026  -0.000007  -0.000028
 -0.000030   0.000018  -0.000022
  0.000008   0.000006  -0.000003
 -0.000106  -0.000030  -0.000110
 -0.000078   0.000002  -0.000113
  0.000082  -0.000015   0.000057
 -0.000013  -0.000004   0.000004
  0.000072   0.000005   0.000041
 -0.000044   0.000009  -0.000052
  0.000048   0.000009   0.000003
 -0.000017   0.000005  -0.000015
 -0.000135   0.000091   0.000117
 -0.000087   0.000016  -0.000013
   67    3  0.0000  0.0000  0.0150
  0.000096  -0.000068  -0.000161
 -0.000018  -0.000002  -0.000056
  0.000018   0.000051  -0.000009
  0.000010  -0.000008  -0.000041
  0.000004  -0.000061  -0.000237
  0.000013  -0.000008  -0.000055
 -0.000019   0.000015  -0.000017
 -0.000001  -0.000001  -0.000027
 -0.000119  -0.000041  -0.000096
 -0.000019   0.000003  -0.000038
  0.000053  -0.000199  -0.000569
  0.000368  -0.000222   0.000031
  0.000970  -0.000216  -0.000663
  0.000067  -0.000129  -0.000235
 -0.001724   0.002050   0.010928
 -0.000170   0.001398   0.001283
 -0.016921   0.047805   0.400267
  0.000069  -0.000055  -0.000090
 -0.000584   0.002716   0.017170
 -0.000426  -0.000130   0.000113
 -0.000005   0.000016  -0.000026
 -0.000009  -0.000008  -0.000034
  0.000058  -0.000041   0.000027
 -0.000035  -0.000042  -0.000056
 -0.000005  -0.000010   0.000002
 -0.000001   0.000015  -0.000007
  0.000064   0.000005   0.000048
  0.000012  -0.000004   0.000024
  0.000008  -0.000036  -0.000038
 -0.000000   0.000011  -0.000007
 -0.000025   0.000009   0.000059
 -0.000003  -0.000011   0.000039
 -0.000010   0.000019   0.000086
 -0.000009  -0.000013   0.000043
 -0.000001  -0.000023   0.000022
 -0.000001   0.000018  -0.000002
 -0.000022  -0.000024  -0.000024
 -0.000003   0.000007  -0.000005
  0.000022   0.000018   0.000060
  0.000010  -0.000016   0.000036
 -0.000040   0.000022   0.000040
 -0.000005  -0.000010   0.000017
  0.000004  -0.000025   0.000005
  0.000001   0.000017   0.000005
 -0.000022   0.000001  -0.000023
 -0.000004  -0.000040  -0.000053
 -0.000045  -0.000015  -0.000089
 -0.000019   0.000005  -0.000037
  0.000004   0.000013   0.000081
  0.000097  -0.000028   0.000121
  0.000042  -0.000014   0.000023
  0.000041  -0.000037  -0.000066
 -0.000026   0.000080   0.000023
  0.000055   0.000098   0.000078
  0.000309  -0.000157  -0.000042
 -0.000033  -0.000000   0.000001
 -0.001139  -0.000316  -0.000643
  0.000186  -0.000131   0.000153
  0.000103   0.000026  -0.000015
  0.000087   0.000011  -0.000001
 -0.001186   0.001709  -0.001762
 -0.000012  -0.000074   0.000201
 -0.000092   0.000530  -0.000767
 -0.000129  -0.000092   0.000181
 -0.000882   0.003493   0.020043
 -0.000057  -0.000055  -0.000001
  0.018293  -0.059247  -0.440301
 -0.000188  -0.000160   0.000162
  0.001964   0.002091  -0.001549
  0.000064  -0.000013   0.000054
  0.000219   0.000505  -0.000794
 -0.000058   0.000037  -0.000059
  0.000046  -0.000173   0.000233
 -0.000107  -0.000081  -0.000121
  0.001914  -0.000223  -0.000029
 -0.000131  -0.000004   0.000084
 -0.000112   0.000024   0.000029
  0.000051   0.000004   0.000065
  0.000128   0.000001   0.000099
  0.000050   0.000004   0.000068
 -0.000281   0.000064  -0.000095
 -0.000277   0.000047   0.000007
 -0.000833  -0.001050  -0.002948
  0.000266   0.000014   0.000058
  0.000092  -0.000025   0.000023
  0.000126   0.000032   0.000143
  0.000281   0.000038  -0.000119
  0.000256  -0.000050   0.000229
  0.000124   0.000043   0.000075
  0.000062  -0.000013   0.000283
 -0.000018   0.000114  -0.000109
  0.000117   0.000063   0.000189
 -0.000126  -0.000029  -0.000219
 -0.000131   0.000030   0.000055
 -0.000257  -0.000050  -0.000144
  0.000029  -0.000010   0.000107
 -0.000178   0.000050  -0.000188
  0.000038  -0.000038  -0.000017
 -0.000125   0.000045  -0.000153
 -0.000004   0.000035   0.000065
 -0.000295  -0.000162  -0.000142
 -0.000277  -0.000011  -0.000459
  0.000355  -0.000007   0.000327
  0.000007  -0.000027  -0.000164
  0.000368   0.000053   0.000105
 -0.000194   0.000032  -0.000180
  0.000157   0.000007   0.000102
 -0.000050   0.000017  -0.000155
 -0.000013   0.000162   0.000304
 -0.000299   0.000059  -0.000133
   69    1  0.0150  0.0000  0.0000
  0.000093  -0.000048  -0.000089
 -0.000022  -0.000018   0.000008
  0.000063   0.000049   0.000110
  0.000006   0.000012  -0.000034
 -0.000002  -0.000229  -0.000773
  0.000009  -0.000022  -0.000001
 -0.000179  -0.000021   0.000117
 -0.000006   0.000010  -0.000026
 -0.000060   0.000273   0.000367
  0.000070  -0.000034   0.000004
 -0.000045  -0.000066  -0.000133
 -0.000072   0.000477  -0.000047
  0.000286   0.000185  -0.000133
  0.000113  -0.000026   0.000049
 -0.002517   0.000696   0.001580
  0.000132  -0.000185   0.000036
  0.002750   0.003391   0.037791
  0.000004   0.000059  -0.000133
  0.062902  -0.000235   0.015910
 -0.000104  -0.000130   0.000009
  0.000033   0.000018  -0.000015
 -0.000025  -0.000003   0.000019
  0.000010   0.000004  -0.000014
  0.000006   0.000008   0.000010
  0.000001  -0.000004  -0.000011
 -0.000001   0.000002  -0.000004
  0.000043  -0.000003   0.000038
  0.000017  -0.000000   0.000000
  0.000003  -0.000019  -0.000039
  0.000002  -0.000002   0.000001
 -0.000064   0.000032   0.000049
 -0.000006  -0.000003   0.000007
 -0.000062   0.000070   0.000055
  0.000001  -0.000002   0.000008
 -0.000002   0.000017   0.000138
  0.000000   0.000010  -0.000006
 -0.000023   0.000030   0.000023
  0.000003  -0.000000   0.000002
  0.000122   0.000010   0.000015
  0.000007  -0.000008   0.000011
  0.000001  -0.000178   0.000016
 -0.000007   0.000001  -0.000001
  0.000003  -0.000013  -0.000124
  0.000001   0.000013   0.000005
  0.000008  -0.000014   0.000101
  0.000008   0.000000   0.000006
 -0.000004   0.000003   0.000041
  0.000051   0.000001   0.000023
 -0.000005   0.000005   0.000021
 -0.000095   0.000086   0.000028
 -0.000028  -0.000020   0.000039
 -0.000018   0.000064   0.000088
 -0.000007   0.000014  -0.000010
  0.000061  -0.000322   0.000001
  0.000049  -0.000036  -0.000014
  0.000020  -0.000141  -0.000102
 -0.000110  -0.000137  -0.000345
  0.000098   0.000017   0.000001
  0.000023   0.000003   0.000000
 -0.000052  -0.000027  -0.000000
  0.000518  -0.000280  -0.000982
 -0.000048   0.000071   0.000043
  0.000104   0.000026  -0.000027
  0.000049   0.000135  -0.000073
 -0.001624  -0.000450  -0.000945
  0.000009   0.000010  -0.000003
  0.006110   0.003326   0.002026
 -0.000039  -0.000034   0.000066
 -0.083133   0.003024  -0.002487
  0.000027   0.000009   0.000020
 -0.000079   0.000930   0.000170
 -0.000033   0.000042  -0.000028
 -0.002019   0.001327  -0.000213
 -0.000020  -0.000015  -0.000030
  0.006714  -0.004703  -0.002132
 -0.000046  -0.000003   0.000016
 -0.000077  -0.000007   0.000069
  0.000010  -0.000004  -0.000014
  0.000029  -0.000048  -0.000147
 -0.000060  -0.000010  -0.000027
  0.000056   0.000019  -0.000036
  0.000041  -0.000097  -0.000095
  0.009920  -0.005964  -0.048701
  0.000050   0.000021   0.000006
 -0.000438   0.000165   0.000100
  0.000042  -0.000006  -0.000068
 -0.000473  -0.000343   0.000521
  0.000026   0.000010  -0.000014
 -0.000187  -0.000004  -0.000155
 -0.000025   0.000008  -0.000078
 -0.000411   0.000066   0.000168
  0.000012  -0.000010  -0.000032
  0.000071  -0.000008  -0.000062
  0.000072  -0.000015  -0.000223
  0.000088   0.000026   0.000092
  0.000001   0.000019  -0.000083
  0.000349   0.000058   0.000207
  0.000101   0.000017  -0.000100
  0.000111  -0.000042   0.000073
  0.000028  -0.000029  -0.000100
  0.000894  -0.000366   0.000387
 -0.000060  -0.000008   0.000084
 -0.000318   0.000086   0.000042
 -0.000123  -0.000031   0.000298
 -0.000193  -0.000042   0.000137
  0.000160   0.000027   0.000163
  0.000162   0.000011  -0.000322
 -0.000040   0.000003   0.000101
  0.000307  -0.000545  -0.002341
 -0.000099   0.000016   0.000058
   69    2  0.0000  0.0150 -0.0000
  0.000030  -0.000001  -0.000007
  0.000002   0.000002   0.000004
  0.000020   0.000013   0.000091
 -0.000000   0.000005  -0.000003
 -0.000063   0.000136  -0.000149
  0.000004   0.000002   0.000002
 -0.000012  -0.000037   0.000138
  0.000004   0.000003   0.000003
  0.000000  -0.000121  -0.000246
  0.000007   0.000008  -0.000001
 -0.000005  -0.000032  -0.000124
 -0.000092  -0.000219  -0.000144
  0.000033   0.000094  -0.000074
  0.000085  -0.000062   0.000485
 -0.000946  -0.000036  -0.000065
  0.000095  -0.000132  -0.000031
  0.003811   0.003352   0.024743
 -0.000062   0.000006   0.000101
  0.000498   0.066577   0.019253
  0.000010  -0.000065  -0.000045
  0.000005   0.000007   0.000001
  0.000003   0.000004  -0.000009
  0.000010  -0.000005   0.000012
 -0.000006  -0.000003  -0.000005
  0.000004   0.000007  -0.000009
  0.000000   0.000005  -0.000001
  0.000002  -0.000015   0.000005
 -0.000002   0.000003   0.000002
 -0.000007   0.000027   0.000006
  0.000000   0.000003   0.000001
 -0.000024   0.000023   0.000004
  0.000001   0.000003   0.000001
  0.000021  -0.000330  -0.000006
 -0.000000   0.000004  -0.000000
  0.000017  -0.000009  -0.000077
  0.000001   0.000004  -0.000000
  0.000012   0.000083   0.000054
 -0.000000   0.000003   0.000001
  0.000006   0.000062  -0.000004
  0.000002   0.000003  -0.000001
 -0.000092  -0.000034   0.000016
 -0.000001   0.000003  -0.000000
 -0.000012   0.000015   0.000026
  0.000002   0.000002   0.000001
  0.000011  -0.000033   0.000043
 -0.000004   0.000004   0.000008
  0.000014   0.000014  -0.000023
  0.000011  -0.000009   0.000019
 -0.000005   0.000003  -0.000010
 -0.000006  -0.000043  -0.000035
 -0.000001   0.000005  -0.000002
 -0.000015  -0.000010  -0.000016
 -0.000002   0.000004   0.000003
 -0.000015   0.000185   0.000038
  0.000020  -0.000013   0.000009
  0.000050   0.000123   0.000037
 -0.000114  -0.000000  -0.000110
 -0.000117  -0.000103  -0.000073
  0.000015   0.000032   0.000010
  0.000002   0.000052  -0.000109
  0.000062  -0.000489  -0.000264
 -0.000058   0.000075  -0.000010
  0.000108  -0.000045  -0.000163
  0.000002   0.000103  -0.000020
 -0.001373  -0.000876   0.000224
  0.000010   0.000018  -0.000025
  0.003814   0.000977   0.002150
  0.000086  -0.000031   0.000010
  0.002970  -0.070454  -0.032598
 -0.000012   0.000023   0.000004
  0.000169  -0.002538  -0.040781
 -0.000020   0.000032  -0.000015
  0.000732  -0.000017   0.000477
 -0.000006  -0.000002  -0.000012
 -0.003789   0.001629   0.001737
 -0.000004  -0.000004   0.000001
 -0.000025   0.000005  -0.000002
  0.000001   0.000005   0.000008
  0.000050   0.000041   0.000098
  0.000010   0.000004  -0.000010
 -0.000008   0.000020   0.000021
  0.000028   0.000055   0.000048
 -0.005949   0.002628   0.025406
 -0.000001   0.000022   0.000008
 -0.000173   0.000010  -0.000091
  0.000014   0.000012   0.000022
 -0.000587  -0.000837  -0.000158
  0.000012  -0.000001   0.000013
 -0.000010  -0.000078  -0.000179
  0.000006   0.000004  -0.000001
  0.000029  -0.000160  -0.000202
  0.000009   0.000006   0.000012
 -0.000026  -0.000000   0.000031
  0.000003   0.000006   0.000041
 -0.000042  -0.000002  -0.000011
  0.000014  -0.000002   0.000023
 -0.000088  -0.000023   0.000006
 -0.000003   0.000002   0.000016
 -0.000061  -0.000007  -0.000000
  0.000001   0.000011   0.000021
  0.000236   0.000399   0.000613
 -0.000033   0.000003  -0.000004
  0.000127   0.000019  -0.000030
 -0.000019   0.000004  -0.000042
  0.000010   0.000006  -0.000038
 -0.000037   0.000040   0.000046
  0.000064   0.000011   0.000007
 -0.000009   0.000004  -0.000027
  0.000570  -0.000179  -0.000074
 -0.000011   0.000003  -0.000023
   69    3  0.0000  0.0000  0.0150
  0.000092  -0.000045  -0.000075
 -0.000018  -0.000002  -0.000035
  0.000057   0.000031  -0.000126
  0.000006  -0.000003  -0.000032
 -0.000039   0.000021   0.000547
  0.000011  -0.000004  -0.000028
 -0.000049   0.000016  -0.000062
  0.000004  -0.000001  -0.000011
 -0.000077   0.000010   0.000082
 -0.000021   0.000008  -0.000023
  0.000098   0.000047   0.000029
  0.000248  -0.000217   0.000021
  0.000315  -0.000151  -0.000665
 -0.000061   0.000082  -0.000306
 -0.000502   0.000032  -0.000026
 -0.000029  -0.000125  -0.000018
  0.001665   0.001110   0.013788
  0.000037   0.000019  -0.000078
  0.004244   0.025168   0.423043
 -0.000157  -0.000041  -0.000004
 -0.000009   0.000007  -0.000014
 -0.000003  -0.000006  -0.000026
  0.000062  -0.000050   0.000053
 -0.000034  -0.000039  -0.000051
 -0.000002  -0.000005  -0.000007
  0.000000   0.000011  -0.000007
  0.000051   0.000003   0.000036
  0.000004  -0.000003   0.000014
  0.000021  -0.000026  -0.000035
 -0.000001   0.000007  -0.000004
 -0.000010   0.000006   0.000050
  0.000002  -0.000007   0.000027
 -0.000068  -0.000004  -0.000095
 -0.000009  -0.000008   0.000025
  0.000012  -0.000057  -0.000032
  0.000001   0.000010  -0.000003
 -0.000025  -0.000016  -0.000057
 -0.000002   0.000004  -0.000004
  0.000015   0.000028   0.000042
  0.000008  -0.000008   0.000019
 -0.000023  -0.000051  -0.000093
  0.000000  -0.000007   0.000010
 -0.000006  -0.000035  -0.000030
  0.000002   0.000006   0.000002
 -0.000021   0.000018  -0.000038
 -0.000006  -0.000024  -0.000036
 -0.000036  -0.000007  -0.000059
 -0.000019   0.000009  -0.000022
  0.000004  -0.000006  -0.000001
  0.000094  -0.000030   0.000047
  0.000017  -0.000018   0.000016
  0.000035  -0.000051  -0.000071
 -0.000007   0.000008  -0.000005
 -0.000010   0.000111   0.000054
  0.000038  -0.000012  -0.000010
 -0.000037   0.000013   0.000021
 -0.000351  -0.000077  -0.000118
  0.000029  -0.000012   0.000161
  0.000039   0.000023   0.000034
  0.000015   0.000012   0.000021
  0.000943  -0.000423  -0.000605
  0.000020   0.000001   0.000064
  0.000000   0.000092   0.000028
 -0.000013   0.000063  -0.000019
 -0.000030   0.000375  -0.001226
  0.000002   0.000011  -0.000009
  0.001964   0.001310  -0.001578
 -0.000066  -0.000008   0.000056
 -0.002539  -0.032560  -0.460499
  0.000021  -0.000007   0.000012
  0.000806   0.000925   0.016730
 -0.000012   0.000017   0.000001
  0.000324  -0.000729   0.000177
 -0.000050  -0.000044  -0.000061
 -0.001659   0.000942  -0.002444
 -0.000028   0.000004   0.000017
 -0.000094   0.000025  -0.000021
  0.000048   0.000008   0.000054
  0.000055  -0.000006   0.000044
  0.000041  -0.000002   0.000043
 -0.000031  -0.000017  -0.000021
 -0.000166   0.000040   0.000017
 -0.005610   0.002724   0.013176
  0.000135   0.000015   0.000041
  0.000286  -0.000059  -0.000006
  0.000052   0.000014   0.000126
  0.000878   0.000697  -0.000551
  0.000131  -0.000037   0.000151
  0.000181   0.000069   0.000049
  0.000041  -0.000009   0.000211
 -0.000025   0.000335  -0.000344
  0.000058   0.000046   0.000136
 -0.000102   0.000004  -0.000131
 -0.000093   0.000018   0.000157
 -0.000260  -0.000048  -0.000193
  0.000045  -0.000024   0.000131
 -0.000396  -0.000014  -0.000162
 -0.000019  -0.000024   0.000069
 -0.000151   0.000076  -0.000157
  0.000002   0.000040   0.000111
 -0.000701  -0.000239  -0.000292
 -0.000125  -0.000006  -0.000322
  0.000474  -0.000102   0.000253
  0.000025   0.000003  -0.000284
  0.000224   0.000070   0.000007
 -0.000166   0.000002  -0.000147
  0.000092   0.000015   0.000262
 -0.000034   0.000011  -0.000175
  0.000033   0.000711   0.001421
 -0.000105   0.000023  -0.000136
   71    1  0.0150  0.0000  0.0000
 -0.000017   0.000013   0.000013
  0.000002   0.000003  -0.000002
  0.000003  -0.000017  -0.000001
 -0.000000  -0.000003   0.000006
  0.000003  -0.000001   0.000021
 -0.000000   0.000002   0.000002
  0.000004  -0.000007  -0.000002
  0.000003  -0.000003   0.000005
  0.000022  -0.000006  -0.000010
 -0.000013   0.000004   0.000001
  0.000014  -0.000101   0.000022
  0.000040   0.000085   0.000037
  0.000055  -0.000127   0.000095
  0.000143   0.000134  -0.000366
 -0.001821   0.003344  -0.000559
 -0.000087  -0.000036   0.000118
  0.005340   0.034222  -0.013734
 -0.000108  -0.000037   0.000231
  0.059555   0.010698  -0.004882
  0.000064  -0.000007  -0.000089
 -0.000006  -0.000005   0.000001
  0.000004  -0.000001  -0.000000
 -0.000008  -0.000002  -0.000000
  0.000002  -0.000001  -0.000000
  0.000003  -0.000001   0.000003
  0.000001  -0.000002   0.000000
 -0.000002   0.000002  -0.000005
 -0.000000  -0.000001  -0.000002
  0.000001   0.000005   0.000004
  0.000001  -0.000001  -0.000001
  0.000004   0.000001  -0.000008
  0.000002  -0.000000  -0.000003
  0.000007   0.000010  -0.000003
  0.000001  -0.000001  -0.000002
  0.000001   0.000001   0.000002
  0.000001  -0.000003   0.000000
  0.000006   0.000002  -0.000001
  0.000001  -0.000001  -0.000000
 -0.000004   0.000001  -0.000007
 -0.000000   0.000000  -0.000002
  0.000011   0.000000  -0.000015
  0.000004  -0.000001   0.000000
 -0.000002   0.000000   0.000004
  0.000000  -0.000003  -0.000002
  0.000009   0.000011  -0.000023
  0.000004  -0.000003  -0.000004
 -0.000001  -0.000002  -0.000001
 -0.000015  -0.000004  -0.000012
  0.000004  -0.000000  -0.000005
  0.000034   0.000046   0.000014
 -0.000004   0.000003  -0.000003
  0.000010  -0.000001  -0.000003
  0.000027  -0.000043  -0.000007
  0.000003  -0.000072   0.000000
 -0.000002  -0.000006   0.000009
 -0.000015  -0.000043  -0.000009
 -0.000040   0.000018  -0.000023
 -0.000158   0.000047  -0.000086
 -0.000101  -0.000223   0.000054
  0.000001  -0.000025   0.000059
  0.000053  -0.000144  -0.000065
  0.000061  -0.000004   0.000007
  0.000362  -0.001092   0.000433
  0.000018   0.000012  -0.000007
  0.005924   0.003238   0.002444
 -0.000000   0.000005  -0.000033
 -0.001273  -0.000838   0.000235
  0.000104  -0.000035  -0.000049
 -0.000078   0.000180   0.000812
 -0.000031   0.000019  -0.000011
 -0.086483   0.002151   0.002276
 -0.000006   0.000011  -0.000005
  0.004046  -0.000559  -0.006251
  0.000009   0.000004   0.000006
 -0.001095   0.000778   0.000232
  0.000014  -0.000012  -0.000008
  0.000033  -0.000002  -0.000007
 -0.000002  -0.000001   0.000001
 -0.000021  -0.000001   0.000011
  0.000011   0.000002   0.000010
 -0.000032   0.000013   0.000011
 -0.000017  -0.000037  -0.000010
  0.014580  -0.048099   0.017960
 -0.000026   0.000004  -0.000002
  0.000114  -0.000018  -0.000045
 -0.000014  -0.000004   0.000006
  0.000567  -0.001682   0.001001
 -0.000015  -0.000002  -0.000004
 -0.000041  -0.000003   0.000092
  0.000000  -0.000003   0.000011
  0.000185  -0.000226   0.000158
 -0.000008  -0.000001  -0.000000
  0.000009   0.000011  -0.000009
 -0.000002  -0.000004   0.000006
  0.000015   0.000005  -0.000008
 -0.000001  -0.000003   0.000002
  0.000028   0.000088  -0.000055
 -0.000013  -0.000002   0.000009
  0.000050   0.000037  -0.000022
 -0.000001   0.000001   0.000002
 -0.000208   0.000045  -0.000290
  0.000027   0.000001  -0.000012
 -0.000046  -0.000092   0.000021
  0.000018   0.000002  -0.000021
  0.000002  -0.000001   0.000007
 -0.000010  -0.000007  -0.000055
 -0.000077   0.000014   0.000044
  0.000011  -0.000002  -0.000010
  0.000250  -0.001597   0.000360
  0.000028  -0.000008  -0.000009
   71    2  0.0000  0.0150 -0.0000
  0.000026  -0.000024  -0.000021
  0.000004  -0.000013   0.000039
 -0.000011   0.000005   0.000018
 -0.000003   0.000011   0.000003
 -0.000010  -0.000002   0.000027
  0.000000  -0.000010   0.000032
 -0.000006  -0.000003   0.000013
 -0.000003   0.000001   0.000003
 -0.000010  -0.000000   0.000030
  0.000058  -0.000017   0.000020
  0.000095  -0.000046   0.000023
 -0.000393  -0.000080  -0.000263
  0.000018  -0.000753   0.000486
  0.000269   0.000130   0.000303
 -0.002150  -0.000711  -0.000112
  0.000130  -0.000054  -0.000012
  0.004562   0.024947  -0.009906
 -0.000158  -0.000004   0.000209
  0.002884   0.363382  -0.122038
  0.000199  -0.000018  -0.000079
  0.000019   0.000007   0.000011
 -0.000002   0.000003   0.000013
  0.000015  -0.000014   0.000007
  0.000015   0.000018   0.000027
  0.000001   0.000005   0.000006
  0.000001  -0.000007  -0.000001
 -0.000004   0.000003  -0.000003
 -0.000004   0.000001  -0.000012
 -0.000000  -0.000001  -0.000001
  0.000001  -0.000009   0.000005
  0.000005  -0.000003  -0.000008
  0.000000   0.000003  -0.000019
  0.000008  -0.000001  -0.000042
  0.000006   0.000006  -0.000021
  0.000002   0.000006   0.000002
  0.000001  -0.000006  -0.000003
 -0.000006   0.000002   0.000003
  0.000003  -0.000005   0.000003
  0.000005  -0.000009  -0.000017
  0.000000   0.000004  -0.000019
 -0.000022   0.000002  -0.000013
 -0.000004   0.000005  -0.000014
  0.000005   0.000013  -0.000004
  0.000002  -0.000006  -0.000001
 -0.000016  -0.000060   0.000079
 -0.000004   0.000025   0.000042
  0.000032   0.000009   0.000046
  0.000058  -0.000008   0.000062
 -0.000009  -0.000003  -0.000019
 -0.000092  -0.000010  -0.000158
  0.000008   0.000048  -0.000057
 -0.000042   0.000008   0.000026
  0.000023  -0.000011  -0.000008
 -0.000011   0.000111  -0.000006
  0.000001  -0.000001   0.000013
  0.000100   0.000121   0.000009
  0.000005   0.000045   0.000001
 -0.000236  -0.000299  -0.000082
 -0.000395  -0.000062  -0.000096
 -0.000016  -0.000012  -0.000067
  0.000094  -0.000007   0.000049
 -0.000063   0.000087  -0.000085
  0.001045  -0.001209  -0.000080
 -0.000003   0.000066  -0.000005
  0.003563   0.000728   0.002160
  0.000013  -0.000004  -0.000008
 -0.000636  -0.000699   0.000463
  0.000196  -0.000080  -0.000043
  0.000916  -0.002475   0.000917
 -0.000040   0.000030  -0.000019
  0.002135  -0.403968   0.131719
 -0.000008   0.000017  -0.000016
 -0.001270  -0.001650   0.004028
  0.000053   0.000038   0.000052
  0.000161   0.000182  -0.000052
  0.000033  -0.000019  -0.000025
 -0.000050  -0.000003   0.000005
 -0.000019  -0.000004  -0.000038
  0.000001   0.000008  -0.000087
 -0.000061  -0.000013  -0.000086
  0.000042  -0.000003   0.000042
  0.000214   0.000021   0.000066
 -0.011473   0.020787  -0.007197
 -0.000145  -0.000001  -0.000038
 -0.000309   0.000072  -0.000016
 -0.000022  -0.000010  -0.000104
 -0.000281   0.000725  -0.000772
 -0.000118   0.000030  -0.000138
 -0.000079  -0.000019  -0.000440
 -0.000040   0.000009  -0.000228
 -0.000327   0.000146  -0.000303
 -0.000045  -0.000045  -0.000123
 -0.000068   0.000035   0.000349
  0.000101  -0.000017  -0.000035
 -0.000099   0.000041   0.000064
  0.000000   0.000007  -0.000065
 -0.000584  -0.000048   0.000449
  0.000005   0.000017  -0.000027
 -0.000089  -0.000019   0.000154
  0.000010  -0.000021  -0.000051
  0.000787  -0.000022   0.000755
  0.000088  -0.000001   0.000323
  0.000373  -0.000173  -0.000416
 -0.000040   0.000003   0.000114
 -0.000196  -0.000081  -0.000157
  0.000132   0.000037   0.000267
  0.000172   0.000025  -0.000114
 -0.000006  -0.000008   0.000107
  0.000865   0.000853   0.000129
  0.000115  -0.000028   0.000097
   71    3  0.0000  0.0000  0.0150
  0.000067  -0.000009   0.000025
  0.000003  -0.000016   0.000031
  0.000026  -0.000020   0.000090
  0.000002   0.000011  -0.000014
 -0.000059  -0.000014  -0.000181
  0.000012  -0.000009   0.000018
 -0.000012  -0.000024   0.000038
  0.000004  -0.000003   0.000004
 -0.000066  -0.000122  -0.000168
  0.000051  -0.000002   0.000007
 -0.000173  -0.000112   0.000012
 -0.000265   0.000110  -0.000255
 -0.000164   0.000326   0.000029
  0.000017  -0.000335   0.001106
 -0.000777   0.000105  -0.000309
  0.000077   0.000031  -0.000119
  0.003092   0.015084  -0.006023
 -0.000045   0.000036   0.000096
  0.000509  -0.125069   0.118961
  0.000119  -0.000011  -0.000048
  0.000030   0.000011   0.000004
 -0.000003   0.000003  -0.000005
  0.000010  -0.000008   0.000015
 -0.000003  -0.000001   0.000006
  0.000005   0.000006  -0.000008
  0.000001   0.000000  -0.000005
 -0.000007  -0.000011  -0.000002
 -0.000003   0.000001  -0.000002
 -0.000003   0.000023   0.000010
  0.000001  -0.000004   0.000005
 -0.000035   0.000028   0.000005
  0.000002   0.000001  -0.000006
  0.000118  -0.000074  -0.000017
  0.000003   0.000003  -0.000008
  0.000001  -0.000001   0.000025
  0.000002   0.000000  -0.000002
 -0.000003   0.000017   0.000006
  0.000002  -0.000002   0.000003
  0.000013   0.000033   0.000015
  0.000005   0.000001  -0.000010
 -0.000093   0.000055   0.000005
 -0.000006   0.000002  -0.000009
  0.000001   0.000014   0.000035
  0.000004  -0.000003   0.000002
 -0.000029  -0.000090   0.000090
 -0.000007   0.000011   0.000033
  0.000022   0.000012  -0.000000
  0.000047  -0.000032   0.000063
 -0.000025  -0.000002  -0.000036
 -0.000068  -0.000000  -0.000099
 -0.000026   0.000011  -0.000000
 -0.000039   0.000017   0.000036
  0.000009  -0.000024  -0.000027
  0.000014  -0.000006  -0.000009
 -0.000013  -0.000004   0.000027
  0.000070   0.000041   0.000004
  0.000058   0.000052   0.000057
 -0.000153  -0.000108  -0.000132
  0.000012  -0.000029   0.000093
 -0.000012   0.000056  -0.000124
 -0.000028  -0.000240   0.000133
 -0.000060   0.000032  -0.000047
 -0.000302  -0.000311  -0.000266
 -0.000003   0.000013  -0.000008
  0.002095   0.001681  -0.000739
 -0.000001  -0.000006   0.000002
 -0.000998   0.000061  -0.000786
  0.000095  -0.000032  -0.000061
  0.000177  -0.040791   0.016757
 -0.000021   0.000014   0.000003
  0.002270   0.131454  -0.119527
  0.000001   0.000012  -0.000015
 -0.001626   0.002023   0.000196
  0.000014   0.000005   0.000014
  0.000901   0.000531  -0.000578
  0.000007  -0.000013  -0.000031
 -0.000090  -0.000014   0.000002
 -0.000000  -0.000000  -0.000013
  0.000080   0.000031   0.000013
 -0.000028   0.000002  -0.000066
  0.000092   0.000020   0.000022
  0.000155  -0.000003   0.000014
 -0.004249   0.016013  -0.007391
 -0.000062   0.000002  -0.000007
 -0.000673  -0.000029  -0.000133
  0.000038   0.000009  -0.000039
 -0.001815  -0.000197  -0.001162
 -0.000020   0.000011  -0.000041
 -0.000101  -0.000167  -0.000592
 -0.000017   0.000009  -0.000132
 -0.000033  -0.000350  -0.000175
  0.000005  -0.000018  -0.000042
  0.000050   0.000009   0.000090
  0.000095  -0.000015  -0.000033
  0.000039   0.000019   0.000050
  0.000040  -0.000000  -0.000011
  0.000100   0.000031   0.000197
  0.000069   0.000026  -0.000003
  0.000002  -0.000037   0.000074
  0.000037  -0.000005  -0.000015
  0.001024   0.001004   0.001362
 -0.000035  -0.000004   0.000174
 -0.000052   0.000066  -0.000116
 -0.000130  -0.000013   0.000078
 -0.000245  -0.000033  -0.000062
  0.000024   0.000095   0.000212
  0.000165   0.000029  -0.000176
 -0.000044   0.000001   0.000035
  0.000721  -0.000872  -0.000510
  0.000015  -0.000009   0.000014
   73    1  0.0150  0.0000  0.0000
  0.000274  -0.000259  -0.000284
  0.000015  -0.000058   0.000122
 -0.000023   0.000156   0.000115
 -0.000016   0.000067  -0.000046
 -0.000045  -0.000144  -0.000373
  0.000017  -0.000077   0.000124
 -0.000060   0.000007   0.000104
 -0.000057   0.000032  -0.000033
 -0.000369  -0.000105  -0.000059
  0.000431  -0.000154   0.000105
  0.000293  -0.000139  -0.000159
 -0.000777   0.000596   0.000021
  0.000022   0.000393   0.000111
  0.000065  -0.000316   0.000538
  0.000642   0.000094  -0.000748
  0.000095   0.000207  -0.000006
 -0.001654  -0.001821   0.001696
 -0.000025  -0.000041   0.000159
  0.011916  -0.038374   0.018036
  0.000327   0.000076   0.000034
  0.000192   0.000089   0.000026
 -0.000049   0.000012   0.000056
  0.000054   0.000055  -0.000085
  0.000072   0.000085   0.000119
 -0.000002   0.000014   0.000009
 -0.000000  -0.000015  -0.000001
  0.000023   0.000016   0.000058
  0.000006   0.000007  -0.000030
  0.000009  -0.000045  -0.000053
  0.000005  -0.000023   0.000023
 -0.000007   0.000008   0.000060
 -0.000006   0.000007  -0.000035
 -0.000023   0.000019   0.000094
  0.000008   0.000023  -0.000049
  0.000013   0.000015   0.000047
  0.000004   0.000005  -0.000015
 -0.000097   0.000008  -0.000015
  0.000014  -0.000015   0.000035
  0.000078  -0.000009  -0.000005
  0.000020   0.000001  -0.000041
 -0.000231   0.000029   0.000032
 -0.000064   0.000033  -0.000056
  0.000052   0.000073  -0.000023
  0.000010   0.000018   0.000019
 -0.000179  -0.000493   0.000659
 -0.000038   0.000129   0.000249
  0.000181   0.000070   0.000204
  0.000446  -0.000050   0.000401
  0.000044   0.000014   0.000106
 -0.000292  -0.000084  -0.000536
  0.000076   0.000199  -0.000254
 -0.000025   0.000040   0.000165
 -0.000007   0.000002   0.000061
  0.000046  -0.000306  -0.000046
  0.000066   0.000009  -0.000050
  0.000119  -0.000082  -0.000069
 -0.000002  -0.000018  -0.000001
  0.000037   0.000159  -0.000266
  0.000069  -0.000029  -0.000046
 -0.000054  -0.000030  -0.000074
 -0.000027   0.000023   0.000074
 -0.000044   0.000019  -0.000154
 -0.000165   0.000408   0.000115
  0.000028  -0.000111   0.000046
  0.000664   0.000807  -0.000389
 -0.000001  -0.000033  -0.000001
  0.000218   0.000129   0.000036
  0.000060   0.000044  -0.000110
 -0.002043   0.000713   0.000285
 -0.000017   0.000006  -0.000049
  0.004043  -0.001301  -0.001614
  0.000013  -0.000055   0.000019
 -0.081324   0.055051  -0.009609
  0.000206   0.000187   0.000233
  0.001631   0.004671   0.001463
  0.000069  -0.000006   0.000020
 -0.000465  -0.000096   0.000232
 -0.000085  -0.000024  -0.000141
  0.000289   0.000075  -0.000496
 -0.000440  -0.000065  -0.000546
 -0.000346   0.000000   0.000111
  0.000386  -0.000010   0.000069
  0.060561  -0.037728  -0.002115
 -0.000386  -0.000051  -0.000186
 -0.003489   0.000499   0.000241
  0.000032  -0.000016  -0.000603
 -0.001717   0.009397  -0.005559
 -0.000489   0.000176  -0.000750
 -0.000807  -0.000718  -0.003959
 -0.000258   0.000071  -0.001388
 -0.002268  -0.000651  -0.001937
 -0.000164  -0.000249  -0.000675
 -0.000178  -0.000274   0.001171
  0.000201  -0.000042  -0.000354
  0.000107   0.000105   0.000877
 -0.000134   0.000084  -0.000368
  0.001677   0.000444   0.001055
 -0.000040   0.000018  -0.000317
 -0.000590  -0.000728   0.001156
 -0.000039  -0.000128  -0.000341
  0.011550   0.001415   0.011383
  0.000203  -0.000007   0.001841
  0.000266   0.001379  -0.001980
  0.000061   0.000013   0.000704
 -0.000304  -0.000301  -0.000423
  0.000778   0.000419   0.001851
  0.001601  -0.000106  -0.001739
 -0.000040  -0.000012   0.000601
 -0.000786   0.006563  -0.008585
  0.000361  -0.000075   0.000676
   73    2  0.0000  0.0150 -0.0000
 -0.000184   0.000223   0.000230
 -0.000021   0.000048  -0.000110
  0.000040  -0.000109  -0.000122
  0.000013  -0.000055   0.000032
  0.000056   0.000120   0.000303
 -0.000016   0.000053  -0.000097
  0.000060   0.000071  -0.000126
  0.000044  -0.000007   0.000014
  0.000308   0.000152   0.000101
 -0.000332   0.000082  -0.000091
 -0.000141   0.000199   0.000144
  0.000601  -0.001043   0.000017
  0.000170  -0.000412  -0.000229
 -0.000220   0.000049  -0.000100
  0.000768   0.000427   0.000394
 -0.000049  -0.000233  -0.000102
  0.000803  -0.003308  -0.000437
  0.000032   0.000028  -0.000052
 -0.002660   0.015890  -0.000574
 -0.000281  -0.000057  -0.000042
 -0.000190  -0.000113  -0.000026
  0.000045  -0.000013  -0.000054
  0.000051  -0.000068   0.000120
 -0.000078  -0.000089  -0.000123
 -0.000003  -0.000013  -0.000005
  0.000001   0.000017   0.000001
 -0.000001  -0.000010  -0.000044
 -0.000009  -0.000007   0.000033
  0.000006   0.000023   0.000036
 -0.000005   0.000022  -0.000017
  0.000004  -0.000015  -0.000040
  0.000008  -0.000007   0.000039
  0.000001  -0.000016  -0.000043
 -0.000007  -0.000021   0.000051
 -0.000012  -0.000021  -0.000057
 -0.000001  -0.000001   0.000013
  0.000080  -0.000034  -0.000030
 -0.000011   0.000014  -0.000031
 -0.000064  -0.000017   0.000024
 -0.000019   0.000000   0.000049
  0.000146  -0.000093   0.000037
  0.000050  -0.000030   0.000049
 -0.000031  -0.000085  -0.000029
 -0.000011  -0.000014  -0.000006
  0.000139   0.000538  -0.000600
 -0.000026  -0.000070  -0.000236
 -0.000165  -0.000055  -0.000199
 -0.000284   0.000323  -0.000357
 -0.000037  -0.000019  -0.000098
  0.000195  -0.000173   0.000384
 -0.000031  -0.000151   0.000173
  0.000032  -0.000123  -0.000220
  0.000000  -0.000006  -0.000037
  0.000001   0.000547  -0.000088
 -0.000031  -0.000005   0.000029
 -0.000091   0.000235   0.000159
 -0.000008   0.000005   0.000002
  0.000059   0.000059   0.000257
 -0.000008   0.000048   0.000027
  0.000092   0.000098  -0.000094
  0.000028  -0.000009  -0.000061
  0.000008   0.000016   0.000121
  0.000138   0.000040  -0.000007
 -0.000079   0.000111  -0.000034
 -0.000603  -0.000063  -0.000392
  0.000005   0.000034  -0.000027
 -0.000260  -0.000085  -0.000150
 -0.000043  -0.000011   0.000084
  0.001330   0.000026  -0.000771
  0.000011  -0.000005   0.000039
 -0.000555  -0.001656   0.002032
 -0.000007   0.000041  -0.000008
  0.055224  -0.401549   0.164523
 -0.000178  -0.000164  -0.000205
  0.005799  -0.011911   0.009986
 -0.000044   0.000008  -0.000012
  0.000415   0.000164  -0.000307
  0.000089   0.000025   0.000150
 -0.000240  -0.000002   0.000440
  0.000292  -0.000081   0.000397
  0.000240  -0.000030  -0.000063
 -0.000392   0.000253   0.000066
 -0.075038   0.392261  -0.182242
  0.000360   0.000049   0.000178
  0.006976   0.000848   0.000256
 -0.000039   0.000011   0.000589
  0.014629   0.001145   0.010381
  0.000449  -0.000167   0.000716
  0.001978   0.002703   0.005172
  0.000314  -0.000091   0.001387
 -0.000816   0.005006  -0.001981
  0.000147   0.000239   0.000630
  0.000098   0.000086  -0.000987
 -0.000240   0.000059   0.000506
 -0.000216  -0.000316  -0.000889
  0.000135  -0.000091   0.000412
 -0.000519  -0.001063  -0.001228
 -0.000025  -0.000034   0.000347
 -0.000173   0.000405  -0.000851
  0.000019   0.000139   0.000391
 -0.015078  -0.017316  -0.011031
 -0.000149  -0.000021  -0.001729
  0.000516  -0.000251   0.001403
  0.000015   0.000012  -0.000873
  0.000451   0.000315   0.000177
 -0.000844  -0.000763  -0.001323
 -0.001252  -0.000262   0.002275
  0.000031   0.000011  -0.000612
  0.008600   0.019088   0.005556
 -0.000287   0.000067  -0.000637
   73    3  0.0000  0.0000  0.0150
  0.000101  -0.000225  -0.000264
  0.000021  -0.000045   0.000120
 -0.000068   0.000113   0.000099
 -0.000022   0.000058  -0.000016
 -0.000051  -0.000111  -0.000185
 -0.000002  -0.000067   0.000124
 -0.000128  -0.000110   0.000072
 -0.000060   0.000031  -0.000033
 -0.000169   0.000087   0.000321
  0.000399  -0.000150   0.000116
  0.000256  -0.000195  -0.000168
 -0.000427  -0.000049   0.000162
 -0.000085   0.000235   0.000369
  0.000052  -0.000452   0.000788
 -0.000138  -0.000163  -0.000713
  0.000113   0.000073  -0.000042
 -0.000167   0.000455   0.001066
 -0.000068  -0.000013   0.000218
  0.002081   0.019379  -0.012222
  0.000336   0.000054   0.000018
  0.000209   0.000098   0.000033
 -0.000054   0.000012   0.000092
 -0.000081   0.000119  -0.000192
  0.000108   0.000125   0.000163
 -0.000001   0.000007   0.000014
 -0.000004  -0.000027   0.000008
 -0.000009   0.000015   0.000047
  0.000006   0.000005  -0.000044
 -0.000020  -0.000027  -0.000037
  0.000003  -0.000027   0.000020
  0.000024   0.000003   0.000034
 -0.000015   0.000010  -0.000052
 -0.000086   0.000045  -0.000002
  0.000011   0.000025  -0.000062
  0.000007   0.000030   0.000058
 -0.000002  -0.000003  -0.000013
 -0.000062   0.000037   0.000057
  0.000012  -0.000018   0.000037
  0.000098  -0.000024  -0.000069
  0.000010   0.000002  -0.000051
 -0.000149   0.000072   0.000017
 -0.000062   0.000035  -0.000055
  0.000035   0.000085  -0.000052
  0.000008   0.000018   0.000014
 -0.000130  -0.000435   0.000605
 -0.000012   0.000128   0.000258
  0.000175   0.000065   0.000281
  0.000390  -0.000130   0.000389
  0.000066   0.000026   0.000140
 -0.000587   0.000312   0.000010
  0.000038   0.000153  -0.000177
 -0.000100   0.000229   0.000117
  0.000002   0.000012   0.000059
  0.000003  -0.000143  -0.000003
  0.000030   0.000015  -0.000035
  0.000066   0.000038  -0.000053
  0.000021  -0.000015   0.000003
  0.000103   0.000499  -0.000210
 -0.000039  -0.000062  -0.000080
 -0.000022   0.000049  -0.000294
 -0.000057   0.000088   0.000147
 -0.000075   0.000051  -0.000167
  0.000047  -0.000095   0.000204
  0.000012  -0.000095   0.000061
  0.000057  -0.000541  -0.000344
 -0.000001  -0.000031  -0.000017
  0.000234  -0.000140   0.000250
  0.000094   0.000049  -0.000118
 -0.000234   0.000452   0.000114
 -0.000028   0.000012  -0.000055
 -0.006258   0.004028   0.000200
  0.000008  -0.000055   0.000020
 -0.009593   0.163978  -0.177396
  0.000218   0.000203   0.000254
  0.005862  -0.045519   0.022449
  0.000061  -0.000007   0.000028
 -0.000288  -0.000138   0.000363
 -0.000126  -0.000033  -0.000191
  0.000125   0.000029  -0.000590
 -0.000413  -0.000015  -0.000495
 -0.000290   0.000036   0.000048
  0.000350  -0.000082  -0.000003
  0.013451  -0.152490   0.164779
 -0.000427  -0.000055  -0.000217
 -0.005560  -0.000030  -0.000040
 -0.000044  -0.000039  -0.000685
 -0.008599   0.009220   0.001965
 -0.000561   0.000193  -0.000822
 -0.000973  -0.000554  -0.003013
 -0.000273   0.000064  -0.001412
 -0.002000  -0.001435   0.000072
 -0.000214  -0.000270  -0.000741
 -0.000068  -0.000092   0.000938
  0.000184  -0.000055  -0.000599
  0.000401   0.000350   0.001087
 -0.000226   0.000115  -0.000521
  0.001090   0.000344   0.001256
 -0.000045   0.000019  -0.000419
  0.000396  -0.000391   0.001017
 -0.000074  -0.000175  -0.000481
  0.012939   0.004269   0.010418
  0.000327   0.000004   0.001917
 -0.000643   0.000177  -0.001642
  0.000113   0.000005   0.001044
 -0.000328  -0.000395  -0.000110
  0.000909   0.000387   0.001658
  0.001117   0.000147  -0.002530
  0.000029  -0.000023   0.000752
 -0.002969  -0.001650  -0.010020
  0.000379  -0.000078   0.000782
   75    1  0.0150  0.0000  0.0000
  0.000095  -0.000025  -0.000071
 -0.000018   0.000001   0.000003
 -0.000031   0.000000  -0.000007
 -0.000001  -0.000004   0.000010
  0.000009   0.000029   0.000081
  0.000008   0.000006   0.000014
  0.000004   0.000014   0.000006
  0.000027  -0.000012   0.000029
  0.000048  -0.000003  -0.000021
 -0.000064   0.000051   0.000000
  0.000266  -0.000003  -0.000007
 -0.000222  -0.001370  -0.000445
 -0.000086   0.000189   0.000304
 -0.000001   0.000176   0.000831
  0.000293  -0.000492   0.000409
 -0.000143   0.000641   0.000100
 -0.003142   0.000121  -0.003381
  0.000031  -0.000184   0.000139
  0.007486  -0.007228  -0.050559
  0.000231   0.000114  -0.000040
 -0.000076  -0.000005   0.000022
  0.000019   0.000000  -0.000012
  0.000171  -0.000179   0.000202
 -0.000044  -0.000040  -0.000049
 -0.000004   0.000016   0.000027
  0.000001   0.000004  -0.000001
  0.000036   0.000007  -0.000021
 -0.000030  -0.000001   0.000003
  0.000002   0.000002  -0.000004
 -0.000004   0.000000   0.000003
  0.000007  -0.000008  -0.000005
  0.000009   0.000002  -0.000005
 -0.000027  -0.000022  -0.000023
 -0.000002   0.000004  -0.000007
  0.000001  -0.000001  -0.000026
  0.000001  -0.000005  -0.000000
  0.000011   0.000002   0.000005
 -0.000003  -0.000001  -0.000004
 -0.000024   0.000002   0.000001
  0.000002   0.000010  -0.000014
  0.000050  -0.000006  -0.000017
  0.000014  -0.000004  -0.000001
 -0.000009  -0.000009   0.000013
  0.000001  -0.000021  -0.000006
  0.000023   0.000064  -0.000096
  0.000010  -0.000008  -0.000010
 -0.000020  -0.000012  -0.000029
 -0.000079  -0.000054  -0.000011
 -0.000011  -0.000020  -0.000043
  0.000296  -0.000507  -0.000421
  0.000142   0.000156  -0.000230
  0.000182  -0.000256  -0.000216
 -0.000017  -0.000032   0.000027
 -0.001223   0.000602  -0.000436
  0.000050  -0.000019  -0.000035
  0.000152   0.000475   0.000247
  0.000089   0.000021   0.000059
 -0.000232   0.000271  -0.000301
  0.000024  -0.000023  -0.000018
  0.000114   0.000138  -0.000195
 -0.000360   0.000312   0.000409
 -0.000015  -0.000122  -0.000156
 -0.000008   0.000020  -0.000023
  0.000217  -0.000321   0.000171
  0.000109   0.000090   0.000217
 -0.000041  -0.000037   0.000030
  0.000661   0.000436   0.001895
  0.000090   0.000020  -0.000122
  0.006705  -0.003783  -0.001707
 -0.000042   0.000006  -0.000016
 -0.001103   0.000150   0.000905
  0.000020  -0.000029   0.000007
  0.001689   0.005711   0.005928
  0.000039   0.000025   0.000039
 -0.063752   0.024293   0.019568
  0.000078  -0.000010  -0.000020
 -0.000154   0.000074  -0.000204
  0.000042   0.000015   0.000041
 -0.000050  -0.000014   0.000091
  0.000097   0.000041   0.000079
 -0.000419   0.000031   0.000180
  0.000229  -0.000019   0.000198
  0.050995  -0.019831   0.015036
 -0.000115  -0.000008   0.000004
  0.000853  -0.000518  -0.000580
 -0.000104  -0.000013   0.000147
  0.001174  -0.000104   0.000248
 -0.000064  -0.000026   0.000050
  0.000060  -0.000229   0.000378
  0.000009  -0.000001   0.000159
  0.002485  -0.001199   0.001481
 -0.000042   0.000028   0.000082
 -0.000599   0.000020   0.000653
 -0.000145   0.000049   0.000848
 -0.001291  -0.000107  -0.000587
  0.000080  -0.000070   0.000295
 -0.003222  -0.000653  -0.000568
 -0.000262  -0.000048   0.000308
 -0.001201   0.000221  -0.000273
 -0.000053   0.000105   0.000338
 -0.001180   0.001825  -0.000551
  0.000159   0.000010  -0.000153
  0.003604  -0.000644  -0.000733
  0.000256   0.000060  -0.001025
  0.000699   0.000012  -0.000885
 -0.000125  -0.000034  -0.000302
  0.000251   0.000070   0.001356
  0.000012  -0.000003  -0.000269
 -0.000874   0.001674   0.011433
  0.000216  -0.000035  -0.000166
   75    2  0.0000  0.0150 -0.0000
  0.000101  -0.000023  -0.000053
 -0.000002  -0.000002   0.000004
  0.000024   0.000009   0.000024
 -0.000000   0.000005  -0.000012
 -0.000006  -0.000055  -0.000145
  0.000009  -0.000001   0.000000
 -0.000019   0.000009  -0.000001
  0.000001  -0.000002   0.000007
 -0.000049  -0.000026  -0.000039
  0.000004   0.000011   0.000001
  0.000122  -0.000021  -0.000014
  0.000034   0.000357   0.000320
  0.000060   0.000049  -0.000021
  0.000269  -0.000057   0.000059
  0.000347  -0.000040   0.000083
 -0.000125  -0.000136   0.000124
  0.000251  -0.000736  -0.001420
  0.000007   0.000005   0.000025
  0.001206   0.004902   0.024607
 -0.000017   0.000003   0.000008
  0.000000   0.000015   0.000008
 -0.000003   0.000002  -0.000007
  0.000079  -0.000103   0.000092
 -0.000008  -0.000007  -0.000008
  0.000002   0.000009   0.000010
 -0.000001   0.000006  -0.000002
  0.000027   0.000008   0.000003
  0.000001   0.000004   0.000007
  0.000007  -0.000003  -0.000015
 -0.000001   0.000005   0.000002
 -0.000019   0.000013   0.000019
  0.000001   0.000002   0.000007
  0.000028   0.000038   0.000032
 -0.000004   0.000002   0.000006
 -0.000001   0.000000   0.000034
  0.000001   0.000007   0.000001
 -0.000010  -0.000008  -0.000013
 -0.000002   0.000004   0.000001
  0.000015   0.000011   0.000022
  0.000006   0.000003   0.000002
 -0.000028   0.000037   0.000013
 -0.000003   0.000001   0.000000
  0.000003   0.000001   0.000010
  0.000002   0.000000   0.000002
 -0.000018  -0.000018   0.000019
 -0.000004   0.000005   0.000011
 -0.000004   0.000003  -0.000012
  0.000006  -0.000023   0.000030
 -0.000005   0.000000  -0.000002
 -0.000428   0.000676   0.000028
  0.000037   0.000091  -0.000096
  0.000059   0.000149  -0.000202
  0.000001   0.000003   0.000008
 -0.000228  -0.001314  -0.000015
  0.000034  -0.000005  -0.000015
  0.000046  -0.000339  -0.000143
 -0.000026  -0.000011   0.000006
 -0.000035   0.001397   0.000325
  0.000031  -0.000003  -0.000009
  0.000033   0.000088  -0.000686
  0.000084   0.000065  -0.000043
  0.000028  -0.000058   0.000007
 -0.000027   0.000134   0.000046
  0.000070  -0.000138   0.000096
  0.000101  -0.000009  -0.000189
 -0.000017  -0.000007  -0.000036
 -0.000338  -0.000515  -0.000214
 -0.000011   0.000054   0.000007
 -0.004705   0.001625   0.000913
  0.000002  -0.000003  -0.000001
  0.000768   0.000166   0.000540
  0.000013  -0.000014   0.000015
  0.004685  -0.011967  -0.045449
 -0.000000   0.000005   0.000002
  0.024255  -0.072375  -0.069812
  0.000011   0.000007   0.000007
 -0.000105   0.000028  -0.000040
  0.000002   0.000003   0.000008
  0.000043   0.000006   0.000010
  0.000008   0.000013  -0.000006
 -0.000058   0.000013   0.000033
 -0.000194  -0.000096   0.000152
 -0.025538   0.074094   0.083010
  0.000023   0.000003   0.000009
 -0.000167  -0.000279  -0.000210
  0.000026   0.000009   0.000007
 -0.001273   0.003311   0.000005
  0.000024   0.000001   0.000011
  0.000044  -0.000054  -0.000077
  0.000011   0.000002  -0.000005
  0.000716  -0.000379   0.000395
  0.000015   0.000005   0.000007
 -0.000310   0.000173   0.000447
 -0.000006  -0.000008   0.000139
 -0.000782   0.000119  -0.000206
  0.000019  -0.000006   0.000042
 -0.002592  -0.000254   0.000224
 -0.000010   0.000001   0.000030
 -0.000152   0.000382  -0.000001
  0.000015   0.000037   0.000023
  0.000233   0.000806   0.000547
 -0.000031   0.000002   0.000002
  0.002037  -0.001415  -0.000588
  0.000013  -0.000033  -0.000193
 -0.000008  -0.000218  -0.000246
 -0.000039   0.000028   0.000023
  0.000205   0.000201   0.000279
 -0.000018   0.000010  -0.000020
  0.001129   0.001517   0.007279
 -0.000004   0.000003  -0.000008
   75    3  0.0000  0.0000  0.0150
  0.000037  -0.000009   0.000012
  0.000034  -0.000021   0.000085
 -0.000010  -0.000001   0.000025
  0.000008   0.000012   0.000013
  0.000005  -0.000018  -0.000008
  0.000006   0.000005   0.000018
 -0.000002   0.000002   0.000031
 -0.000000  -0.000010   0.000019
  0.000003  -0.000012   0.000019
  0.000056   0.000001   0.000015
 -0.000160   0.000015  -0.000004
 -0.001979   0.007266   0.002974
  0.000144  -0.000222  -0.000215
  0.000591  -0.000159  -0.000722
  0.000605   0.000336  -0.000093
  0.000061   0.000015   0.000317
  0.001488  -0.001909  -0.002961
 -0.000004   0.000044  -0.000321
  0.000535   0.004395   0.013339
  0.000073  -0.000071   0.000102
  0.000017   0.000005   0.000020
 -0.000007   0.000008   0.000026
  0.000024  -0.000025   0.000029
  0.000051   0.000052   0.000086
  0.000004   0.000012   0.000004
  0.000003  -0.000012  -0.000002
 -0.000011  -0.000000  -0.000010
  0.000023   0.000010  -0.000014
  0.000002   0.000008   0.000001
  0.000007  -0.000010   0.000007
  0.000008  -0.000002  -0.000023
 -0.000005   0.000007  -0.000030
  0.000004  -0.000001  -0.000013
  0.000015   0.000007  -0.000026
  0.000005   0.000014   0.000006
  0.000004  -0.000010   0.000003
 -0.000002   0.000009   0.000001
  0.000003  -0.000004   0.000000
  0.000007  -0.000010  -0.000033
  0.000001   0.000008  -0.000025
 -0.000011   0.000002  -0.000024
 -0.000005   0.000003  -0.000017
  0.000005   0.000026  -0.000003
  0.000004  -0.000012   0.000000
 -0.000013  -0.000070   0.000090
  0.000001   0.000033   0.000054
  0.000039   0.000017   0.000072
  0.000056  -0.000027   0.000075
 -0.000071  -0.000007  -0.000065
 -0.000028   0.000261  -0.000730
 -0.000088   0.000076  -0.000057
  0.000138   0.000213   0.000550
  0.000014  -0.000011  -0.000018
  0.000270  -0.003174  -0.000372
 -0.000000   0.000014   0.000040
  0.000194  -0.001290  -0.000383
 -0.000004   0.000028   0.000063
 -0.000122  -0.000289  -0.000004
 -0.000003   0.000014   0.000017
 -0.000377  -0.000442   0.000352
  0.000247  -0.000063   0.000037
  0.000017  -0.000031   0.000027
 -0.000022  -0.000028  -0.000017
  0.000114   0.000030  -0.000082
 -0.000099   0.000069   0.000213
 -0.000005  -0.000017   0.000052
 -0.001367  -0.000405  -0.000035
 -0.000053  -0.000030   0.000072
 -0.002097   0.001765  -0.002480
  0.000023   0.000001   0.000021
  0.000226  -0.000092  -0.000568
 -0.000001   0.000021  -0.000030
  0.001479   0.010113   0.022626
  0.000013   0.000007   0.000019
  0.019689  -0.070092  -0.603716
 -0.000019  -0.000003  -0.000043
 -0.000049  -0.000002  -0.000030
 -0.000061  -0.000013  -0.000084
 -0.000019   0.000011  -0.000107
 -0.000065  -0.000003  -0.000089
  0.000443  -0.000063   0.000049
  0.001131  -0.001329  -0.000502
 -0.022340   0.055835   0.569575
 -0.000092  -0.000003  -0.000018
 -0.000361   0.000021  -0.000123
  0.000072   0.000003  -0.000197
 -0.000202  -0.001404  -0.000922
 -0.000030   0.000044  -0.000120
 -0.000144  -0.000076  -0.000583
 -0.000024   0.000011  -0.000284
 -0.000074  -0.000103  -0.000281
  0.000006  -0.000049  -0.000147
  0.000064   0.000129   0.000753
  0.000514  -0.000127  -0.000629
 -0.000186   0.000077   0.000070
  0.000029   0.000050  -0.000277
 -0.001189  -0.000116   0.000886
  0.000343   0.000114  -0.000212
 -0.000258  -0.000003   0.000340
  0.000157  -0.000084  -0.000308
  0.000767   0.000358   0.000792
 -0.000061  -0.000006   0.000379
  0.000874  -0.000372  -0.000961
 -0.000465  -0.000118   0.000885
 -0.001214  -0.000282  -0.000199
  0.000160   0.000051   0.000281
  0.000230   0.000044   0.000010
 -0.000048  -0.000003   0.000341
  0.002389   0.001072   0.003160
 -0.000085   0.000003   0.000164
   77    1  0.0150  0.0000  0.0000
  0.229988  -0.054818  -0.026726
 -0.000622  -0.000349   0.000029
  0.053851  -0.028970  -0.017333
  0.000065   0.000285  -0.000754
  0.006815   0.009690   0.005737
  0.000250  -0.000640  -0.000085
  0.001706  -0.004499  -0.002470
 -0.000130   0.000310  -0.000472
 -0.000927   0.001425   0.000979
  0.001145   0.000301  -0.000117
  0.000566   0.000158   0.000075
 -0.000671   0.000246  -0.000210
  0.000125  -0.000026  -0.000176
  0.000097  -0.000053   0.000011
  0.000031   0.000306   0.000722
 -0.000033   0.000138  -0.000243
  0.000104  -0.000266  -0.000214
  0.000048  -0.000112   0.000081
 -0.000763   0.000547   0.000863
 -0.000012   0.000084  -0.000172
  0.051171  -0.025376  -0.021988
 -0.000244   0.000015  -0.000125
  0.060687  -0.074771   0.013515
 -0.000470  -0.000423  -0.000521
  0.014657  -0.011360  -0.004275
 -0.000026   0.000175  -0.000099
  0.009920  -0.005936  -0.005448
  0.000069  -0.000001   0.000162
 -0.003342   0.000067  -0.000879
  0.000015   0.000073   0.000046
 -0.004713  -0.001722  -0.000889
 -0.000139  -0.000102   0.000316
  0.000124  -0.000136  -0.000506
 -0.000103   0.000079   0.000307
 -0.000225  -0.000240  -0.000080
 -0.000100   0.000431  -0.000169
 -0.000124   0.000245   0.000163
 -0.000033  -0.000049   0.000233
 -0.000027   0.000060   0.000204
  0.000381  -0.000366   0.000094
 -0.000305   0.000060   0.000153
 -0.000250  -0.000159  -0.000136
  0.000069  -0.000054  -0.000170
  0.000367  -0.000248  -0.000258
 -0.000598  -0.000963   0.001233
 -0.000179   0.000121   0.000235
 -0.000176  -0.000027  -0.000349
  0.000668  -0.000353   0.001432
 -0.000279  -0.000111  -0.000310
 -0.000714  -0.000048  -0.000695
  0.000294   0.000730  -0.000956
  0.000125  -0.000272  -0.000439
 -0.000086  -0.000103   0.000027
 -0.000025   0.000005  -0.000033
  0.000328  -0.000072  -0.000033
  0.000103  -0.000048   0.000108
 -0.000145   0.000010  -0.000015
 -0.000047  -0.000016   0.000089
  0.000136   0.000008   0.000040
 -0.000017   0.000034  -0.000058
  0.000078  -0.000094  -0.000148
  0.000007  -0.000043   0.000096
 -0.000022  -0.000015  -0.000114
 -0.000011  -0.000006   0.000029
 -0.000012   0.000111   0.000129
 -0.000004   0.000039  -0.000041
  0.000010  -0.000015  -0.000135
 -0.000009  -0.000011   0.000055
 -0.000141  -0.000057  -0.000122
  0.000019  -0.000007   0.000049
  0.000016  -0.000066  -0.000095
 -0.000001   0.000020   0.000002
 -0.000515   0.000404  -0.000279
 -0.000081  -0.000096  -0.000137
 -0.000214  -0.000165  -0.000103
  0.000059  -0.000013  -0.000076
 -0.481892   0.176454   0.036749
  0.000805   0.000111   0.000388
  0.002757  -0.000448  -0.000678
 -0.000658   0.000276  -0.000821
 -0.000458  -0.000201   0.000779
  0.000688   0.000186   0.000979
  0.001194  -0.000116  -0.000068
  0.000118   0.000024   0.000183
  0.015281   0.002608  -0.007092
  0.000798   0.000163   0.000208
  0.003477  -0.000565  -0.000154
  0.000291  -0.000061   0.000239
  0.002480  -0.000649  -0.005181
 -0.000009   0.000011  -0.000638
  0.002122  -0.000284  -0.001589
  0.000311   0.000059   0.000182
 -0.000381  -0.001117   0.004581
  0.000341  -0.000069   0.002250
  0.004265  -0.007051   0.009200
  0.001077  -0.000282   0.001399
  0.002625  -0.001207   0.000244
  0.000160   0.000049   0.000883
  0.007853  -0.006363   0.011270
  0.000408   0.000437   0.001180
 -0.010164   0.005095   0.005831
 -0.000994  -0.000143   0.000316
 -0.001736   0.006418  -0.005382
 -0.000731   0.000018  -0.003130
 -0.000963  -0.000378  -0.003158
 -0.000646   0.001159   0.002422
  0.038255   0.023340   0.011367
 -0.001119   0.000197  -0.001151
 -0.003045  -0.000591   0.000519
 -0.000068   0.000026  -0.000689
   77    2  0.0000  0.0150 -0.0000
 -0.096300   0.147184   0.009103
  0.000114   0.000011  -0.000041
  0.012899  -0.013464  -0.005301
 -0.000075  -0.000044   0.000133
  0.002297   0.001719   0.000900
 -0.000013   0.000095  -0.000050
  0.000897  -0.001340   0.000218
 -0.000137   0.000243   0.000065
  0.000249   0.000319   0.000144
  0.000054  -0.000164  -0.000150
 -0.000160  -0.000048  -0.000024
  0.000143  -0.000053   0.000037
 -0.000022  -0.000008   0.000023
 -0.000028   0.000012  -0.000025
 -0.000025  -0.000074  -0.000157
  0.000002  -0.000028   0.000039
 -0.000014   0.000067   0.000037
 -0.000007   0.000024  -0.000025
  0.000057  -0.000105  -0.000065
 -0.000000  -0.000020   0.000032
 -0.019802   0.074273   0.055882
  0.000019  -0.000002   0.000007
 -0.037915   0.391818  -0.153247
  0.000066   0.000062   0.000072
 -0.048167   0.020709   0.015963
 -0.000009  -0.000002  -0.000000
 -0.005997   0.002603   0.002686
 -0.000021   0.000015  -0.000020
 -0.000901  -0.002228  -0.000350
  0.000010   0.000001  -0.000015
 -0.000025  -0.000466  -0.001062
  0.000083  -0.000006  -0.000022
  0.000095   0.000064  -0.000108
  0.000020   0.000026  -0.000040
  0.000530  -0.000892   0.000369
 -0.000020   0.000030  -0.000083
 -0.000236  -0.000047  -0.000139
 -0.000045  -0.000076   0.000376
 -0.000060  -0.000021  -0.000002
 -0.000101  -0.000662   0.000044
 -0.000018   0.000033  -0.000014
  0.000003   0.000117  -0.000002
 -0.000010   0.000003   0.000039
 -0.000102   0.000468   0.000665
 -0.000021  -0.000078   0.000055
  0.000007  -0.000040   0.000142
  0.000026   0.000001   0.000037
  0.000165  -0.000491  -0.000046
  0.000063   0.000025   0.000066
  0.000123  -0.000116   0.000119
 -0.000056  -0.000206   0.000263
 -0.000001   0.000027   0.000091
  0.000018   0.000025  -0.000004
  0.000006   0.000015   0.000004
 -0.000081   0.000016  -0.000003
 -0.000021   0.000013  -0.000017
  0.000034   0.000000   0.000009
  0.000007  -0.000005  -0.000010
 -0.000042  -0.000001  -0.000009
  0.000005  -0.000005   0.000015
  0.000024   0.000044   0.000030
  0.000000   0.000008  -0.000014
  0.000003   0.000004   0.000038
 -0.000000   0.000007  -0.000007
  0.000002  -0.000021  -0.000019
  0.000002  -0.000007   0.000008
 -0.000010   0.000007   0.000029
 -0.000003   0.000001  -0.000005
 -0.000004   0.000004   0.000035
  0.000004   0.000002  -0.000010
 -0.000001  -0.000003  -0.000015
 -0.000000  -0.000002  -0.000001
 -0.000086   0.000167  -0.000140
  0.000024   0.000029   0.000037
  0.000095   0.000048  -0.000001
 -0.000021   0.000004   0.000018
  0.176610  -0.668483   0.079807
 -0.000144  -0.000019  -0.000072
  0.000119  -0.000125  -0.000067
  0.000186   0.000042  -0.000120
  0.000134   0.000009  -0.000192
 -0.000133   0.000020  -0.000177
 -0.000173  -0.000118   0.000192
 -0.000020  -0.000007  -0.000046
  0.006281  -0.000993  -0.000827
 -0.000011   0.000006  -0.000143
  0.001028  -0.000108   0.000681
 -0.000062   0.000039  -0.000157
  0.000430  -0.000488  -0.000421
  0.000021  -0.000004  -0.000266
 -0.000191  -0.000823   0.000450
 -0.000021  -0.000066  -0.000143
 -0.000335  -0.000986  -0.001849
 -0.000109   0.000035  -0.000521
 -0.012167   0.020236  -0.009571
 -0.000179   0.000061  -0.000273
 -0.003042  -0.000269   0.000317
  0.000018  -0.000002  -0.000217
  0.000075   0.000202  -0.001619
 -0.000061  -0.000089  -0.000239
 -0.001915   0.003044  -0.000144
  0.000009   0.000024   0.000372
  0.004131   0.007981   0.003820
  0.000049   0.000004   0.000634
  0.000340   0.000263   0.000618
  0.000065   0.000145   0.000137
  0.020884   0.021176   0.004249
  0.000113  -0.000025   0.000237
  0.000503  -0.000295  -0.001248
 -0.000016  -0.000004   0.000206
   77    3  0.0000  0.0000  0.0150
 -0.057950   0.007672   0.143280
 -0.000273  -0.000005  -0.000049
  0.008070  -0.006658  -0.003793
  0.000060  -0.000038  -0.000118
  0.002063   0.001330   0.000574
 -0.000139   0.000012  -0.000038
  0.000622  -0.000208  -0.001241
 -0.000039   0.000544  -0.000726
  0.000039   0.000285   0.000195
  0.001082  -0.003323  -0.001387
  0.000067  -0.000026  -0.000204
 -0.000402   0.000188  -0.000115
 -0.000024   0.000069  -0.000102
  0.000073  -0.000041   0.000039
 -0.000012  -0.000108  -0.000291
  0.000022   0.000054  -0.000122
  0.000113  -0.000090  -0.000012
  0.000024  -0.000048  -0.000029
  0.000117   0.000146   0.000111
 -0.000053   0.000029  -0.000127
  0.015052   0.083633   0.569226
 -0.000026   0.000007  -0.000026
 -0.001964  -0.182019   0.165162
 -0.000203  -0.000188  -0.000236
  0.017951  -0.007220  -0.007366
 -0.000003   0.000036  -0.000007
 -0.048696   0.025385   0.013103
  0.000009  -0.000012   0.000043
 -0.000042   0.000587   0.000272
 -0.000011   0.000026  -0.000001
  0.000721  -0.001305  -0.002992
 -0.000072  -0.000013   0.000054
  0.000700  -0.000423  -0.000835
  0.000072  -0.000081   0.000111
 -0.000294   0.000551  -0.000102
  0.000010  -0.000010  -0.000011
  0.000144   0.000064   0.000089
  0.000096   0.000088   0.000093
 -0.000266  -0.000047  -0.000025
 -0.000027  -0.000206   0.000459
  0.000014  -0.000005   0.000036
 -0.000091   0.000449   0.000040
 -0.000014  -0.000037  -0.000037
 -0.000839   0.002224   0.003721
  0.000026  -0.000013   0.000012
  0.000031  -0.000247  -0.000420
 -0.000067  -0.000040  -0.000151
  0.000125   0.000148   0.000008
 -0.000187  -0.000078  -0.000287
 -0.000428  -0.000061  -0.000333
  0.000094   0.000379  -0.000541
  0.000048  -0.000149  -0.000237
 -0.000035  -0.000093   0.000043
 -0.000006  -0.000021  -0.000019
  0.000073   0.000049   0.000040
  0.000060  -0.000035   0.000054
 -0.000018   0.000048   0.000122
 -0.000000  -0.000001   0.000047
  0.000024  -0.000060  -0.000064
 -0.000017   0.000019  -0.000036
  0.000180   0.000116   0.000028
 -0.000026  -0.000022   0.000070
 -0.000020  -0.000032   0.000099
 -0.000002   0.000015   0.000007
  0.000024   0.000005  -0.000007
 -0.000009   0.000030  -0.000017
 -0.000100   0.000037   0.000025
  0.000017  -0.000010   0.000066
  0.000076  -0.000003  -0.000015
 -0.000018  -0.000006   0.000055
 -0.000006   0.000007   0.000001
  0.000001   0.000039  -0.000015
  0.000227  -0.000313   0.000370
 -0.000146  -0.000154  -0.000204
 -0.000220  -0.000055  -0.000030
  0.000040  -0.000011  -0.000097
  0.036805   0.079005  -0.906896
  0.000385   0.000053   0.000213
  0.000121  -0.000072   0.000098
 -0.000663   0.000421   0.000295
 -0.000047  -0.000093   0.000556
  0.000481   0.000122   0.000567
 -0.000030   0.000194  -0.000423
  0.000175   0.000044   0.000214
 -0.007374  -0.001259   0.001833
 -0.000089  -0.000048   0.000556
 -0.001610  -0.000177  -0.001528
  0.000272  -0.000149   0.000679
 -0.000575   0.000449  -0.000024
 -0.000241   0.000066   0.000981
 -0.000702   0.000817  -0.001090
  0.000045   0.000230   0.000639
  0.000104  -0.000591   0.002415
  0.000227  -0.000046   0.001394
  0.010443  -0.006808   0.003587
  0.000522  -0.000199   0.000814
  0.003741  -0.001333  -0.000905
  0.000022   0.000040   0.000733
  0.008823  -0.005439   0.006809
  0.000195   0.000273   0.000762
  0.003554  -0.002437   0.001164
  0.000003   0.000034  -0.001505
 -0.003689   0.002828  -0.004233
 -0.000290   0.000007  -0.001892
 -0.000853  -0.000183  -0.001827
  0.000405   0.000239  -0.000298
  0.015422   0.012985   0.019864
 -0.000281   0.000064  -0.000844
 -0.000662   0.000181   0.002991
 -0.000065   0.000031  -0.000894
   79    1  0.0150  0.0000  0.0000
 -0.001075  -0.001069  -0.000804
 -0.000171   0.000582  -0.000161
  0.002178   0.003295   0.002861
  0.000187  -0.000543   0.001017
  0.005015  -0.009696  -0.004490
 -0.000012   0.000912  -0.000430
  0.053328   0.017309   0.013329
  0.001443  -0.000958   0.001080
  0.257850   0.043531   0.023481
 -0.001960   0.004169  -0.002539
 -0.000160   0.000040  -0.000107
  0.000020  -0.000074   0.000053
 -0.000056  -0.000022  -0.000086
  0.000004   0.000068  -0.000088
 -0.000017  -0.000078  -0.000328
  0.000011  -0.000111   0.000123
 -0.000062   0.000125   0.000023
  0.000034   0.000042  -0.000141
  0.000282  -0.000276  -0.000671
 -0.000384  -0.000129   0.000064
 -0.000558  -0.000147   0.000487
  0.000337   0.000161   0.001190
 -0.000401   0.000243  -0.000340
  0.000455   0.000437   0.000425
 -0.000048   0.000051   0.000127
 -0.000036  -0.000252   0.000202
  0.000043   0.000011  -0.000030
  0.000024  -0.000050  -0.000190
 -0.000009  -0.000206  -0.000094
 -0.000002  -0.000018  -0.000074
 -0.000070  -0.000012  -0.000297
 -0.000097   0.000062  -0.000326
  0.000114   0.000012   0.000365
  0.000074   0.000007  -0.000144
 -0.000354   0.000290  -0.000047
 -0.000036  -0.000249   0.000081
 -0.003331   0.001783   0.000126
 -0.000136  -0.000043  -0.000075
 -0.003001   0.001445  -0.000983
 -0.000111   0.000079  -0.000265
  0.016032   0.007353   0.006267
  0.000017  -0.000177   0.000260
  0.020677   0.010562   0.002742
  0.000302  -0.000480  -0.000170
  0.071753   0.074628  -0.029368
 -0.001292  -0.002384   0.000146
  0.071460   0.038935   0.058580
  0.001925  -0.000086   0.001046
 -0.000059  -0.000054  -0.000221
 -0.000031  -0.000008  -0.000017
 -0.000014   0.000044  -0.000075
  0.000016  -0.000062  -0.000073
 -0.000006  -0.000081   0.000001
 -0.000006   0.000028  -0.000008
 -0.000045   0.000015   0.000076
  0.000013   0.000013   0.000015
  0.000021   0.000050   0.000122
  0.000010  -0.000015   0.000032
 -0.000024  -0.000028  -0.000016
  0.000005  -0.000007   0.000022
 -0.000079   0.000056   0.000164
 -0.000038   0.000012   0.000023
 -0.000004  -0.000045   0.000020
 -0.000007   0.000035  -0.000041
 -0.000007  -0.000079  -0.000082
 -0.000021   0.000002   0.000016
 -0.000000   0.000028   0.000145
  0.000023  -0.000015   0.000051
  0.000060   0.000071   0.000064
 -0.000095   0.000003   0.000039
 -0.000016  -0.000000   0.000085
  0.000007   0.000069  -0.000042
  0.000305  -0.000250   0.000099
 -0.000458  -0.000311  -0.000451
 -0.000057   0.000053  -0.000015
  0.000080  -0.000010  -0.000084
  0.002730   0.000177   0.000216
 -0.000652  -0.000166  -0.000627
 -0.549871  -0.157745  -0.056802
  0.015439  -0.001888  -0.007277
  0.000157   0.000002   0.000192
  0.000034   0.000046   0.000077
 -0.000411   0.000122  -0.000019
  0.000678   0.000121   0.000450
  0.000002   0.000683  -0.002054
 -0.003781   0.002149   0.004906
 -0.001724  -0.000523  -0.001317
  0.000587  -0.001086   0.001622
 -0.003557   0.001294  -0.007765
  0.000693   0.000929   0.001708
 -0.000674   0.000709  -0.001750
  0.001476  -0.002077   0.005076
  0.000209   0.000048   0.000240
 -0.000302   0.000067   0.000391
  0.000908  -0.000054   0.000186
 -0.001114  -0.000113  -0.000445
  0.000427  -0.000117  -0.000232
 -0.001049  -0.000123   0.000962
  0.000422   0.000027   0.000062
 -0.000669   0.000152   0.000311
  0.001119   0.000062   0.005363
  0.001591   0.002977  -0.004913
 -0.000958  -0.000035  -0.000384
  0.001906  -0.000100  -0.000247
 -0.000158   0.000019  -0.000320
  0.045151  -0.033133  -0.008179
 -0.001744  -0.000410   0.000989
  0.002791  -0.000054  -0.000469
  0.000801  -0.000048   0.000856
 -0.000217  -0.000496  -0.002485
   79    2  0.0000  0.0150 -0.0000
 -0.000309   0.000642   0.000285
 -0.000259  -0.000118   0.000023
 -0.001716  -0.001689  -0.000754
  0.000031  -0.000016   0.000108
 -0.004264   0.004628   0.001798
 -0.000006  -0.000047   0.000005
 -0.026071  -0.015518  -0.007117
  0.000053  -0.000007  -0.000103
  0.088753   0.131384   0.006167
 -0.000073  -0.000131  -0.000232
 -0.000013  -0.000007   0.000022
  0.000042   0.000002   0.000017
 -0.000010   0.000005   0.000021
 -0.000007  -0.000007   0.000018
 -0.000015  -0.000008   0.000017
 -0.000003   0.000007   0.000009
 -0.000046   0.000025   0.000039
 -0.000032  -0.000011   0.000016
  0.000099  -0.000106  -0.000140
  0.000044   0.000048  -0.000030
  0.000011   0.000007  -0.000070
  0.000036  -0.000115   0.001335
  0.000000  -0.000032   0.000042
  0.000013   0.000251   0.000082
  0.000006  -0.000002   0.000017
  0.000035   0.000026   0.000002
  0.000006   0.000007  -0.000011
  0.000091   0.000051  -0.000034
  0.000152  -0.000011  -0.000113
  0.000004   0.000005  -0.000028
  0.000073  -0.000062   0.000064
 -0.000086   0.000027  -0.000039
  0.000023  -0.000001  -0.000223
  0.000018   0.000020   0.000014
 -0.000644  -0.000512   0.000249
 -0.000016   0.000034  -0.000018
  0.000790  -0.003145  -0.000317
  0.000015   0.000009   0.000003
  0.000705  -0.001019  -0.000462
 -0.000027  -0.000015   0.000053
  0.016631   0.004682   0.003434
  0.000044   0.000053   0.000069
  0.043337   0.013824   0.008615
  0.000067   0.000001  -0.000037
  0.040919   0.335992  -0.175482
 -0.000356  -0.000968  -0.000300
  0.026794   0.099937   0.114540
 -0.000166   0.000016  -0.000261
  0.000012   0.000012   0.000033
  0.000041  -0.000020   0.000066
 -0.000012  -0.000038   0.000054
 -0.000004   0.000017   0.000032
  0.000002   0.000019  -0.000003
  0.000001  -0.000007   0.000002
 -0.000007   0.000002  -0.000008
 -0.000004   0.000004  -0.000009
  0.000002  -0.000006  -0.000018
  0.000004   0.000007  -0.000013
 -0.000005   0.000008   0.000004
 -0.000000  -0.000001   0.000004
 -0.000010  -0.000002  -0.000019
 -0.000004   0.000004  -0.000008
  0.000002   0.000009  -0.000003
  0.000001  -0.000003   0.000002
 -0.000005   0.000001  -0.000011
 -0.000001   0.000000   0.000001
  0.000019   0.000003   0.000000
  0.000000   0.000004  -0.000009
 -0.000044   0.000045  -0.000016
  0.000005   0.000004  -0.000004
  0.000003   0.000014   0.000033
 -0.000006  -0.000011  -0.000002
  0.000080  -0.000006   0.000032
  0.000059  -0.000088   0.000013
 -0.000010   0.000006   0.000015
 -0.000042   0.000011   0.000008
 -0.000534  -0.000097  -0.000079
 -0.000246   0.000049  -0.000369
 -0.157697  -0.644753   0.043129
  0.001904   0.001928  -0.000202
 -0.000002   0.000006  -0.000061
 -0.000044   0.000003  -0.000057
 -0.000169  -0.000002  -0.000095
 -0.000188   0.000015  -0.000121
  0.000277  -0.000530  -0.000371
  0.005950   0.006673   0.007260
 -0.000272  -0.000579   0.000100
  0.001183   0.000608  -0.000631
  0.005615   0.022874  -0.010026
 -0.001668   0.002678  -0.000441
  0.000276   0.002537  -0.003109
 -0.001973   0.002085  -0.002515
  0.000023   0.000004  -0.000262
 -0.000030   0.000077  -0.000132
 -0.000053  -0.000043  -0.000171
 -0.000213  -0.000145  -0.000140
  0.000048   0.000053  -0.000304
  0.000098  -0.000118  -0.000088
 -0.000006   0.000058  -0.000207
 -0.000068   0.000226   0.000080
  0.000169   0.005184   0.005086
 -0.005090  -0.004824   0.004499
 -0.000112   0.000004   0.000433
  0.000106  -0.000155   0.000347
  0.000066   0.000025   0.000169
 -0.033714   0.037999   0.006636
 -0.000065   0.000030   0.000210
  0.001245  -0.000335  -0.000887
  0.000536  -0.000407   0.000444
 -0.000100   0.000753   0.000404
   79    3  0.0000  0.0000  0.0150
  0.000255  -0.000118  -0.000089
  0.000643   0.000343  -0.000205
 -0.000428   0.000219  -0.000993
 -0.000260   0.000054  -0.000065
 -0.000480   0.000342  -0.000360
 -0.000174  -0.000198   0.000097
 -0.005382  -0.004147  -0.002966
 -0.000800   0.000527  -0.000176
  0.038414   0.004599   0.141939
  0.000385  -0.002215   0.000897
 -0.000145   0.000093  -0.000051
 -0.000019  -0.000109  -0.000081
  0.000041  -0.000096  -0.000192
  0.000040   0.000084  -0.000222
 -0.000038   0.000100   0.000069
 -0.000011  -0.000114   0.000064
  0.000034   0.000005  -0.000105
  0.000119   0.000054  -0.000171
 -0.000420   0.000025  -0.000109
 -0.000522  -0.000241   0.000269
  0.000212   0.000066   0.000068
  0.000258  -0.000198  -0.000469
  0.000118  -0.000057   0.000039
  0.000085  -0.000075  -0.000022
  0.000018   0.000046   0.000026
  0.000003  -0.000077   0.000022
 -0.000040   0.000020  -0.000020
 -0.000091  -0.000043   0.000018
 -0.000117   0.000068   0.000045
  0.000008  -0.000015  -0.000000
  0.000295  -0.000135  -0.000100
  0.000086   0.000007   0.000003
 -0.000892  -0.000136  -0.001063
 -0.000057   0.000008  -0.000086
  0.000242   0.000573   0.000147
  0.000036  -0.000029   0.000028
  0.000323   0.000760   0.000305
 -0.000037  -0.000038   0.000062
  0.000565  -0.001494  -0.001939
  0.000108   0.000038  -0.000112
  0.052209   0.019035   0.007375
 -0.000356   0.000019  -0.000160
 -0.028678  -0.008858  -0.007446
  0.000023   0.000003   0.000073
 -0.012018  -0.206512   0.211634
 -0.000895   0.001325   0.001851
  0.028052   0.144175   0.495490
  0.001133   0.000181   0.000269
 -0.000250  -0.000109  -0.000436
 -0.000194   0.000107  -0.000402
  0.000082   0.000247  -0.000349
  0.000101  -0.000302  -0.000414
 -0.000027  -0.000101  -0.000010
 -0.000031   0.000127   0.000006
  0.000065  -0.000007   0.000080
  0.000070   0.000011   0.000074
 -0.000037   0.000048   0.000118
 -0.000044  -0.000053   0.000134
  0.000018  -0.000016   0.000008
  0.000029   0.000027   0.000004
 -0.000007   0.000011   0.000091
  0.000032  -0.000009   0.000090
 -0.000016  -0.000049  -0.000041
 -0.000019   0.000056  -0.000033
 -0.000027  -0.000024  -0.000002
 -0.000010   0.000010   0.000026
  0.000031   0.000032   0.000099
 -0.000025  -0.000019   0.000069
 -0.000169   0.000091   0.000045
 -0.000043   0.000023   0.000052
  0.000011  -0.000090  -0.000003
  0.000006   0.000089  -0.000077
 -0.000517   0.000461  -0.000628
 -0.000566  -0.000407  -0.000520
  0.000076   0.000006  -0.000128
  0.000057   0.000020  -0.000108
 -0.000645  -0.000079   0.000100
 -0.000790   0.000132   0.000321
 -0.056925   0.042373  -0.883066
 -0.007299   0.000178  -0.002076
  0.000193  -0.000063   0.000516
  0.000082   0.000065   0.000529
  0.000785  -0.000170   0.000542
  0.000959   0.000149   0.000556
 -0.002926   0.000865   0.002154
  0.006880   0.007072   0.005214
  0.000929   0.000665   0.002690
  0.002733  -0.000877   0.000734
 -0.005605  -0.006951   0.014887
  0.003567  -0.002943  -0.002000
 -0.000751  -0.001320   0.004612
  0.004980  -0.000731   0.002940
 -0.000157  -0.000009   0.001656
 -0.000131   0.000097   0.001969
 -0.000308   0.000288   0.000682
 -0.000094  -0.000423   0.001171
 -0.000807   0.000079   0.001481
 -0.000291  -0.000101   0.001447
 -0.000315  -0.000307   0.000951
 -0.000118   0.000662   0.001386
  0.003577  -0.001878  -0.012873
 -0.007557   0.001549   0.004574
  0.001100  -0.000062  -0.002181
  0.000501  -0.000191  -0.002778
 -0.000466   0.000061  -0.001534
 -0.013402   0.013872   0.023877
  0.001408   0.000178  -0.001461
  0.002014  -0.000206  -0.003051
 -0.000295   0.000224  -0.002758
 -0.001273  -0.000240  -0.002549
   81    1  0.0150  0.0000  0.0000
  0.000296  -0.000283  -0.000685
 -0.000387  -0.000133   0.000064
 -0.000062   0.000129   0.000022
  0.000044   0.000041  -0.000146
 -0.000017  -0.000080  -0.000330
  0.000017  -0.000113   0.000125
 -0.000055  -0.000022  -0.000089
  0.000009   0.000068  -0.000087
 -0.000162   0.000042  -0.000102
  0.000023  -0.000074   0.000058
  0.257700   0.043492   0.023511
 -0.001960   0.004164  -0.002543
  0.053343   0.017351   0.013373
  0.001440  -0.000960   0.001093
  0.005019  -0.009695  -0.004491
 -0.000020   0.000915  -0.000427
  0.002181   0.003288   0.002862
  0.000184  -0.000550   0.001033
 -0.001108  -0.001051  -0.000821
 -0.000177   0.000590  -0.000161
 -0.000056   0.000054  -0.000016
  0.000083  -0.000010  -0.000086
  0.000316  -0.000258   0.000104
 -0.000464  -0.000318  -0.000459
 -0.000014  -0.000000   0.000087
  0.000010   0.000072  -0.000042
  0.000064   0.000072   0.000068
 -0.000094   0.000003   0.000042
 -0.000006  -0.000082  -0.000082
 -0.000020   0.000001   0.000015
  0.000001   0.000027   0.000149
  0.000026  -0.000016   0.000053
 -0.000080   0.000056   0.000171
 -0.000038   0.000012   0.000023
 -0.000003  -0.000047   0.000020
 -0.000005   0.000036  -0.000043
 -0.000025  -0.000028  -0.000013
  0.000006  -0.000008   0.000023
  0.000022   0.000051   0.000129
  0.000013  -0.000015   0.000033
 -0.000045   0.000018   0.000087
  0.000014   0.000013   0.000016
 -0.000004  -0.000084  -0.000000
 -0.000004   0.000029  -0.000007
 -0.000013   0.000044  -0.000074
  0.000017  -0.000065  -0.000073
 -0.000061  -0.000058  -0.000229
 -0.000028  -0.000010  -0.000010
  0.071408   0.038763   0.058174
  0.001929  -0.000085   0.001041
  0.071797   0.074532  -0.029312
 -0.001283  -0.002379   0.000147
  0.020684   0.010557   0.002776
  0.000302  -0.000487  -0.000171
  0.015991   0.007334   0.006257
  0.000019  -0.000178   0.000259
 -0.003017   0.001455  -0.000975
 -0.000112   0.000080  -0.000270
 -0.003325   0.001777   0.000124
 -0.000135  -0.000042  -0.000075
  0.000117   0.000011   0.000362
  0.000076   0.000006  -0.000145
 -0.000352   0.000294  -0.000047
 -0.000037  -0.000255   0.000084
 -0.000009  -0.000209  -0.000097
 -0.000002  -0.000020  -0.000075
 -0.000072  -0.000013  -0.000305
 -0.000097   0.000063  -0.000329
  0.000043   0.000010  -0.000037
  0.000025  -0.000052  -0.000192
 -0.000049   0.000058   0.000127
 -0.000035  -0.000255   0.000207
 -0.000407   0.000252  -0.000345
  0.000463   0.000440   0.000430
 -0.000566  -0.000147   0.000498
  0.000342   0.000162   0.001189
 -0.000418   0.000124  -0.000026
  0.000702   0.000129   0.000457
  0.000163  -0.000003   0.000179
  0.000034   0.000049   0.000093
 -0.549971  -0.157208  -0.056470
  0.015452  -0.001901  -0.007282
  0.002727   0.000173   0.000186
 -0.000658  -0.000167  -0.000625
  0.000428  -0.000121  -0.000246
 -0.001069  -0.000126   0.000995
  0.000903  -0.000059   0.000159
 -0.001130  -0.000117  -0.000437
  0.000219   0.000050   0.000235
 -0.000312   0.000072   0.000434
  0.000422   0.000031   0.000048
 -0.000678   0.000154   0.000331
 -0.003588   0.001298  -0.007773
  0.000666   0.000941   0.001696
 -0.001752  -0.000531  -0.001343
  0.000588  -0.001091   0.001639
 -0.000008   0.000684  -0.002076
 -0.003838   0.002119   0.004904
 -0.000688   0.000717  -0.001772
  0.001474  -0.002085   0.005104
 -0.000973  -0.000045  -0.000363
  0.001951  -0.000098  -0.000261
  0.001155   0.000067   0.005358
  0.001651   0.003007  -0.004919
  0.045417  -0.033345  -0.008249
 -0.000161   0.000024  -0.000320
  0.000823  -0.000045   0.000877
 -0.000206  -0.000495  -0.002520
 -0.001776  -0.000422   0.001019
  0.002837  -0.000059  -0.000475
   81    2  0.0000  0.0150 -0.0000
  0.000097  -0.000102  -0.000137
  0.000046   0.000051  -0.000031
 -0.000046   0.000028   0.000038
 -0.000031  -0.000008   0.000015
 -0.000015  -0.000004   0.000018
 -0.000002   0.000011   0.000006
 -0.000009   0.000008   0.000020
 -0.000007  -0.000004   0.000016
 -0.000013  -0.000004   0.000022
  0.000039   0.000005   0.000015
  0.088678   0.131318   0.006213
 -0.000069  -0.000121  -0.000235
 -0.026056  -0.015532  -0.007122
  0.000059  -0.000007  -0.000101
 -0.004254   0.004626   0.001794
  0.000001  -0.000043   0.000003
 -0.001716  -0.001684  -0.000748
  0.000034  -0.000012   0.000105
 -0.000303   0.000643   0.000284
 -0.000260  -0.000114   0.000018
 -0.000011   0.000008   0.000014
 -0.000042   0.000014   0.000007
  0.000080  -0.000003   0.000032
  0.000060  -0.000085   0.000012
  0.000003   0.000017   0.000032
 -0.000006  -0.000008  -0.000003
 -0.000044   0.000049  -0.000018
  0.000004   0.000007  -0.000003
 -0.000006   0.000004  -0.000012
 -0.000001   0.000004   0.000000
  0.000019   0.000006  -0.000000
 -0.000000   0.000007  -0.000009
 -0.000011   0.000001  -0.000019
 -0.000004   0.000007  -0.000007
  0.000002   0.000012  -0.000003
  0.000001   0.000001   0.000001
 -0.000005   0.000011   0.000003
 -0.000000   0.000003   0.000003
  0.000001  -0.000002  -0.000018
  0.000004   0.000010  -0.000012
 -0.000007   0.000005  -0.000008
 -0.000004   0.000007  -0.000009
  0.000001   0.000022  -0.000003
  0.000001  -0.000003   0.000001
 -0.000012  -0.000033   0.000052
 -0.000004   0.000020   0.000030
  0.000011   0.000015   0.000031
  0.000039  -0.000017   0.000064
  0.026666   0.099875   0.114401
 -0.000165   0.000016  -0.000254
  0.040816   0.335588  -0.175025
 -0.000352  -0.000974  -0.000306
  0.043331   0.013798   0.008675
  0.000065   0.000004  -0.000037
  0.016573   0.004666   0.003422
  0.000042   0.000056   0.000067
  0.000706  -0.001019  -0.000472
 -0.000028  -0.000012   0.000051
  0.000792  -0.003142  -0.000315
  0.000015   0.000013   0.000001
  0.000022   0.000003  -0.000219
  0.000018   0.000023   0.000013
 -0.000643  -0.000503   0.000249
 -0.000016   0.000036  -0.000018
  0.000152  -0.000011  -0.000113
  0.000004   0.000008  -0.000029
  0.000073  -0.000060   0.000058
 -0.000086   0.000030  -0.000039
  0.000006   0.000010  -0.000014
  0.000091   0.000055  -0.000034
  0.000006   0.000001   0.000018
  0.000035   0.000030   0.000003
  0.000002  -0.000031   0.000043
  0.000010   0.000253   0.000079
  0.000012   0.000010  -0.000071
  0.000037  -0.000109   0.001328
 -0.000168   0.000001  -0.000093
 -0.000188   0.000020  -0.000122
 -0.000003   0.000009  -0.000058
 -0.000042   0.000007  -0.000056
 -0.157146  -0.644745   0.042796
  0.001911   0.001924  -0.000208
 -0.000533  -0.000094  -0.000082
 -0.000240   0.000049  -0.000375
  0.000051   0.000056  -0.000305
  0.000097  -0.000114  -0.000085
 -0.000052  -0.000040  -0.000171
 -0.000209  -0.000142  -0.000136
  0.000024   0.000007  -0.000254
 -0.000030   0.000080  -0.000125
 -0.000006   0.000061  -0.000205
 -0.000066   0.000232   0.000084
  0.005627   0.022968  -0.010092
 -0.001666   0.002687  -0.000429
 -0.000274  -0.000579   0.000088
  0.001176   0.000612  -0.000629
  0.000280  -0.000529  -0.000385
  0.005937   0.006676   0.007241
  0.000278   0.002563  -0.003126
 -0.001989   0.002085  -0.002522
 -0.000113   0.000009   0.000426
  0.000099  -0.000153   0.000334
  0.000153   0.005209   0.005139
 -0.005098  -0.004809   0.004496
 -0.033905   0.038132   0.006699
  0.000061   0.000027   0.000162
  0.000535  -0.000406   0.000449
 -0.000097   0.000756   0.000399
 -0.000071   0.000033   0.000216
  0.001242  -0.000333  -0.000887
   81    3  0.0000  0.0000  0.0150
 -0.000423   0.000024  -0.000107
 -0.000526  -0.000241   0.000271
  0.000033   0.000005  -0.000104
  0.000118   0.000055  -0.000171
 -0.000041   0.000101   0.000071
 -0.000013  -0.000114   0.000065
  0.000040  -0.000097  -0.000192
  0.000039   0.000085  -0.000222
 -0.000145   0.000095  -0.000050
 -0.000019  -0.000110  -0.000080
  0.038507   0.004623   0.141944
  0.000380  -0.002214   0.000899
 -0.005384  -0.004144  -0.002963
 -0.000801   0.000527  -0.000176
 -0.000489   0.000348  -0.000360
 -0.000174  -0.000198   0.000097
 -0.000430   0.000222  -0.000993
 -0.000260   0.000054  -0.000063
  0.000258  -0.000119  -0.000088
  0.000644   0.000343  -0.000204
  0.000075   0.000007  -0.000127
  0.000056   0.000020  -0.000107
 -0.000518   0.000462  -0.000628
 -0.000567  -0.000408  -0.000520
  0.000010  -0.000090  -0.000001
  0.000005   0.000090  -0.000076
 -0.000171   0.000091   0.000046
 -0.000044   0.000023   0.000053
 -0.000028  -0.000024  -0.000001
 -0.000011   0.000010   0.000027
  0.000029   0.000033   0.000100
 -0.000027  -0.000019   0.000069
 -0.000007   0.000012   0.000092
  0.000031  -0.000009   0.000092
 -0.000017  -0.000048  -0.000040
 -0.000020   0.000057  -0.000032
  0.000018  -0.000016   0.000009
  0.000029   0.000027   0.000005
 -0.000038   0.000048   0.000119
 -0.000045  -0.000053   0.000135
  0.000064  -0.000007   0.000081
  0.000070   0.000011   0.000076
 -0.000028  -0.000102  -0.000009
 -0.000032   0.000128   0.000007
  0.000081   0.000248  -0.000349
  0.000101  -0.000303  -0.000414
 -0.000251  -0.000110  -0.000436
 -0.000195   0.000108  -0.000403
  0.027660   0.143920   0.495401
  0.001135   0.000180   0.000273
 -0.011970  -0.205989   0.211319
 -0.000899   0.001327   0.001854
 -0.028625  -0.008846  -0.007449
  0.000022   0.000003   0.000075
  0.052217   0.019055   0.007436
 -0.000357   0.000018  -0.000159
  0.000557  -0.001497  -0.001952
  0.000108   0.000039  -0.000110
  0.000317   0.000759   0.000310
 -0.000038  -0.000038   0.000063
 -0.000893  -0.000137  -0.001061
 -0.000058   0.000008  -0.000085
  0.000245   0.000575   0.000145
  0.000035  -0.000029   0.000030
 -0.000117   0.000068   0.000047
  0.000007  -0.000014   0.000001
  0.000294  -0.000135  -0.000099
  0.000085   0.000007   0.000005
 -0.000040   0.000020  -0.000018
 -0.000091  -0.000043   0.000019
  0.000018   0.000046   0.000027
  0.000002  -0.000077   0.000024
  0.000119  -0.000058   0.000042
  0.000085  -0.000074  -0.000021
  0.000211   0.000066   0.000070
  0.000258  -0.000197  -0.000467
  0.000784  -0.000171   0.000543
  0.000958   0.000150   0.000556
  0.000193  -0.000063   0.000516
  0.000081   0.000065   0.000530
 -0.056565   0.042008  -0.882843
 -0.007304   0.000176  -0.002083
 -0.000648  -0.000078   0.000101
 -0.000790   0.000131   0.000322
 -0.000809   0.000079   0.001486
 -0.000291  -0.000099   0.001449
 -0.000310   0.000289   0.000683
 -0.000096  -0.000422   0.001171
 -0.000158  -0.000008   0.001659
 -0.000131   0.000096   0.001973
 -0.000317  -0.000307   0.000953
 -0.000118   0.000662   0.001387
 -0.005615  -0.006987   0.014892
  0.003570  -0.002945  -0.002005
  0.000926   0.000664   0.002691
  0.002733  -0.000880   0.000736
 -0.002932   0.000867   0.002154
  0.006863   0.007054   0.005195
 -0.000756  -0.001319   0.004622
  0.004994  -0.000747   0.002957
  0.001105  -0.000061  -0.002186
  0.000502  -0.000191  -0.002780
  0.003585  -0.001881  -0.012857
 -0.007534   0.001567   0.004565
 -0.013484   0.013940   0.023900
 -0.000468   0.000062  -0.001540
 -0.000291   0.000225  -0.002760
 -0.001272  -0.000241  -0.002548
  0.001414   0.000179  -0.001460
  0.002010  -0.000206  -0.003043
   83    1  0.0150  0.0000  0.0000
 -0.000751   0.000542   0.000859
 -0.000019   0.000086  -0.000172
  0.000104  -0.000272  -0.000218
  0.000038  -0.000112   0.000084
  0.000028   0.000306   0.000717
 -0.000034   0.000135  -0.000239
  0.000117  -0.000028  -0.000177
  0.000104  -0.000050   0.000017
  0.000562   0.000161   0.000077
 -0.000664   0.000244  -0.000206
 -0.000903   0.001423   0.000974
  0.001134   0.000301  -0.000113
  0.001736  -0.004511  -0.002473
 -0.000146   0.000308  -0.000465
  0.006844   0.009694   0.005734
  0.000243  -0.000641  -0.000083
  0.053877  -0.029068  -0.017383
  0.000070   0.000282  -0.000747
  0.230392  -0.055200  -0.026991
 -0.000615  -0.000351   0.000035
 -0.000212  -0.000160  -0.000071
  0.000058  -0.000014  -0.000076
 -0.000515   0.000431  -0.000284
 -0.000080  -0.000096  -0.000136
  0.000020  -0.000057  -0.000100
 -0.000003   0.000020   0.000004
 -0.000137  -0.000058  -0.000111
  0.000018  -0.000008   0.000051
 -0.000013   0.000110   0.000129
 -0.000005   0.000040  -0.000040
  0.000009  -0.000016  -0.000136
 -0.000009  -0.000010   0.000055
  0.000077  -0.000094  -0.000150
  0.000007  -0.000044   0.000099
 -0.000023  -0.000013  -0.000114
 -0.000011  -0.000007   0.000031
  0.000135   0.000008   0.000040
 -0.000017   0.000034  -0.000057
 -0.000146   0.000009  -0.000014
 -0.000046  -0.000016   0.000089
  0.000327  -0.000072  -0.000032
  0.000104  -0.000048   0.000108
 -0.000087  -0.000103   0.000027
 -0.000023   0.000006  -0.000031
  0.000294   0.000726  -0.000952
  0.000126  -0.000272  -0.000437
 -0.000279  -0.000112  -0.000310
 -0.000712  -0.000048  -0.000695
 -0.000181  -0.000031  -0.000359
  0.000666  -0.000350   0.001433
 -0.000595  -0.000955   0.001232
 -0.000180   0.000120   0.000233
  0.000073  -0.000048  -0.000174
  0.000365  -0.000251  -0.000257
 -0.000301   0.000062   0.000164
 -0.000252  -0.000161  -0.000134
 -0.000024   0.000058   0.000205
  0.000382  -0.000367   0.000097
 -0.000123   0.000242   0.000166
 -0.000034  -0.000050   0.000234
  0.000125  -0.000137  -0.000503
 -0.000105   0.000080   0.000307
 -0.000224  -0.000239  -0.000081
 -0.000101   0.000434  -0.000168
 -0.003345   0.000068  -0.000874
  0.000016   0.000071   0.000046
 -0.004715  -0.001716  -0.000881
 -0.000138  -0.000103   0.000318
  0.009907  -0.005947  -0.005487
  0.000070  -0.000000   0.000161
  0.014611  -0.011384  -0.004270
 -0.000024   0.000176  -0.000098
  0.060703  -0.074871   0.013455
 -0.000473  -0.000424  -0.000523
  0.051144  -0.025404  -0.022154
 -0.000244   0.000016  -0.000124
  0.001176  -0.000149  -0.000071
  0.000107   0.000019   0.000186
 -0.000457  -0.000205   0.000783
  0.000701   0.000179   0.000991
  0.002790  -0.000449  -0.000711
 -0.000675   0.000285  -0.000826
 -0.482266   0.177123   0.037303
  0.000837   0.000115   0.000399
  0.002607  -0.001203   0.000246
  0.000174   0.000053   0.000883
  0.004256  -0.007000   0.009184
  0.001100  -0.000283   0.001408
 -0.000376  -0.001113   0.004573
  0.000353  -0.000070   0.002252
  0.007838  -0.006365   0.011250
  0.000423   0.000438   0.001185
  0.002495  -0.000640  -0.005201
 -0.000012   0.000014  -0.000627
  0.003470  -0.000573  -0.000172
  0.000288  -0.000061   0.000242
  0.015284   0.002599  -0.007085
  0.000813   0.000163   0.000205
  0.002123  -0.000272  -0.001599
  0.000315   0.000058   0.000186
 -0.001743   0.006426  -0.005377
 -0.000738   0.000019  -0.003132
 -0.010170   0.005098   0.005841
 -0.000988  -0.000145   0.000306
 -0.000650   0.001160   0.002426
 -0.000964  -0.000377  -0.003152
 -0.003041  -0.000590   0.000521
 -0.000068   0.000026  -0.000686
  0.038160   0.023242   0.011340
 -0.001139   0.000200  -0.001151
   83    2  0.0000  0.0150 -0.0000
  0.000059  -0.000107  -0.000076
 -0.000001  -0.000017   0.000033
 -0.000019   0.000072   0.000038
 -0.000008   0.000028  -0.000026
 -0.000024  -0.000073  -0.000167
 -0.000000  -0.000025   0.000040
 -0.000022  -0.000003   0.000023
 -0.000031   0.000014  -0.000026
 -0.000160  -0.000049  -0.000029
  0.000140  -0.000049   0.000035
  0.000258   0.000325   0.000142
  0.000050  -0.000154  -0.000150
  0.000885  -0.001327   0.000221
 -0.000128   0.000250   0.000057
  0.002293   0.001701   0.000879
 -0.000015   0.000101  -0.000052
  0.012814  -0.013496  -0.005315
 -0.000078  -0.000042   0.000133
 -0.096720   0.147426   0.009217
  0.000119   0.000019  -0.000046
  0.000092   0.000052  -0.000005
 -0.000020   0.000007   0.000016
 -0.000084   0.000169  -0.000141
  0.000023   0.000031   0.000034
 -0.000003   0.000001  -0.000016
 -0.000000   0.000000  -0.000003
 -0.000005   0.000007   0.000036
  0.000003   0.000005  -0.000012
  0.000002  -0.000021  -0.000023
  0.000001  -0.000005   0.000007
 -0.000011   0.000010   0.000028
 -0.000003   0.000004  -0.000008
  0.000023   0.000047   0.000031
 -0.000000   0.000011  -0.000017
  0.000002   0.000005   0.000038
 -0.000001   0.000008  -0.000009
 -0.000043   0.000001  -0.000012
  0.000004  -0.000003   0.000013
  0.000035   0.000004   0.000008
  0.000006  -0.000001  -0.000014
 -0.000084   0.000018  -0.000005
 -0.000021   0.000016  -0.000020
  0.000017   0.000027  -0.000004
  0.000006   0.000016   0.000002
 -0.000056  -0.000203   0.000262
 -0.000002   0.000032   0.000092
  0.000064   0.000028   0.000065
  0.000123  -0.000114   0.000120
  0.000027   0.000003   0.000039
  0.000163  -0.000491  -0.000050
 -0.000017  -0.000068   0.000042
  0.000008  -0.000036   0.000142
 -0.000015   0.000006   0.000041
 -0.000100   0.000470   0.000658
 -0.000021   0.000037  -0.000015
  0.000006   0.000120  -0.000002
 -0.000063  -0.000017  -0.000004
 -0.000103  -0.000659   0.000038
 -0.000238  -0.000045  -0.000144
 -0.000045  -0.000072   0.000374
  0.000094   0.000065  -0.000108
  0.000022   0.000028  -0.000046
  0.000528  -0.000888   0.000367
 -0.000020   0.000032  -0.000085
 -0.000901  -0.002207  -0.000362
  0.000009   0.000001  -0.000019
 -0.000037  -0.000460  -0.001042
  0.000083  -0.000002  -0.000025
 -0.005997   0.002611   0.002749
 -0.000023   0.000018  -0.000025
 -0.048153   0.020806   0.015978
 -0.000010  -0.000001  -0.000001
 -0.038006   0.392163  -0.153130
  0.000072   0.000069   0.000076
 -0.019859   0.074210   0.055726
  0.000022  -0.000000   0.000006
 -0.000187  -0.000106   0.000192
 -0.000020  -0.000003  -0.000048
  0.000133   0.000012  -0.000196
 -0.000134   0.000023  -0.000186
  0.000086  -0.000127  -0.000056
  0.000209   0.000040  -0.000108
  0.177321  -0.669247   0.079832
 -0.000166  -0.000018  -0.000083
 -0.003014  -0.000266   0.000304
  0.000009  -0.000000  -0.000223
 -0.012046   0.020162  -0.009506
 -0.000198   0.000064  -0.000290
 -0.000324  -0.000987  -0.001854
 -0.000112   0.000037  -0.000538
  0.000100   0.000194  -0.001615
 -0.000070  -0.000089  -0.000251
  0.000418  -0.000493  -0.000381
  0.000024  -0.000002  -0.000254
  0.001031  -0.000107   0.000693
 -0.000062   0.000039  -0.000155
  0.006319  -0.000987  -0.000839
 -0.000034   0.000004  -0.000139
 -0.000183  -0.000823   0.000460
 -0.000027  -0.000060  -0.000140
  0.004081   0.007994   0.003788
  0.000065   0.000007   0.000647
 -0.001938   0.003061  -0.000170
  0.000023   0.000033   0.000360
  0.000073   0.000134   0.000113
  0.000340   0.000263   0.000623
  0.000489  -0.000296  -0.001238
 -0.000013  -0.000002   0.000201
  0.020762   0.021132   0.004244
  0.000140  -0.000028   0.000241
   83    3  0.0000  0.0000  0.0150
  0.000113   0.000147   0.000105
 -0.000051   0.000026  -0.000118
  0.000117  -0.000091  -0.000008
  0.000024  -0.000049  -0.000022
 -0.000008  -0.000110  -0.000302
  0.000022   0.000051  -0.000113
 -0.000021   0.000070  -0.000096
  0.000073  -0.000043   0.000041
  0.000072  -0.000031  -0.000209
 -0.000404   0.000184  -0.000108
  0.000052   0.000281   0.000194
  0.001072  -0.003316  -0.001357
  0.000624  -0.000208  -0.001231
 -0.000042   0.000545  -0.000713
  0.002069   0.001323   0.000554
 -0.000139   0.000012  -0.000030
  0.008029  -0.006662  -0.003808
  0.000059  -0.000040  -0.000106
 -0.058268   0.007807   0.143309
 -0.000263  -0.000002  -0.000042
 -0.000220  -0.000057  -0.000028
  0.000040  -0.000012  -0.000092
  0.000223  -0.000311   0.000367
 -0.000142  -0.000152  -0.000196
 -0.000005   0.000006   0.000003
  0.000002   0.000037  -0.000011
  0.000078  -0.000004  -0.000011
 -0.000017  -0.000007   0.000058
  0.000026   0.000002  -0.000007
 -0.000007   0.000028  -0.000012
 -0.000098   0.000035   0.000028
  0.000017  -0.000011   0.000068
  0.000181   0.000116   0.000033
 -0.000024  -0.000023   0.000072
 -0.000018  -0.000031   0.000100
 -0.000001   0.000014   0.000010
  0.000026  -0.000063  -0.000066
 -0.000016   0.000016  -0.000032
 -0.000016   0.000046   0.000123
 -0.000001  -0.000003   0.000052
  0.000075   0.000050   0.000044
  0.000062  -0.000036   0.000056
 -0.000033  -0.000091   0.000045
 -0.000008  -0.000021  -0.000016
  0.000097   0.000384  -0.000546
  0.000050  -0.000150  -0.000236
 -0.000185  -0.000079  -0.000283
 -0.000432  -0.000059  -0.000341
 -0.000062  -0.000041  -0.000143
  0.000123   0.000147   0.000010
  0.000030  -0.000013   0.000013
  0.000032  -0.000243  -0.000411
 -0.000012  -0.000036  -0.000033
 -0.000840   0.002222   0.003721
  0.000015  -0.000005   0.000036
 -0.000089   0.000449   0.000043
 -0.000264  -0.000050  -0.000026
 -0.000025  -0.000208   0.000457
  0.000145   0.000060   0.000090
  0.000097   0.000088   0.000099
  0.000700  -0.000424  -0.000824
  0.000074  -0.000082   0.000113
 -0.000294   0.000551  -0.000100
  0.000013  -0.000014  -0.000005
 -0.000047   0.000590   0.000265
 -0.000010   0.000023   0.000003
  0.000715  -0.001308  -0.002990
 -0.000070  -0.000013   0.000053
 -0.048704   0.025441   0.013189
  0.000010  -0.000013   0.000044
  0.017954  -0.007188  -0.007388
 -0.000002   0.000033  -0.000002
 -0.002020  -0.181767   0.164884
 -0.000195  -0.000183  -0.000225
  0.014953   0.083321   0.569603
 -0.000024   0.000005  -0.000022
 -0.000022   0.000190  -0.000417
  0.000174   0.000041   0.000217
 -0.000043  -0.000090   0.000560
  0.000475   0.000123   0.000567
  0.000114  -0.000072   0.000098
 -0.000667   0.000424   0.000295
  0.037268   0.078995  -0.907389
  0.000377   0.000048   0.000217
  0.003778  -0.001351  -0.000879
  0.000024   0.000038   0.000723
  0.010417  -0.006775   0.003608
  0.000511  -0.000197   0.000802
  0.000103  -0.000597   0.002480
  0.000229  -0.000050   0.001385
  0.008843  -0.005419   0.006832
  0.000194   0.000264   0.000752
 -0.000577   0.000445  -0.000014
 -0.000239   0.000066   0.000967
 -0.001602  -0.000176  -0.001513
  0.000268  -0.000146   0.000671
 -0.007341  -0.001275   0.001821
 -0.000088  -0.000052   0.000547
 -0.000696   0.000807  -0.001077
  0.000046   0.000223   0.000631
 -0.003687   0.002822  -0.004298
 -0.000278   0.000003  -0.001862
  0.003516  -0.002425   0.001150
  0.000010   0.000034  -0.001479
  0.000416   0.000230  -0.000285
 -0.000852  -0.000194  -0.001838
 -0.000675   0.000175   0.002978
 -0.000065   0.000028  -0.000871
  0.015355   0.012946   0.019864
 -0.000270   0.000060  -0.000818
   85    1  0.0150  0.0000  0.0000
 -0.003851   0.004614   0.002350
 -0.000830  -0.000031  -0.000149
  0.001695  -0.001210  -0.000777
  0.000103  -0.000117   0.000137
  0.000052   0.000833   0.000944
 -0.000662  -0.000285   0.000112
 -0.000169  -0.001392  -0.000232
 -0.000144   0.000907  -0.001411
 -0.001102   0.000707   0.001103
  0.000257  -0.002098   0.000203
 -0.000460   0.000443   0.000629
  0.000947  -0.000851   0.000025
 -0.000010  -0.000530  -0.000273
 -0.000211   0.000342  -0.000761
 -0.000157   0.000360   0.000786
 -0.000148  -0.000222  -0.000004
  0.000067   0.000341  -0.000469
  0.000006   0.000009  -0.000157
 -0.002327  -0.000182   0.000983
 -0.000242   0.000026  -0.000273
 -0.003166  -0.002596  -0.001212
 -0.000365   0.000061   0.000395
  0.001729  -0.000527   0.001119
 -0.000049   0.000041  -0.000051
 -0.000008  -0.000584   0.000104
 -0.000031  -0.000009   0.000085
  0.000307  -0.000074  -0.000394
  0.000132  -0.000025  -0.000025
 -0.000216   0.000107   0.000105
  0.000002   0.000059  -0.000059
 -0.000041  -0.000053  -0.000204
 -0.000178  -0.000014   0.000044
 -0.000190  -0.000145  -0.000304
  0.000258  -0.000127   0.000297
  0.000017   0.000132  -0.000120
 -0.000056   0.000031  -0.000023
 -0.000299   0.000241   0.000242
  0.000241   0.000176  -0.000211
  0.000254  -0.000114  -0.000393
 -0.000546  -0.000082   0.000940
 -0.000726   0.000289  -0.000261
  0.000628   0.000132   0.000499
  0.000073   0.000391  -0.000019
 -0.000714   0.000742  -0.000005
 -0.000257  -0.004093   0.003710
  0.001612  -0.001568  -0.001719
  0.000886   0.000141   0.000883
  0.003260   0.006225  -0.006365
  0.000163   0.000067   0.000201
  0.000935   0.000088  -0.000019
 -0.000169  -0.000729   0.000968
  0.000095  -0.000155  -0.000048
  0.000045   0.000082  -0.000164
 -0.000053   0.000461   0.000043
 -0.000174  -0.000068   0.000038
 -0.000150   0.000115   0.000100
  0.000080  -0.000014  -0.000123
 -0.000083  -0.000188   0.000298
 -0.000045   0.000144   0.000182
  0.000069   0.000033   0.000108
 -0.000199  -0.000117  -0.000122
  0.000038  -0.000037   0.000200
 -0.000008  -0.000020  -0.000212
 -0.000040   0.000129  -0.000060
 -0.000114   0.000062   0.000143
  0.000003   0.000051  -0.000031
  0.000220   0.000031   0.000092
 -0.000099  -0.000041   0.000143
 -0.000509  -0.000203   0.000316
  0.000072  -0.000034   0.000047
  0.000094  -0.000317  -0.000717
 -0.000023   0.000027   0.000038
 -0.003483   0.007034  -0.005633
  0.000038   0.000054  -0.000051
  0.000928  -0.000114  -0.000433
 -0.000162  -0.000008   0.000089
  0.015321   0.006296  -0.007453
  0.000764  -0.000023  -0.000060
 -0.000015   0.000245  -0.002927
 -0.003814  -0.005878   0.006847
  0.000403   0.000047  -0.000839
 -0.001039  -0.000066  -0.000324
  0.002689  -0.003013   0.003616
  0.000143  -0.000032   0.000026
 -0.470333   0.169932   0.146319
 -0.000926  -0.000521  -0.000925
  0.056091  -0.012047   0.012503
 -0.000785   0.000273  -0.000471
  0.016010  -0.017503  -0.033872
 -0.003475   0.000926  -0.000860
 -0.000974  -0.020396  -0.000060
 -0.000741  -0.000149  -0.000219
 -0.003120   0.001089  -0.005253
 -0.000626   0.000153  -0.000908
 -0.003497  -0.008615  -0.015436
 -0.000041   0.000144  -0.000403
 -0.013084   0.001499   0.003558
  0.000047  -0.000037  -0.000463
 -0.004480   0.004084  -0.006424
 -0.000061  -0.000178  -0.000356
  0.341193  -0.136533  -0.055831
  0.001622   0.000322   0.000575
  0.020647  -0.003514   0.010344
  0.000005   0.000066   0.000911
  0.001901   0.000891   0.002277
  0.013648   0.006557   0.006591
  0.032711   0.014934  -0.041499
 -0.000411   0.000119   0.000827
  0.011253  -0.005843  -0.015417
  0.000127   0.000018   0.000383
   85    2  0.0000  0.0150 -0.0000
  0.000661   0.001273   0.000254
  0.000179  -0.000043   0.000065
  0.000243  -0.000382  -0.000273
 -0.000058   0.000114  -0.000164
  0.000181   0.000099   0.000051
  0.000104  -0.000141   0.000000
  0.000117   0.000219  -0.000023
 -0.000150   0.000024   0.000383
  0.000079  -0.000420  -0.000426
  0.001944  -0.000095  -0.001884
  0.000091  -0.000050  -0.000078
 -0.000189   0.000140  -0.000007
 -0.000028   0.000134   0.000058
  0.000050  -0.000037   0.000110
 -0.000025  -0.000096  -0.000083
  0.000011   0.000053   0.000006
 -0.000126   0.000101   0.000080
  0.000001   0.000001   0.000038
  0.000428  -0.000354  -0.000101
  0.000055  -0.000006   0.000087
 -0.000675  -0.000268  -0.000106
  0.000072  -0.000011  -0.000135
  0.000433  -0.001048   0.000306
 -0.000013  -0.000034  -0.000014
  0.000101  -0.000049   0.000021
  0.000003   0.000026  -0.000037
  0.000072  -0.000020  -0.000011
 -0.000024   0.000009   0.000021
 -0.000009   0.000003  -0.000022
  0.000003  -0.000010   0.000020
 -0.000038   0.000011   0.000058
  0.000017  -0.000008   0.000037
  0.000036   0.000021   0.000066
 -0.000046   0.000047  -0.000026
 -0.000021  -0.000066  -0.000003
  0.000008   0.000051  -0.000023
  0.000097  -0.000055  -0.000029
  0.000010   0.000003   0.000016
 -0.000096   0.000062   0.000126
  0.000143  -0.000047  -0.000177
  0.000379   0.000053  -0.000003
 -0.001159   0.000454  -0.000239
 -0.000037  -0.000085   0.000062
 -0.000362   0.000283   0.000136
 -0.000333   0.001363  -0.001091
 -0.000437   0.001364   0.000817
 -0.000296  -0.000077  -0.000270
  0.002862  -0.005761   0.005848
 -0.000010   0.000002  -0.000013
 -0.000155   0.000264  -0.000114
  0.000027   0.000118  -0.000123
 -0.000018   0.000039  -0.000042
 -0.000003  -0.000005   0.000014
  0.000001  -0.000099  -0.000009
  0.000017  -0.000008   0.000005
  0.000044  -0.000026  -0.000019
 -0.000021  -0.000006   0.000005
 -0.000002   0.000043  -0.000056
  0.000015  -0.000025  -0.000033
 -0.000010  -0.000003  -0.000027
  0.000029   0.000016   0.000007
  0.000007   0.000007  -0.000048
 -0.000003   0.000011   0.000025
  0.000010  -0.000031   0.000014
  0.000015  -0.000005  -0.000006
  0.000002  -0.000011   0.000006
 -0.000040  -0.000007  -0.000026
  0.000012   0.000014  -0.000043
  0.000191   0.000015  -0.000064
 -0.000000   0.000015  -0.000020
 -0.000014   0.000074  -0.000021
  0.000004  -0.000008  -0.000010
  0.000500   0.000849  -0.000002
  0.000017   0.000015   0.000050
 -0.000524  -0.000283   0.000047
  0.000029   0.000007  -0.000005
  0.002627  -0.000998  -0.001268
 -0.000185   0.000014   0.000034
  0.000658  -0.000519   0.000870
 -0.002109   0.006640  -0.007050
 -0.000128   0.000051   0.000094
  0.000151  -0.000125   0.000104
 -0.001176  -0.000251  -0.001321
 -0.000057   0.000006  -0.000037
  0.169560  -0.186810  -0.011590
  0.000494   0.000217   0.000137
  0.007923  -0.010804   0.002160
  0.000204  -0.000036  -0.000057
 -0.006677  -0.008763   0.004173
  0.001105  -0.000351  -0.000446
 -0.038319   0.060958  -0.002551
  0.000307  -0.000000  -0.000181
  0.000519   0.001240   0.001174
  0.000118  -0.000019   0.000234
 -0.001272   0.005576   0.006836
  0.000048  -0.000024   0.000128
  0.001574   0.002353   0.002874
  0.000013   0.000002   0.000050
  0.000867   0.003957  -0.003453
  0.000028   0.000052   0.000079
 -0.138146   0.141594   0.029455
 -0.000776  -0.000181   0.000501
 -0.003559  -0.006654  -0.003779
 -0.000046  -0.000022  -0.000222
 -0.000166  -0.000325  -0.000219
 -0.004539  -0.002832  -0.003137
  0.013351   0.008660  -0.022957
 -0.000013  -0.000011  -0.000190
 -0.006706  -0.010314   0.006544
 -0.000053   0.000006   0.000077
   85    3  0.0000  0.0000  0.0150
  0.001625  -0.002070  -0.001297
  0.000093   0.000267  -0.000325
 -0.000865   0.000400   0.000480
  0.000062  -0.000308   0.000388
 -0.000026  -0.000227   0.000199
  0.000050   0.000530  -0.000540
 -0.000291   0.000660  -0.000099
  0.000298  -0.000238   0.001008
  0.001772   0.000826   0.000520
 -0.003754   0.000461   0.000954
  0.000388   0.000074  -0.000277
 -0.000937   0.000273  -0.000263
  0.000105   0.000065  -0.000318
  0.000163  -0.000009  -0.000041
  0.000045   0.000145   0.000154
 -0.000010   0.000061  -0.000173
  0.000149  -0.000125  -0.000235
  0.000095  -0.000102  -0.000059
 -0.000258   0.000419   0.000489
 -0.000413  -0.000011  -0.000146
 -0.000588   0.000182   0.000949
  0.000346  -0.000066  -0.000233
  0.001083  -0.001304   0.001339
 -0.000326  -0.000383  -0.000459
 -0.000054   0.000472   0.000244
  0.000022   0.000023  -0.000004
  0.000262   0.000025  -0.000172
 -0.000126  -0.000012   0.000071
  0.000124   0.000044   0.000007
 -0.000033   0.000044  -0.000070
 -0.000060  -0.000039  -0.000195
  0.000139   0.000020  -0.000019
  0.000084  -0.000044  -0.000166
 -0.000110  -0.000052  -0.000027
 -0.000027  -0.000031  -0.000006
  0.000037  -0.000184   0.000131
  0.000421   0.000036   0.000105
 -0.000118   0.000053  -0.000344
 -0.000207   0.000065   0.000065
  0.000161   0.000294  -0.000187
  0.000451  -0.000690   0.000317
  0.001130  -0.000468   0.000256
 -0.000139  -0.000395  -0.000356
  0.000018  -0.000715  -0.000020
  0.000903   0.003662  -0.002698
 -0.000080  -0.000198  -0.002638
 -0.000554  -0.000197  -0.000860
 -0.003219   0.004048   0.003245
 -0.000505  -0.000223  -0.000794
 -0.001062   0.000327  -0.001209
  0.000384   0.001155  -0.001467
  0.000130  -0.000474  -0.000805
 -0.000109  -0.000250   0.000055
 -0.000047   0.000011  -0.000038
  0.000318  -0.000045   0.000058
  0.000191  -0.000070   0.000165
 -0.000147   0.000087   0.000215
 -0.000053  -0.000027   0.000170
  0.000121  -0.000072  -0.000049
 -0.000014   0.000048  -0.000070
  0.000147   0.000002   0.000062
 -0.000021  -0.000051   0.000171
 -0.000030  -0.000090  -0.000052
 -0.000013   0.000035  -0.000000
  0.000024   0.000025   0.000059
 -0.000026   0.000059  -0.000022
 -0.000090   0.000015   0.000029
  0.000029  -0.000033   0.000149
  0.000144  -0.000085   0.000005
 -0.000101  -0.000010   0.000129
 -0.000048  -0.000018  -0.000131
  0.000007   0.000114  -0.000057
  0.000251   0.000211   0.000025
 -0.000629  -0.000635  -0.000742
 -0.000632  -0.000271  -0.000133
  0.000140  -0.000017  -0.000248
 -0.007064  -0.000877   0.001947
  0.000211   0.000141   0.000542
 -0.002073  -0.000340   0.002099
  0.004896  -0.007236   0.005240
 -0.000254  -0.000302   0.001473
  0.000956   0.000096   0.001442
  0.000257   0.000312  -0.000922
  0.000843   0.000195   0.000729
  0.146223  -0.011593  -0.204371
 -0.000899  -0.000123   0.003058
  0.018005  -0.002925  -0.017224
  0.001605  -0.000814   0.003221
 -0.047066   0.021009   0.027398
  0.000657  -0.000082   0.006556
  0.000161   0.003787  -0.024188
  0.000331   0.001188   0.003090
 -0.000268  -0.001889   0.007072
  0.000342  -0.000061   0.004046
 -0.004119   0.005820   0.007371
  0.000854  -0.000628   0.002251
  0.003463   0.002929   0.004625
 -0.000439  -0.000033   0.002404
 -0.001037  -0.008252   0.008519
  0.000209   0.000828   0.002250
 -0.053435   0.024192   0.105901
  0.000121   0.000038  -0.008420
 -0.001756   0.004376  -0.007440
  0.000091   0.000012  -0.005465
 -0.001854  -0.000648  -0.004685
 -0.002678  -0.005141  -0.006227
 -0.046445  -0.023909   0.082965
  0.000435  -0.000035  -0.003057
 -0.006015  -0.005153   0.006981
 -0.000451   0.000119  -0.003347
   87    1  0.0150  0.0000  0.0000
 -0.001762   0.001355   0.001003
 -0.000217   0.000220  -0.000350
  0.000276  -0.000578  -0.000366
  0.000079  -0.000265   0.000314
 -0.000015   0.000655   0.001418
 -0.000221   0.000216  -0.000318
 -0.000314  -0.000777  -0.000223
  0.000199   0.000104  -0.000116
  0.001769   0.001235   0.001708
 -0.001404   0.000034  -0.000192
 -0.000863   0.000430   0.000430
  0.001359  -0.001079  -0.000058
  0.000075  -0.000624  -0.000582
 -0.000225   0.000502  -0.001230
 -0.000418   0.000316   0.000967
 -0.000161  -0.000422   0.000052
 -0.000464   0.001319  -0.000614
  0.000122   0.000080  -0.000445
 -0.002830  -0.001444   0.002227
 -0.000808  -0.000185  -0.000114
 -0.001337  -0.000830  -0.000202
  0.000087  -0.000027   0.000048
  0.000093  -0.000232   0.000419
 -0.000122  -0.000131  -0.000231
 -0.000000  -0.000097   0.000047
 -0.000009  -0.000007   0.000057
  0.000026  -0.000061  -0.000265
  0.000009  -0.000029   0.000041
 -0.000102   0.000185   0.000162
 -0.000014   0.000065  -0.000080
  0.000091  -0.000054  -0.000281
 -0.000032  -0.000004   0.000033
 -0.000236  -0.000256  -0.000538
  0.000062  -0.000087   0.000159
  0.000018   0.000065  -0.000189
 -0.000019  -0.000061   0.000057
  0.000229   0.000429   0.000557
  0.000008   0.000081  -0.000169
 -0.000020   0.000098  -0.000369
 -0.000217   0.000022   0.000284
  0.000555  -0.000440  -0.000228
  0.000390  -0.000089   0.000285
 -0.000210  -0.000091  -0.000271
 -0.000193   0.000026  -0.000067
  0.001092   0.001534  -0.001235
  0.000436  -0.000647  -0.001322
 -0.000349  -0.000092  -0.000218
 -0.001443   0.002542  -0.002961
 -0.000096  -0.000031  -0.000262
  0.001153  -0.000332   0.000424
 -0.000206  -0.000608   0.000752
  0.000130  -0.000357  -0.000301
  0.000033  -0.000016  -0.000166
 -0.000054   0.000686   0.000089
 -0.000170  -0.000036   0.000126
 -0.000221   0.000145   0.000173
  0.000045   0.000044   0.000030
 -0.000093  -0.000307   0.000514
 -0.000041   0.000129   0.000173
  0.000101   0.000062   0.000178
 -0.000151  -0.000131  -0.000037
  0.000069  -0.000055   0.000372
 -0.000026  -0.000095  -0.000341
 -0.000067   0.000247  -0.000116
 -0.000080   0.000052   0.000347
 -0.000006   0.000082  -0.000001
  0.000353   0.000111   0.000307
 -0.000155  -0.000082   0.000292
 -0.000467  -0.000594   0.000923
  0.000041  -0.000022   0.000142
  0.000542  -0.000288  -0.001849
 -0.000025   0.000140  -0.000042
 -0.001605   0.014616  -0.008525
 -0.000540  -0.000492  -0.000628
  0.001331  -0.001183  -0.000241
 -0.000178   0.000014  -0.000050
  0.003483   0.001015  -0.001643
  0.000282   0.000055   0.000280
 -0.001774  -0.000326   0.000881
  0.000581  -0.001143   0.002730
  0.000923   0.000007  -0.000366
 -0.001148   0.000274  -0.000155
  0.004282  -0.012128   0.010329
  0.001055   0.000145   0.000533
  0.055908   0.007843   0.018142
 -0.000763  -0.000211   0.001616
 -0.337056  -0.093601  -0.173909
  0.001106  -0.000457   0.002153
 -0.007633   0.005588   0.010254
 -0.000006  -0.000014   0.004398
 -0.005846   0.018574   0.007116
  0.000128   0.000744   0.001995
  0.000166   0.000571  -0.003851
 -0.000623   0.000154   0.000825
 -0.000917  -0.001754  -0.004493
  0.000180  -0.000197   0.000787
 -0.003638  -0.001326  -0.004046
 -0.000009  -0.000062   0.000825
 -0.001048   0.002353  -0.003920
  0.000006   0.000280   0.000815
  0.270679   0.094074   0.137010
  0.000382   0.000112  -0.005694
  0.002825  -0.001718   0.005971
  0.000037  -0.000007  -0.001602
  0.001079   0.001060   0.001188
  0.000178  -0.001498  -0.005091
 -0.006928  -0.001872   0.014480
  0.000324   0.000003  -0.001346
  0.032032  -0.031337  -0.003693
 -0.000833   0.000199  -0.001837
   87    2  0.0000  0.0150 -0.0000
  0.000107  -0.000065  -0.000020
  0.000004   0.000065  -0.000072
 -0.000090  -0.000022  -0.000004
  0.000012  -0.000073   0.000069
 -0.000018   0.000079   0.000152
  0.000024   0.000131  -0.000117
 -0.000075  -0.000006   0.000066
  0.000123  -0.000131   0.000166
  0.000530   0.000112   0.000161
 -0.000760   0.000472  -0.000046
  0.000073   0.000095   0.000020
 -0.000219   0.000135  -0.000055
 -0.000023   0.000004  -0.000059
  0.000078   0.000085  -0.000158
 -0.000192  -0.000006   0.000035
 -0.000048   0.000017   0.000006
 -0.000158   0.000359   0.000262
  0.000006  -0.000028  -0.000015
  0.000065   0.001752  -0.002252
 -0.000125   0.000005  -0.000026
 -0.000123   0.000121   0.000086
  0.000078  -0.000015  -0.000052
  0.000095  -0.000316   0.000354
 -0.000080  -0.000092  -0.000111
  0.000001   0.000042   0.000024
 -0.000000   0.000010  -0.000001
  0.000032  -0.000002  -0.000033
 -0.000027  -0.000002   0.000017
  0.000001   0.000018   0.000018
 -0.000010   0.000011  -0.000012
 -0.000007  -0.000008  -0.000038
  0.000017  -0.000000   0.000010
 -0.000041  -0.000088  -0.000032
 -0.000028  -0.000007   0.000003
  0.000014  -0.000001  -0.000044
 -0.000006  -0.000020   0.000019
  0.000056   0.000149   0.000116
 -0.000041  -0.000002  -0.000022
 -0.000039   0.000069  -0.000025
  0.000017   0.000017  -0.000036
  0.000267  -0.000542  -0.000174
  0.000109  -0.000070   0.000035
 -0.000096  -0.000093  -0.000114
  0.000063  -0.000109  -0.000052
  0.000759   0.001142  -0.000545
  0.000081  -0.000124  -0.000086
 -0.000152  -0.000044  -0.000219
 -0.000976  -0.001194  -0.000163
 -0.000102  -0.000044  -0.000169
 -0.000178   0.000451  -0.000490
  0.000091   0.000278  -0.000287
  0.000038  -0.000118  -0.000242
 -0.000025  -0.000052  -0.000016
 -0.000017  -0.000044  -0.000011
  0.000049  -0.000038   0.000033
  0.000057  -0.000050   0.000036
 -0.000032   0.000020   0.000026
 -0.000078  -0.000055   0.000072
  0.000023  -0.000005   0.000006
 -0.000007  -0.000003   0.000021
  0.000003  -0.000026   0.000004
  0.000015  -0.000023   0.000053
 -0.000012  -0.000049  -0.000036
  0.000001   0.000007  -0.000004
  0.000079   0.000075   0.000050
 -0.000009   0.000015  -0.000001
  0.000150   0.000091   0.000028
 -0.000005  -0.000009   0.000036
 -0.000358  -0.000901   0.000691
 -0.000025  -0.000001   0.000027
 -0.001683   0.000718  -0.000209
 -0.000006   0.000027  -0.000012
  0.009352   0.001191   0.009208
 -0.000154  -0.000154  -0.000173
 -0.000131   0.003302  -0.001372
  0.000028  -0.000005  -0.000050
 -0.000568  -0.000104  -0.000141
  0.000051   0.000033   0.000136
 -0.000475  -0.000572   0.000688
  0.001097   0.000625   0.000863
 -0.000118  -0.000047   0.000277
  0.000157  -0.000158   0.000409
 -0.006853   0.020144  -0.006736
  0.000183   0.000040   0.000175
 -0.011980  -0.010855  -0.002805
 -0.000235  -0.000021   0.000759
 -0.093109  -0.246074  -0.135370
  0.000401  -0.000229   0.000866
  0.007984  -0.008550   0.007679
  0.000602  -0.000064   0.002065
  0.033362   0.058579   0.014392
  0.000075   0.000320   0.000782
 -0.001810   0.000717   0.001892
  0.000036  -0.000003   0.000952
 -0.001715   0.000108  -0.001057
  0.000198  -0.000147   0.000539
 -0.008502   0.005564   0.005791
 -0.000138  -0.000025   0.000563
 -0.000609   0.001564  -0.000996
  0.000037   0.000204   0.000535
  0.085859   0.127888   0.073782
  0.000148  -0.000019  -0.002340
  0.006501  -0.003736   0.001003
  0.000055   0.000008  -0.001324
 -0.000239  -0.000277  -0.000923
 -0.000975  -0.000996  -0.003189
  0.000239   0.001088   0.001081
  0.000114  -0.000009  -0.000743
 -0.016018   0.048546   0.036946
 -0.000102   0.000034  -0.000802
   87    3  0.0000  0.0000  0.0150
  0.000266   0.000445   0.000474
  0.000068   0.000218  -0.000404
 -0.000071  -0.000389  -0.000287
  0.000035  -0.000216   0.000115
  0.000160   0.000306   0.000873
  0.000063   0.000293  -0.000437
  0.000071   0.000414  -0.000448
  0.000275  -0.000173   0.000393
  0.001906   0.000445   0.000241
 -0.001537   0.000770  -0.000576
 -0.000138   0.000498   0.000278
  0.000223  -0.000716  -0.000341
  0.000163  -0.000458  -0.000648
  0.000005   0.000441  -0.001084
 -0.000013   0.000568   0.000991
 -0.000223  -0.000193  -0.000061
  0.000568  -0.000168  -0.001147
  0.000166  -0.000063  -0.000230
 -0.004997  -0.001252   0.005371
 -0.000883  -0.000124  -0.000111
 -0.000588  -0.000213   0.000099
  0.000322  -0.000076  -0.000315
  0.000911  -0.000945   0.001164
 -0.000386  -0.000452  -0.000572
 -0.000016   0.000072   0.000061
  0.000013   0.000075  -0.000027
  0.000101  -0.000015  -0.000197
 -0.000093  -0.000020   0.000140
  0.000036   0.000103   0.000104
 -0.000026   0.000073  -0.000068
 -0.000048  -0.000027  -0.000147
  0.000083  -0.000018   0.000124
  0.000090  -0.000088  -0.000183
 -0.000085  -0.000061   0.000122
 -0.000055  -0.000105  -0.000148
  0.000016  -0.000039   0.000062
  0.000412  -0.000091  -0.000029
 -0.000113   0.000022  -0.000111
 -0.000279   0.000022   0.000154
  0.000057   0.000051  -0.000018
  0.000580  -0.000523   0.000162
  0.000030  -0.000170   0.000078
 -0.000197  -0.000459  -0.000120
  0.000109  -0.000264   0.000002
  0.000871   0.003834  -0.003016
 -0.000521   0.000294  -0.000467
 -0.000852  -0.000144  -0.001090
 -0.000594  -0.000080   0.000328
 -0.000372  -0.000166  -0.000674
  0.000329   0.000182  -0.001393
  0.000205   0.000363  -0.000449
  0.000294  -0.000804  -0.000934
 -0.000059  -0.000165  -0.000095
 -0.000121   0.000599   0.000010
  0.000121  -0.000098   0.000107
  0.000048   0.000077   0.000296
 -0.000112   0.000065   0.000097
 -0.000269  -0.000299   0.000562
  0.000091   0.000061   0.000111
  0.000096   0.000088   0.000083
  0.000114  -0.000116  -0.000151
  0.000113  -0.000098   0.000368
 -0.000080  -0.000046  -0.000222
 -0.000065   0.000152  -0.000066
  0.000096   0.000254   0.000414
 -0.000015   0.000092  -0.000030
 -0.000147   0.000025  -0.000129
 -0.000097  -0.000064   0.000248
  0.000583  -0.000119  -0.000552
 -0.000023  -0.000013   0.000159
  0.000962  -0.000767  -0.001162
 -0.000006   0.000154  -0.000065
 -0.005506   0.010304   0.002103
 -0.000798  -0.000776  -0.000900
  0.000278  -0.000001  -0.000974
 -0.000014   0.000011  -0.000163
 -0.000158   0.000669  -0.001538
  0.000236   0.000161   0.000678
 -0.001319   0.000142   0.002639
  0.001650   0.000626   0.000726
  0.000132  -0.000162   0.000682
 -0.000422   0.000188   0.001153
  0.009264  -0.009515   0.003499
  0.001349   0.000247   0.000816
  0.012440   0.002114  -0.017204
 -0.000445   0.000060   0.003256
 -0.173727  -0.135584  -0.242137
  0.002149  -0.000952   0.003810
  0.035084   0.025662   0.046384
  0.002864  -0.000780   0.008125
  0.006597   0.013550  -0.016980
  0.000652   0.001319   0.003177
 -0.002872   0.000833   0.002334
 -0.000416   0.000147   0.003758
 -0.004489  -0.001126  -0.003999
  0.000821  -0.000597   0.002361
 -0.015442   0.006818   0.007327
 -0.000395  -0.000131   0.002282
 -0.003714   0.002321  -0.002264
  0.000150   0.000854   0.002317
  0.128630   0.069117   0.186168
 -0.000287  -0.000302  -0.009054
  0.013495  -0.003865   0.002101
  0.000135   0.000032  -0.005450
  0.000264   0.000323  -0.002407
 -0.007236  -0.007955  -0.007336
  0.001327   0.000216   0.009290
  0.000343  -0.000004  -0.003351
  0.002758   0.024999   0.026617
 -0.000950   0.000279  -0.003433
   89    1  0.0150  0.0000  0.0000
 -0.001445   0.000566   0.000200
 -0.000358   0.000237  -0.000160
  0.000251  -0.000004   0.000273
  0.000093  -0.000262   0.000503
 -0.000637   0.000456  -0.000456
 -0.000205   0.000246  -0.000223
 -0.000771  -0.002458  -0.000484
  0.000233   0.000001   0.000138
  0.002410  -0.001777   0.002346
 -0.001879   0.000107  -0.000379
 -0.000218   0.000126   0.000097
  0.000300  -0.000242   0.000038
 -0.000056  -0.000132  -0.000106
 -0.000044   0.000138  -0.000271
 -0.000107   0.000010   0.000002
 -0.000038  -0.000118   0.000088
 -0.000188   0.000285   0.000006
 -0.000002   0.000016  -0.000118
 -0.000329  -0.000640  -0.000601
 -0.000255  -0.000012  -0.000046
 -0.000660  -0.000356   0.000084
 -0.000124   0.000016   0.000573
 -0.000200   0.000112  -0.000106
  0.000241   0.000279   0.000230
  0.000004  -0.000058   0.000070
 -0.000015  -0.000127   0.000132
  0.000056  -0.000014  -0.000098
  0.000082  -0.000025  -0.000116
 -0.000086   0.000010  -0.000044
  0.000004   0.000001  -0.000048
  0.000029  -0.000037  -0.000145
 -0.000078   0.000032  -0.000160
 -0.000144  -0.000023  -0.000117
  0.000075  -0.000012  -0.000024
  0.000187   0.000325   0.000156
 -0.000016  -0.000120   0.000045
 -0.000601   0.000565   0.000015
 -0.000060  -0.000013  -0.000107
  0.000734  -0.000168  -0.000730
 -0.000096   0.000057  -0.000003
 -0.000536   0.000403  -0.002637
  0.000225  -0.000128   0.000113
 -0.000133   0.000449   0.000878
  0.000078  -0.000259  -0.000007
  0.005426  -0.004238   0.004164
  0.000629   0.000590  -0.002068
  0.000780   0.000906   0.000961
 -0.000661   0.001414  -0.000244
  0.000053  -0.000001  -0.000033
  0.000344  -0.000073   0.000070
 -0.000070  -0.000209   0.000271
  0.000021  -0.000036   0.000027
  0.000018  -0.000016  -0.000041
 -0.000002   0.000123   0.000006
 -0.000084  -0.000005   0.000049
 -0.000044   0.000036   0.000023
  0.000043   0.000023   0.000031
 -0.000014  -0.000062   0.000088
 -0.000028   0.000022   0.000039
  0.000024  -0.000002   0.000052
 -0.000107   0.000001   0.000075
 -0.000007  -0.000002   0.000058
  0.000003  -0.000030  -0.000052
 -0.000007   0.000052  -0.000041
 -0.000041  -0.000051  -0.000028
 -0.000007   0.000012   0.000005
  0.000105   0.000035   0.000136
 -0.000007  -0.000018   0.000063
 -0.000196  -0.000009   0.000196
 -0.000031  -0.000005   0.000034
 -0.000031  -0.000092  -0.000108
 -0.000003   0.000043  -0.000022
 -0.000798   0.002011  -0.001028
 -0.000242  -0.000301  -0.000269
  0.000082   0.000078  -0.000146
 -0.000004  -0.000009  -0.000028
  0.002488   0.000455  -0.000547
 -0.000005  -0.000025  -0.000214
 -0.003586   0.005536  -0.005611
  0.000674   0.001726   0.003587
  0.000202   0.000028  -0.000182
 -0.000269   0.000031  -0.000160
 -0.000309  -0.000333   0.000132
  0.000300   0.000092   0.000208
  0.016170  -0.006784  -0.047040
 -0.003473  -0.001096   0.000631
 -0.007609   0.007882   0.035036
 -0.000034  -0.000556   0.002813
 -0.129365  -0.047076   0.078114
  0.002057   0.000077   0.014389
 -0.017888   0.007530  -0.010082
 -0.001387   0.001175   0.001797
 -0.000374   0.000373  -0.001426
 -0.000297   0.000029  -0.000288
  0.000219  -0.001794  -0.002835
 -0.000617   0.000001  -0.000458
 -0.003078   0.000498  -0.000229
 -0.000623  -0.000111   0.000295
 -0.000564   0.001572  -0.001926
 -0.000372  -0.000121  -0.000167
  0.099485   0.012614  -0.085113
  0.006091  -0.000460  -0.008297
  0.002724  -0.000891   0.002841
  0.001000   0.000097   0.000448
  0.000434   0.000244   0.000670
  0.032948   0.029412   0.016136
 -0.004815  -0.002379   0.007172
  0.001049  -0.000139   0.000332
  0.007584  -0.005468  -0.000179
  0.000375   0.000219  -0.000886
   89    2  0.0000  0.0150 -0.0000
 -0.000039  -0.000269  -0.000164
 -0.000066   0.000038  -0.000016
 -0.000144   0.000086   0.000165
  0.000024  -0.000072   0.000113
 -0.000114   0.000081  -0.000238
  0.000006   0.000127  -0.000099
  0.000232  -0.000574   0.001107
  0.000283  -0.000196   0.000138
 -0.001982   0.001945  -0.002584
 -0.000538   0.001061   0.000002
 -0.000050  -0.000013  -0.000022
  0.000058   0.000015  -0.000005
 -0.000042   0.000026  -0.000006
  0.000008   0.000026  -0.000048
 -0.000082  -0.000075  -0.000047
 -0.000006  -0.000015   0.000029
 -0.000234   0.000258   0.000070
 -0.000006   0.000007  -0.000025
  0.000096  -0.000792  -0.000225
 -0.000052   0.000000  -0.000000
 -0.000010   0.000166   0.000126
 -0.000049  -0.000004   0.000134
 -0.000282   0.000087  -0.000086
  0.000038   0.000061   0.000062
  0.000000   0.000035   0.000008
 -0.000004  -0.000013   0.000019
 -0.000019  -0.000004   0.000006
  0.000010   0.000005  -0.000019
 -0.000013   0.000003  -0.000011
 -0.000008   0.000001  -0.000005
 -0.000003   0.000001  -0.000019
 -0.000012   0.000008  -0.000028
 -0.000007  -0.000046   0.000014
 -0.000011   0.000006  -0.000017
  0.000061   0.000069   0.000037
 -0.000001  -0.000033   0.000012
 -0.000296   0.000415  -0.000007
 -0.000047  -0.000039   0.000001
 -0.000219   0.000427  -0.000111
  0.000033   0.000020  -0.000073
  0.000883  -0.000263   0.001429
 -0.000083  -0.000010  -0.000044
  0.001332   0.000579   0.000216
 -0.000146  -0.000079  -0.000045
 -0.003279  -0.001622   0.011334
  0.002524   0.000020   0.000443
 -0.000488   0.004129  -0.001089
  0.000782  -0.002124  -0.000270
  0.000008   0.000000  -0.000009
  0.000134  -0.000144   0.000082
 -0.000022  -0.000017   0.000030
 -0.000007   0.000011   0.000051
 -0.000000  -0.000004   0.000002
  0.000003  -0.000002   0.000001
 -0.000022   0.000009   0.000012
 -0.000019   0.000000  -0.000005
  0.000003   0.000007   0.000015
 -0.000008  -0.000012   0.000004
 -0.000008  -0.000002   0.000001
 -0.000001  -0.000004   0.000018
 -0.000017   0.000006   0.000024
 -0.000003   0.000001   0.000004
 -0.000003  -0.000002  -0.000008
  0.000000   0.000005  -0.000006
  0.000004  -0.000008   0.000011
 -0.000005   0.000001   0.000002
  0.000028   0.000018   0.000044
 -0.000001  -0.000001   0.000006
  0.000003  -0.000088   0.000054
 -0.000014   0.000003   0.000002
 -0.000004  -0.000019  -0.000166
 -0.000001   0.000010  -0.000009
 -0.000720   0.002709  -0.000543
 -0.000069  -0.000088  -0.000061
 -0.000230  -0.000047  -0.000067
  0.000003   0.000000  -0.000011
 -0.000729  -0.000458   0.000458
 -0.000003  -0.000002  -0.000024
  0.001391   0.022823  -0.006946
 -0.000869   0.002665   0.002945
  0.000034   0.000002  -0.000001
 -0.000054   0.000069  -0.000084
 -0.001088  -0.000985  -0.000591
  0.000064   0.000034   0.000044
 -0.017384  -0.008792   0.020990
 -0.000855  -0.000326   0.000116
  0.005626  -0.008550   0.025594
  0.000053  -0.000053   0.000788
 -0.046981  -0.158341   0.031412
 -0.000015  -0.001802   0.002996
  0.009118   0.030245  -0.056216
 -0.000357   0.000138   0.000618
  0.000378  -0.000174  -0.000082
 -0.000029  -0.000001  -0.000070
  0.000533   0.000726   0.000822
 -0.000125   0.000006  -0.000111
  0.001129   0.001234  -0.001918
 -0.000138  -0.000017   0.000066
  0.000755  -0.000807   0.000100
 -0.000073  -0.000033  -0.000048
  0.015327   0.085608  -0.049446
  0.001598  -0.000204  -0.002232
 -0.002632   0.000414   0.000600
  0.000226   0.000022   0.000162
 -0.000016   0.000017   0.000117
  0.030904   0.040627   0.019067
  0.000701   0.000744  -0.002992
  0.000198  -0.000021   0.000123
  0.006121  -0.010672   0.004300
  0.000125   0.000058  -0.000198
   89    3  0.0000  0.0000  0.0150
  0.002275  -0.001096  -0.000420
  0.000827   0.000500  -0.000531
 -0.000970  -0.000235  -0.000174
 -0.000135  -0.000253   0.000195
  0.000006   0.000304   0.001371
  0.000275   0.000481  -0.000610
 -0.000898   0.000639  -0.001147
  0.000289  -0.000366   0.001144
  0.007741   0.002107   0.005303
 -0.001526   0.001483  -0.001037
 -0.000058   0.000427  -0.000047
 -0.000370  -0.000408  -0.000373
  0.000222  -0.000379  -0.000764
  0.000119   0.000321  -0.000840
 -0.000035   0.000568   0.000779
 -0.000135  -0.000217  -0.000055
  0.000588  -0.000229  -0.000857
  0.000279  -0.000045  -0.000361
 -0.003128   0.000908   0.002253
 -0.001307  -0.000299   0.000160
  0.000818   0.000545   0.000881
  0.000908  -0.000224  -0.000631
  0.001261  -0.001063   0.001046
 -0.000376  -0.000565  -0.000680
 -0.000009   0.000370   0.000118
  0.000030   0.000044  -0.000051
 -0.000040   0.000036  -0.000136
 -0.000240  -0.000031   0.000177
  0.000058   0.000158   0.000098
 -0.000039   0.000053  -0.000068
  0.000058  -0.000042  -0.000215
  0.000222  -0.000002   0.000085
 -0.000145  -0.000183  -0.000512
 -0.000257  -0.000015  -0.000060
 -0.000013  -0.000161  -0.000161
  0.000081  -0.000132   0.000125
  0.000451   0.000343   0.000960
 -0.000350  -0.000102  -0.000023
 -0.000107   0.000138  -0.000128
  0.000459   0.000175  -0.000547
 -0.000587  -0.001231   0.000532
 -0.000753  -0.000335  -0.000342
 -0.001447  -0.001348  -0.001424
  0.000586  -0.000874   0.000164
  0.002922   0.013109  -0.001784
 -0.002561   0.002838   0.001663
 -0.002575   0.000171  -0.002604
  0.003010  -0.002091   0.006326
 -0.000731  -0.000326  -0.001270
 -0.000700   0.000483  -0.001784
  0.000386   0.001002  -0.001352
  0.000337  -0.001007  -0.001398
 -0.000116  -0.000335  -0.000028
 -0.000123   0.000487  -0.000003
  0.000300  -0.000076   0.000186
  0.000198   0.000021   0.000335
 -0.000190   0.000135   0.000300
 -0.000210  -0.000228   0.000533
  0.000127  -0.000028   0.000052
  0.000077   0.000105   0.000008
  0.000152  -0.000064   0.000058
  0.000084  -0.000084   0.000391
 -0.000074  -0.000148  -0.000211
 -0.000067   0.000176  -0.000080
 -0.000022   0.000109   0.000231
 -0.000031   0.000091   0.000005
 -0.000053   0.000049   0.000077
 -0.000066  -0.000079   0.000303
 -0.000179  -0.000216   0.000081
 -0.000112   0.000020   0.000222
  0.000065  -0.000458  -0.000634
  0.000006   0.000254  -0.000168
 -0.003971   0.005171  -0.003009
 -0.001453  -0.001466  -0.001517
  0.000334  -0.000130  -0.000685
  0.000104   0.000025  -0.000360
 -0.005130  -0.000484  -0.000003
 -0.000641   0.000277   0.000972
 -0.007760  -0.009919   0.014750
  0.001749   0.000429  -0.002032
  0.000198  -0.000282   0.001709
  0.000409   0.000172   0.002013
  0.004582  -0.001801   0.002276
  0.002206   0.000483   0.001389
 -0.033859   0.004263   0.027159
 -0.000827   0.000436   0.006587
  0.010259   0.007562   0.046342
  0.004388  -0.002131   0.008134
  0.078046   0.031684  -0.600707
  0.014400  -0.002973   0.023200
 -0.009671  -0.030355   0.026588
  0.001388   0.002754   0.005646
 -0.001456  -0.000090   0.006583
 -0.000211   0.000097   0.006335
 -0.003807   0.001836   0.002344
  0.000876  -0.001069   0.003784
 -0.005283   0.001139   0.007145
 -0.000894  -0.000229   0.004140
 -0.002395  -0.001047   0.003450
  0.000088   0.001431   0.003827
 -0.074654  -0.042085   0.448141
  0.000650  -0.001642  -0.018527
  0.007288  -0.000724  -0.008041
  0.000628   0.000004  -0.008803
 -0.001319  -0.000029  -0.005391
  0.011892   0.026199   0.024611
  0.010454   0.002625  -0.007924
  0.001703  -0.000254  -0.006052
 -0.001190  -0.004205  -0.010545
 -0.001608   0.000651  -0.006185
   91    1  0.0150  0.0000  0.0000
 -0.001367   0.000827   0.000563
 -0.000306   0.000104  -0.000195
  0.000279  -0.000229  -0.000154
  0.000110  -0.000180   0.000228
 -0.000068   0.000275   0.000575
 -0.000102   0.000189  -0.000214
 -0.000337  -0.000380  -0.000336
  0.000203  -0.000048  -0.000054
  0.000528   0.001426   0.001463
 -0.001480   0.000373   0.000134
 -0.000394   0.000281   0.000293
  0.000733  -0.000703  -0.000023
  0.000078  -0.000433  -0.000292
 -0.000164   0.000249  -0.000556
  0.000060   0.000458   0.000495
 -0.000102  -0.000218  -0.000003
  0.000760  -0.000445  -0.000579
  0.000018   0.000030  -0.000178
 -0.002390   0.001586   0.001437
 -0.000351  -0.000045  -0.000136
 -0.001226  -0.000174  -0.000273
 -0.000073  -0.000002   0.000181
 -0.000584  -0.000193   0.000420
 -0.000033  -0.000008  -0.000074
  0.000043  -0.000088   0.000008
 -0.000009  -0.000016   0.000050
  0.000092  -0.000058  -0.000156
  0.000041  -0.000015  -0.000007
 -0.000044   0.000074   0.000059
 -0.000003   0.000037  -0.000049
  0.000031  -0.000030  -0.000143
 -0.000044   0.000002  -0.000008
 -0.000130  -0.000077  -0.000233
  0.000058  -0.000044   0.000092
 -0.000011   0.000057  -0.000069
 -0.000031  -0.000033   0.000022
  0.000024   0.000099   0.000180
  0.000044   0.000060  -0.000086
  0.000161  -0.000148  -0.000222
 -0.000158  -0.000029   0.000162
 -0.000701  -0.000325   0.000042
  0.000490  -0.000031   0.000272
  0.000043  -0.000007  -0.000441
 -0.000207   0.000133  -0.000225
 -0.000259  -0.000812   0.000972
  0.001790  -0.001326  -0.000590
  0.000204   0.000014   0.000245
 -0.001983  -0.001818  -0.002948
  0.000021   0.000007  -0.000043
  0.000636  -0.000079   0.000124
 -0.000115  -0.000371   0.000500
  0.000058  -0.000153  -0.000120
  0.000024   0.000012  -0.000095
 -0.000030   0.000418   0.000045
 -0.000119  -0.000027   0.000056
 -0.000115   0.000112   0.000098
  0.000029   0.000011  -0.000016
 -0.000041  -0.000149   0.000254
 -0.000031   0.000074   0.000089
  0.000059   0.000043   0.000070
 -0.000066  -0.000069  -0.000058
  0.000025  -0.000021   0.000176
 -0.000021  -0.000037  -0.000122
 -0.000044   0.000123  -0.000059
 -0.000070   0.000070   0.000059
 -0.000003   0.000044  -0.000015
  0.000038   0.000003  -0.000011
 -0.000071  -0.000036   0.000136
 -0.000446   0.000035  -0.000000
  0.000020  -0.000017   0.000061
  0.000172  -0.000331  -0.000042
 -0.000017   0.000056  -0.000003
 -0.002222  -0.000837  -0.002002
 -0.000180  -0.000158  -0.000242
  0.002564   0.000741  -0.000134
 -0.000095   0.000000   0.000004
  0.002163  -0.000200  -0.000727
  0.000310   0.000012   0.000042
 -0.000730   0.000232  -0.000748
  0.001463   0.002034   0.004963
  0.000420   0.000014  -0.000358
 -0.000665   0.000097  -0.000162
  0.007878   0.000060   0.008784
  0.000379   0.000039   0.000193
 -0.001057  -0.038309   0.000224
 -0.000752  -0.000317   0.000340
 -0.005753   0.033316   0.006660
  0.000113  -0.000084   0.000643
 -0.017941   0.009072  -0.009684
 -0.001388   0.000409   0.001410
 -0.097468  -0.009780  -0.040463
 -0.000243   0.000233   0.000809
 -0.000604   0.000755  -0.002397
 -0.000372   0.000087   0.000035
 -0.001008  -0.000648  -0.003720
 -0.000001  -0.000031   0.000113
 -0.004503   0.000835  -0.001008
 -0.000059  -0.000038   0.000176
 -0.000796   0.001811  -0.004269
 -0.000050   0.000044   0.000159
  0.093800   0.029971  -0.001866
  0.000788   0.000296  -0.002168
  0.005040  -0.003507   0.005631
  0.000125   0.000021  -0.000308
  0.000886   0.000500   0.001059
  0.005914   0.002799  -0.002016
 -0.003933   0.001087   0.008263
  0.000103   0.000022  -0.000223
  0.024948  -0.028707   0.032866
 -0.000200   0.000046  -0.000619
   91    2  0.0000  0.0150 -0.0000
  0.000032  -0.000289  -0.000224
 -0.000016  -0.000053   0.000122
 -0.000095   0.000155   0.000146
  0.000021   0.000041  -0.000011
 -0.000105  -0.000031  -0.000366
  0.000100   0.000033   0.000053
  0.000060  -0.000381   0.000345
  0.000105  -0.000218   0.000111
 -0.000924  -0.000525  -0.000825
  0.000150   0.000793   0.000391
 -0.000048  -0.000187  -0.000102
  0.000106   0.000259   0.000024
 -0.000133   0.000211   0.000193
  0.000029  -0.000056   0.000129
 -0.000224  -0.000371  -0.000288
  0.000050   0.000055   0.000061
 -0.000893   0.000801   0.000479
 -0.000045   0.000032   0.000037
  0.001120  -0.002053  -0.001296
  0.000258   0.000038   0.000032
  0.000205   0.000390  -0.000004
 -0.000112   0.000048   0.000089
 -0.000728   0.000416  -0.000401
  0.000125   0.000150   0.000185
  0.000033  -0.000014  -0.000040
 -0.000005  -0.000016   0.000008
 -0.000050  -0.000005   0.000074
  0.000028   0.000012  -0.000040
 -0.000016  -0.000024  -0.000032
  0.000007  -0.000014   0.000022
  0.000007   0.000021   0.000053
 -0.000021   0.000011  -0.000038
  0.000007   0.000028   0.000103
  0.000002   0.000036  -0.000052
  0.000034   0.000055   0.000062
 -0.000014   0.000017  -0.000019
 -0.000249   0.000021  -0.000058
  0.000027  -0.000014   0.000054
  0.000008   0.000092  -0.000021
  0.000033  -0.000028  -0.000089
  0.000533   0.000860  -0.000391
  0.000075   0.000047  -0.000005
  0.000179   0.000321   0.000580
  0.000010   0.000053  -0.000133
 -0.000755  -0.006496   0.002893
  0.000881  -0.000676   0.000676
 -0.000007   0.000196   0.000404
 -0.001980  -0.005420   0.001321
  0.000137   0.000063   0.000232
  0.000388  -0.000613   0.000550
 -0.000107  -0.000168   0.000234
 -0.000082   0.000231   0.000427
  0.000023   0.000068   0.000028
  0.000037  -0.000165  -0.000003
 -0.000065   0.000047  -0.000030
 -0.000068  -0.000019  -0.000104
  0.000042  -0.000017  -0.000032
  0.000043   0.000039  -0.000133
 -0.000034  -0.000011  -0.000025
 -0.000022  -0.000036   0.000025
 -0.000048   0.000037   0.000051
 -0.000012   0.000024  -0.000102
  0.000021   0.000031   0.000031
  0.000028  -0.000039   0.000014
  0.000013  -0.000055  -0.000014
  0.000007  -0.000025   0.000010
  0.000109   0.000045   0.000111
  0.000019   0.000020  -0.000072
  0.000074  -0.000173   0.000326
  0.000015   0.000006  -0.000052
 -0.000222   0.000149  -0.000368
  0.000004  -0.000042   0.000020
 -0.000674   0.005088  -0.001496
  0.000254   0.000255   0.000284
 -0.001246  -0.000384  -0.000098
 -0.000009   0.000004   0.000059
 -0.000382  -0.000787   0.000818
 -0.000065  -0.000059  -0.000192
  0.000776   0.002533  -0.001379
  0.002086   0.002075   0.000638
  0.000012   0.000050  -0.000272
 -0.000128   0.000212  -0.000624
 -0.006308   0.000210  -0.005439
 -0.000396  -0.000068  -0.000259
 -0.020182   0.060965   0.003559
  0.000153   0.000008  -0.001163
  0.018605   0.058618   0.013437
 -0.000718   0.000342  -0.001298
  0.007458   0.030240  -0.030359
 -0.001173   0.000136  -0.002801
 -0.009704  -0.618828   0.172160
 -0.000213  -0.000482  -0.001028
  0.001588  -0.000817  -0.000996
  0.000109  -0.000035  -0.001335
  0.002348   0.001587   0.002329
 -0.000280   0.000215  -0.000794
  0.004157   0.003960  -0.008239
  0.000155   0.000054  -0.000777
  0.001815  -0.002242   0.000617
 -0.000046  -0.000292  -0.000785
  0.026386   0.435988  -0.086095
  0.000146   0.000215   0.003159
 -0.009909   0.003511   0.001707
 -0.000066  -0.000006   0.001910
 -0.000032  -0.000001   0.001038
  0.003261   0.008294  -0.000196
  0.003158   0.001911  -0.009277
 -0.000147   0.000018   0.001136
 -0.019174   0.019889  -0.054409
  0.000283  -0.000093   0.001125
   91    3  0.0000  0.0000  0.0150
  0.000811  -0.000103   0.000041
  0.000146   0.000247  -0.000364
 -0.000292  -0.000254  -0.000114
  0.000081  -0.000268   0.000199
  0.000077   0.000273   0.000749
  0.000232   0.000501  -0.000529
 -0.000158   0.000211  -0.000311
  0.000694  -0.000600   0.000789
  0.002624   0.000362   0.000682
 -0.002022   0.002343  -0.000667
  0.000057   0.000388   0.000107
 -0.000268  -0.000392  -0.000219
  0.000217  -0.000402  -0.000529
  0.000025   0.000186  -0.000482
  0.000238   0.000696   0.000694
 -0.000100  -0.000111  -0.000153
  0.001352  -0.001034  -0.001091
  0.000138  -0.000062  -0.000170
 -0.002081   0.003375   0.003309
 -0.000683  -0.000103  -0.000105
 -0.000253  -0.000003   0.000389
  0.000366  -0.000061  -0.000333
  0.001196  -0.000910   0.001089
 -0.000357  -0.000433  -0.000534
 -0.000026   0.000166   0.000093
  0.000015   0.000055  -0.000029
  0.000099   0.000003  -0.000168
 -0.000114  -0.000019   0.000118
  0.000038   0.000093   0.000070
 -0.000026   0.000059  -0.000063
 -0.000030  -0.000030  -0.000160
  0.000103  -0.000009   0.000074
  0.000037  -0.000104  -0.000229
 -0.000109  -0.000041   0.000059
 -0.000011  -0.000079  -0.000104
  0.000019  -0.000077   0.000068
  0.000362   0.000044   0.000185
 -0.000155  -0.000018  -0.000115
 -0.000256   0.000127   0.000059
  0.000124   0.000089  -0.000178
  0.001089  -0.000305  -0.000031
  0.000068  -0.000186   0.000065
 -0.000498  -0.000452   0.000047
  0.000226  -0.000498  -0.000119
  0.001660   0.005326  -0.005445
  0.000258  -0.000143  -0.000475
 -0.001204  -0.000625  -0.001113
 -0.000927  -0.002619   0.002884
 -0.000427  -0.000186  -0.000711
 -0.000640   0.000587  -0.001258
  0.000273   0.000573  -0.000796
  0.000218  -0.000636  -0.000943
 -0.000076  -0.000194  -0.000034
 -0.000078   0.000372  -0.000006
  0.000207  -0.000071   0.000083
  0.000136   0.000031   0.000239
 -0.000126   0.000073   0.000136
 -0.000116  -0.000139   0.000347
  0.000084   0.000012   0.000049
  0.000050   0.000083  -0.000027
  0.000117  -0.000075  -0.000071
  0.000038  -0.000061   0.000269
 -0.000055  -0.000089  -0.000133
 -0.000051   0.000114  -0.000045
 -0.000016   0.000142   0.000127
 -0.000016   0.000074  -0.000030
 -0.000193  -0.000044  -0.000114
 -0.000042  -0.000051   0.000202
  0.000200  -0.000192  -0.000339
 -0.000049  -0.000008   0.000141
  0.000141  -0.000305  -0.000184
 -0.000000   0.000136  -0.000066
 -0.001915  -0.002031   0.000142
 -0.000712  -0.000683  -0.000812
  0.001496   0.000357  -0.000320
  0.000044   0.000001  -0.000192
 -0.001554   0.000425  -0.001077
  0.000176   0.000143   0.000625
 -0.001760  -0.003057   0.004552
  0.005079   0.002524   0.002930
  0.000024  -0.000207   0.000947
  0.000333  -0.000054   0.001373
  0.011296  -0.001620   0.006749
  0.001131   0.000217   0.000757
 -0.000101  -0.002572  -0.024150
 -0.000207   0.000181   0.003105
  0.007109   0.014271  -0.016940
  0.001978  -0.000850   0.003160
 -0.010105  -0.056214   0.026652
  0.001825  -0.000595   0.005619
 -0.040520   0.172085  -0.186746
  0.000798   0.001045   0.003081
 -0.001959   0.000112   0.003417
 -0.000126   0.000070   0.003776
 -0.003916  -0.001045  -0.002261
  0.000842  -0.000599   0.002304
 -0.006447  -0.003470   0.008500
 -0.000350  -0.000079   0.002267
 -0.004268   0.000612   0.002072
  0.000190   0.000840   0.002264
 -0.002173  -0.073403   0.114428
 -0.001021   0.000193  -0.007713
  0.012055  -0.000389  -0.003290
  0.000043   0.000013  -0.005377
 -0.000543   0.000060  -0.003266
 -0.007570  -0.001149  -0.009570
  0.003662  -0.001541   0.005198
  0.000357  -0.000014  -0.003257
  0.035291  -0.048464   0.069619
 -0.000845   0.000140  -0.003339
   93    1  0.0150  0.0000  0.0000
 -0.000310  -0.000637  -0.000602
 -0.000270  -0.000023  -0.000051
 -0.000168   0.000281   0.000002
  0.000008   0.000014  -0.000127
 -0.000087   0.000007   0.000012
 -0.000039  -0.000124   0.000083
 -0.000034  -0.000134  -0.000110
 -0.000053   0.000134  -0.000269
 -0.000229   0.000119   0.000101
  0.000306  -0.000253   0.000042
  0.002422  -0.001777   0.002352
 -0.001872   0.000104  -0.000387
 -0.000797  -0.002468  -0.000483
  0.000230   0.000004   0.000133
 -0.000668   0.000458  -0.000448
 -0.000218   0.000245  -0.000230
  0.000221  -0.000004   0.000276
  0.000071  -0.000266   0.000506
 -0.001466   0.000558   0.000208
 -0.000370   0.000245  -0.000170
  0.000085   0.000075  -0.000157
 -0.000008  -0.000008  -0.000032
 -0.000789   0.001994  -0.001018
 -0.000253  -0.000311  -0.000282
 -0.000033  -0.000091  -0.000108
 -0.000002   0.000044  -0.000025
 -0.000197  -0.000009   0.000195
 -0.000031  -0.000006   0.000034
 -0.000039  -0.000054  -0.000025
 -0.000008   0.000011   0.000002
  0.000105   0.000032   0.000140
 -0.000008  -0.000021   0.000066
 -0.000104  -0.000001   0.000075
 -0.000009  -0.000003   0.000059
  0.000005  -0.000033  -0.000053
 -0.000010   0.000053  -0.000043
 -0.000027   0.000023   0.000040
  0.000022  -0.000002   0.000053
  0.000042   0.000023   0.000035
 -0.000016  -0.000065   0.000094
 -0.000086  -0.000008   0.000054
 -0.000047   0.000034   0.000025
  0.000016  -0.000022  -0.000043
 -0.000007   0.000125   0.000008
 -0.000071  -0.000208   0.000268
  0.000024  -0.000046   0.000015
  0.000044  -0.000003  -0.000041
  0.000342  -0.000074   0.000074
  0.000783   0.000902   0.000958
 -0.000655   0.001407  -0.000237
  0.005429  -0.004264   0.004184
  0.000627   0.000590  -0.002062
 -0.000135   0.000446   0.000886
  0.000079  -0.000264  -0.000009
 -0.000530   0.000401  -0.002651
  0.000223  -0.000129   0.000112
  0.000729  -0.000172  -0.000734
 -0.000097   0.000056  -0.000007
 -0.000606   0.000564   0.000013
 -0.000062  -0.000013  -0.000108
 -0.000150  -0.000025  -0.000126
  0.000071  -0.000015  -0.000022
  0.000180   0.000326   0.000154
 -0.000020  -0.000124   0.000045
 -0.000092   0.000014  -0.000045
 -0.000001   0.000002  -0.000049
  0.000025  -0.000038  -0.000148
 -0.000082   0.000031  -0.000161
  0.000051  -0.000017  -0.000102
  0.000077  -0.000027  -0.000114
 -0.000000  -0.000062   0.000071
 -0.000021  -0.000130   0.000133
 -0.000202   0.000112  -0.000105
  0.000241   0.000279   0.000231
 -0.000662  -0.000357   0.000086
 -0.000127   0.000011   0.000575
 -0.000323  -0.000346   0.000112
  0.000342   0.000099   0.000198
  0.000209   0.000028  -0.000153
 -0.000291   0.000041  -0.000121
 -0.003580   0.005546  -0.005637
  0.000688   0.001712   0.003554
  0.002484   0.000459  -0.000537
 -0.000038  -0.000034  -0.000208
 -0.003077   0.000486  -0.000213
 -0.000627  -0.000111   0.000310
  0.000201  -0.001807  -0.002826
 -0.000630  -0.000004  -0.000443
 -0.000391   0.000364  -0.001332
 -0.000316   0.000036  -0.000212
 -0.000573   0.001593  -0.001930
 -0.000379  -0.000117  -0.000145
 -0.129291  -0.046937   0.078101
  0.002086   0.000078   0.014353
 -0.007562   0.007926   0.035119
 -0.000008  -0.000559   0.002812
  0.016106  -0.006724  -0.047067
 -0.003464  -0.001098   0.000630
 -0.017893   0.007454  -0.010111
 -0.001371   0.001179   0.001791
  0.002744  -0.000903   0.002858
  0.001011   0.000092   0.000389
  0.099561   0.012692  -0.085228
  0.006093  -0.000461  -0.008289
  0.032943   0.029391   0.016150
  0.000433   0.000252   0.000638
  0.007628  -0.005462  -0.000165
  0.000353   0.000223  -0.000906
 -0.004814  -0.002383   0.007176
  0.001061  -0.000143   0.000322
   93    2  0.0000  0.0150 -0.0000
  0.000089  -0.000795  -0.000221
 -0.000054  -0.000003  -0.000003
 -0.000235   0.000254   0.000068
 -0.000008   0.000003  -0.000027
 -0.000084  -0.000078  -0.000044
 -0.000008  -0.000017   0.000025
 -0.000043   0.000022  -0.000007
  0.000007   0.000023  -0.000051
 -0.000050  -0.000016  -0.000022
  0.000056   0.000012  -0.000008
 -0.002000   0.001948  -0.002587
 -0.000545   0.001060  -0.000002
  0.000229  -0.000575   0.001109
  0.000280  -0.000198   0.000133
 -0.000114   0.000077  -0.000235
  0.000005   0.000122  -0.000102
 -0.000145   0.000083   0.000160
  0.000023  -0.000074   0.000105
 -0.000026  -0.000275  -0.000165
 -0.000067   0.000033  -0.000019
 -0.000232  -0.000051  -0.000069
  0.000002  -0.000003  -0.000012
 -0.000722   0.002717  -0.000543
 -0.000071  -0.000093  -0.000063
 -0.000005  -0.000023  -0.000168
 -0.000003   0.000007  -0.000011
  0.000002  -0.000092   0.000049
 -0.000016  -0.000001  -0.000000
  0.000002  -0.000009   0.000009
 -0.000007  -0.000002   0.000000
  0.000026   0.000015   0.000041
 -0.000002  -0.000004   0.000004
 -0.000018   0.000002   0.000020
 -0.000004  -0.000003   0.000002
 -0.000004  -0.000005  -0.000010
 -0.000001   0.000002  -0.000007
 -0.000009  -0.000005  -0.000001
 -0.000002  -0.000007   0.000016
  0.000001   0.000004   0.000013
 -0.000010  -0.000015   0.000001
 -0.000022   0.000006   0.000009
 -0.000020  -0.000003  -0.000007
 -0.000002  -0.000007   0.000001
  0.000002  -0.000005  -0.000000
 -0.000023  -0.000019   0.000027
 -0.000008   0.000007   0.000049
  0.000007  -0.000003  -0.000011
  0.000133  -0.000148   0.000081
 -0.000490   0.004135  -0.001095
  0.000776  -0.002129  -0.000267
 -0.003294  -0.001646   0.011361
  0.002521   0.000012   0.000441
  0.001335   0.000583   0.000209
 -0.000148  -0.000080  -0.000046
  0.000880  -0.000269   0.001436
 -0.000086  -0.000013  -0.000046
 -0.000224   0.000425  -0.000107
  0.000032   0.000016  -0.000072
 -0.000300   0.000413  -0.000006
 -0.000049  -0.000043   0.000000
 -0.000008  -0.000050   0.000012
 -0.000013   0.000003  -0.000018
  0.000060   0.000063   0.000036
 -0.000002  -0.000035   0.000010
 -0.000014   0.000002  -0.000012
 -0.000010  -0.000002  -0.000007
 -0.000005  -0.000002  -0.000017
 -0.000014   0.000005  -0.000027
 -0.000019  -0.000007   0.000005
  0.000008   0.000002  -0.000020
 -0.000001   0.000032   0.000006
 -0.000005  -0.000015   0.000015
 -0.000279   0.000082  -0.000084
  0.000034   0.000056   0.000058
 -0.000008   0.000165   0.000126
 -0.000052  -0.000008   0.000131
 -0.001085  -0.000991  -0.000595
  0.000062   0.000030   0.000042
  0.000031  -0.000002  -0.000003
 -0.000054   0.000065  -0.000084
  0.001393   0.022891  -0.006980
 -0.000867   0.002662   0.002938
 -0.000745  -0.000463   0.000452
 -0.000003  -0.000005  -0.000025
  0.001120   0.001231  -0.001924
 -0.000135  -0.000020   0.000064
  0.000521   0.000721   0.000814
 -0.000120   0.000003  -0.000109
  0.000375  -0.000178  -0.000079
 -0.000029  -0.000004  -0.000068
  0.000751  -0.000811   0.000098
 -0.000072  -0.000034  -0.000048
 -0.046863  -0.158154   0.031927
 -0.000012  -0.001815   0.002996
  0.005641  -0.008569   0.025584
  0.000060  -0.000057   0.000790
 -0.017395  -0.008787   0.020972
 -0.000845  -0.000324   0.000114
  0.009150   0.030311  -0.056217
 -0.000356   0.000135   0.000616
 -0.002632   0.000416   0.000601
  0.000217   0.000019   0.000150
  0.015384   0.085644  -0.049722
  0.001581  -0.000214  -0.002244
  0.030871   0.040622   0.019042
 -0.000018   0.000014   0.000110
  0.006123  -0.010679   0.004319
  0.000118   0.000056  -0.000202
  0.000717   0.000744  -0.002990
  0.000187  -0.000024   0.000112
   93    3  0.0000  0.0000  0.0150
 -0.003118   0.000915   0.002272
 -0.001313  -0.000307   0.000156
  0.000608  -0.000233  -0.000862
  0.000293  -0.000046  -0.000370
 -0.000031   0.000570   0.000790
 -0.000129  -0.000218  -0.000063
  0.000227  -0.000384  -0.000776
  0.000125   0.000322  -0.000846
 -0.000063   0.000433  -0.000046
 -0.000364  -0.000411  -0.000379
  0.007729   0.002106   0.005325
 -0.001508   0.001482  -0.001045
 -0.000910   0.000631  -0.001149
  0.000290  -0.000369   0.001149
 -0.000013   0.000308   0.001383
  0.000279   0.000481  -0.000615
 -0.000992  -0.000238  -0.000172
 -0.000137  -0.000254   0.000196
  0.002283  -0.001109  -0.000418
  0.000826   0.000501  -0.000537
  0.000338  -0.000132  -0.000692
  0.000104   0.000025  -0.000358
 -0.003970   0.005176  -0.002998
 -0.001459  -0.001476  -0.001526
  0.000069  -0.000460  -0.000632
  0.000011   0.000254  -0.000169
 -0.000173  -0.000216   0.000069
 -0.000107   0.000018   0.000226
 -0.000019   0.000110   0.000232
 -0.000028   0.000089   0.000001
 -0.000054   0.000048   0.000080
 -0.000065  -0.000080   0.000308
  0.000155  -0.000066   0.000050
  0.000085  -0.000085   0.000394
 -0.000072  -0.000151  -0.000212
 -0.000065   0.000177  -0.000083
  0.000128  -0.000027   0.000052
  0.000077   0.000105   0.000005
 -0.000192   0.000135   0.000306
 -0.000209  -0.000231   0.000539
  0.000301  -0.000077   0.000189
  0.000199   0.000019   0.000337
 -0.000118  -0.000342  -0.000026
 -0.000124   0.000489  -0.000001
  0.000388   0.001003  -0.001357
  0.000341  -0.001018  -0.001411
 -0.000736  -0.000329  -0.001278
 -0.000702   0.000482  -0.001783
 -0.002573   0.000167  -0.002614
  0.003015  -0.002086   0.006313
  0.002919   0.013120  -0.001771
 -0.002566   0.002848   0.001670
 -0.001439  -0.001341  -0.001435
  0.000585  -0.000877   0.000163
 -0.000587  -0.001232   0.000525
 -0.000754  -0.000335  -0.000349
 -0.000106   0.000135  -0.000128
  0.000460   0.000176  -0.000553
  0.000452   0.000345   0.000963
 -0.000349  -0.000104  -0.000026
 -0.000146  -0.000183  -0.000518
 -0.000258  -0.000017  -0.000057
 -0.000015  -0.000160  -0.000159
  0.000082  -0.000134   0.000125
  0.000053   0.000155   0.000103
 -0.000040   0.000054  -0.000067
  0.000055  -0.000045  -0.000217
  0.000222  -0.000003   0.000088
 -0.000045   0.000035  -0.000140
 -0.000241  -0.000032   0.000183
 -0.000016   0.000369   0.000119
  0.000029   0.000044  -0.000050
  0.001269  -0.001067   0.001058
 -0.000380  -0.000571  -0.000685
  0.000817   0.000546   0.000877
  0.000907  -0.000227  -0.000625
  0.004581  -0.001829   0.002266
  0.002233   0.000502   0.001390
  0.000205  -0.000288   0.001733
  0.000411   0.000175   0.002041
 -0.007765  -0.009941   0.014736
  0.001737   0.000416  -0.002070
 -0.005180  -0.000471  -0.000004
 -0.000643   0.000276   0.000991
 -0.005299   0.001140   0.007152
 -0.000905  -0.000232   0.004170
 -0.003831   0.001832   0.002334
  0.000890  -0.001076   0.003819
 -0.001456  -0.000091   0.006615
 -0.000223   0.000101   0.006408
 -0.002410  -0.001051   0.003448
  0.000090   0.001445   0.003856
  0.078260   0.032127  -0.600916
  0.014411  -0.002972   0.023168
  0.010194   0.007491   0.046328
  0.004392  -0.002128   0.008144
 -0.033842   0.004216   0.027118
 -0.000820   0.000436   0.006591
 -0.009679  -0.030277   0.026455
  0.001400   0.002751   0.005651
  0.007300  -0.000725  -0.008038
  0.000623   0.000002  -0.008878
 -0.074777  -0.042322   0.448418
  0.000646  -0.001655  -0.018495
  0.011857   0.026150   0.024605
 -0.001325  -0.000023  -0.005418
 -0.001164  -0.004214  -0.010501
 -0.001611   0.000652  -0.006205
  0.010468   0.002627  -0.007890
  0.001697  -0.000252  -0.006071
   95    1  0.0150  0.0000  0.0000
 -0.002870  -0.001446   0.002225
 -0.000800  -0.000174  -0.000113
 -0.000478   0.001322  -0.000614
  0.000109   0.000078  -0.000441
 -0.000437   0.000319   0.000954
 -0.000172  -0.000416   0.000057
  0.000056  -0.000614  -0.000582
 -0.000217   0.000507  -0.001232
 -0.000845   0.000436   0.000425
  0.001339  -0.001070  -0.000063
  0.001763   0.001239   0.001719
 -0.001418   0.000048  -0.000193
 -0.000331  -0.000769  -0.000219
  0.000208   0.000106  -0.000112
 -0.000021   0.000651   0.001401
 -0.000214   0.000220  -0.000312
  0.000269  -0.000571  -0.000365
  0.000083  -0.000262   0.000311
 -0.001755   0.001353   0.000986
 -0.000209   0.000222  -0.000346
  0.001321  -0.001182  -0.000239
 -0.000170   0.000012  -0.000051
 -0.001609   0.014658  -0.008527
 -0.000536  -0.000489  -0.000622
  0.000544  -0.000292  -0.001849
 -0.000027   0.000140  -0.000041
 -0.000463  -0.000595   0.000913
  0.000036  -0.000021   0.000140
 -0.000085   0.000057   0.000336
 -0.000009   0.000081  -0.000001
  0.000346   0.000114   0.000300
 -0.000156  -0.000079   0.000287
 -0.000155  -0.000130  -0.000030
  0.000068  -0.000054   0.000367
 -0.000031  -0.000095  -0.000338
 -0.000067   0.000244  -0.000116
 -0.000044   0.000124   0.000173
  0.000100   0.000061   0.000177
  0.000042   0.000046   0.000031
 -0.000098  -0.000302   0.000506
 -0.000171  -0.000032   0.000132
 -0.000218   0.000147   0.000174
  0.000030  -0.000018  -0.000161
 -0.000052   0.000682   0.000086
 -0.000201  -0.000597   0.000736
  0.000125  -0.000350  -0.000294
 -0.000093  -0.000032  -0.000261
  0.001141  -0.000331   0.000416
 -0.000348  -0.000094  -0.000220
 -0.001449   0.002540  -0.002946
  0.001091   0.001536  -0.001236
  0.000429  -0.000644  -0.001316
 -0.000213  -0.000093  -0.000267
 -0.000191   0.000021  -0.000071
  0.000554  -0.000435  -0.000223
  0.000391  -0.000088   0.000285
 -0.000022   0.000101  -0.000364
 -0.000217   0.000026   0.000275
  0.000224   0.000427   0.000561
  0.000007   0.000081  -0.000169
 -0.000241  -0.000253  -0.000521
  0.000061  -0.000085   0.000152
  0.000015   0.000064  -0.000186
 -0.000018  -0.000062   0.000057
 -0.000105   0.000184   0.000158
 -0.000014   0.000063  -0.000080
  0.000086  -0.000051  -0.000282
 -0.000030  -0.000002   0.000031
  0.000027  -0.000060  -0.000263
  0.000006  -0.000027   0.000038
 -0.000001  -0.000096   0.000045
 -0.000009  -0.000005   0.000055
  0.000090  -0.000226   0.000415
 -0.000123  -0.000132  -0.000231
 -0.001345  -0.000828  -0.000197
  0.000094  -0.000027   0.000047
  0.004336  -0.012179   0.010380
  0.001022   0.000142   0.000531
  0.000893   0.000000  -0.000359
 -0.001105   0.000266  -0.000152
 -0.001793  -0.000332   0.000902
  0.000604  -0.001144   0.002720
  0.003500   0.001032  -0.001637
  0.000274   0.000061   0.000274
 -0.003517  -0.001355  -0.004097
 -0.000039  -0.000066   0.000840
 -0.000873  -0.001767  -0.004491
  0.000175  -0.000201   0.000788
  0.000176   0.000568  -0.003801
 -0.000614   0.000150   0.000823
 -0.001012   0.002383  -0.003926
 -0.000001   0.000286   0.000818
 -0.007602   0.005593   0.010189
  0.000001  -0.000010   0.004407
 -0.337436  -0.093745  -0.174391
  0.001087  -0.000459   0.002155
  0.056095   0.007806   0.018165
 -0.000790  -0.000213   0.001644
 -0.005812   0.018584   0.007140
  0.000120   0.000746   0.002009
  0.002772  -0.001715   0.005934
  0.000060   0.000003  -0.001617
  0.270978   0.094262   0.137457
  0.000404   0.000119  -0.005691
  0.000154  -0.001505  -0.005081
  0.001064   0.001043   0.001164
  0.031961  -0.031442  -0.003673
 -0.000795   0.000193  -0.001859
 -0.007010  -0.001881   0.014533
  0.000345   0.000000  -0.001375
   95    2  0.0000  0.0150 -0.0000
  0.000086   0.001775  -0.002256
 -0.000135   0.000005  -0.000031
 -0.000157   0.000366   0.000254
  0.000008  -0.000026  -0.000022
 -0.000193  -0.000004   0.000038
 -0.000047   0.000017   0.000001
 -0.000024   0.000005  -0.000068
  0.000080   0.000090  -0.000164
  0.000069   0.000101   0.000019
 -0.000218   0.000137  -0.000059
  0.000539   0.000126   0.000169
 -0.000759   0.000482  -0.000049
 -0.000077  -0.000007   0.000064
  0.000124  -0.000130   0.000175
 -0.000021   0.000085   0.000161
  0.000025   0.000136  -0.000121
 -0.000095  -0.000022   0.000001
  0.000013  -0.000072   0.000073
  0.000107  -0.000063  -0.000015
  0.000004   0.000071  -0.000077
 -0.000131   0.003313  -0.001382
  0.000028  -0.000003  -0.000052
  0.009377   0.001162   0.009230
 -0.000163  -0.000161  -0.000184
 -0.001685   0.000718  -0.000204
 -0.000006   0.000031  -0.000015
 -0.000350  -0.000889   0.000691
 -0.000026   0.000001   0.000029
  0.000080   0.000076   0.000052
 -0.000010   0.000017  -0.000003
  0.000149   0.000093   0.000032
 -0.000005  -0.000008   0.000039
  0.000004  -0.000024   0.000004
  0.000014  -0.000022   0.000055
 -0.000012  -0.000050  -0.000038
  0.000000   0.000010  -0.000006
  0.000023  -0.000003   0.000007
 -0.000007  -0.000000   0.000020
 -0.000034   0.000023   0.000030
 -0.000077  -0.000054   0.000076
  0.000049  -0.000036   0.000035
  0.000058  -0.000048   0.000037
 -0.000026  -0.000054  -0.000016
 -0.000016  -0.000040  -0.000011
  0.000091   0.000280  -0.000290
  0.000040  -0.000121  -0.000249
 -0.000105  -0.000044  -0.000177
 -0.000179   0.000452  -0.000491
 -0.000148  -0.000041  -0.000218
 -0.000975  -0.001198  -0.000150
  0.000761   0.001137  -0.000539
  0.000081  -0.000122  -0.000084
 -0.000096  -0.000091  -0.000114
  0.000066  -0.000111  -0.000052
  0.000268  -0.000538  -0.000177
  0.000109  -0.000068   0.000034
 -0.000040   0.000072  -0.000026
  0.000019   0.000021  -0.000042
  0.000057   0.000154   0.000116
 -0.000041   0.000001  -0.000023
 -0.000040  -0.000086  -0.000038
 -0.000028  -0.000006   0.000004
  0.000013   0.000001  -0.000044
 -0.000005  -0.000021   0.000019
  0.000002   0.000022   0.000019
 -0.000010   0.000014  -0.000013
 -0.000008  -0.000006  -0.000041
  0.000019   0.000002   0.000009
  0.000033  -0.000000  -0.000036
 -0.000028  -0.000001   0.000018
  0.000000   0.000046   0.000026
  0.000000   0.000012  -0.000001
  0.000100  -0.000320   0.000362
 -0.000082  -0.000094  -0.000116
 -0.000125   0.000123   0.000088
  0.000081  -0.000013  -0.000052
 -0.006926   0.020264  -0.006802
  0.000198   0.000047   0.000178
 -0.000115  -0.000048   0.000281
  0.000161  -0.000156   0.000416
 -0.000484  -0.000565   0.000671
  0.001102   0.000626   0.000852
 -0.000580  -0.000104  -0.000143
  0.000053   0.000038   0.000140
 -0.008515   0.005570   0.005803
 -0.000147  -0.000024   0.000585
 -0.001731   0.000104  -0.001066
  0.000204  -0.000152   0.000556
 -0.001806   0.000722   0.001896
  0.000032   0.000001   0.000986
 -0.000611   0.001579  -0.001006
  0.000036   0.000215   0.000552
  0.007962  -0.008594   0.007753
  0.000587  -0.000055   0.002071
 -0.093358  -0.246855  -0.135779
  0.000415  -0.000233   0.000886
 -0.011890  -0.010937  -0.002873
 -0.000249  -0.000024   0.000778
  0.033395   0.058793   0.014387
  0.000077   0.000332   0.000799
  0.006516  -0.003734   0.001015
  0.000065   0.000011  -0.001374
  0.086127   0.127896   0.074092
  0.000150  -0.000010  -0.002372
 -0.000960  -0.000981  -0.003176
 -0.000246  -0.000269  -0.000941
 -0.016117   0.048840   0.037089
 -0.000106   0.000038  -0.000839
  0.000238   0.001090   0.001121
  0.000124  -0.000007  -0.000775
   95    3  0.0000  0.0000  0.0150
 -0.005020  -0.001259   0.005351
 -0.000859  -0.000116  -0.000104
  0.000563  -0.000168  -0.001145
  0.000162  -0.000065  -0.000219
 -0.000015   0.000567   0.000973
 -0.000230  -0.000189  -0.000050
  0.000160  -0.000453  -0.000638
  0.000002   0.000440  -0.001082
 -0.000119   0.000494   0.000272
  0.000205  -0.000715  -0.000338
  0.001915   0.000437   0.000229
 -0.001544   0.000765  -0.000574
  0.000079   0.000417  -0.000444
  0.000269  -0.000174   0.000391
  0.000168   0.000303   0.000854
  0.000059   0.000291  -0.000424
 -0.000067  -0.000386  -0.000286
  0.000035  -0.000215   0.000120
  0.000257   0.000446   0.000458
  0.000068   0.000216  -0.000387
  0.000271   0.000010  -0.000961
 -0.000009   0.000009  -0.000163
 -0.005496   0.010323   0.002131
 -0.000784  -0.000766  -0.000883
  0.000967  -0.000770  -0.001161
 -0.000008   0.000151  -0.000061
  0.000587  -0.000120  -0.000545
 -0.000025  -0.000013   0.000156
  0.000093   0.000251   0.000409
 -0.000016   0.000091  -0.000026
 -0.000148   0.000026  -0.000135
 -0.000098  -0.000063   0.000242
  0.000110  -0.000115  -0.000145
  0.000114  -0.000098   0.000363
 -0.000081  -0.000043  -0.000221
 -0.000065   0.000149  -0.000064
  0.000090   0.000058   0.000108
  0.000095   0.000085   0.000084
 -0.000111   0.000063   0.000091
 -0.000273  -0.000298   0.000558
  0.000120  -0.000097   0.000106
  0.000049   0.000077   0.000296
 -0.000059  -0.000162  -0.000092
 -0.000121   0.000598   0.000008
  0.000206   0.000365  -0.000451
  0.000290  -0.000792  -0.000920
 -0.000366  -0.000165  -0.000664
  0.000325   0.000183  -0.001403
 -0.000851  -0.000141  -0.001083
 -0.000600  -0.000077   0.000321
  0.000876   0.003857  -0.003034
 -0.000521   0.000296  -0.000468
 -0.000195  -0.000456  -0.000124
  0.000106  -0.000262   0.000004
  0.000581  -0.000522   0.000168
  0.000031  -0.000169   0.000079
 -0.000275   0.000022   0.000149
  0.000053   0.000051  -0.000015
  0.000412  -0.000094  -0.000032
 -0.000113   0.000021  -0.000108
  0.000090  -0.000087  -0.000171
 -0.000083  -0.000061   0.000117
 -0.000053  -0.000103  -0.000149
  0.000015  -0.000039   0.000063
  0.000038   0.000099   0.000101
 -0.000026   0.000070  -0.000065
 -0.000047  -0.000027  -0.000146
  0.000082  -0.000018   0.000120
  0.000102  -0.000014  -0.000188
 -0.000093  -0.000020   0.000134
 -0.000015   0.000072   0.000061
  0.000013   0.000073  -0.000026
  0.000901  -0.000934   0.001153
 -0.000380  -0.000445  -0.000563
 -0.000590  -0.000213   0.000102
  0.000323  -0.000074  -0.000316
  0.009294  -0.009564   0.003510
  0.001321   0.000237   0.000816
  0.000120  -0.000159   0.000677
 -0.000408   0.000184   0.001144
 -0.001329   0.000147   0.002644
  0.001650   0.000635   0.000729
 -0.000143   0.000661  -0.001531
  0.000235   0.000156   0.000673
 -0.015422   0.006821   0.007341
 -0.000388  -0.000129   0.002260
 -0.004469  -0.001125  -0.003979
  0.000813  -0.000592   0.002340
 -0.002875   0.000831   0.002346
 -0.000401   0.000139   0.003709
 -0.003707   0.002313  -0.002252
  0.000151   0.000843   0.002294
  0.035091   0.025645   0.046574
  0.002874  -0.000783   0.008115
 -0.174223  -0.135852  -0.242682
  0.002128  -0.000945   0.003790
  0.012511   0.002085  -0.017199
 -0.000446   0.000060   0.003236
  0.006628   0.013600  -0.016935
  0.000645   0.001310   0.003162
  0.013475  -0.003862   0.002061
  0.000130   0.000033  -0.005377
  0.129054   0.069334   0.186457
 -0.000263  -0.000308  -0.009032
 -0.007239  -0.007978  -0.007360
  0.000263   0.000308  -0.002392
  0.002690   0.025103   0.026606
 -0.000930   0.000273  -0.003394
  0.001303   0.000206   0.009267
  0.000343  -0.000006  -0.003314
   97    1  0.0150  0.0000  0.0000
 -0.002292  -0.000183   0.001029
 -0.000261   0.000025  -0.000295
  0.000105   0.000348  -0.000465
  0.000002   0.000010  -0.000169
 -0.000148   0.000365   0.000823
 -0.000150  -0.000233  -0.000019
  0.000003  -0.000547  -0.000284
 -0.000221   0.000347  -0.000779
 -0.000485   0.000447   0.000638
  0.000983  -0.000877   0.000021
 -0.001104   0.000706   0.001105
  0.000304  -0.002114   0.000211
 -0.000134  -0.001402  -0.000232
 -0.000155   0.000902  -0.001409
  0.000086   0.000830   0.000979
 -0.000649  -0.000292   0.000098
  0.001733  -0.001210  -0.000769
  0.000122  -0.000115   0.000142
 -0.003833   0.004612   0.002384
 -0.000865  -0.000043  -0.000161
  0.000942  -0.000110  -0.000443
 -0.000175  -0.000008   0.000089
 -0.003465   0.007025  -0.005613
  0.000036   0.000053  -0.000057
  0.000098  -0.000330  -0.000704
 -0.000026   0.000028   0.000039
 -0.000510  -0.000201   0.000310
  0.000075  -0.000035   0.000057
 -0.000109   0.000061   0.000160
  0.000001   0.000057  -0.000032
  0.000228   0.000028   0.000101
 -0.000104  -0.000043   0.000153
 -0.000194  -0.000120  -0.000143
  0.000036  -0.000039   0.000216
 -0.000002  -0.000021  -0.000218
 -0.000042   0.000136  -0.000061
 -0.000042   0.000156   0.000180
  0.000069   0.000039   0.000112
  0.000083  -0.000014  -0.000128
 -0.000082  -0.000194   0.000318
 -0.000176  -0.000073   0.000026
 -0.000157   0.000116   0.000106
  0.000048   0.000085  -0.000174
 -0.000058   0.000474   0.000049
 -0.000174  -0.000737   0.000985
  0.000098  -0.000162  -0.000056
  0.000160   0.000069   0.000200
  0.000951   0.000087  -0.000015
  0.000884   0.000145   0.000887
  0.003272   0.006220  -0.006319
 -0.000255  -0.004105   0.003719
  0.001626  -0.001586  -0.001743
  0.000074   0.000398  -0.000026
 -0.000722   0.000752  -0.000000
 -0.000725   0.000283  -0.000276
  0.000619   0.000132   0.000504
  0.000259  -0.000115  -0.000405
 -0.000543  -0.000089   0.000952
 -0.000293   0.000255   0.000232
  0.000242   0.000181  -0.000208
 -0.000179  -0.000150  -0.000332
  0.000261  -0.000127   0.000307
  0.000026   0.000136  -0.000127
 -0.000056   0.000032  -0.000025
 -0.000208   0.000113   0.000115
  0.000005   0.000061  -0.000064
 -0.000031  -0.000057  -0.000202
 -0.000181  -0.000016   0.000044
  0.000304  -0.000071  -0.000396
  0.000139  -0.000026  -0.000024
 -0.000004  -0.000581   0.000109
 -0.000029  -0.000012   0.000086
  0.001744  -0.000553   0.001138
 -0.000058   0.000038  -0.000061
 -0.003147  -0.002598  -0.001235
 -0.000380   0.000067   0.000398
  0.002637  -0.003064   0.003649
  0.000145  -0.000040   0.000023
  0.000427   0.000051  -0.000869
 -0.001077  -0.000057  -0.000336
 -0.000027   0.000262  -0.002964
 -0.003909  -0.005845   0.006828
  0.015304   0.006270  -0.007454
  0.000814  -0.000019  -0.000072
 -0.013264   0.001533   0.003634
  0.000078  -0.000033  -0.000501
 -0.003640  -0.008610  -0.015473
 -0.000023   0.000150  -0.000420
 -0.003175   0.001088  -0.005311
 -0.000633   0.000152  -0.000942
 -0.004572   0.004117  -0.006448
 -0.000052  -0.000184  -0.000376
  0.015933  -0.017531  -0.033707
 -0.003537   0.000941  -0.000839
  0.055881  -0.012172   0.012387
 -0.000801   0.000279  -0.000474
 -0.470833   0.170085   0.146582
 -0.000925  -0.000528  -0.000958
 -0.001075  -0.020191  -0.000120
 -0.000757  -0.000150  -0.000224
  0.020836  -0.003533   0.010386
 -0.000026   0.000061   0.000913
  0.341734  -0.136770  -0.055912
  0.001634   0.000314   0.000539
  0.013747   0.006574   0.006602
  0.001936   0.000911   0.002308
  0.011444  -0.005829  -0.015457
  0.000104   0.000023   0.000407
  0.032937   0.014989  -0.041615
 -0.000457   0.000127   0.000859
   97    2  0.0000  0.0150 -0.0000
  0.000425  -0.000353  -0.000102
  0.000054  -0.000009   0.000090
 -0.000125   0.000096   0.000081
 -0.000000  -0.000002   0.000040
 -0.000021  -0.000100  -0.000089
  0.000010   0.000051   0.000008
 -0.000027   0.000133   0.000059
  0.000050  -0.000041   0.000115
  0.000094  -0.000055  -0.000082
 -0.000197   0.000141  -0.000006
  0.000080  -0.000426  -0.000430
  0.001931  -0.000089  -0.001880
  0.000118   0.000218  -0.000023
 -0.000150   0.000019   0.000390
  0.000185   0.000096   0.000046
  0.000102  -0.000142   0.000002
  0.000243  -0.000389  -0.000274
 -0.000059   0.000110  -0.000162
  0.000670   0.001273   0.000250
  0.000183  -0.000046   0.000066
 -0.000528  -0.000287   0.000044
  0.000028   0.000004  -0.000006
  0.000498   0.000847  -0.000002
  0.000015   0.000012   0.000050
 -0.000017   0.000072  -0.000023
  0.000002  -0.000012  -0.000010
  0.000188   0.000011  -0.000063
 -0.000002   0.000012  -0.000021
  0.000012  -0.000009  -0.000007
  0.000000  -0.000015   0.000006
 -0.000043  -0.000010  -0.000026
  0.000011   0.000011  -0.000044
  0.000027   0.000013   0.000009
  0.000005   0.000004  -0.000049
 -0.000005   0.000008   0.000026
  0.000009  -0.000035   0.000015
  0.000013  -0.000030  -0.000033
 -0.000011  -0.000007  -0.000027
 -0.000023  -0.000009   0.000006
 -0.000004   0.000040  -0.000057
  0.000016  -0.000011   0.000006
  0.000043  -0.000030  -0.000019
 -0.000006  -0.000009   0.000016
 -0.000000  -0.000104  -0.000010
  0.000026   0.000117  -0.000127
 -0.000020   0.000036  -0.000042
 -0.000012  -0.000002  -0.000013
 -0.000159   0.000261  -0.000116
 -0.000297  -0.000080  -0.000268
  0.002852  -0.005769   0.005827
 -0.000336   0.001361  -0.001093
 -0.000439   0.001360   0.000821
 -0.000039  -0.000090   0.000065
 -0.000363   0.000277   0.000131
  0.000378   0.000050  -0.000002
 -0.001158   0.000450  -0.000239
 -0.000098   0.000059   0.000128
  0.000141  -0.000049  -0.000178
  0.000094  -0.000060  -0.000027
  0.000008  -0.000003   0.000015
  0.000034   0.000019   0.000070
 -0.000048   0.000044  -0.000027
 -0.000023  -0.000070  -0.000002
  0.000006   0.000047  -0.000023
 -0.000012  -0.000002  -0.000022
  0.000001  -0.000014   0.000020
 -0.000041   0.000008   0.000058
  0.000016  -0.000011   0.000037
  0.000070  -0.000023  -0.000005
 -0.000027   0.000006   0.000021
  0.000099  -0.000049   0.000019
  0.000001   0.000022  -0.000036
  0.000431  -0.001047   0.000304
 -0.000014  -0.000037  -0.000013
 -0.000677  -0.000269  -0.000103
  0.000072  -0.000014  -0.000135
 -0.001172  -0.000251  -0.001324
 -0.000059   0.000003  -0.000037
 -0.000133   0.000050   0.000098
  0.000156  -0.000127   0.000105
  0.000658  -0.000518   0.000871
 -0.002086   0.006639  -0.007028
  0.002625  -0.000999  -0.001269
 -0.000190   0.000012   0.000034
  0.001614   0.002339   0.002871
  0.000008  -0.000003   0.000057
 -0.001262   0.005567   0.006837
  0.000046  -0.000029   0.000131
  0.000524   0.001236   0.001196
  0.000120  -0.000022   0.000240
  0.000888   0.003968  -0.003459
  0.000025   0.000051   0.000082
 -0.006648  -0.008778   0.004121
  0.001113  -0.000356  -0.000445
  0.007958  -0.010820   0.002182
  0.000204  -0.000040  -0.000056
  0.169853  -0.186560  -0.011679
  0.000494   0.000215   0.000143
 -0.038300   0.060962  -0.002521
  0.000308  -0.000004  -0.000180
 -0.003594  -0.006664  -0.003793
 -0.000045  -0.000025  -0.000229
 -0.138423   0.141680   0.029529
 -0.000782  -0.000184   0.000502
 -0.004547  -0.002832  -0.003138
 -0.000173  -0.000331  -0.000225
 -0.006746  -0.010320   0.006552
 -0.000053   0.000003   0.000074
  0.013371   0.008675  -0.022974
 -0.000012  -0.000015  -0.000193
   97    3  0.0000  0.0000  0.0150
 -0.000258   0.000424   0.000495
 -0.000419  -0.000015  -0.000151
  0.000149  -0.000127  -0.000237
  0.000102  -0.000105  -0.000066
  0.000038   0.000146   0.000155
 -0.000004   0.000062  -0.000181
  0.000097   0.000067  -0.000324
  0.000176  -0.000009  -0.000039
  0.000384   0.000082  -0.000273
 -0.000941   0.000283  -0.000269
  0.001770   0.000840   0.000538
 -0.003749   0.000479   0.000939
 -0.000319   0.000657  -0.000099
  0.000316  -0.000238   0.001017
 -0.000051  -0.000224   0.000202
  0.000060   0.000537  -0.000548
 -0.000887   0.000397   0.000482
  0.000065  -0.000312   0.000392
  0.001623  -0.002076  -0.001307
  0.000096   0.000270  -0.000332
 -0.000638  -0.000273  -0.000139
  0.000143  -0.000016  -0.000252
  0.000256   0.000207   0.000031
 -0.000641  -0.000648  -0.000758
 -0.000049  -0.000016  -0.000133
  0.000009   0.000118  -0.000059
  0.000148  -0.000086  -0.000001
 -0.000102  -0.000010   0.000132
  0.000024   0.000025   0.000059
 -0.000025   0.000060  -0.000025
 -0.000095   0.000015   0.000028
  0.000032  -0.000033   0.000150
  0.000148   0.000003   0.000068
 -0.000020  -0.000051   0.000170
 -0.000032  -0.000091  -0.000052
 -0.000012   0.000035  -0.000002
  0.000120  -0.000077  -0.000045
 -0.000013   0.000048  -0.000074
 -0.000152   0.000088   0.000222
 -0.000050  -0.000027   0.000168
  0.000320  -0.000044   0.000066
  0.000195  -0.000071   0.000164
 -0.000112  -0.000256   0.000058
 -0.000045   0.000009  -0.000039
  0.000387   0.001159  -0.001477
  0.000132  -0.000479  -0.000813
 -0.000511  -0.000228  -0.000809
 -0.001069   0.000328  -0.001212
 -0.000551  -0.000200  -0.000865
 -0.003208   0.004031   0.003271
  0.000902   0.003665  -0.002692
 -0.000084  -0.000199  -0.002637
 -0.000140  -0.000398  -0.000356
  0.000021  -0.000730  -0.000028
  0.000447  -0.000691   0.000316
  0.001128  -0.000471   0.000261
 -0.000212   0.000065   0.000067
  0.000165   0.000298  -0.000200
  0.000419   0.000035   0.000110
 -0.000118   0.000053  -0.000351
  0.000080  -0.000043  -0.000165
 -0.000111  -0.000052  -0.000029
 -0.000032  -0.000028  -0.000005
  0.000040  -0.000188   0.000132
  0.000120   0.000048   0.000004
 -0.000033   0.000045  -0.000072
 -0.000067  -0.000039  -0.000202
  0.000143   0.000021  -0.000022
  0.000264   0.000024  -0.000179
 -0.000129  -0.000012   0.000073
 -0.000056   0.000475   0.000243
  0.000023   0.000024  -0.000005
  0.001092  -0.001297   0.001345
 -0.000332  -0.000389  -0.000468
 -0.000597   0.000185   0.000971
  0.000353  -0.000068  -0.000234
  0.000256   0.000321  -0.000938
  0.000866   0.000208   0.000737
 -0.000257  -0.000307   0.001500
  0.000977   0.000090   0.001468
 -0.002076  -0.000357   0.002099
  0.004892  -0.007229   0.005201
 -0.007083  -0.000857   0.001917
  0.000211   0.000147   0.000556
  0.003534   0.002904   0.004569
 -0.000458  -0.000033   0.002453
 -0.004095   0.005792   0.007332
  0.000866  -0.000640   0.002293
 -0.000248  -0.001884   0.007120
  0.000331  -0.000058   0.004126
 -0.001023  -0.008235   0.008494
  0.000208   0.000845   0.002290
 -0.047067   0.021011   0.027260
  0.000651  -0.000072   0.006572
  0.018093  -0.002916  -0.017243
  0.001624  -0.000826   0.003261
  0.146473  -0.011681  -0.204374
 -0.000925  -0.000130   0.003104
  0.000144   0.003764  -0.024220
  0.000337   0.001207   0.003126
 -0.001809   0.004390  -0.007412
  0.000103   0.000017  -0.005563
 -0.053603   0.024290   0.105989
  0.000124   0.000046  -0.008459
 -0.002678  -0.005137  -0.006194
 -0.001876  -0.000646  -0.004733
 -0.006053  -0.005164   0.007063
 -0.000449   0.000122  -0.003415
 -0.046559  -0.023938   0.083036
  0.000449  -0.000034  -0.003121
   99    1  0.0150  0.0000  0.0000
 -0.002384   0.001584   0.001432
 -0.000345  -0.000045  -0.000135
  0.000770  -0.000446  -0.000580
  0.000021   0.000029  -0.000174
  0.000063   0.000457   0.000492
 -0.000103  -0.000216  -0.000003
  0.000081  -0.000434  -0.000291
 -0.000167   0.000245  -0.000555
 -0.000391   0.000278   0.000292
  0.000730  -0.000706  -0.000022
  0.000544   0.001425   0.001460
 -0.001494   0.000363   0.000132
 -0.000318  -0.000388  -0.000339
  0.000179  -0.000047  -0.000061
 -0.000065   0.000279   0.000579
 -0.000124   0.000184  -0.000210
  0.000265  -0.000235  -0.000155
  0.000093  -0.000181   0.000229
 -0.001372   0.000829   0.000569
 -0.000315   0.000105  -0.000188
  0.002568   0.000744  -0.000119
 -0.000095  -0.000000   0.000004
 -0.002228  -0.000831  -0.002011
 -0.000176  -0.000154  -0.000235
  0.000177  -0.000329  -0.000042
 -0.000016   0.000054  -0.000002
 -0.000440   0.000034  -0.000001
  0.000021  -0.000017   0.000058
 -0.000068   0.000069   0.000058
 -0.000002   0.000043  -0.000014
  0.000039   0.000002  -0.000015
 -0.000071  -0.000036   0.000134
 -0.000064  -0.000070  -0.000064
  0.000026  -0.000021   0.000175
 -0.000020  -0.000035  -0.000122
 -0.000044   0.000122  -0.000058
 -0.000030   0.000075   0.000088
  0.000058   0.000042   0.000071
  0.000030   0.000010  -0.000018
 -0.000042  -0.000149   0.000255
 -0.000118  -0.000028   0.000054
 -0.000115   0.000111   0.000099
  0.000025   0.000012  -0.000094
 -0.000031   0.000417   0.000047
 -0.000114  -0.000369   0.000498
  0.000058  -0.000151  -0.000119
  0.000022   0.000007  -0.000040
  0.000635  -0.000080   0.000124
  0.000203   0.000012   0.000240
 -0.001988  -0.001822  -0.002949
 -0.000259  -0.000815   0.000974
  0.001792  -0.001328  -0.000591
  0.000050  -0.000005  -0.000445
 -0.000208   0.000135  -0.000223
 -0.000697  -0.000325   0.000040
  0.000490  -0.000032   0.000270
  0.000165  -0.000150  -0.000222
 -0.000162  -0.000031   0.000170
  0.000027   0.000097   0.000180
  0.000042   0.000060  -0.000084
 -0.000129  -0.000076  -0.000227
  0.000055  -0.000045   0.000094
 -0.000009   0.000059  -0.000068
 -0.000035  -0.000032   0.000023
 -0.000044   0.000069   0.000063
 -0.000006   0.000037  -0.000045
  0.000030  -0.000032  -0.000138
 -0.000047   0.000001  -0.000004
  0.000089  -0.000057  -0.000148
  0.000041  -0.000014  -0.000006
  0.000039  -0.000086   0.000009
 -0.000010  -0.000015   0.000051
 -0.000585  -0.000193   0.000423
 -0.000032  -0.000008  -0.000071
 -0.001226  -0.000173  -0.000273
 -0.000075  -0.000002   0.000181
  0.007906   0.000045   0.008801
  0.000377   0.000034   0.000187
  0.000413   0.000010  -0.000355
 -0.000670   0.000096  -0.000155
 -0.000680   0.000238  -0.000771
  0.001470   0.002049   0.004950
  0.002127  -0.000200  -0.000705
  0.000310   0.000005   0.000048
 -0.004525   0.000840  -0.000976
 -0.000043  -0.000035   0.000163
 -0.001031  -0.000653  -0.003703
  0.000005  -0.000029   0.000113
 -0.000612   0.000750  -0.002385
 -0.000367   0.000087   0.000034
 -0.000811   0.001813  -0.004258
 -0.000043   0.000040   0.000156
 -0.017918   0.009082  -0.009612
 -0.001375   0.000405   0.001363
 -0.005783   0.033303   0.006647
  0.000115  -0.000081   0.000617
 -0.001013  -0.038341   0.000207
 -0.000721  -0.000310   0.000308
 -0.097444  -0.009724  -0.040430
 -0.000236   0.000227   0.000782
  0.005042  -0.003507   0.005628
  0.000114   0.000019  -0.000295
  0.093787   0.029974  -0.001875
  0.000782   0.000290  -0.002162
  0.005902   0.002801  -0.002026
  0.000887   0.000498   0.001056
  0.024906  -0.028657   0.032793
 -0.000202   0.000045  -0.000595
 -0.003927   0.001086   0.008251
  0.000089   0.000022  -0.000205
   99    2  0.0000  0.0150 -0.0000
  0.001115  -0.002055  -0.001291
  0.000256   0.000034   0.000034
 -0.000892   0.000796   0.000481
 -0.000047   0.000029   0.000039
 -0.000219  -0.000374  -0.000287
  0.000047   0.000051   0.000064
 -0.000127   0.000208   0.000194
  0.000024  -0.000060   0.000131
 -0.000047  -0.000192  -0.000102
  0.000103   0.000254   0.000025
 -0.000925  -0.000535  -0.000826
  0.000145   0.000794   0.000396
  0.000065  -0.000380   0.000346
  0.000104  -0.000223   0.000114
 -0.000096  -0.000035  -0.000369
  0.000102   0.000031   0.000053
 -0.000084   0.000151   0.000146
  0.000024   0.000038  -0.000011
  0.000034  -0.000288  -0.000222
 -0.000016  -0.000056   0.000121
 -0.001248  -0.000388  -0.000107
 -0.000011   0.000000   0.000059
 -0.000677   0.005094  -0.001494
  0.000253   0.000254   0.000285
 -0.000226   0.000146  -0.000367
  0.000002  -0.000045   0.000021
  0.000069  -0.000175   0.000329
  0.000013   0.000003  -0.000052
  0.000011  -0.000059  -0.000013
  0.000005  -0.000027   0.000011
  0.000109   0.000042   0.000111
  0.000017   0.000017  -0.000072
 -0.000050   0.000033   0.000053
 -0.000014   0.000020  -0.000101
  0.000020   0.000028   0.000031
  0.000026  -0.000042   0.000014
 -0.000035  -0.000014  -0.000025
 -0.000023  -0.000039   0.000027
  0.000042  -0.000019  -0.000032
  0.000041   0.000036  -0.000133
 -0.000067   0.000043  -0.000030
 -0.000070  -0.000022  -0.000103
  0.000022   0.000066   0.000028
  0.000035  -0.000168  -0.000003
 -0.000109  -0.000172   0.000236
 -0.000083   0.000228   0.000428
  0.000137   0.000061   0.000234
  0.000389  -0.000616   0.000551
 -0.000009   0.000192   0.000405
 -0.001989  -0.005420   0.001313
 -0.000756  -0.006518   0.002898
  0.000883  -0.000685   0.000676
  0.000175   0.000318   0.000585
  0.000007   0.000050  -0.000133
  0.000537   0.000858  -0.000392
  0.000076   0.000044  -0.000004
  0.000006   0.000090  -0.000022
  0.000031  -0.000031  -0.000089
 -0.000251   0.000018  -0.000059
  0.000026  -0.000016   0.000054
  0.000007   0.000025   0.000102
  0.000001   0.000033  -0.000052
  0.000033   0.000053   0.000062
 -0.000016   0.000014  -0.000018
 -0.000017  -0.000027  -0.000032
  0.000006  -0.000018   0.000022
  0.000006   0.000018   0.000053
 -0.000023   0.000008  -0.000038
 -0.000051  -0.000008   0.000074
  0.000027   0.000008  -0.000041
  0.000032  -0.000017  -0.000039
 -0.000007  -0.000019   0.000009
 -0.000729   0.000410  -0.000400
  0.000124   0.000147   0.000185
  0.000204   0.000385  -0.000005
 -0.000114   0.000045   0.000091
 -0.006324   0.000201  -0.005434
 -0.000399  -0.000073  -0.000260
  0.000015   0.000049  -0.000277
 -0.000135   0.000211  -0.000628
  0.000761   0.002533  -0.001364
  0.002098   0.002072   0.000672
 -0.000366  -0.000797   0.000814
 -0.000063  -0.000062  -0.000198
  0.004132   0.003949  -0.008224
  0.000154   0.000050  -0.000782
  0.002339   0.001581   0.002321
 -0.000280   0.000213  -0.000799
  0.001580  -0.000819  -0.000997
  0.000107  -0.000038  -0.001344
  0.001808  -0.002239   0.000615
 -0.000048  -0.000296  -0.000790
  0.007465   0.030324  -0.030419
 -0.001179   0.000136  -0.002790
  0.018630   0.058633   0.013489
 -0.000723   0.000340  -0.001300
 -0.020222   0.061010   0.003616
  0.000150   0.000004  -0.001166
 -0.009718  -0.618950   0.171821
 -0.000218  -0.000486  -0.001028
 -0.009891   0.003499   0.001699
 -0.000067  -0.000009   0.001917
  0.026457   0.436322  -0.085930
  0.000149   0.000213   0.003156
  0.003275   0.008301  -0.000217
 -0.000030  -0.000004   0.001048
 -0.019106   0.019868  -0.054353
  0.000282  -0.000097   0.001134
  0.003161   0.001914  -0.009272
 -0.000150   0.000015   0.001146
   99    3  0.0000  0.0000  0.0150
 -0.002085   0.003377   0.003310
 -0.000679  -0.000102  -0.000103
  0.001354  -0.001033  -0.001090
  0.000139  -0.000062  -0.000166
  0.000239   0.000697   0.000693
 -0.000100  -0.000109  -0.000150
  0.000219  -0.000402  -0.000527
  0.000026   0.000186  -0.000481
  0.000060   0.000389   0.000106
 -0.000269  -0.000391  -0.000217
  0.002626   0.000362   0.000685
 -0.002023   0.002348  -0.000670
 -0.000157   0.000208  -0.000311
  0.000694  -0.000603   0.000791
  0.000077   0.000274   0.000747
  0.000232   0.000503  -0.000527
 -0.000292  -0.000254  -0.000114
  0.000082  -0.000268   0.000201
  0.000809  -0.000103   0.000037
  0.000146   0.000248  -0.000361
  0.001498   0.000360  -0.000314
  0.000045   0.000001  -0.000192
 -0.001919  -0.002026   0.000140
 -0.000712  -0.000684  -0.000811
  0.000142  -0.000302  -0.000184
 -0.000000   0.000137  -0.000066
  0.000202  -0.000191  -0.000338
 -0.000048  -0.000008   0.000140
 -0.000016   0.000142   0.000127
 -0.000016   0.000075  -0.000030
 -0.000194  -0.000044  -0.000116
 -0.000042  -0.000050   0.000200
  0.000117  -0.000074  -0.000070
  0.000039  -0.000060   0.000269
 -0.000055  -0.000087  -0.000133
 -0.000051   0.000114  -0.000045
  0.000084   0.000012   0.000048
  0.000050   0.000084  -0.000026
 -0.000126   0.000073   0.000135
 -0.000117  -0.000137   0.000347
  0.000207  -0.000070   0.000083
  0.000136   0.000031   0.000239
 -0.000076  -0.000193  -0.000034
 -0.000078   0.000373  -0.000005
  0.000272   0.000572  -0.000794
  0.000218  -0.000632  -0.000941
 -0.000427  -0.000186  -0.000712
 -0.000640   0.000590  -0.001261
 -0.001205  -0.000624  -0.001109
 -0.000925  -0.002615   0.002885
  0.001662   0.005336  -0.005453
  0.000260  -0.000142  -0.000474
 -0.000498  -0.000448   0.000045
  0.000226  -0.000496  -0.000117
  0.001090  -0.000303  -0.000024
  0.000069  -0.000184   0.000063
 -0.000255   0.000128   0.000058
  0.000123   0.000089  -0.000176
  0.000361   0.000044   0.000186
 -0.000155  -0.000018  -0.000115
  0.000037  -0.000104  -0.000227
 -0.000109  -0.000041   0.000058
 -0.000011  -0.000077  -0.000105
  0.000019  -0.000076   0.000068
  0.000039   0.000094   0.000070
 -0.000026   0.000060  -0.000062
 -0.000030  -0.000030  -0.000160
  0.000103  -0.000008   0.000073
  0.000099   0.000004  -0.000166
 -0.000114  -0.000018   0.000117
 -0.000025   0.000167   0.000094
  0.000015   0.000056  -0.000029
  0.001195  -0.000905   0.001087
 -0.000355  -0.000431  -0.000533
 -0.000253  -0.000002   0.000392
  0.000368  -0.000060  -0.000335
  0.011313  -0.001624   0.006756
  0.001128   0.000218   0.000759
  0.000024  -0.000204   0.000948
  0.000335  -0.000055   0.001373
 -0.001764  -0.003063   0.004563
  0.005094   0.002524   0.002945
 -0.001555   0.000420  -0.001077
  0.000176   0.000142   0.000625
 -0.006438  -0.003460   0.008493
 -0.000347  -0.000076   0.002266
 -0.003912  -0.001044  -0.002257
  0.000841  -0.000598   0.002302
 -0.001956   0.000113   0.003417
 -0.000124   0.000068   0.003773
 -0.004268   0.000606   0.002076
  0.000190   0.000842   0.002263
 -0.010115  -0.056224   0.026604
  0.001827  -0.000595   0.005620
  0.007124   0.014336  -0.016915
  0.001981  -0.000849   0.003162
 -0.000112  -0.002536  -0.024152
 -0.000211   0.000179   0.003103
 -0.040491   0.171722  -0.186619
  0.000798   0.001046   0.003082
  0.012047  -0.000383  -0.003299
  0.000041   0.000012  -0.005369
 -0.002180  -0.073266   0.114362
 -0.001019   0.000195  -0.007715
 -0.007571  -0.001143  -0.009572
 -0.000541   0.000060  -0.003259
  0.035209  -0.048427   0.069528
 -0.000843   0.000140  -0.003333
  0.003665  -0.001540   0.005181
  0.000358  -0.000013  -0.003250
  101    1  0.0150  0.0000  0.0000
  0.004457  -0.003404  -0.002012
  0.000980  -0.000145   0.000395
 -0.001246   0.000930   0.000584
 -0.000256   0.000363  -0.000514
  0.000062  -0.000930  -0.001538
  0.000596  -0.000068   0.000268
  0.000689   0.001747   0.000595
  0.000009  -0.000660   0.000722
 -0.000130  -0.002388  -0.003502
  0.001760   0.001848  -0.000385
  0.000991  -0.000645  -0.000814
 -0.001742   0.001448   0.000046
 -0.000051   0.000841   0.000548
  0.000313  -0.000629   0.001461
  0.000288  -0.000482  -0.001169
  0.000230   0.000454  -0.000050
  0.000150  -0.000682   0.000555
 -0.000080  -0.000042   0.000378
  0.004074   0.001609  -0.001028
  0.000656   0.000072   0.000385
  0.003564   0.002028   0.000897
  0.000320  -0.000043  -0.000511
  0.000229   0.000532  -0.000665
  0.000066  -0.000024   0.000130
 -0.000032   0.000362  -0.000061
  0.000023   0.000050  -0.000146
 -0.000258   0.000131   0.000475
 -0.000152   0.000046   0.000026
  0.000181  -0.000218  -0.000172
 -0.000007  -0.000094   0.000122
 -0.000097   0.000086   0.000390
  0.000169   0.000005   0.000009
  0.000347   0.000263   0.000693
 -0.000275   0.000153  -0.000329
 -0.000049  -0.000210   0.000180
  0.000063   0.000061  -0.000041
  0.000173  -0.000561  -0.000780
 -0.000262  -0.000245   0.000353
 -0.000408   0.000096   0.000763
  0.000619   0.000039  -0.000784
  0.001043  -0.000688   0.000179
 -0.001267  -0.000047  -0.000799
 -0.000071  -0.000394   0.000545
  0.000899  -0.000650   0.000131
  0.000870   0.004052  -0.003977
 -0.002359   0.002429   0.004050
 -0.000785   0.000078  -0.000891
  0.005204  -0.010549   0.011719
 -0.000152  -0.000069  -0.000085
 -0.001912   0.000211  -0.000117
  0.000321   0.001137  -0.001509
 -0.000163   0.000373   0.000145
 -0.000090  -0.000081   0.000267
  0.000090  -0.000846  -0.000099
  0.000314   0.000093  -0.000109
  0.000284  -0.000195  -0.000192
 -0.000134  -0.000005   0.000096
  0.000177   0.000387  -0.000616
  0.000070  -0.000210  -0.000254
 -0.000130  -0.000065  -0.000226
  0.000272   0.000162   0.000116
 -0.000085   0.000074  -0.000414
 -0.000010   0.000057   0.000359
  0.000065  -0.000259   0.000120
  0.000178  -0.000039  -0.000237
 -0.000005  -0.000102   0.000035
 -0.000420  -0.000091  -0.000298
  0.000165   0.000086  -0.000307
  0.000913   0.000226  -0.000732
 -0.000094   0.000052  -0.000138
 -0.000201   0.000790   0.001031
  0.000028  -0.000099  -0.000027
  0.011483  -0.015030   0.012893
  0.000230   0.000173   0.000388
 -0.001317   0.000162   0.000858
  0.000265   0.000003  -0.000071
 -0.010150  -0.001912   0.003653
 -0.000997  -0.000001  -0.000031
  0.001130   0.000215   0.003632
  0.001605   0.005020  -0.007566
 -0.000961  -0.000131   0.001155
  0.001918  -0.000147   0.000557
 -0.001816   0.004113  -0.003640
 -0.000721  -0.000035  -0.000319
  0.341356  -0.138449  -0.053616
  0.001611   0.000805   0.000109
  0.270725   0.086143   0.128731
  0.000382  -0.000138  -0.000308
  0.099592   0.015376  -0.074391
  0.006097  -0.001651   0.000612
  0.093842   0.026380  -0.002157
  0.000771  -0.000177  -0.001048
  0.002738  -0.002643   0.007352
  0.001004  -0.000247   0.000630
  0.002810   0.006564   0.013529
  0.000040  -0.000069   0.000129
  0.020795  -0.003578  -0.001837
 -0.000027   0.000068   0.000105
  0.005025  -0.009858   0.012029
  0.000107   0.000078   0.000035
 -0.810367   0.003675   0.002570
 -0.001705  -0.000817   0.002328
 -0.018264   0.008467  -0.015345
 -0.000135  -0.000050  -0.000324
 -0.002639  -0.001412  -0.003379
 -0.017927  -0.004967   0.004866
  0.029601   0.001263  -0.044477
  0.000142  -0.000118  -0.000282
 -0.045524   0.025461   0.008803
  0.000305  -0.000047   0.000588
  101    2  0.0000  0.0150 -0.0000
 -0.000861   0.001430   0.000691
 -0.000199  -0.000054  -0.000007
  0.000640  -0.000316  -0.000282
 -0.000046   0.000062  -0.000072
  0.000102   0.000004   0.000197
 -0.000300  -0.000327   0.000185
  0.000018   0.000195  -0.000521
 -0.000426   0.000627  -0.000598
 -0.000150   0.001505   0.001217
  0.001102  -0.001911   0.000310
  0.000063   0.000136   0.000145
  0.000006  -0.000236   0.000061
  0.000140  -0.000222  -0.000051
 -0.000087  -0.000037   0.000116
  0.000359   0.000433   0.000172
  0.000005  -0.000023  -0.000070
  0.001079  -0.001337  -0.000246
  0.000005  -0.000012   0.000026
 -0.001105   0.003746   0.000564
 -0.000015   0.000016  -0.000044
 -0.000590  -0.001394  -0.000373
 -0.000089  -0.000022   0.000124
  0.001384  -0.000256   0.000185
 -0.000019   0.000013  -0.000011
 -0.000090  -0.000166   0.000068
 -0.000006   0.000005   0.000013
  0.000090   0.000025  -0.000098
  0.000036  -0.000002  -0.000002
 -0.000027  -0.000008   0.000007
  0.000002   0.000010  -0.000009
 -0.000035  -0.000021  -0.000015
 -0.000048  -0.000004   0.000024
 -0.000035   0.000044  -0.000047
  0.000088  -0.000037   0.000086
 -0.000073  -0.000018  -0.000035
  0.000010   0.000022  -0.000011
  0.000131  -0.000118  -0.000147
  0.000060   0.000051  -0.000094
  0.000157  -0.000287  -0.000011
 -0.000205   0.000033   0.000309
 -0.002029  -0.000295   0.001295
 -0.000016   0.000007   0.000038
  0.000411  -0.000075  -0.000805
 -0.000159   0.000105   0.000224
 -0.000491  -0.001182   0.000271
 -0.001420   0.001000  -0.001465
  0.000238   0.000348   0.000188
  0.000423   0.011566  -0.001683
  0.000005   0.000005   0.000020
 -0.000313   0.000297  -0.000043
  0.000025  -0.000087   0.000063
  0.000019  -0.000021  -0.000112
 -0.000001   0.000005  -0.000015
 -0.000012   0.000122   0.000008
  0.000032  -0.000019  -0.000017
  0.000019   0.000048   0.000037
 -0.000009  -0.000004  -0.000029
  0.000048   0.000020   0.000014
  0.000003   0.000026   0.000026
  0.000008   0.000027  -0.000040
  0.000010  -0.000018  -0.000068
 -0.000019   0.000013   0.000015
 -0.000009   0.000003   0.000030
 -0.000021   0.000022  -0.000005
 -0.000006   0.000053  -0.000083
  0.000002   0.000010  -0.000012
 -0.000060  -0.000026  -0.000156
 -0.000002   0.000001   0.000014
 -0.000399   0.000395  -0.000228
  0.000010  -0.000000   0.000009
  0.000041  -0.000014   0.001004
 -0.000002   0.000002   0.000005
  0.001435  -0.017296   0.004275
  0.000002  -0.000020  -0.000010
  0.001827   0.000800   0.000351
 -0.000013   0.000001   0.000012
  0.005186   0.003032  -0.002439
  0.000128   0.000019  -0.000032
  0.000022   0.005186  -0.001875
 -0.002960  -0.004799  -0.001521
 -0.000009   0.000005  -0.000073
  0.000072  -0.000142   0.000176
  0.006311   0.007976   0.002778
  0.000015   0.000010   0.000003
 -0.136133   0.141484   0.024203
 -0.000320  -0.000192  -0.000033
  0.093857   0.127812   0.069033
 -0.000090  -0.000005   0.000325
  0.012616   0.085554  -0.041934
  0.000463  -0.000198   0.001679
  0.030030   0.435882  -0.073573
 -0.000283   0.000219  -0.000175
 -0.000875   0.000415  -0.000766
 -0.000101   0.000024   0.000000
 -0.001667  -0.003748  -0.003867
  0.000001   0.000004  -0.000028
 -0.003512  -0.006657   0.004376
 -0.000047  -0.000023  -0.000016
 -0.003485   0.003483  -0.000399
 -0.000019  -0.000014  -0.000010
  0.003435  -0.858387  -0.003704
  0.000800  -0.000510  -0.000605
  0.008422   0.000957  -0.001829
  0.000048   0.000030  -0.000015
  0.000256   0.000162   0.000005
  0.003674  -0.006391   0.020446
 -0.006936  -0.007285   0.017122
 -0.000048   0.000004   0.000102
 -0.009602   0.078618  -0.012320
  0.000099   0.000104   0.000084
  101    3  0.0000  0.0000  0.0150
 -0.002705   0.000924   0.000082
 -0.000855  -0.000597   0.000786
  0.001134   0.000539   0.000383
  0.000036   0.000427  -0.000285
 -0.000230  -0.000429  -0.002330
 -0.000526  -0.000850   0.001057
  0.000553  -0.001288   0.000537
 -0.000791   0.000864  -0.001854
 -0.006423  -0.003061  -0.002382
  0.003327  -0.002649   0.002386
  0.000171  -0.000710  -0.000119
  0.000299   0.000796   0.000576
 -0.000323   0.000682   0.001176
 -0.000123  -0.000516   0.001347
  0.000074  -0.000895  -0.001436
  0.000199   0.000336   0.000167
 -0.000801   0.000181   0.001250
 -0.000419   0.000075   0.000526
  0.004862  -0.001383  -0.003934
  0.001797   0.000398  -0.000047
 -0.000821  -0.000630  -0.001067
 -0.001079   0.000252   0.000903
 -0.002025   0.001496  -0.001771
  0.000722   0.000947   0.001135
  0.000025  -0.000429  -0.000127
 -0.000041  -0.000126   0.000091
  0.000034  -0.000025   0.000262
  0.000315   0.000035  -0.000303
 -0.000069  -0.000247  -0.000203
  0.000058  -0.000113   0.000113
 -0.000034   0.000064   0.000330
 -0.000297   0.000020  -0.000190
  0.000109   0.000307   0.000712
  0.000342   0.000050  -0.000030
  0.000139   0.000289   0.000354
 -0.000088   0.000154  -0.000172
 -0.001638  -0.000346  -0.000539
  0.000432   0.000094   0.000134
  0.000759  -0.000284  -0.000265
 -0.000570  -0.000202   0.000704
 -0.002207   0.003380  -0.001098
  0.000707   0.000400   0.000251
  0.000846   0.001553   0.001398
 -0.000859   0.001194  -0.000222
 -0.005083  -0.020440   0.017482
  0.003743  -0.002964   0.000908
  0.002805   0.000859   0.002866
 -0.001867   0.003262  -0.010878
  0.001010   0.000440   0.001718
  0.000686  -0.000356   0.002643
 -0.000521  -0.001238   0.001688
 -0.000532   0.001532   0.001968
  0.000160   0.000446   0.000077
  0.000189  -0.000842  -0.000013
 -0.000404   0.000123  -0.000251
 -0.000236  -0.000065  -0.000523
  0.000254  -0.000182  -0.000374
  0.000290   0.000379  -0.000870
 -0.000178  -0.000016  -0.000127
 -0.000130  -0.000173  -0.000029
 -0.000203   0.000146   0.000024
 -0.000130   0.000138  -0.000632
  0.000090   0.000211   0.000380
  0.000101  -0.000286   0.000120
  0.000073  -0.000215  -0.000400
  0.000034  -0.000155   0.000021
 -0.000030  -0.000090  -0.000133
  0.000121   0.000125  -0.000480
  0.000371   0.000617  -0.000315
  0.000109  -0.000006  -0.000333
 -0.000270   0.000756   0.001366
 -0.000007  -0.000353   0.000199
  0.011342  -0.010952   0.010273
  0.001886   0.001831   0.002039
 -0.000561   0.000568   0.000909
 -0.000085  -0.000032   0.000467
  0.005733  -0.000136   0.001172
  0.000307  -0.000379  -0.001517
  0.005356   0.005005  -0.012828
 -0.004928  -0.004497   0.004613
 -0.000349   0.000434  -0.002242
 -0.000260  -0.000402  -0.002835
 -0.005413   0.003798  -0.004110
 -0.003048  -0.000622  -0.001900
 -0.055730   0.029508   0.106035
  0.000548  -0.000483  -0.008451
  0.137059   0.074086   0.186291
 -0.005674   0.002427  -0.009045
 -0.085331  -0.049642   0.448366
 -0.008335   0.002220  -0.018498
 -0.001880  -0.085985   0.114495
 -0.002161  -0.003157  -0.007726
  0.002874   0.000583  -0.008010
  0.000395  -0.000196  -0.008876
  0.005977   0.001061   0.002097
 -0.001655   0.001453  -0.005481
  0.010374  -0.003769  -0.007420
  0.000900   0.000229  -0.005575
  0.005649   0.001711  -0.003301
 -0.000327  -0.002010  -0.005425
  0.002777  -0.003795  -0.908140
  0.002307   0.000572   0.020858
 -0.015346  -0.001833   0.007467
 -0.000328   0.000006   0.012455
  0.001369  -0.000304   0.007169
  0.031495   0.035708   0.038060
 -0.024039   0.002464   0.008297
 -0.001495   0.000173   0.008179
 -0.006231   0.022597   0.019509
  0.002373  -0.000570   0.008242
  103    1  0.0150  0.0000  0.0000
  0.004060   0.001608  -0.001029
  0.000651   0.000068   0.000391
  0.000124  -0.000690   0.000552
 -0.000080  -0.000045   0.000381
  0.000274  -0.000478  -0.001172
  0.000231   0.000451  -0.000052
 -0.000056   0.000834   0.000546
  0.000312  -0.000630   0.001455
  0.000995  -0.000647  -0.000826
 -0.001741   0.001446   0.000042
 -0.000124  -0.002389  -0.003505
  0.001761   0.001851  -0.000386
  0.000703   0.001741   0.000597
  0.000010  -0.000670   0.000732
  0.000068  -0.000928  -0.001534
  0.000607  -0.000066   0.000263
 -0.001248   0.000922   0.000582
 -0.000236   0.000358  -0.000509
  0.004462  -0.003406  -0.002028
  0.000997  -0.000151   0.000395
 -0.001317   0.000159   0.000859
  0.000262   0.000003  -0.000069
  0.011513  -0.015074   0.012920
  0.000226   0.000170   0.000386
 -0.000206   0.000789   0.001026
  0.000028  -0.000100  -0.000027
  0.000908   0.000224  -0.000738
 -0.000092   0.000052  -0.000135
  0.000175  -0.000039  -0.000238
 -0.000004  -0.000102   0.000035
 -0.000420  -0.000092  -0.000299
  0.000164   0.000084  -0.000307
  0.000270   0.000161   0.000115
 -0.000084   0.000072  -0.000413
 -0.000012   0.000058   0.000356
  0.000064  -0.000259   0.000120
  0.000069  -0.000215  -0.000253
 -0.000130  -0.000067  -0.000229
 -0.000134  -0.000008   0.000092
  0.000179   0.000385  -0.000616
  0.000318   0.000092  -0.000110
  0.000284  -0.000195  -0.000197
 -0.000088  -0.000079   0.000265
  0.000089  -0.000844  -0.000100
  0.000321   0.001134  -0.001512
 -0.000162   0.000369   0.000137
 -0.000154  -0.000070  -0.000089
 -0.001911   0.000213  -0.000125
 -0.000785   0.000078  -0.000891
  0.005195  -0.010532   0.011688
  0.000874   0.004061  -0.003976
 -0.002361   0.002432   0.004052
 -0.000067  -0.000396   0.000541
  0.000898  -0.000652   0.000133
  0.001047  -0.000696   0.000184
 -0.001268  -0.000050  -0.000802
 -0.000408   0.000094   0.000767
  0.000620   0.000038  -0.000787
  0.000176  -0.000563  -0.000776
 -0.000262  -0.000247   0.000349
  0.000347   0.000263   0.000689
 -0.000274   0.000153  -0.000328
 -0.000049  -0.000210   0.000180
  0.000066   0.000060  -0.000041
  0.000178  -0.000222  -0.000171
 -0.000004  -0.000094   0.000121
 -0.000098   0.000084   0.000387
  0.000172   0.000003   0.000008
 -0.000260   0.000130   0.000469
 -0.000148   0.000045   0.000029
 -0.000036   0.000364  -0.000064
  0.000027   0.000049  -0.000145
  0.000237   0.000529  -0.000662
  0.000065  -0.000025   0.000126
  0.003566   0.002028   0.000902
  0.000321  -0.000043  -0.000512
 -0.001837   0.004136  -0.003660
 -0.000710  -0.000036  -0.000301
 -0.000945  -0.000123   0.001131
  0.001900  -0.000153   0.000533
  0.001148   0.000213   0.003656
  0.001596   0.005016  -0.007540
 -0.010194  -0.001909   0.003621
 -0.000963   0.000007  -0.000019
  0.020756  -0.003562  -0.001810
 -0.000011   0.000069   0.000104
  0.002819   0.006578   0.013549
  0.000053  -0.000068   0.000142
  0.002754  -0.002615   0.007355
  0.000999  -0.000251   0.000616
  0.005022  -0.009920   0.012086
  0.000113   0.000079   0.000040
  0.099632   0.015450  -0.074545
  0.006097  -0.001649   0.000658
  0.271085   0.086334   0.129141
  0.000396  -0.000140  -0.000280
  0.341786  -0.138694  -0.053790
  0.001628   0.000808   0.000133
  0.093831   0.026452  -0.002191
  0.000782  -0.000176  -0.001024
 -0.018252   0.008483  -0.015389
 -0.000141  -0.000056  -0.000324
 -0.811211   0.003668   0.002458
 -0.001732  -0.000823   0.002327
 -0.017947  -0.004956   0.004881
 -0.002637  -0.001413  -0.003385
 -0.045573   0.025456   0.008777
  0.000284  -0.000044   0.000587
  0.029652   0.001274  -0.044470
  0.000129  -0.000114  -0.000286
  103    2  0.0000  0.0150 -0.0000
 -0.001111   0.003747   0.000560
 -0.000009   0.000018  -0.000041
  0.001077  -0.001337  -0.000245
  0.000004  -0.000013   0.000029
  0.000358   0.000433   0.000166
  0.000003  -0.000021  -0.000067
  0.000138  -0.000219  -0.000050
 -0.000086  -0.000037   0.000117
  0.000073   0.000135   0.000142
 -0.000003  -0.000232   0.000061
 -0.000150   0.001503   0.001219
  0.001092  -0.001916   0.000308
  0.000019   0.000198  -0.000525
 -0.000429   0.000630  -0.000602
  0.000103   0.000004   0.000191
 -0.000302  -0.000327   0.000189
  0.000636  -0.000316  -0.000285
 -0.000048   0.000063  -0.000075
 -0.000863   0.001431   0.000687
 -0.000193  -0.000053  -0.000004
  0.001825   0.000800   0.000360
 -0.000009   0.000001   0.000011
  0.001421  -0.017329   0.004255
  0.000005  -0.000018  -0.000006
  0.000040  -0.000010   0.001001
 -0.000001   0.000002   0.000006
 -0.000397   0.000394  -0.000228
  0.000010   0.000000   0.000006
 -0.000006   0.000052  -0.000087
  0.000002   0.000009  -0.000011
 -0.000060  -0.000025  -0.000160
 -0.000001   0.000002   0.000011
  0.000009  -0.000017  -0.000066
 -0.000018   0.000013   0.000012
 -0.000009   0.000004   0.000030
 -0.000020   0.000020  -0.000005
  0.000003   0.000024   0.000025
  0.000008   0.000026  -0.000040
 -0.000009  -0.000004  -0.000029
  0.000048   0.000022   0.000011
  0.000033  -0.000019  -0.000016
  0.000020   0.000048   0.000036
 -0.000000   0.000005  -0.000013
 -0.000011   0.000119   0.000007
  0.000028  -0.000084   0.000059
  0.000018  -0.000019  -0.000110
  0.000007   0.000005   0.000022
 -0.000316   0.000299  -0.000045
  0.000238   0.000349   0.000186
  0.000444   0.011567  -0.001668
 -0.000489  -0.001164   0.000262
 -0.001424   0.001009  -0.001464
  0.000413  -0.000076  -0.000808
 -0.000159   0.000105   0.000223
 -0.002042  -0.000294   0.001306
 -0.000016   0.000008   0.000036
  0.000159  -0.000287  -0.000008
 -0.000205   0.000034   0.000308
  0.000133  -0.000119  -0.000147
  0.000059   0.000050  -0.000094
 -0.000036   0.000045  -0.000040
  0.000088  -0.000037   0.000083
 -0.000073  -0.000019  -0.000034
  0.000009   0.000024  -0.000011
 -0.000028  -0.000011   0.000007
  0.000002   0.000009  -0.000007
 -0.000036  -0.000020  -0.000015
 -0.000047  -0.000004   0.000025
  0.000091   0.000025  -0.000096
  0.000035  -0.000002  -0.000003
 -0.000090  -0.000167   0.000066
 -0.000005   0.000006   0.000012
  0.001381  -0.000251   0.000183
 -0.000018   0.000013  -0.000010
 -0.000595  -0.001392  -0.000373
 -0.000087  -0.000023   0.000123
  0.006310   0.007994   0.002760
  0.000010   0.000009   0.000002
 -0.000014   0.000003  -0.000071
  0.000078  -0.000146   0.000178
  0.000026   0.005192  -0.001871
 -0.002964  -0.004799  -0.001540
  0.005191   0.003039  -0.002426
  0.000122   0.000019  -0.000033
 -0.003483  -0.006652   0.004361
 -0.000050  -0.000023  -0.000014
 -0.001641  -0.003748  -0.003864
 -0.000002   0.000003  -0.000029
 -0.000868   0.000415  -0.000762
 -0.000100   0.000023  -0.000002
 -0.003481   0.003482  -0.000407
 -0.000019  -0.000013  -0.000010
  0.012694   0.085603  -0.042171
  0.000477  -0.000204   0.001687
  0.094049   0.127857   0.069251
 -0.000091  -0.000005   0.000325
 -0.136348   0.141573   0.024273
 -0.000319  -0.000189  -0.000031
  0.030044   0.436152  -0.073445
 -0.000283   0.000218  -0.000178
  0.008382   0.000963  -0.001823
  0.000051   0.000032  -0.000013
  0.003401  -0.858877  -0.003911
  0.000802  -0.000516  -0.000605
  0.003656  -0.006434   0.020482
  0.000253   0.000157   0.000000
 -0.009609   0.078674  -0.012274
  0.000109   0.000103   0.000086
 -0.006966  -0.007298   0.017122
 -0.000046   0.000002   0.000098
  103    3  0.0000  0.0000  0.0150
  0.004881  -0.001378  -0.003931
  0.001787   0.000392  -0.000045
 -0.000799   0.000176   0.001249
 -0.000417   0.000077   0.000520
  0.000079  -0.000894  -0.001430
  0.000204   0.000333   0.000163
 -0.000321   0.000680   0.001171
 -0.000121  -0.000517   0.001347
  0.000161  -0.000710  -0.000116
  0.000306   0.000797   0.000575
 -0.006430  -0.003060  -0.002388
  0.003328  -0.002643   0.002391
  0.000547  -0.001290   0.000537
 -0.000788   0.000865  -0.001856
 -0.000237  -0.000429  -0.002324
 -0.000523  -0.000852   0.001053
  0.001125   0.000536   0.000380
  0.000034   0.000426  -0.000287
 -0.002703   0.000923   0.000090
 -0.000856  -0.000598   0.000780
 -0.000558   0.000564   0.000909
 -0.000087  -0.000030   0.000467
  0.011381  -0.011014   0.010298
  0.001881   0.001830   0.002033
 -0.000272   0.000756   0.001366
 -0.000008  -0.000353   0.000196
  0.000366   0.000616  -0.000315
  0.000108  -0.000006  -0.000332
  0.000075  -0.000214  -0.000398
  0.000034  -0.000156   0.000019
 -0.000028  -0.000090  -0.000129
  0.000122   0.000123  -0.000477
 -0.000202   0.000144   0.000024
 -0.000130   0.000137  -0.000632
  0.000090   0.000208   0.000378
  0.000100  -0.000285   0.000119
 -0.000179  -0.000016  -0.000125
 -0.000129  -0.000173  -0.000031
  0.000254  -0.000182  -0.000371
  0.000293   0.000377  -0.000867
 -0.000403   0.000121  -0.000249
 -0.000235  -0.000066  -0.000524
  0.000159   0.000443   0.000075
  0.000190  -0.000842  -0.000014
 -0.000521  -0.001236   0.001687
 -0.000529   0.001522   0.001960
  0.001006   0.000440   0.001715
  0.000687  -0.000359   0.002651
  0.002803   0.000858   0.002860
 -0.001870   0.003255  -0.010844
 -0.005091  -0.020488   0.017508
  0.003743  -0.002970   0.000905
  0.000843   0.001554   0.001405
 -0.000857   0.001192  -0.000225
 -0.002203   0.003383  -0.001102
  0.000706   0.000399   0.000250
  0.000756  -0.000286  -0.000263
 -0.000566  -0.000203   0.000702
 -0.001636  -0.000347  -0.000540
  0.000431   0.000093   0.000134
  0.000108   0.000307   0.000707
  0.000341   0.000050  -0.000028
  0.000138   0.000287   0.000355
 -0.000088   0.000154  -0.000172
 -0.000071  -0.000246  -0.000201
  0.000058  -0.000111   0.000112
 -0.000034   0.000064   0.000331
 -0.000296   0.000019  -0.000187
  0.000033  -0.000026   0.000258
  0.000314   0.000034  -0.000300
  0.000024  -0.000430  -0.000128
 -0.000041  -0.000126   0.000091
 -0.002020   0.001488  -0.001765
  0.000718   0.000942   0.001131
 -0.000818  -0.000630  -0.001068
 -0.001082   0.000250   0.000904
 -0.005420   0.003813  -0.004124
 -0.003036  -0.000617  -0.001901
 -0.000345   0.000430  -0.002236
 -0.000264  -0.000398  -0.002827
  0.005367   0.005026  -0.012832
 -0.004915  -0.004487   0.004590
  0.005726  -0.000124   0.001169
  0.000307  -0.000376  -0.001507
  0.010370  -0.003765  -0.007429
  0.000895   0.000227  -0.005566
  0.005971   0.001061   0.002090
 -0.001649   0.001451  -0.005469
  0.002874   0.000580  -0.008011
  0.000389  -0.000190  -0.008848
  0.005650   0.001716  -0.003304
 -0.000325  -0.002007  -0.005412
 -0.085487  -0.049936   0.448575
 -0.008344   0.002221  -0.018503
  0.137472   0.074273   0.186636
 -0.005666   0.002420  -0.009043
 -0.055886   0.029584   0.105999
  0.000550  -0.000481  -0.008447
 -0.001861  -0.085766   0.114424
 -0.002160  -0.003152  -0.007726
 -0.015338  -0.001839   0.007484
 -0.000328   0.000005   0.012415
  0.002634  -0.004006  -0.908637
  0.002298   0.000574   0.020869
  0.031511   0.035751   0.038088
  0.001363  -0.000297   0.007150
 -0.006243   0.022682   0.019493
  0.002364  -0.000568   0.008225
 -0.024038   0.002463   0.008309
 -0.001501   0.000175   0.008160
  105    1  0.0150  0.0000  0.0000
  0.000613   0.000043   0.000369
  0.000603  -0.000062   0.000369
 -0.000036  -0.000078   0.000191
 -0.000022   0.000059   0.000193
  0.000048  -0.000162  -0.000020
  0.000051   0.000157  -0.000037
  0.000014   0.000193   0.000354
  0.000005  -0.000213   0.000362
  0.000081  -0.000271   0.000018
  0.000094   0.000264   0.000009
  0.019850  -0.004962  -0.000861
  0.019864   0.004959  -0.000858
 -0.000344   0.000509  -0.001112
 -0.000348  -0.000528  -0.001113
  0.000108   0.000794   0.000882
  0.000134  -0.000798   0.000871
 -0.000398  -0.000701  -0.001317
 -0.000381   0.000683  -0.001314
  0.001206   0.000438   0.000558
  0.001217  -0.000455   0.000549
 -0.000108  -0.000046   0.000186
 -0.000114   0.000040   0.000185
  0.000783  -0.000878   0.000975
  0.000770   0.000860   0.000962
 -0.000020   0.000142   0.000031
 -0.000014  -0.000147   0.000033
  0.000163  -0.000041  -0.000175
  0.000169   0.000031  -0.000165
  0.000032   0.000057   0.000026
  0.000034  -0.000066   0.000020
 -0.000053  -0.000059  -0.000207
 -0.000050   0.000048  -0.000204
  0.000074  -0.000026  -0.000183
  0.000072   0.000017  -0.000175
  0.000015   0.000097   0.000073
  0.000015  -0.000104   0.000074
 -0.000019   0.000014  -0.000035
 -0.000021  -0.000021  -0.000041
  0.000007  -0.000095  -0.000196
  0.000009   0.000085  -0.000198
 -0.000019   0.000023  -0.000120
 -0.000022  -0.000033  -0.000123
  0.000024   0.000179   0.000018
  0.000021  -0.000188   0.000021
 -0.000079  -0.000244   0.000318
 -0.000076   0.000225   0.000305
  0.000120   0.000108   0.000445
  0.000127  -0.000118   0.000457
 -0.004545  -0.003286  -0.005757
 -0.004541   0.003280  -0.005760
 -0.002025  -0.003603   0.000960
 -0.002017   0.003589   0.000951
 -0.000047  -0.001248  -0.000318
 -0.000052   0.001244  -0.000313
  0.001220  -0.000887   0.000632
  0.001215   0.000879   0.000626
 -0.000368   0.000473   0.000541
 -0.000367  -0.000484   0.000544
  0.000049   0.000171   0.000438
  0.000048  -0.000178   0.000435
 -0.000004  -0.000032   0.000125
 -0.000004   0.000022   0.000135
  0.000025  -0.000402  -0.000199
  0.000025   0.000397  -0.000199
  0.000007   0.000027   0.000146
  0.000011  -0.000033   0.000143
  0.000047   0.000087   0.000396
  0.000049  -0.000099   0.000399
 -0.000197  -0.000025   0.000233
 -0.000193   0.000015   0.000245
  0.000007  -0.000226  -0.000286
  0.000010   0.000219  -0.000283
 -0.000319   0.000473  -0.000340
 -0.000328  -0.000490  -0.000352
  0.000717   0.000015  -0.001317
  0.000712  -0.000021  -0.001310
 -0.001009   0.000333  -0.000855
 -0.000946  -0.000328  -0.000832
 -0.000145   0.000070  -0.000456
 -0.000181  -0.000070  -0.000460
  0.045384  -0.033778  -0.013504
  0.045357   0.033784  -0.013502
 -0.000655   0.000063   0.000327
 -0.000614  -0.000059   0.000357
  0.001887  -0.000155  -0.001901
  0.001909   0.000148  -0.001865
  0.001049  -0.000252   0.000241
  0.001083   0.000238   0.000295
  0.000438  -0.000015  -0.001332
  0.000421   0.000015  -0.001270
  0.000870  -0.000014  -0.000575
  0.000885   0.000027  -0.000524
  0.032940   0.030954   0.011919
  0.032970  -0.030948   0.011856
  0.000163  -0.000895  -0.007227
  0.000158   0.000904  -0.007238
  0.013660  -0.004534  -0.002683
  0.013700   0.004538  -0.002698
  0.005890   0.003295  -0.007592
  0.005906  -0.003311  -0.007586
 -0.002638   0.000252   0.001415
 -0.002664  -0.000269   0.001336
 -0.017926   0.003689   0.031504
 -0.017960  -0.003707   0.031534
 -0.186781   0.000415  -0.017976
  0.000211   0.000009   0.001196
 -0.001087  -0.000110   0.003975
 -0.001129   0.000109   0.003956
 -0.002219  -0.000202  -0.000367
 -0.002259   0.000201  -0.000386
  105    2  0.0000  0.0150 -0.0000
  0.000322  -0.000063  -0.000318
 -0.000322  -0.000063   0.000318
 -0.000025   0.000029   0.000084
  0.000025   0.000029  -0.000084
 -0.000008  -0.000058  -0.000167
  0.000008  -0.000058   0.000167
 -0.000022   0.000020  -0.000016
  0.000022   0.000020   0.000016
 -0.000048   0.000003  -0.000066
  0.000048   0.000003   0.000066
 -0.007477  -0.007581  -0.003144
  0.007477  -0.007581   0.003144
  0.003181   0.002466   0.001217
 -0.003181   0.002466  -0.001217
  0.000995  -0.001258  -0.000439
 -0.000995  -0.001258   0.000439
  0.000478   0.000378   0.000256
 -0.000478   0.000378  -0.000256
 -0.000250   0.000030  -0.000069
  0.000250   0.000030   0.000069
 -0.000036   0.000033   0.000061
  0.000036   0.000033  -0.000061
  0.000416  -0.000758   0.000377
 -0.000416  -0.000758  -0.000377
 -0.000000   0.000047   0.000097
  0.000000   0.000047  -0.000097
  0.000040   0.000052  -0.000004
 -0.000040   0.000052   0.000004
  0.000008  -0.000021  -0.000040
 -0.000008  -0.000021   0.000040
 -0.000011   0.000014   0.000038
  0.000011   0.000014  -0.000038
 -0.000008   0.000036   0.000057
  0.000008   0.000036  -0.000057
  0.000001   0.000002   0.000028
 -0.000001   0.000002  -0.000028
 -0.000009  -0.000007  -0.000010
  0.000009  -0.000007   0.000010
 -0.000006   0.000027   0.000044
  0.000006   0.000027  -0.000044
 -0.000021   0.000019   0.000026
  0.000021   0.000019  -0.000026
 -0.000002  -0.000022   0.000007
  0.000002  -0.000022  -0.000007
 -0.000008   0.000011  -0.000015
  0.000008   0.000011   0.000015
  0.000012  -0.000022  -0.000098
 -0.000012  -0.000022   0.000098
 -0.000792   0.006222   0.003717
  0.000792   0.006222  -0.003717
 -0.006483   0.022078  -0.001238
  0.006483   0.022078   0.001238
  0.001586   0.000541  -0.000926
 -0.001586   0.000541   0.000926
  0.000954  -0.000337   0.000927
 -0.000954  -0.000337  -0.000927
 -0.000205   0.000049   0.000049
  0.000205   0.000049  -0.000049
  0.000165  -0.000027  -0.000097
 -0.000165  -0.000027   0.000097
  0.000002   0.000060   0.000127
 -0.000002   0.000060  -0.000127
 -0.000118  -0.000011  -0.000014
  0.000118  -0.000011   0.000014
 -0.000011  -0.000056  -0.000026
  0.000011  -0.000056   0.000026
  0.000019   0.000017   0.000064
 -0.000019   0.000017  -0.000064
 -0.000048   0.000008   0.000066
  0.000048   0.000008  -0.000066
 -0.000003  -0.000075  -0.000038
  0.000003  -0.000075   0.000038
 -0.000298   0.000324  -0.000411
  0.000298   0.000324   0.000411
 -0.000031  -0.000229  -0.000294
  0.000031  -0.000229   0.000294
 -0.000364   0.000253  -0.000172
  0.000364   0.000253   0.000172
  0.000023   0.000025   0.000055
 -0.000023   0.000025  -0.000055
 -0.033250   0.038127   0.013960
  0.033250   0.038127  -0.013960
  0.001039   0.000174   0.000207
 -0.001039   0.000174  -0.000207
  0.000853  -0.000306  -0.000644
 -0.000853  -0.000306   0.000644
  0.000967  -0.000239   0.000271
 -0.000967  -0.000239  -0.000271
  0.000250   0.000024  -0.000040
 -0.000250   0.000024   0.000040
  0.000462   0.000017   0.000040
 -0.000462   0.000017  -0.000040
  0.029442   0.040618   0.026039
 -0.029442   0.040618  -0.026039
 -0.001511  -0.000944  -0.007997
  0.001511  -0.000944   0.007997
  0.006462  -0.002777  -0.005161
 -0.006462  -0.002777   0.005161
  0.002780   0.008249  -0.001186
 -0.002780   0.008249   0.001186
 -0.001324   0.000158  -0.000242
  0.001324   0.000158   0.000242
 -0.004911  -0.006439   0.035836
  0.004911  -0.006439  -0.035836
 -0.000000  -0.199814   0.000000
  0.000000   0.000014  -0.000000
 -0.000456   0.001546   0.000435
  0.000456   0.001546  -0.000435
 -0.001982  -0.000530   0.000594
  0.001982  -0.000530  -0.000594
  105    3  0.0000  0.0000  0.0150
  0.001663  -0.000695  -0.000760
  0.001659   0.000695  -0.000767
 -0.000370   0.000132   0.000491
 -0.000371  -0.000141   0.000494
  0.000055  -0.000345  -0.000248
  0.000056   0.000343  -0.000253
 -0.000133   0.000285   0.000653
 -0.000129  -0.000291   0.000660
  0.000198  -0.000349   0.000194
  0.000203   0.000347   0.000191
 -0.005134  -0.004425  -0.003284
 -0.005136   0.004403  -0.003281
  0.002341   0.001555   0.000560
  0.002335  -0.001565   0.000561
  0.000577  -0.000549  -0.000315
  0.000578   0.000552  -0.000324
  0.000636   0.000086  -0.000051
  0.000640  -0.000093  -0.000047
 -0.001197   0.000649   0.000384
 -0.001182  -0.000654   0.000386
 -0.000271   0.000036   0.000347
 -0.000273  -0.000040   0.000346
  0.001869  -0.001369   0.001716
  0.001865   0.001362   0.001711
 -0.000046   0.000283   0.000235
 -0.000046  -0.000285   0.000236
  0.000191   0.000061  -0.000149
  0.000192  -0.000065  -0.000146
  0.000036   0.000012  -0.000059
  0.000035  -0.000013  -0.000061
  0.000034  -0.000059  -0.000175
  0.000033   0.000056  -0.000174
 -0.000073  -0.000015  -0.000204
 -0.000075   0.000010  -0.000196
  0.000057   0.000141   0.000125
  0.000057  -0.000145   0.000127
 -0.000078   0.000059  -0.000008
 -0.000079  -0.000060  -0.000008
  0.000144  -0.000149  -0.000344
  0.000145   0.000145  -0.000343
 -0.000207   0.000035  -0.000212
 -0.000207  -0.000040  -0.000212
  0.000095   0.000343   0.000017
  0.000095  -0.000347   0.000019
 -0.000292  -0.000829   0.001157
 -0.000291   0.000823   0.001154
  0.000641   0.000340   0.001265
  0.000643  -0.000343   0.001268
 -0.010853   0.007691   0.000877
 -0.010846  -0.007695   0.000886
  0.006881   0.004461  -0.012583
  0.006881  -0.004473  -0.012590
 -0.000443   0.000083  -0.000188
 -0.000449  -0.000069  -0.000175
  0.002972  -0.000182   0.001271
  0.002965   0.000184   0.001255
 -0.000510   0.000152   0.000509
 -0.000511  -0.000159   0.000514
  0.000348  -0.000124  -0.000353
  0.000347   0.000116  -0.000358
  0.000197   0.000066   0.000313
  0.000197  -0.000069   0.000317
 -0.000118  -0.000109  -0.000058
 -0.000119   0.000109  -0.000057
  0.000007  -0.000055   0.000030
  0.000009   0.000049   0.000026
 -0.000124   0.000038   0.000111
 -0.000123  -0.000044   0.000113
  0.000131  -0.000045   0.000015
  0.000134   0.000044   0.000017
 -0.000003  -0.000164  -0.000062
  0.000001   0.000162  -0.000062
 -0.000434   0.000182  -0.000107
 -0.000446  -0.000194  -0.000119
 -0.000960  -0.000294  -0.000255
 -0.000962   0.000293  -0.000256
 -0.003108   0.000583  -0.001777
 -0.003104  -0.000593  -0.001770
 -0.000313   0.000181  -0.001533
 -0.000318  -0.000183  -0.001531
 -0.008264   0.006686   0.023888
 -0.008305  -0.006673   0.023879
  0.002326   0.000166  -0.000313
  0.002373  -0.000172  -0.000277
  0.002262  -0.000208  -0.004710
  0.002288   0.000209  -0.004705
  0.001115  -0.000954  -0.002411
  0.001164   0.000949  -0.002376
  0.000653   0.000121  -0.005369
  0.000657  -0.000123  -0.005344
  0.001030   0.001098  -0.003274
  0.001055  -0.001096  -0.003250
  0.016156   0.019026   0.024555
  0.016133  -0.019016   0.024549
 -0.005067  -0.003134  -0.007331
 -0.005072   0.003137  -0.007324
  0.006543  -0.003121  -0.006200
  0.006591   0.003142  -0.006199
 -0.002032  -0.000286  -0.009564
 -0.002020   0.000269  -0.009549
 -0.003349  -0.000011   0.007173
 -0.003378   0.000008   0.007132
  0.004904   0.020524   0.038130
  0.004893  -0.020542   0.038125
 -0.018020   0.000161  -0.117184
  0.001194   0.000003   0.004510
  0.002573  -0.001905   0.008927
  0.002557   0.001908   0.008920
 -0.004861  -0.000491   0.005258
 -0.004911   0.000497   0.005239
  106    1  0.0150  0.0000  0.0000
  0.001228   0.000455   0.000558
  0.001237  -0.000460   0.000557
 -0.000342  -0.000691  -0.001313
 -0.000347   0.000689  -0.001315
  0.000152   0.000789   0.000877
  0.000157  -0.000788   0.000878
 -0.000327   0.000532  -0.001105
 -0.000337  -0.000532  -0.001106
  0.019850  -0.004948  -0.000861
  0.019844   0.004956  -0.000861
  0.000086  -0.000270  -0.000002
  0.000086   0.000268  -0.000002
  0.000000   0.000201   0.000352
  0.000002  -0.000201   0.000353
  0.000036  -0.000160  -0.000027
  0.000035   0.000159  -0.000027
 -0.000049  -0.000067   0.000198
 -0.000048   0.000065   0.000197
  0.000596   0.000045   0.000373
  0.000595  -0.000047   0.000373
  0.000714   0.000014  -0.001314
  0.000714  -0.000015  -0.001315
 -0.000321   0.000475  -0.000341
 -0.000321  -0.000477  -0.000341
  0.000013  -0.000219  -0.000283
  0.000013   0.000218  -0.000282
 -0.000190  -0.000021   0.000241
 -0.000190   0.000018   0.000242
  0.000014   0.000033   0.000142
  0.000014  -0.000034   0.000142
  0.000050   0.000092   0.000398
  0.000050  -0.000095   0.000397
 -0.000000  -0.000030   0.000127
 -0.000000   0.000028   0.000127
  0.000028  -0.000402  -0.000199
  0.000027   0.000401  -0.000199
  0.000048   0.000177   0.000435
  0.000049  -0.000178   0.000436
 -0.000370   0.000480   0.000547
 -0.000369  -0.000482   0.000549
  0.001215  -0.000886   0.000626
  0.001215   0.000885   0.000625
 -0.000060  -0.001257  -0.000303
 -0.000060   0.001254  -0.000304
 -0.002019  -0.003584   0.000949
 -0.002015   0.003583   0.000947
 -0.004559  -0.003282  -0.005758
 -0.004558   0.003283  -0.005759
  0.000121   0.000110   0.000441
  0.000121  -0.000112   0.000441
 -0.000081  -0.000238   0.000312
 -0.000081   0.000236   0.000311
  0.000023   0.000189   0.000017
  0.000023  -0.000191   0.000017
 -0.000023   0.000027  -0.000120
 -0.000022  -0.000029  -0.000120
  0.000006  -0.000092  -0.000200
  0.000006   0.000090  -0.000200
 -0.000022   0.000016  -0.000038
 -0.000021  -0.000017  -0.000037
  0.000070  -0.000021  -0.000175
  0.000071   0.000019  -0.000174
  0.000013   0.000101   0.000075
  0.000013  -0.000103   0.000075
  0.000029   0.000058   0.000027
  0.000030  -0.000060   0.000027
 -0.000054  -0.000055  -0.000205
 -0.000054   0.000053  -0.000205
  0.000162  -0.000036  -0.000162
  0.000162   0.000034  -0.000162
 -0.000021   0.000142   0.000037
 -0.000021  -0.000144   0.000037
  0.000775  -0.000866   0.000972
  0.000775   0.000866   0.000972
 -0.000115  -0.000042   0.000186
 -0.000115   0.000040   0.000186
 -0.000604   0.000037   0.000322
 -0.000601  -0.000037   0.000323
  0.045144  -0.033612  -0.013383
  0.045144   0.033612  -0.013377
 -0.000179   0.000085  -0.000518
 -0.000180  -0.000087  -0.000519
 -0.001004   0.000341  -0.000827
 -0.001005  -0.000343  -0.000827
  0.013642  -0.004529  -0.002673
  0.013636   0.004528  -0.002676
  0.000134  -0.000907  -0.007216
  0.000133   0.000903  -0.007223
  0.032941   0.030969   0.011953
  0.032969  -0.030961   0.011960
  0.005868   0.003292  -0.007574
  0.005866  -0.003289  -0.007572
  0.000432   0.000004  -0.001372
  0.000433  -0.000005  -0.001366
  0.001060  -0.000249   0.000255
  0.001060   0.000247   0.000256
  0.001882  -0.000146  -0.001892
  0.001883   0.000145  -0.001892
  0.000868  -0.000018  -0.000562
  0.000868   0.000018  -0.000560
 -0.017926   0.003691   0.031520
 -0.017934  -0.003698   0.031512
 -0.002634   0.000271   0.001380
 -0.002635  -0.000274   0.001378
  0.000220  -0.000001   0.001211
 -0.186177   0.000071  -0.018234
 -0.002224  -0.000204  -0.000359
 -0.002225   0.000200  -0.000356
 -0.001103  -0.000108   0.003973
 -0.001105   0.000105   0.003974
  106    2  0.0000  0.0150 -0.0000
 -0.000271   0.000034  -0.000076
  0.000271   0.000034   0.000076
  0.000488   0.000372   0.000255
 -0.000488   0.000372  -0.000255
  0.001005  -0.001268  -0.000457
 -0.001005  -0.001268   0.000457
  0.003191   0.002463   0.001220
 -0.003191   0.002463  -0.001220
 -0.007453  -0.007594  -0.003151
  0.007453  -0.007594   0.003151
 -0.000049  -0.000005  -0.000073
  0.000049  -0.000005   0.000073
 -0.000023   0.000013  -0.000017
  0.000023   0.000013   0.000017
 -0.000009  -0.000068  -0.000182
  0.000009  -0.000068   0.000182
 -0.000028   0.000025   0.000083
  0.000028   0.000025  -0.000083
  0.000324  -0.000076  -0.000334
 -0.000324  -0.000076   0.000334
 -0.000037  -0.000238  -0.000293
  0.000037  -0.000238   0.000293
 -0.000315   0.000333  -0.000429
  0.000315   0.000333   0.000429
 -0.000000  -0.000084  -0.000038
  0.000000  -0.000084   0.000038
 -0.000045   0.000001   0.000073
  0.000045   0.000001  -0.000073
 -0.000009  -0.000066  -0.000028
  0.000009  -0.000066   0.000028
  0.000020   0.000012   0.000065
 -0.000020   0.000012  -0.000065
  0.000001   0.000053   0.000136
 -0.000001   0.000053  -0.000136
 -0.000118  -0.000019  -0.000015
  0.000118  -0.000019   0.000015
  0.000165  -0.000040  -0.000096
 -0.000165  -0.000040   0.000096
 -0.000201   0.000041   0.000047
  0.000201   0.000041  -0.000047
  0.000956  -0.000336   0.000943
 -0.000956  -0.000336  -0.000943
  0.001581   0.000548  -0.000933
 -0.001581   0.000548   0.000933
 -0.006467   0.022061  -0.001243
  0.006467   0.022061   0.001243
 -0.000782   0.006224   0.003729
  0.000782   0.006224  -0.003729
  0.000013  -0.000028  -0.000097
 -0.000013  -0.000028   0.000097
 -0.000008   0.000005  -0.000016
  0.000008   0.000005   0.000016
 -0.000002  -0.000030   0.000008
  0.000002  -0.000030  -0.000008
 -0.000022   0.000013   0.000027
  0.000022   0.000013  -0.000027
 -0.000005   0.000020   0.000047
  0.000005   0.000020  -0.000047
 -0.000010  -0.000016  -0.000012
  0.000010  -0.000016   0.000012
 -0.000009   0.000031   0.000064
  0.000009   0.000031  -0.000064
  0.000000  -0.000005   0.000029
 -0.000000  -0.000005  -0.000029
  0.000006  -0.000031  -0.000043
 -0.000006  -0.000031   0.000043
 -0.000012   0.000008   0.000039
  0.000012   0.000008  -0.000039
  0.000040   0.000045  -0.000000
 -0.000040   0.000045   0.000000
 -0.000002   0.000039   0.000097
  0.000002   0.000039  -0.000097
  0.000414  -0.000759   0.000373
 -0.000414  -0.000759  -0.000373
 -0.000037   0.000027   0.000060
  0.000037   0.000027  -0.000060
  0.001089   0.000162   0.000223
 -0.001089   0.000162  -0.000223
 -0.033103   0.038010   0.013879
  0.033103   0.038010  -0.013879
  0.000024   0.000020   0.000058
 -0.000024   0.000020  -0.000058
 -0.000368   0.000254  -0.000165
  0.000368   0.000254   0.000165
  0.006501  -0.002792  -0.005146
 -0.006501  -0.002792   0.005146
 -0.001482  -0.000957  -0.007964
  0.001482  -0.000957   0.007964
  0.029443   0.040612   0.026193
 -0.029443   0.040612  -0.026193
  0.002783   0.008227  -0.001180
 -0.002783   0.008227   0.001180
  0.000257   0.000016  -0.000027
 -0.000257   0.000016   0.000027
  0.001012  -0.000243   0.000302
 -0.001012  -0.000243  -0.000302
  0.000883  -0.000316  -0.000643
 -0.000883  -0.000316   0.000643
  0.000484   0.000002   0.000058
 -0.000484   0.000002  -0.000058
 -0.004940  -0.006389   0.035752
  0.004940  -0.006389  -0.035752
 -0.001375   0.000150  -0.000282
  0.001375   0.000150   0.000282
  0.000000   0.000003  -0.000000
 -0.000000  -0.198894   0.000000
 -0.002032  -0.000547   0.000572
  0.002032  -0.000547  -0.000572
 -0.000468   0.001532   0.000426
  0.000468   0.001532  -0.000426
  106    3  0.0000  0.0000  0.0150
 -0.001198   0.000649   0.000380
 -0.001184  -0.000653   0.000382
  0.000637   0.000087  -0.000053
  0.000641  -0.000093  -0.000048
  0.000575  -0.000548  -0.000318
  0.000575   0.000554  -0.000327
  0.002342   0.001553   0.000558
  0.002335  -0.001562   0.000559
 -0.005146  -0.004421  -0.003280
 -0.005147   0.004399  -0.003274
  0.000198  -0.000348   0.000189
  0.000202   0.000348   0.000186
 -0.000134   0.000286   0.000649
 -0.000129  -0.000290   0.000657
  0.000054  -0.000345  -0.000250
  0.000055   0.000344  -0.000256
 -0.000369   0.000133   0.000489
 -0.000369  -0.000141   0.000493
  0.001662  -0.000695  -0.000762
  0.001658   0.000696  -0.000770
 -0.000961  -0.000293  -0.000255
 -0.000963   0.000294  -0.000258
 -0.000433   0.000183  -0.000109
 -0.000446  -0.000194  -0.000122
 -0.000003  -0.000163  -0.000064
  0.000001   0.000162  -0.000064
  0.000131  -0.000044   0.000012
  0.000135   0.000044   0.000014
  0.000006  -0.000054   0.000027
  0.000008   0.000050   0.000023
 -0.000125   0.000038   0.000108
 -0.000124  -0.000043   0.000109
  0.000197   0.000067   0.000311
  0.000197  -0.000068   0.000315
 -0.000118  -0.000108  -0.000061
 -0.000120   0.000109  -0.000060
  0.000349  -0.000122  -0.000358
  0.000347   0.000117  -0.000362
 -0.000509   0.000152   0.000506
 -0.000510  -0.000157   0.000510
  0.002971  -0.000180   0.001264
  0.002964   0.000182   0.001249
 -0.000444   0.000082  -0.000186
 -0.000450  -0.000068  -0.000174
  0.006880   0.004446  -0.012581
  0.006879  -0.004457  -0.012588
 -0.010842   0.007685   0.000874
 -0.010835  -0.007687   0.000882
  0.000640   0.000339   0.001260
  0.000642  -0.000342   0.001264
 -0.000293  -0.000831   0.001156
 -0.000291   0.000824   0.001151
  0.000095   0.000344   0.000015
  0.000095  -0.000346   0.000016
 -0.000207   0.000036  -0.000215
 -0.000208  -0.000040  -0.000214
  0.000143  -0.000149  -0.000347
  0.000144   0.000146  -0.000346
 -0.000079   0.000059  -0.000011
 -0.000079  -0.000059  -0.000011
 -0.000074  -0.000014  -0.000207
 -0.000075   0.000010  -0.000199
  0.000056   0.000142   0.000122
  0.000056  -0.000145   0.000124
  0.000035   0.000012  -0.000062
  0.000034  -0.000012  -0.000064
  0.000032  -0.000059  -0.000179
  0.000032   0.000057  -0.000177
  0.000191   0.000062  -0.000152
  0.000193  -0.000064  -0.000148
 -0.000046   0.000283   0.000233
 -0.000046  -0.000285   0.000234
  0.001867  -0.001366   0.001713
  0.001863   0.001359   0.001708
 -0.000271   0.000038   0.000344
 -0.000273  -0.000041   0.000345
  0.002324   0.000167  -0.000318
  0.002375  -0.000171  -0.000280
 -0.008193   0.006638   0.023883
 -0.008237  -0.006624   0.023875
 -0.000311   0.000184  -0.001536
 -0.000316  -0.000185  -0.001534
 -0.003108   0.000581  -0.001777
 -0.003103  -0.000590  -0.001770
  0.006538  -0.003117  -0.006208
  0.006585   0.003139  -0.006206
 -0.005072  -0.003135  -0.007340
 -0.005074   0.003139  -0.007330
  0.016186   0.019068   0.024576
  0.016164  -0.019059   0.024569
 -0.002032  -0.000278  -0.009569
 -0.002020   0.000260  -0.009553
  0.000653   0.000124  -0.005367
  0.000658  -0.000125  -0.005341
  0.001114  -0.000954  -0.002416
  0.001166   0.000950  -0.002378
  0.002264  -0.000210  -0.004712
  0.002289   0.000210  -0.004704
  0.001029   0.001099  -0.003280
  0.001054  -0.001093  -0.003253
  0.004898   0.020483   0.038121
  0.004885  -0.020500   0.038115
 -0.003348  -0.000008   0.007172
 -0.003380   0.000006   0.007129
  0.001193   0.000004   0.004508
 -0.018159   0.000100  -0.116924
 -0.004856  -0.000491   0.005260
 -0.004909   0.000498   0.005239
  0.002572  -0.001899   0.008920
  0.002555   0.001903   0.008911
  107    1  0.0150  0.0000  0.0000
  0.020247  -0.000438  -0.002109
  0.000957   0.000314   0.000008
 -0.001798   0.000738   0.001160
 -0.000135  -0.000210   0.000600
 -0.000260  -0.000969  -0.001332
  0.000271   0.000771  -0.000254
 -0.000326   0.001188   0.000708
  0.000515  -0.000761   0.001919
  0.001530  -0.000474  -0.000633
 -0.003332   0.002276   0.000023
 -0.000751  -0.000850  -0.001149
  0.000524   0.000167   0.000108
  0.000075   0.000453   0.000246
 -0.000036  -0.000101   0.000251
 -0.000011  -0.000570  -0.001299
  0.000140  -0.000092   0.000243
 -0.000195   0.000310   0.000411
 -0.000036   0.000156  -0.000142
  0.001896  -0.000860  -0.001091
  0.000114  -0.000150   0.000310
 -0.001097   0.001050   0.002451
  0.000352  -0.000042  -0.000085
 -0.000897   0.008662  -0.003074
  0.000400   0.000322   0.000447
  0.000259   0.000884   0.000724
  0.000029  -0.000128   0.000029
  0.000303   0.000540   0.000038
 -0.000135   0.000025  -0.000115
  0.000016  -0.000294  -0.000355
 -0.000025  -0.000080  -0.000008
 -0.000166  -0.000106  -0.000005
  0.000243   0.000097  -0.000334
  0.000108   0.000186   0.000201
 -0.000166   0.000042  -0.000454
  0.000047   0.000043   0.000325
  0.000115  -0.000372   0.000185
  0.000137  -0.000206  -0.000226
 -0.000207  -0.000087  -0.000338
 -0.000134   0.000005   0.000085
  0.000136   0.000455  -0.000801
  0.000444  -0.000038  -0.000118
  0.000656  -0.000414  -0.000159
 -0.000130  -0.000142   0.000224
  0.000069  -0.001354  -0.000235
  0.000623   0.001612  -0.002034
 -0.000059   0.000135  -0.000378
 -0.000195  -0.000095  -0.000127
 -0.003285   0.002416  -0.002822
  0.000136   0.000079  -0.000000
  0.001079  -0.000341   0.002050
 -0.000546  -0.000602   0.000544
 -0.000331   0.000543   0.000620
  0.000108   0.000034   0.000226
  0.000086  -0.000191   0.000037
 -0.000316   0.000384   0.000144
 -0.000178   0.000006  -0.000193
  0.000031   0.000028   0.000245
  0.000120   0.000072  -0.000214
 -0.000132  -0.000206  -0.000247
 -0.000033  -0.000055   0.000040
  0.000182   0.000200   0.000394
 -0.000048   0.000062  -0.000151
 -0.000002  -0.000026   0.000233
  0.000024  -0.000006  -0.000021
  0.000077  -0.000141  -0.000161
 -0.000002  -0.000053   0.000063
 -0.000152   0.000038   0.000177
  0.000052   0.000016  -0.000056
  0.000238   0.000098   0.000094
 -0.000066   0.000025  -0.000033
 -0.000070   0.000184   0.000174
  0.000011   0.000007  -0.000049
  0.001614  -0.001285   0.001153
 -0.000049  -0.000035   0.000038
  0.000242   0.000208   0.000256
  0.000020   0.000020  -0.000068
  0.038178   0.020930   0.015527
 -0.001092  -0.000091  -0.000288
 -0.001772  -0.000088   0.001403
  0.002798  -0.001309   0.002004
  0.000819   0.000556  -0.000231
 -0.000219   0.000084  -0.001232
 -0.003031   0.000487  -0.000608
 -0.000066   0.000032  -0.000077
  0.032798   0.013409  -0.046485
 -0.000438   0.000040   0.000448
 -0.006969   0.000260   0.001310
  0.000329  -0.000133   0.000346
 -0.004776   0.000706   0.010475
  0.001061  -0.000233   0.001692
 -0.003913   0.003160   0.003639
  0.000087   0.000155   0.000358
  0.007671   0.006154  -0.001142
  0.000345  -0.000139  -0.001582
  0.032046  -0.015959   0.002795
 -0.000817   0.000146  -0.000954
  0.011391  -0.006685  -0.006070
  0.000101   0.000075  -0.000440
  0.024941  -0.019032   0.035230
 -0.000211  -0.000279  -0.000853
  0.029616  -0.006843  -0.024062
  0.000131   0.000043  -0.001522
 -0.045630  -0.009622  -0.006294
  0.000270  -0.000129   0.002384
 -0.001126  -0.000475   0.002530
 -0.002240  -0.002076  -0.004910
 -0.138578   0.000031   0.017746
  0.001105  -0.000214   0.000478
  0.008469   0.003982   0.001990
 -0.000201  -0.000014   0.000085
  107    2  0.0000  0.0150 -0.0000
  0.002942  -0.007988  -0.003585
  0.000167   0.000052   0.000007
 -0.002650   0.002438   0.001079
 -0.000007  -0.000079   0.000125
 -0.000742  -0.000857  -0.000467
 -0.000050   0.000172   0.000124
 -0.000197   0.000500   0.000238
  0.000261  -0.000011  -0.000154
  0.000232  -0.000162  -0.000120
 -0.000643   0.000861  -0.000029
  0.000051  -0.000134  -0.000041
 -0.000124   0.000301   0.000004
 -0.000076  -0.000148   0.000123
  0.000076  -0.000118   0.000117
 -0.000028  -0.000039  -0.000157
  0.000065   0.000036   0.000003
 -0.000042   0.000020   0.000079
  0.000016  -0.000007   0.000019
  0.000228  -0.000159  -0.000188
  0.000020  -0.000009   0.000037
  0.001641   0.001512   0.001069
  0.000058  -0.000010   0.000001
  0.006556   0.019114  -0.001649
  0.000070   0.000056   0.000076
 -0.001613   0.000843  -0.000866
  0.000015  -0.000032   0.000014
 -0.000549  -0.000211   0.000706
 -0.000016  -0.000003  -0.000019
  0.000169  -0.000079   0.000104
 -0.000005  -0.000023   0.000006
  0.000290   0.000090   0.000181
  0.000040   0.000009  -0.000059
 -0.000016   0.000034   0.000084
  0.000038  -0.000044  -0.000051
  0.000036   0.000018   0.000012
  0.000054  -0.000106   0.000041
  0.000046  -0.000043  -0.000026
 -0.000057  -0.000078   0.000045
  0.000013  -0.000013   0.000010
 -0.000216   0.000017  -0.000012
  0.000040  -0.000043  -0.000004
  0.000106  -0.000225  -0.000074
 -0.000000  -0.000022   0.000007
  0.000069  -0.000502  -0.000049
  0.000089   0.000324  -0.000282
  0.000006  -0.000052  -0.000037
  0.000004  -0.000008   0.000005
  0.000236   0.000901  -0.001307
 -0.000036  -0.000035   0.000037
 -0.000328  -0.001580   0.000321
  0.000116  -0.000140  -0.000066
  0.000209  -0.000154   0.000190
 -0.000047   0.000034   0.000103
  0.000040  -0.000030  -0.000033
  0.000226   0.000107  -0.000183
  0.000011  -0.000002  -0.000010
  0.000019   0.000065  -0.000034
  0.000038  -0.000006  -0.000063
 -0.000039   0.000075   0.000089
 -0.000004  -0.000018   0.000021
 -0.000016  -0.000013  -0.000005
 -0.000008   0.000007  -0.000025
  0.000025   0.000012   0.000033
  0.000002  -0.000012   0.000001
  0.000002  -0.000009  -0.000023
  0.000003  -0.000012   0.000007
  0.000004   0.000002   0.000012
  0.000008  -0.000002  -0.000019
  0.000026   0.000006   0.000008
 -0.000005  -0.000004  -0.000007
  0.000023   0.000023   0.000031
  0.000003  -0.000013   0.000001
 -0.000100  -0.000272   0.000150
  0.000012   0.000005   0.000023
  0.000073   0.000194   0.000052
  0.000007   0.000001   0.000006
  0.023156   0.021196   0.012952
 -0.000105  -0.000018  -0.000040
 -0.000334   0.000032   0.000168
 -0.000016  -0.000332   0.000189
 -0.000048  -0.000417   0.000234
  0.000490   0.000744   0.000258
 -0.000571  -0.000322   0.000181
 -0.000021  -0.000013  -0.000028
  0.014847   0.008663  -0.023891
 -0.000073  -0.000007   0.000036
 -0.001891   0.001074   0.000178
  0.000005  -0.000014   0.000018
 -0.002350   0.000746   0.002532
  0.000117  -0.000026   0.000272
  0.001066   0.001911  -0.001575
 -0.000010   0.000011   0.000024
 -0.005462  -0.010668  -0.004204
 -0.000228   0.000054  -0.000602
 -0.031610   0.048849   0.025079
 -0.000135   0.000039  -0.000233
 -0.005866  -0.010315  -0.005156
  0.000003   0.000003  -0.000110
 -0.028730   0.019883  -0.048419
 -0.000020  -0.000095  -0.000111
  0.001282  -0.007294   0.002524
  0.000086  -0.000017  -0.000203
  0.025477   0.078643   0.022714
  0.000002   0.000093   0.000518
 -0.000111   0.001537  -0.001917
 -0.000209  -0.000530  -0.000478
  0.000231  -0.172229   0.025387
  0.000156  -0.000053   0.000105
  0.004000   0.004562  -0.002233
  0.000005  -0.000008   0.000075
  107    3  0.0000  0.0000  0.0150
  0.002363  -0.005219  -0.003940
  0.000580  -0.000094   0.000311
 -0.001990   0.001721   0.001226
 -0.000127   0.000273  -0.000181
 -0.000513  -0.000619  -0.000796
  0.000300  -0.000151   0.000204
 -0.000121   0.000209   0.000459
 -0.000359  -0.000239   0.000434
 -0.000841  -0.000546  -0.000214
  0.001285   0.000309   0.000521
 -0.001107   0.000256   0.000806
  0.002213  -0.001099   0.000404
 -0.000226  -0.000309   0.000262
 -0.000406   0.000282  -0.000449
 -0.000170  -0.000222  -0.000348
 -0.000078  -0.000353   0.000462
 -0.000067   0.000469   0.000201
 -0.000096   0.000255  -0.000114
 -0.000606  -0.000638  -0.000309
  0.000151  -0.000164   0.000406
  0.011467   0.007326   0.003102
 -0.000158   0.000018   0.000207
 -0.008637   0.005646  -0.010171
  0.000690   0.000690   0.000840
  0.000368   0.000135  -0.000541
 -0.000009  -0.000104   0.000023
 -0.002408  -0.000121   0.001439
  0.000087   0.000022  -0.000133
  0.000016  -0.000108  -0.000120
  0.000031  -0.000095   0.000076
  0.000526   0.000142   0.000315
 -0.000021   0.000020  -0.000135
 -0.000213   0.000056   0.000190
 -0.000117   0.000149  -0.000283
  0.000050   0.000043   0.000055
  0.000007   0.000047  -0.000055
 -0.000184   0.000004  -0.000022
 -0.000074  -0.000135   0.000209
  0.000201  -0.000058  -0.000105
  0.000440  -0.000056  -0.000576
 -0.000347   0.000172  -0.000042
 -0.000424   0.000045  -0.000405
  0.000146   0.000269   0.000019
  0.000373  -0.000192   0.000038
 -0.000653  -0.001167   0.001490
 -0.000499   0.001006   0.001721
  0.000500   0.000245   0.000826
  0.001102  -0.002738   0.003659
  0.000895   0.000395   0.001169
  0.002879   0.000285   0.002138
 -0.000710  -0.001650   0.003072
 -0.000203   0.000742   0.001027
  0.000241   0.000373  -0.000386
 -0.000007   0.000263   0.000110
 -0.000974  -0.000234   0.000078
 -0.000397   0.000195  -0.000222
  0.000356  -0.000150  -0.000302
  0.000010  -0.000063  -0.000073
 -0.000251   0.000162   0.000102
  0.000075  -0.000055   0.000177
 -0.000259   0.000013  -0.000012
  0.000081   0.000081  -0.000165
  0.000041   0.000110   0.000051
 -0.000008   0.000039  -0.000063
 -0.000076  -0.000061  -0.000060
  0.000035  -0.000086   0.000068
  0.000178   0.000015   0.000105
 -0.000100   0.000025  -0.000156
 -0.000368  -0.000005   0.000259
  0.000128   0.000021  -0.000167
  0.000045  -0.000122  -0.000191
 -0.000016  -0.000114   0.000047
 -0.001748   0.002344  -0.002623
  0.000609   0.000663   0.000808
  0.001432   0.000331  -0.000014
 -0.000297   0.000044   0.000397
  0.011295   0.004293   0.019781
 -0.001071  -0.000208  -0.000831
  0.001025   0.000198  -0.001450
 -0.000508   0.000864  -0.003035
  0.000886   0.000421  -0.002733
 -0.002479  -0.000409  -0.002538
  0.000503  -0.001221   0.002963
 -0.000665  -0.000193  -0.000868
 -0.041533  -0.022989   0.083033
  0.000812   0.000178  -0.003090
  0.014537   0.001165   0.009288
 -0.001378   0.000814  -0.003320
  0.007200  -0.003009  -0.007960
  0.000273  -0.000136  -0.006006
  0.008272  -0.009318   0.005219
 -0.000236  -0.001190  -0.003248
 -0.000131   0.004262  -0.010558
 -0.000937   0.000196  -0.006149
 -0.003690   0.037088   0.026626
 -0.001836   0.000893  -0.003401
 -0.015379   0.006531   0.007057
  0.000369  -0.000090  -0.003378
  0.032855  -0.054420   0.069577
 -0.000615  -0.001166  -0.003330
 -0.044532   0.017100   0.008361
 -0.000279  -0.000102   0.008137
  0.008731  -0.012334   0.019538
  0.000562  -0.000091   0.008204
  0.003941   0.000439   0.008907
 -0.000361   0.000577   0.005239
  0.017872   0.025337  -0.212582
  0.000448  -0.000116   0.003841
  0.001933  -0.002231  -0.021448
  0.000079  -0.000075   0.004014
  109    1  0.0150  0.0000  0.0000
  0.001877  -0.000872  -0.001115
  0.000105  -0.000151   0.000312
 -0.000232   0.000310   0.000408
 -0.000043   0.000152  -0.000142
 -0.000034  -0.000572  -0.001310
  0.000140  -0.000093   0.000244
  0.000057   0.000451   0.000247
 -0.000037  -0.000106   0.000249
 -0.000762  -0.000852  -0.001150
  0.000522   0.000173   0.000105
  0.001532  -0.000466  -0.000612
 -0.003333   0.002279   0.000033
 -0.000342   0.001185   0.000715
  0.000529  -0.000766   0.001926
 -0.000279  -0.000969  -0.001337
  0.000279   0.000774  -0.000251
 -0.001801   0.000741   0.001159
 -0.000121  -0.000217   0.000605
  0.020265  -0.000445  -0.002116
  0.000978   0.000315   0.000011
  0.000239   0.000210   0.000260
  0.000019   0.000017  -0.000065
  0.001607  -0.001280   0.001142
 -0.000059  -0.000045   0.000030
 -0.000077   0.000182   0.000170
  0.000009   0.000008  -0.000050
  0.000231   0.000095   0.000093
 -0.000070   0.000024  -0.000033
  0.000069  -0.000146  -0.000163
 -0.000005  -0.000056   0.000062
 -0.000157   0.000036   0.000174
  0.000051   0.000014  -0.000060
  0.000174   0.000200   0.000406
 -0.000051   0.000061  -0.000153
 -0.000007  -0.000026   0.000234
  0.000021  -0.000008  -0.000020
 -0.000136  -0.000212  -0.000244
 -0.000036  -0.000059   0.000038
  0.000028   0.000025   0.000243
  0.000117   0.000072  -0.000222
 -0.000316   0.000384   0.000145
 -0.000180   0.000005  -0.000197
  0.000106   0.000034   0.000226
  0.000084  -0.000195   0.000034
 -0.000552  -0.000607   0.000548
 -0.000336   0.000543   0.000621
  0.000134   0.000076  -0.000005
  0.001075  -0.000339   0.002046
 -0.000189  -0.000095  -0.000114
 -0.003283   0.002408  -0.002808
  0.000624   0.001614  -0.002031
 -0.000061   0.000135  -0.000370
 -0.000133  -0.000147   0.000227
  0.000067  -0.001353  -0.000233
  0.000441  -0.000037  -0.000113
  0.000653  -0.000415  -0.000160
 -0.000138   0.000003   0.000088
  0.000133   0.000455  -0.000808
  0.000132  -0.000210  -0.000223
 -0.000208  -0.000090  -0.000338
  0.000102   0.000183   0.000199
 -0.000166   0.000040  -0.000456
  0.000042   0.000040   0.000326
  0.000116  -0.000375   0.000185
  0.000012  -0.000289  -0.000365
 -0.000025  -0.000083  -0.000010
 -0.000171  -0.000106  -0.000007
  0.000242   0.000097  -0.000338
  0.000310   0.000538   0.000024
 -0.000136   0.000023  -0.000115
  0.000261   0.000877   0.000723
  0.000031  -0.000130   0.000030
 -0.000899   0.008665  -0.003076
  0.000402   0.000324   0.000450
 -0.001096   0.001053   0.002468
  0.000357  -0.000045  -0.000086
 -0.003044   0.000517  -0.000620
 -0.000059   0.000027  -0.000063
  0.000821   0.000562  -0.000251
 -0.000225   0.000082  -0.001266
 -0.001761  -0.000106   0.001459
  0.002823  -0.001300   0.002052
  0.038096   0.020828   0.015471
 -0.001085  -0.000081  -0.000276
  0.011423  -0.006691  -0.006102
  0.000093   0.000069  -0.000427
  0.032088  -0.015820   0.002834
 -0.000821   0.000147  -0.000942
  0.007675   0.006159  -0.001207
  0.000335  -0.000138  -0.001593
  0.024992  -0.019072   0.035282
 -0.000215  -0.000281  -0.000844
 -0.004776   0.000692   0.010490
  0.001057  -0.000220   0.001733
 -0.006974   0.000260   0.001291
  0.000338  -0.000138   0.000377
  0.032864   0.013461  -0.046564
 -0.000441   0.000041   0.000488
 -0.003909   0.003180   0.003637
  0.000092   0.000160   0.000386
 -0.045626  -0.009647  -0.006287
  0.000282  -0.000132   0.002404
  0.029620  -0.006869  -0.024095
  0.000117   0.000058  -0.001504
 -0.002249  -0.002082  -0.004910
 -0.001135  -0.000474   0.002553
  0.008433   0.003982   0.001976
 -0.000218  -0.000013   0.000051
 -0.138447   0.000087   0.017702
  0.001131  -0.000218   0.000453
  109    2  0.0000  0.0150 -0.0000
  0.000226  -0.000155  -0.000189
  0.000020  -0.000006   0.000035
 -0.000044   0.000023   0.000078
  0.000016  -0.000003   0.000017
 -0.000028  -0.000035  -0.000157
  0.000064   0.000039   0.000001
 -0.000076  -0.000145   0.000121
  0.000075  -0.000115   0.000115
  0.000052  -0.000130  -0.000041
 -0.000124   0.000303   0.000002
  0.000228  -0.000159  -0.000121
 -0.000640   0.000863  -0.000030
 -0.000200   0.000504   0.000236
  0.000263  -0.000008  -0.000157
 -0.000746  -0.000853  -0.000467
 -0.000050   0.000176   0.000122
 -0.002648   0.002445   0.001079
 -0.000007  -0.000075   0.000123
  0.002944  -0.007989  -0.003587
  0.000165   0.000055   0.000004
  0.000072   0.000196   0.000049
  0.000007   0.000004   0.000005
 -0.000100  -0.000271   0.000150
  0.000012   0.000008   0.000022
  0.000023   0.000026   0.000030
  0.000002  -0.000010  -0.000001
  0.000025   0.000009   0.000007
 -0.000005  -0.000001  -0.000009
  0.000002  -0.000006  -0.000024
  0.000003  -0.000009   0.000006
  0.000004   0.000005   0.000010
  0.000008   0.000002  -0.000020
 -0.000016  -0.000011  -0.000006
 -0.000008   0.000010  -0.000027
  0.000024   0.000015   0.000032
  0.000002  -0.000009  -0.000001
 -0.000039   0.000078   0.000088
 -0.000004  -0.000015   0.000019
  0.000019   0.000068  -0.000036
  0.000038  -0.000002  -0.000064
  0.000225   0.000110  -0.000183
  0.000010   0.000001  -0.000011
 -0.000047   0.000038   0.000100
  0.000040  -0.000026  -0.000034
  0.000116  -0.000136  -0.000067
  0.000209  -0.000151   0.000189
 -0.000036  -0.000032   0.000035
 -0.000326  -0.001575   0.000321
  0.000004  -0.000005   0.000004
  0.000235   0.000908  -0.001309
  0.000089   0.000329  -0.000285
  0.000006  -0.000048  -0.000039
 -0.000001  -0.000019   0.000005
  0.000070  -0.000499  -0.000050
  0.000039  -0.000040  -0.000005
  0.000106  -0.000222  -0.000075
  0.000012  -0.000010   0.000009
 -0.000215   0.000021  -0.000013
  0.000045  -0.000039  -0.000028
 -0.000057  -0.000075   0.000043
 -0.000017   0.000037   0.000083
  0.000038  -0.000041  -0.000052
  0.000035   0.000021   0.000011
  0.000054  -0.000103   0.000040
  0.000169  -0.000075   0.000101
 -0.000005  -0.000020   0.000004
  0.000290   0.000094   0.000179
  0.000039   0.000012  -0.000061
 -0.000548  -0.000210   0.000704
 -0.000017  -0.000000  -0.000021
 -0.001614   0.000846  -0.000868
  0.000014  -0.000029   0.000012
  0.006565   0.019087  -0.001637
  0.000070   0.000060   0.000075
  0.001637   0.001510   0.001074
  0.000057  -0.000007  -0.000000
 -0.000570  -0.000318   0.000179
 -0.000021  -0.000009  -0.000030
 -0.000048  -0.000414   0.000231
  0.000487   0.000745   0.000253
 -0.000337   0.000035   0.000168
 -0.000013  -0.000331   0.000189
  0.023067   0.021152   0.012907
 -0.000108  -0.000014  -0.000042
 -0.005859  -0.010307  -0.005150
  0.000001   0.000006  -0.000112
 -0.031506   0.048587   0.024981
 -0.000137   0.000042  -0.000235
 -0.005462  -0.010660  -0.004199
 -0.000228   0.000057  -0.000605
 -0.028773   0.019903  -0.048454
 -0.000022  -0.000092  -0.000113
 -0.002357   0.000748   0.002542
  0.000119  -0.000023   0.000272
 -0.001900   0.001078   0.000174
  0.000005  -0.000011   0.000016
  0.014886   0.008689  -0.023926
 -0.000075  -0.000004   0.000035
  0.001064   0.001922  -0.001575
 -0.000010   0.000014   0.000023
  0.025491   0.078587   0.022632
  0.000003   0.000096   0.000516
  0.001294  -0.007297   0.002520
  0.000086  -0.000014  -0.000204
 -0.000209  -0.000526  -0.000482
 -0.000108   0.001537  -0.001911
  0.003999   0.004567  -0.002227
  0.000005  -0.000005   0.000074
  0.000236  -0.172224   0.025783
  0.000155  -0.000050   0.000103
  109    3  0.0000  0.0000  0.0150
 -0.000601  -0.000639  -0.000308
  0.000150  -0.000168   0.000413
 -0.000057   0.000465   0.000201
 -0.000099   0.000254  -0.000111
 -0.000158  -0.000227  -0.000348
 -0.000084  -0.000358   0.000469
 -0.000211  -0.000311   0.000265
 -0.000417   0.000277  -0.000452
 -0.001096   0.000245   0.000795
  0.002209  -0.001109   0.000405
 -0.000831  -0.000552  -0.000220
  0.001274   0.000300   0.000518
 -0.000116   0.000207   0.000461
 -0.000369  -0.000238   0.000425
 -0.000508  -0.000622  -0.000797
  0.000288  -0.000157   0.000210
 -0.001983   0.001723   0.001228
 -0.000136   0.000271  -0.000181
  0.002372  -0.005225  -0.003942
  0.000585  -0.000093   0.000313
  0.001433   0.000329  -0.000011
 -0.000297   0.000042   0.000397
 -0.001751   0.002348  -0.002624
  0.000615   0.000667   0.000817
  0.000048  -0.000124  -0.000188
 -0.000017  -0.000118   0.000049
 -0.000367  -0.000007   0.000267
  0.000130   0.000018  -0.000170
 -0.000073  -0.000065  -0.000059
  0.000035  -0.000090   0.000071
  0.000182   0.000012   0.000107
 -0.000102   0.000023  -0.000156
 -0.000257   0.000009  -0.000011
  0.000082   0.000078  -0.000166
  0.000044   0.000109   0.000051
 -0.000009   0.000038  -0.000060
 -0.000248   0.000163   0.000097
  0.000075  -0.000058   0.000181
  0.000360  -0.000152  -0.000305
  0.000007  -0.000067  -0.000066
 -0.000972  -0.000238   0.000073
 -0.000397   0.000192  -0.000219
  0.000243   0.000371  -0.000386
 -0.000008   0.000262   0.000112
 -0.000707  -0.001642   0.003062
 -0.000203   0.000741   0.001028
  0.000896   0.000395   0.001176
  0.002876   0.000283   0.002135
  0.000499   0.000243   0.000827
  0.001099  -0.002735   0.003639
 -0.000652  -0.001167   0.001486
 -0.000500   0.001011   0.001727
  0.000146   0.000267   0.000020
  0.000373  -0.000193   0.000040
 -0.000347   0.000168  -0.000046
 -0.000423   0.000041  -0.000402
  0.000203  -0.000061  -0.000107
  0.000437  -0.000059  -0.000572
 -0.000183   0.000003  -0.000026
 -0.000074  -0.000137   0.000213
 -0.000213   0.000053   0.000190
 -0.000116   0.000146  -0.000282
  0.000052   0.000040   0.000055
  0.000006   0.000046  -0.000053
  0.000018  -0.000110  -0.000120
  0.000030  -0.000098   0.000080
  0.000530   0.000140   0.000321
 -0.000023   0.000018  -0.000134
 -0.002412  -0.000125   0.001441
  0.000088   0.000019  -0.000134
  0.000372   0.000123  -0.000536
 -0.000011  -0.000107   0.000026
 -0.008621   0.005646  -0.010164
  0.000697   0.000692   0.000850
  0.011467   0.007317   0.003122
 -0.000159   0.000014   0.000206
  0.000506  -0.001243   0.002974
 -0.000670  -0.000204  -0.000877
  0.000882   0.000425  -0.002745
 -0.002492  -0.000402  -0.002550
  0.001026   0.000202  -0.001454
 -0.000501   0.000860  -0.003043
  0.011272   0.004252   0.019803
 -0.001086  -0.000220  -0.000835
 -0.015408   0.006537   0.007051
  0.000378  -0.000091  -0.003391
 -0.003656   0.037002   0.026627
 -0.001847   0.000898  -0.003413
 -0.000148   0.004253  -0.010549
 -0.000927   0.000189  -0.006169
  0.032915  -0.054487   0.069658
 -0.000617  -0.001179  -0.003337
  0.007193  -0.003012  -0.007940
  0.000287  -0.000149  -0.006028
  0.014540   0.001152   0.009291
 -0.001383   0.000814  -0.003331
 -0.041629  -0.023016   0.083035
  0.000826   0.000181  -0.003101
  0.008278  -0.009318   0.005217
 -0.000235  -0.001201  -0.003256
  0.008784  -0.012364   0.019546
  0.000568  -0.000097   0.008229
 -0.044501   0.017090   0.008328
 -0.000287  -0.000107   0.008164
 -0.000368   0.000566   0.005238
  0.003948   0.000430   0.008904
  0.001938  -0.002244  -0.021474
  0.000074  -0.000080   0.004055
  0.017772   0.025930  -0.212722
  0.000451  -0.000123   0.003881
