    5  102  153
 12.011  1.000 14.001 16.000 65.390
    1    1  0.0150  0.0000  0.0000
 -1.082113  -0.249288   0.217695
  0.000048   0.000036  -0.000042
  0.114705   0.106240  -0.014694
 -0.000001   0.000044   0.000038
  0.021828   0.028812  -0.006905
  0.000031  -0.000022   0.000043
  0.010026  -0.042595  -0.006592
  0.000036   0.000010  -0.000105
 -0.002158  -0.001048   0.001471
 -0.000011   0.000062   0.000027
  0.000470  -0.000244   0.000754
 -0.000104  -0.000078  -0.000004
  0.000102   0.000349  -0.000535
  0.000246  -0.000022  -0.000241
  0.000067  -0.000190  -0.000226
  0.001491  -0.000157  -0.000086
 -0.000071  -0.000027   0.000104
 -0.000174   0.000776  -0.000632
  0.000030   0.000074   0.000286
 -0.000264   0.000105   0.000197
 -0.002991   0.000438  -0.001132
 -0.000167  -0.000207  -0.000026
  0.000481  -0.000153   0.000619
  0.000028   0.000015   0.000021
  0.000015   0.000301  -0.000136
  0.000233   0.000424   0.000368
  0.000013  -0.000028  -0.000005
 -0.000679   0.000405   0.000092
 -0.000039   0.000035  -0.000096
 -0.000203  -0.000877  -0.000508
 -0.000068   0.000023  -0.000023
  0.000268   0.000245   0.000005
  0.000005   0.000083  -0.000241
 -0.000105  -0.000170  -0.000221
 -0.000087  -0.000079   0.000664
  0.000225  -0.000123  -0.000086
  0.000064   0.000053   0.000026
 -0.000277  -0.000427  -0.000458
 -0.000184  -0.000014  -0.000208
  0.005222   0.003962  -0.000032
  0.293737   0.212335  -0.028915
 -0.000007   0.000004  -0.000040
 -0.001491   0.003850  -0.000913
 -0.000011   0.000005  -0.000045
  0.009270   0.001428  -0.003275
 -0.000013  -0.000013  -0.000045
  0.004027  -0.002315  -0.003636
 -0.000021  -0.000008  -0.000009
 -0.001769  -0.001328  -0.000387
  0.000004  -0.000008   0.000001
 -0.000258   0.000476  -0.000424
 -0.000009   0.000049  -0.000006
  0.000449   0.000069  -0.000188
 -0.000001  -0.000070  -0.000030
 -0.000163   0.000526  -0.000234
  0.000021   0.000020  -0.000015
 -0.000349  -0.000101   0.000026
  0.000016   0.000004  -0.000029
 -0.000058  -0.000105   0.000102
 -0.000153  -0.000094   0.000023
 -0.000025   0.000003   0.000029
 -0.000190  -0.000040   0.000160
 -0.000028  -0.000010  -0.000026
  0.000537   0.000304   0.000612
 -0.000030   0.000001  -0.000058
 -0.000226   0.000018  -0.000725
  0.000251   0.000264  -0.000358
 -0.000094  -0.000013   0.000044
  0.000080   0.000173  -0.000104
  0.000037   0.000055   0.000030
 -0.000110   0.000126   0.000269
 -0.000004   0.000020  -0.000043
  0.000001   0.000011  -0.000038
  0.000542  -0.000567   0.000334
 -0.000006  -0.000007  -0.000015
 -0.000307   0.000449   0.000290
  0.000037  -0.000111  -0.000024
  0.000014   0.000061  -0.000002
  0.000307   0.000004  -0.000326
  0.000035  -0.000042  -0.000041
 -0.000027  -0.000050   0.000002
 -0.000033  -0.000038   0.000029
 -0.000033  -0.000012  -0.000089
 -0.000003   0.000021   0.000066
  0.478064  -0.035469  -0.120901
 -0.000036  -0.000032   0.000101
  0.148041  -0.013011  -0.027105
 -0.000045  -0.000004   0.000053
 -0.000090   0.000018   0.000370
 -0.001006  -0.000798   0.001342
 -0.000157   0.000171   0.000278
 -0.002404   0.000998   0.002842
  0.001922   0.002506   0.001578
  0.000117   0.000070   0.000126
  0.002705   0.000148  -0.001255
  0.000084   0.000210   0.000105
  0.000040   0.000031   0.000158
 -0.001722  -0.002151   0.000727
  0.000136   0.000003   0.000164
 -0.006249   0.000810  -0.001132
  0.010755  -0.015532  -0.008216
 -0.000039  -0.000052  -0.000387
    1    2  0.0000  0.0150  0.0000
 -0.249383  -1.028160  -0.121016
 -0.000033  -0.000002   0.000024
  0.037805   0.022389  -0.003458
 -0.000004  -0.000028  -0.000020
  0.095343   0.112370   0.003506
 -0.000001   0.000016  -0.000026
 -0.022785   0.010527   0.006083
 -0.000022  -0.000008   0.000058
  0.007084  -0.000659  -0.002314
  0.000025  -0.000026  -0.000004
 -0.001428  -0.000282  -0.002542
  0.000048   0.000168  -0.000031
  0.000651  -0.000152   0.000817
 -0.000132  -0.000459   0.000126
 -0.000082   0.000476   0.000536
  0.000416  -0.000505   0.000086
  0.000380  -0.000125  -0.000338
 -0.000244   0.000148  -0.000210
 -0.000068  -0.000461   0.000253
 -0.000290  -0.000048   0.000044
 -0.001665   0.002902   0.000418
  0.000248   0.000309   0.000013
  0.000040  -0.000351  -0.000073
 -0.000053   0.000009   0.000067
  0.000021  -0.000067  -0.000098
 -0.000030   0.000173   0.000238
  0.000078   0.000023   0.000048
 -0.000131  -0.000016  -0.000339
 -0.000030  -0.000012   0.000060
  0.000036  -0.000166  -0.000594
 -0.000130   0.000062  -0.000041
 -0.000031  -0.000056  -0.000080
  0.000268   0.000004  -0.000337
 -0.000100   0.000143   0.000075
 -0.000283  -0.000234  -0.000436
  0.000165   0.000145   0.000166
 -0.000031  -0.000028  -0.000067
 -0.000175  -0.000272   0.000038
  0.000173   0.000076   0.000237
  0.000457   0.000484  -0.000052
  0.218124   0.283728  -0.010532
  0.000016   0.000006   0.000051
  0.002916   0.008375   0.002759
  0.000011   0.000004   0.000030
  0.002040  -0.000764  -0.000106
  0.000014   0.000005   0.000030
  0.003042  -0.001011  -0.001123
  0.000024   0.000003   0.000012
  0.002644  -0.002381  -0.000752
 -0.000001   0.000020   0.000006
 -0.000286  -0.000449   0.000860
  0.000008   0.000010  -0.000013
 -0.000381  -0.000228   0.000240
 -0.000010   0.000020   0.000004
  0.000069   0.000214   0.000075
 -0.000007   0.000006  -0.000010
  0.000071  -0.000140  -0.000022
  0.000009  -0.000014   0.000076
  0.000133   0.000155   0.000093
  0.000118  -0.000188   0.000142
  0.000058  -0.000028  -0.000011
 -0.000067   0.000234  -0.000257
  0.000008   0.000049   0.000037
  0.000561   0.000243   0.000395
  0.000071   0.000014   0.000190
  0.000126  -0.000102   0.000196
 -0.000070   0.000434  -0.000178
 -0.000017   0.000006   0.000031
 -0.000053  -0.000031  -0.000118
  0.000010  -0.000061  -0.000013
 -0.000147   0.000056  -0.000039
  0.000020  -0.000013   0.000047
  0.000011   0.000016   0.000012
 -0.000180   0.000129  -0.000112
 -0.000019   0.000016  -0.000015
 -0.000050   0.000888  -0.000679
 -0.000183   0.000188  -0.000046
 -0.000009  -0.000010   0.000059
  0.000495   0.000323   0.000754
  0.000013  -0.000012   0.000044
 -0.000013   0.000030   0.000006
 -0.000010   0.000238   0.000070
 -0.000013   0.000013   0.000024
  0.000146   0.000019  -0.000442
 -0.057754   0.145214   0.029334
  0.000017   0.000020  -0.000098
 -0.025104   0.447106   0.093274
  0.000040   0.000009  -0.000045
 -0.000003  -0.000245  -0.001079
  0.000038  -0.000123   0.000056
  0.000475  -0.000015  -0.000233
 -0.000322   0.000646   0.001150
  0.001380  -0.002079   0.000400
 -0.000178  -0.000092  -0.000110
  0.000394  -0.001362   0.000059
 -0.000103  -0.000309  -0.000147
 -0.000057  -0.000054  -0.000158
 -0.001942   0.000422   0.001898
 -0.000139   0.000003  -0.000194
 -0.001430   0.000429  -0.000173
 -0.010758   0.002049   0.003121
  0.000097   0.000066   0.000354
    1    3  0.0000 -0.0000  0.0150
  0.217242  -0.120824  -0.287613
 -0.000016  -0.000004   0.000016
 -0.030355  -0.020686  -0.015787
 -0.000004  -0.000018  -0.000016
  0.011097   0.023108  -0.018939
 -0.000005   0.000002  -0.000017
 -0.004485   0.014295   0.010282
 -0.000020  -0.000010   0.000057
 -0.001930   0.002669   0.000595
  0.000021  -0.000004   0.000019
 -0.000042   0.000073   0.000214
  0.000013   0.000023  -0.000000
 -0.000131  -0.000110   0.000285
 -0.000001  -0.000078   0.000060
 -0.000107   0.000048   0.000072
 -0.000109   0.000258   0.000012
  0.000036   0.000023  -0.000033
 -0.000275  -0.000056  -0.000016
 -0.000058   0.000105   0.000062
  0.000070  -0.000090  -0.000069
  0.000865   0.000246   0.000884
  0.000132   0.000093   0.000029
 -0.000102   0.000071  -0.000325
 -0.000010   0.000009   0.000005
 -0.000217   0.000041  -0.000179
  0.000012  -0.000168  -0.000261
  0.000103  -0.000023  -0.000046
  0.000618  -0.000366   0.000689
  0.000005   0.000016   0.000014
 -0.000258  -0.000819   0.000372
 -0.000052  -0.000037   0.000001
 -0.000170  -0.000256  -0.000030
  0.000170   0.000042  -0.000189
  0.000032   0.000196   0.000051
  0.000224   0.000028   0.000209
 -0.000125   0.000144   0.000158
  0.000016  -0.000012  -0.000048
  0.000023   0.000207   0.000338
  0.000131   0.000055   0.000188
 -0.001779  -0.000405  -0.000605
 -0.026345  -0.009569   0.041383
  0.000011  -0.000001   0.000028
 -0.000755   0.002271  -0.005152
  0.000007  -0.000002   0.000021
 -0.003541   0.000120  -0.003102
  0.000009  -0.000001   0.000021
  0.001997  -0.000586  -0.000929
  0.000014   0.000003   0.000006
  0.000498  -0.000078  -0.000587
  0.000001   0.000009   0.000003
 -0.000252  -0.000467  -0.000117
  0.000004  -0.000011   0.000005
 -0.000162   0.000070  -0.000113
 -0.000007   0.000020   0.000007
  0.000070  -0.000265   0.000018
 -0.000000   0.000000   0.000007
  0.000148   0.000035   0.000040
 -0.000002  -0.000011   0.000023
  0.000023   0.000076  -0.000012
  0.000117  -0.000040   0.000032
  0.000007  -0.000018   0.000001
 -0.000002   0.000030  -0.000097
  0.000035   0.000007   0.000014
 -0.000005  -0.000221  -0.000093
  0.000016   0.000016   0.000066
  0.000154  -0.000035   0.000305
  0.000134  -0.000024   0.000229
  0.000028   0.000011   0.000019
 -0.000014  -0.000035  -0.000027
  0.000009  -0.000045  -0.000011
 -0.000031   0.000063  -0.000024
  0.000009  -0.000016   0.000027
 -0.000005   0.000007  -0.000023
 -0.000171   0.000212  -0.000107
 -0.000003   0.000017  -0.000008
  0.000068  -0.000029   0.000508
 -0.000044   0.000056   0.000015
 -0.000004  -0.000005   0.000014
 -0.000091   0.000046  -0.000126
 -0.000005   0.000013   0.000024
 -0.000003   0.000010   0.000001
  0.000038   0.000019   0.000046
 -0.000013   0.000014   0.000015
  0.000026  -0.000008  -0.000148
 -0.128750   0.020998   0.146022
  0.000008  -0.000004  -0.000063
 -0.026806   0.084050   0.124155
  0.000014   0.000012  -0.000026
  0.000072  -0.000048  -0.000243
  0.000108   0.000068  -0.000136
  0.000023  -0.000120  -0.000191
 -0.000150   0.000190   0.000708
 -0.000515  -0.001175  -0.000316
 -0.000073  -0.000024  -0.000077
 -0.001334   0.002131   0.002375
 -0.000034  -0.000091  -0.000055
 -0.000036  -0.000032  -0.000095
 -0.000721   0.000275   0.001053
 -0.000092   0.000002  -0.000135
  0.001812  -0.001117   0.000271
 -0.006084   0.005391   0.003859
  0.000028   0.000051   0.000253
    3    1  0.0150  0.0000  0.0000
  0.114733   0.037860  -0.030387
  0.000009   0.000016   0.000000
 -1.165113  -0.004195   0.304343
  0.000001   0.000005   0.000008
  0.306860  -0.186591  -0.110615
  0.000010  -0.000004   0.000008
  0.001598   0.009565   0.001435
 -0.000006   0.000002   0.000011
  0.000937  -0.000423   0.000607
  0.000033  -0.000001   0.000010
 -0.000030  -0.000468  -0.000971
  0.000020   0.000036  -0.000004
 -0.000306  -0.000102   0.000436
  0.000043   0.000013  -0.000019
  0.000108   0.000373   0.000430
 -0.000034  -0.000012  -0.000292
  0.000340  -0.000044  -0.000179
 -0.000296  -0.000062   0.000024
 -0.000184  -0.000532   0.000252
  0.000048  -0.000089  -0.000098
  0.001296   0.000703   0.000863
  0.000016   0.000176  -0.000043
 -0.000345   0.000232  -0.000434
  0.000030  -0.000025  -0.000015
 -0.000343  -0.000253   0.000064
 -0.000052  -0.000087  -0.000061
  0.000115  -0.000006  -0.000008
  0.000287  -0.000165  -0.000050
  0.000009   0.000039   0.000016
  0.000073   0.000041   0.000073
 -0.000010  -0.000008  -0.000011
 -0.000213   0.000005   0.000090
  0.000142  -0.000028  -0.000068
  0.000031   0.000123   0.000071
 -0.000169   0.000183  -0.000202
  0.000024   0.000043   0.000021
  0.000015   0.000002  -0.000001
  0.000057   0.000296   0.000132
  0.000011   0.000016   0.000005
 -0.003015  -0.004860   0.001331
  0.003823  -0.003716  -0.003982
  0.000000   0.000002   0.000001
  0.458441   0.032151  -0.126569
 -0.000001   0.000002  -0.000012
 -0.014143   0.007496   0.006843
  0.000002  -0.000001  -0.000005
 -0.000107   0.000311   0.000068
  0.000003   0.000000  -0.000001
  0.002337  -0.001764  -0.001547
  0.000001   0.000002  -0.000003
  0.000024  -0.000055   0.000261
  0.000005  -0.000007   0.000006
 -0.000084  -0.000328  -0.000876
 -0.000003   0.000012   0.000010
  0.000461  -0.000009   0.001498
  0.000002  -0.000001  -0.000003
  0.000042   0.000329   0.000089
  0.000003  -0.000001   0.000019
  0.000093   0.000074  -0.000064
  0.000077  -0.000035   0.000025
  0.000034  -0.000001  -0.000103
  0.000065   0.000045  -0.000087
 -0.000027   0.000046   0.000024
  0.000005  -0.000258  -0.000174
  0.000047   0.000006   0.000056
  0.000125   0.000035   0.000291
 -0.000231   0.000038  -0.000741
  0.000020   0.000002  -0.000033
 -0.000008  -0.000071   0.000056
 -0.000058  -0.000004  -0.000024
 -0.000297  -0.000021  -0.000409
 -0.000000   0.000005   0.000003
  0.000007  -0.000007  -0.000026
 -0.000193   0.000255  -0.000106
  0.000012  -0.000002  -0.000001
  0.000081   0.000039  -0.000078
 -0.000018   0.000068   0.000040
 -0.000012  -0.000023   0.000003
  0.000298  -0.000563   0.000807
  0.000002   0.000012   0.000014
  0.000010   0.000018   0.000011
  0.000006   0.000149   0.000007
 -0.000007   0.000002   0.000004
 -0.000089   0.000008  -0.000461
  0.181567   0.086772  -0.008291
 -0.000006  -0.000008   0.000014
  0.114570   0.024205  -0.033272
 -0.000010  -0.000016   0.000008
 -0.000144  -0.000029  -0.000232
  0.000333   0.000310  -0.000403
  0.000314   0.000190   0.000138
  0.001029  -0.000253  -0.000570
 -0.001005  -0.002868  -0.001230
 -0.000018  -0.000032   0.000026
 -0.001069  -0.000425  -0.000408
 -0.000001  -0.000151  -0.000035
  0.000011  -0.000004   0.000028
  0.001206   0.003057  -0.002131
  0.000015   0.000002   0.000026
  0.003458   0.001434   0.000485
 -0.007767   0.001813   0.004322
  0.000043  -0.000009  -0.000079
    3    2  0.0000  0.0150  0.0000
  0.106092   0.022355  -0.020647
 -0.000020  -0.000025   0.000024
 -0.004586  -0.754623  -0.132831
 -0.000003  -0.000019  -0.000029
 -0.173419   0.310879   0.102495
 -0.000013   0.000011  -0.000030
  0.006970   0.004871   0.003924
 -0.000011   0.000002   0.000063
 -0.003165   0.000283  -0.000339
  0.000009  -0.000048  -0.000023
  0.000813   0.000325   0.001582
  0.000119   0.000039  -0.000001
 -0.000208  -0.000030  -0.000280
 -0.000241   0.000095   0.000245
 -0.000174  -0.000310  -0.000293
 -0.001053   0.000073  -0.000032
 -0.000131   0.000126   0.000237
  0.000119  -0.000521   0.000528
 -0.000293   0.000451  -0.000423
  0.000098  -0.000073  -0.000181
  0.000921   0.000227   0.000374
  0.000054   0.000029   0.000029
  0.000057  -0.000200  -0.000152
 -0.000007   0.000009  -0.000026
  0.000358  -0.000099   0.000126
 -0.000151  -0.000166  -0.000143
 -0.000146  -0.000034   0.000068
  0.000353  -0.000307  -0.000065
  0.000034  -0.000036   0.000063
  0.000099   0.000229   0.000423
  0.000033  -0.000058   0.000016
  0.000030  -0.000083   0.000009
 -0.000203   0.000005   0.000099
  0.000025   0.000053   0.000167
 -0.000145  -0.000113   0.000902
 -0.000153   0.000038  -0.000003
 -0.000043  -0.000026  -0.000000
  0.000271   0.000270   0.000216
  0.000119   0.000018   0.000141
 -0.004402  -0.003056  -0.000111
 -0.003578  -0.001628   0.001797
  0.000012  -0.000005   0.000014
  0.040954   0.077012  -0.003220
  0.000014  -0.000003   0.000029
 -0.020798   0.006106   0.007799
  0.000015   0.000011   0.000028
 -0.001702   0.000104   0.000495
  0.000015   0.000008   0.000004
  0.001165   0.000044  -0.000769
  0.000005   0.000002  -0.000002
 -0.000036  -0.000072   0.000035
  0.000010  -0.000031   0.000001
  0.000136   0.000350   0.000296
  0.000008   0.000050   0.000019
  0.000554  -0.000030   0.000280
 -0.000008  -0.000017   0.000031
  0.000039  -0.000063  -0.000077
 -0.000006   0.000006   0.000024
 -0.000049   0.000018  -0.000030
  0.000083  -0.000054  -0.000102
 -0.000024  -0.000003   0.000046
  0.000083   0.000083  -0.000123
  0.000060  -0.000033   0.000002
 -0.000145  -0.000224  -0.000239
 -0.000039   0.000004   0.000008
  0.000317   0.000012   0.000417
  0.000557  -0.000610   0.000713
  0.000076   0.000013  -0.000014
 -0.000079  -0.000025  -0.000023
 -0.000009  -0.000033  -0.000024
  0.000031   0.000236  -0.000294
  0.000009  -0.000016   0.000035
  0.000007  -0.000023   0.000063
 -0.000296   0.000346  -0.000175
  0.000001   0.000015   0.000012
  0.000118  -0.000137  -0.000187
 -0.000003   0.000075  -0.000018
  0.000009  -0.000010  -0.000014
 -0.000378   0.000896  -0.002423
 -0.000022   0.000021   0.000023
  0.000022   0.000033  -0.000001
  0.000016  -0.000023  -0.000052
  0.000037   0.000014   0.000063
 -0.000016   0.000330   0.000094
  0.103579   0.328668   0.026783
  0.000025   0.000014  -0.000057
 -0.052174  -0.011887   0.010389
  0.000037   0.000012  -0.000030
  0.000185   0.000092   0.000172
  0.000711   0.000563  -0.000868
 -0.000274  -0.000196  -0.000198
  0.001426  -0.000370  -0.001833
 -0.000686  -0.000213  -0.000306
 -0.000007  -0.000015  -0.000070
 -0.001266  -0.000040   0.000434
 -0.000014   0.000007  -0.000015
 -0.000020  -0.000024  -0.000109
  0.001181   0.002931  -0.001251
 -0.000071  -0.000005  -0.000104
  0.003865  -0.000078   0.000764
 -0.001649   0.017171   0.005370
 -0.000024   0.000061   0.000270
    3    3  0.0000 -0.0000  0.0150
 -0.014613  -0.003432  -0.015755
  0.000052   0.000016  -0.000045
  0.303965  -0.132732  -0.300262
  0.000004   0.000041   0.000043
 -0.109306   0.107754   0.144082
  0.000021  -0.000013   0.000047
 -0.000198  -0.001488  -0.002235
  0.000028   0.000031  -0.000090
 -0.000254   0.000913  -0.000157
 -0.000026  -0.000036  -0.000036
  0.000017  -0.001415   0.000793
  0.000009   0.000005   0.000045
  0.000477   0.000456  -0.000342
 -0.000019  -0.000020  -0.000076
  0.000166  -0.000056  -0.000110
 -0.000041  -0.000007  -0.000004
  0.000002  -0.000038   0.000076
  0.000017   0.000151   0.000284
  0.000075  -0.000177   0.000312
  0.000122   0.000117  -0.000092
  0.000963  -0.000380   0.000395
 -0.000347  -0.000091  -0.000150
 -0.000104   0.000180  -0.000123
  0.000055  -0.000058  -0.000037
  0.000376  -0.000197   0.000452
 -0.000055  -0.000005   0.000077
 -0.000189   0.000060   0.000091
  0.000151   0.000033  -0.000122
  0.000040  -0.000043   0.000024
 -0.000059   0.000155  -0.000019
  0.000165   0.000077   0.000014
 -0.000058   0.000063   0.000068
 -0.000195  -0.000167   0.000630
 -0.000053  -0.000068   0.000012
  0.000080  -0.000184  -0.000782
  0.000021  -0.000055  -0.000092
 -0.000020   0.000020   0.000144
 -0.000067   0.000095   0.000055
 -0.000301  -0.000109  -0.000424
  0.000917   0.001344  -0.000204
 -0.004109   0.002407  -0.004669
 -0.000021  -0.000008  -0.000082
 -0.124729  -0.000848   0.075173
 -0.000022  -0.000007  -0.000056
  0.000415  -0.001425   0.001669
 -0.000020  -0.000002  -0.000057
 -0.000172   0.000318   0.000131
 -0.000037  -0.000009  -0.000017
 -0.000832   0.000677   0.000129
  0.000003  -0.000032  -0.000015
  0.000051  -0.000073   0.000119
 -0.000004  -0.000011  -0.000002
  0.000268  -0.000076   0.000125
  0.000013  -0.000007   0.000013
  0.000785   0.001139   0.000268
 -0.000008  -0.000027  -0.000017
 -0.000058  -0.000082  -0.000105
  0.000001   0.000031  -0.000029
 -0.000048  -0.000103   0.000180
 -0.000034   0.000090  -0.000002
 -0.000031  -0.000026   0.000026
  0.000004  -0.000062   0.000060
 -0.000047   0.000007  -0.000041
 -0.000042   0.000114   0.000088
 -0.000022  -0.000006  -0.000029
 -0.000058  -0.000030   0.000045
  0.000296   0.000130   0.000171
  0.000000  -0.000019  -0.000051
 -0.000064  -0.000083   0.000099
 -0.000036   0.000036   0.000001
  0.000244  -0.000127   0.000218
 -0.000006   0.000023  -0.000024
 -0.000008  -0.000024   0.000050
 -0.000089   0.000039   0.000044
  0.000018  -0.000053   0.000043
  0.000074  -0.000049   0.000019
  0.000029  -0.000033  -0.000044
  0.000006   0.000009  -0.000043
  0.000218  -0.000415   0.001117
 -0.000010   0.000004  -0.000028
  0.000026   0.000007   0.000004
 -0.000006  -0.000059  -0.000026
  0.000053  -0.000025   0.000007
 -0.000038  -0.000071   0.000120
 -0.005875   0.027736   0.101821
 -0.000009  -0.000051   0.000161
 -0.050294  -0.004069  -0.005356
 -0.000035  -0.000046   0.000065
 -0.000073  -0.000019   0.000326
 -0.000094   0.000004   0.000014
 -0.000058   0.000251   0.000387
 -0.000243   0.000319   0.000159
 -0.000566   0.000872  -0.000301
  0.000258   0.000027   0.000253
  0.000416   0.000801   0.000543
  0.000137   0.000163   0.000167
  0.000116   0.000069   0.000260
  0.000261  -0.001286  -0.000026
  0.000276  -0.000020   0.000364
 -0.000476  -0.000714  -0.000535
  0.002621   0.004033   0.001268
 -0.000133  -0.000050  -0.000634
    5    1  0.0150  0.0000  0.0000
  0.021910   0.095338   0.011088
  0.000027   0.000002  -0.000022
  0.306869  -0.173258  -0.109334
  0.000007   0.000026   0.000004
 -0.745334   0.005380   0.179174
 -0.000015  -0.000008   0.000019
  0.036784   0.012840  -0.002761
  0.000017   0.000012  -0.000043
 -0.003860   0.001319   0.001511
 -0.000006   0.000003  -0.000013
  0.000460   0.000768   0.001470
  0.000010  -0.000068   0.000013
 -0.000555  -0.000036  -0.000412
  0.000052   0.000251  -0.000072
  0.000073  -0.000152  -0.000206
 -0.000338   0.000238  -0.000108
 -0.000251  -0.000075   0.000061
  0.000023   0.000002   0.000233
  0.000355  -0.000113  -0.000007
  0.000323   0.000068  -0.000095
  0.001965  -0.000579   0.000730
 -0.000110  -0.000197  -0.000024
 -0.000215   0.000138  -0.000172
  0.000001   0.000002  -0.000010
  0.000041  -0.000016   0.000092
 -0.000016  -0.000013   0.000073
 -0.000012   0.000035  -0.000002
  0.000045   0.000151  -0.000061
  0.000040   0.000002  -0.000020
  0.000052   0.000306  -0.000100
  0.000146  -0.000002   0.000067
 -0.000109   0.000067   0.000032
 -0.000295  -0.000022   0.000269
  0.000041  -0.000125  -0.000008
  0.000302  -0.000517   0.000662
 -0.000032  -0.000105  -0.000150
  0.000006   0.000002   0.000053
 -0.000100  -0.000179   0.000140
 -0.000103  -0.000035  -0.000156
  0.001008  -0.000076   0.000275
 -0.000673  -0.004654  -0.002287
 -0.000009  -0.000001  -0.000031
  0.008201  -0.023455  -0.007210
 -0.000003   0.000001  -0.000022
  0.075016   0.033234  -0.006834
 -0.000009  -0.000003  -0.000017
 -0.003030   0.001022   0.001527
 -0.000010  -0.000001  -0.000005
  0.001300  -0.001643  -0.002498
  0.000004  -0.000007  -0.000005
  0.000064   0.000507  -0.000665
 -0.000005   0.000004   0.000002
  0.000014  -0.000202  -0.000021
  0.000005  -0.000012   0.000000
  0.000339  -0.000280   0.000052
  0.000006   0.000001   0.000009
 -0.000100   0.000052   0.000053
  0.000002   0.000011  -0.000029
 -0.000054  -0.000079  -0.000167
 -0.000030  -0.000027  -0.000084
 -0.000002   0.000019   0.000013
  0.000011  -0.000048   0.000109
 -0.000015  -0.000016  -0.000030
 -0.000140  -0.000126  -0.000081
 -0.000027  -0.000001  -0.000138
 -0.000071  -0.000113   0.000004
 -0.000033   0.000412   0.001148
  0.000009  -0.000002  -0.000035
 -0.000013  -0.000075   0.000122
  0.000021   0.000022   0.000029
  0.000373   0.000121  -0.000197
 -0.000006   0.000017  -0.000033
 -0.000012  -0.000007   0.000009
 -0.000023  -0.000076  -0.000015
  0.000019  -0.000020   0.000004
 -0.000016  -0.000330  -0.000059
  0.000138  -0.000129   0.000077
  0.000012   0.000000  -0.000031
 -0.000820   0.000391  -0.000372
 -0.000005   0.000016  -0.000024
  0.000020  -0.000002   0.000004
  0.000027   0.000056  -0.000013
  0.000009  -0.000008  -0.000016
  0.000113   0.000328   0.000272
 -0.014363  -0.045099  -0.011680
 -0.000007  -0.000013   0.000062
  0.316031   0.096776  -0.052897
 -0.000024  -0.000014   0.000027
 -0.000071   0.000054   0.000647
 -0.000045   0.000109  -0.000172
 -0.000162   0.000029   0.000110
  0.000689  -0.000022  -0.000229
 -0.001321   0.000592  -0.000650
  0.000078   0.000060   0.000064
 -0.001082   0.001262   0.000539
  0.000035   0.000178   0.000077
  0.000035   0.000031   0.000093
  0.000278  -0.000268  -0.000325
  0.000085   0.000003   0.000117
  0.001319  -0.002011  -0.000578
 -0.001242   0.002113   0.000334
 -0.000036  -0.000053  -0.000245
    5    2  0.0000  0.0150  0.0000
  0.028918   0.112458   0.023152
  0.000027   0.000018  -0.000011
 -0.186615   0.310805   0.107851
  0.000006   0.000024  -0.000003
  0.005496  -1.211669  -0.233038
  0.000001  -0.000015   0.000008
 -0.012461  -0.020823  -0.004496
  0.000006  -0.000001  -0.000028
 -0.001938  -0.000344  -0.000273
  0.000007   0.000055   0.000019
  0.000551  -0.000421   0.001058
 -0.000014  -0.000086  -0.000021
 -0.000154   0.000243  -0.000329
  0.000064   0.000180  -0.000001
  0.000135  -0.000051  -0.000048
  0.000015   0.000047  -0.000049
 -0.000115   0.000039   0.000104
 -0.000005   0.000011  -0.000074
  0.000175  -0.000345  -0.000129
 -0.000036  -0.000051   0.000137
  0.000449  -0.002342  -0.000562
 -0.000050  -0.000207   0.000080
  0.000178   0.000298   0.000200
  0.000060   0.000016  -0.000045
 -0.000703   0.000450  -0.000501
  0.000003  -0.000012   0.000004
  0.000213  -0.000016  -0.000090
 -0.000021  -0.000036  -0.000147
 -0.000042   0.000041  -0.000071
  0.000055   0.000395   0.000372
 -0.000166   0.000004   0.000012
  0.000122   0.000118   0.000004
  0.000268   0.000138  -0.000376
 -0.000037  -0.000138  -0.000083
  0.000002   0.000524  -0.000684
 -0.000028  -0.000095  -0.000180
  0.000059   0.000048  -0.000065
 -0.000009  -0.000309  -0.000289
 -0.000049  -0.000016  -0.000045
  0.001401   0.002577  -0.000293
 -0.003734   0.004300   0.003349
 -0.000005   0.000001  -0.000007
  0.008202  -0.013028  -0.005994
 -0.000001   0.000007  -0.000014
  0.016895   0.485157   0.086727
 -0.000001  -0.000008   0.000002
 -0.000651  -0.001406   0.000270
 -0.000004   0.000001   0.000002
 -0.005988   0.002274   0.003141
  0.000001   0.000003   0.000001
  0.000283   0.000361  -0.000021
  0.000000   0.000009   0.000009
  0.000392   0.000101   0.000264
  0.000006  -0.000019  -0.000015
 -0.000160   0.000236  -0.000249
  0.000014   0.000013   0.000025
 -0.000041  -0.000018  -0.000070
 -0.000003   0.000001  -0.000009
 -0.000032  -0.000101   0.000043
 -0.000113   0.000095  -0.000138
 -0.000013   0.000023   0.000003
  0.000019  -0.000046   0.000085
 -0.000034  -0.000007   0.000004
 -0.000257   0.000053  -0.000107
 -0.000024  -0.000017  -0.000076
  0.000061   0.000166  -0.000145
 -0.000357   0.000197  -0.000379
 -0.000023  -0.000012   0.000010
  0.000102   0.000065   0.000027
 -0.000046   0.000078   0.000006
  0.000107   0.000067   0.000131
 -0.000022   0.000013  -0.000049
  0.000001   0.000019  -0.000113
  0.000067  -0.000058   0.000146
 -0.000001   0.000006  -0.000012
  0.000079  -0.000283  -0.000132
  0.000040  -0.000142   0.000030
  0.000008  -0.000011  -0.000019
 -0.000278  -0.000719   0.000055
 -0.000012   0.000002  -0.000027
 -0.000014  -0.000036  -0.000013
  0.000044  -0.000231  -0.000108
 -0.000025   0.000008  -0.000034
  0.000131   0.000234   0.001357
  0.034293   0.112307   0.021711
 -0.000028  -0.000006   0.000036
  0.112721   0.219972  -0.001176
 -0.000033   0.000008   0.000017
 -0.000078   0.000086   0.000519
 -0.000106  -0.000190   0.000358
 -0.000085   0.000215   0.000236
 -0.000466  -0.000184   0.000338
 -0.000180   0.002042   0.000685
  0.000007   0.000091  -0.000023
  0.000277   0.002237   0.001685
  0.000027   0.000170   0.000017
 -0.000006   0.000015   0.000050
  0.000215  -0.002398   0.000097
  0.000008   0.000026   0.000023
 -0.001879  -0.000330  -0.000442
  0.004878  -0.002818  -0.003016
  0.000050  -0.000099  -0.000140
    5    3  0.0000 -0.0000  0.0150
 -0.006982   0.003511  -0.018876
  0.000049   0.000023  -0.000036
 -0.110493   0.102403   0.144062
  0.000001   0.000039   0.000038
  0.178947  -0.232756  -0.269362
  0.000023   0.000008   0.000029
 -0.012569  -0.011782   0.004883
  0.000023   0.000031  -0.000083
 -0.002121   0.000243   0.000260
 -0.000011  -0.000026  -0.000027
  0.000094  -0.000299   0.000129
 -0.000018   0.000030   0.000032
 -0.000188   0.000185   0.000174
  0.000048  -0.000057  -0.000080
  0.000270   0.000324   0.000285
  0.000158  -0.000027  -0.000097
  0.000139  -0.000129  -0.000212
 -0.000127   0.000137  -0.000118
  0.000658  -0.000965   0.000727
 -0.000016  -0.000003   0.000054
 -0.000219   0.000183  -0.000173
 -0.000240  -0.000020  -0.000136
  0.000077   0.000003  -0.000121
  0.000089  -0.000026  -0.000039
  0.000531  -0.000226   0.000444
  0.000071   0.000104   0.000169
 -0.000179  -0.000008   0.000106
  0.000027   0.000126  -0.000173
  0.000013  -0.000027   0.000015
 -0.000011   0.000195   0.000044
  0.000102   0.000022   0.000020
 -0.000333   0.000240   0.000054
 -0.000316  -0.000043   0.000341
  0.000068  -0.000022  -0.000104
  0.000041  -0.000482   0.001170
  0.000125  -0.000098  -0.000089
 -0.000010   0.000021   0.000127
 -0.000176  -0.000612   0.000139
 -0.000267  -0.000094  -0.000375
  0.001582   0.000973   0.000970
 -0.002048   0.003200  -0.002767
 -0.000020  -0.000005  -0.000073
 -0.000426   0.004187   0.001813
 -0.000022   0.000003  -0.000059
 -0.009015   0.084231   0.051729
 -0.000019  -0.000000  -0.000053
  0.000928  -0.000003  -0.000714
 -0.000031  -0.000003  -0.000015
 -0.000595   0.000666   0.000052
  0.000001  -0.000022  -0.000019
  0.000100  -0.000143  -0.000186
 -0.000001  -0.000004  -0.000003
  0.000024  -0.000054  -0.000285
  0.000009  -0.000002   0.000011
 -0.000197   0.000136   0.000114
 -0.000007  -0.000018  -0.000028
  0.000020   0.000003   0.000050
  0.000004   0.000027  -0.000028
  0.000040  -0.000034   0.000012
  0.000002   0.000087   0.000049
  0.000009  -0.000014  -0.000029
  0.000008  -0.000043   0.000045
 -0.000086   0.000051  -0.000018
  0.000025   0.000135   0.000021
  0.000024   0.000014  -0.000014
 -0.000011   0.000003   0.000011
 -0.000203   0.000613  -0.000176
 -0.000015  -0.000028  -0.000041
 -0.000045  -0.000002  -0.000008
 -0.000047   0.000045   0.000008
 -0.000101  -0.000069   0.000142
 -0.000017   0.000031  -0.000043
 -0.000017  -0.000019   0.000064
  0.000109  -0.000024   0.000091
  0.000011  -0.000035   0.000034
  0.000001  -0.000075   0.000016
  0.000034   0.000018  -0.000089
 -0.000008  -0.000000  -0.000045
  0.000586  -0.000876   0.001201
  0.000020   0.000005  -0.000029
  0.000018   0.000004   0.000005
 -0.000010   0.000215  -0.000012
  0.000041  -0.000021  -0.000002
 -0.000054   0.000749   0.000260
  0.006301   0.044275  -0.015158
 -0.000021  -0.000040   0.000151
 -0.044180   0.003181   0.100974
 -0.000043  -0.000035   0.000054
 -0.000258  -0.000023   0.000273
 -0.000024  -0.000071   0.000110
  0.000223   0.000378   0.000461
 -0.000124   0.000106   0.000213
  0.000103   0.000046   0.000036
  0.000155   0.000019   0.000220
  0.000219  -0.000300   0.000101
  0.000089   0.000046   0.000100
  0.000107   0.000079   0.000251
 -0.000097  -0.000607  -0.000454
  0.000244  -0.000009   0.000334
 -0.001632  -0.000007  -0.000972
  0.001113  -0.000974  -0.001208
 -0.000051  -0.000092  -0.000651
    7    1  0.0150  0.0000  0.0000
  0.010042  -0.022813  -0.004514
  0.000036   0.000019  -0.000039
  0.001532   0.006928  -0.000152
 -0.000016   0.000017   0.000027
  0.036778  -0.012426  -0.012641
  0.000018  -0.000002   0.000011
 -0.730185  -0.060105  -0.054768
  0.000038   0.000011  -0.000050
  0.103824   0.003421   0.033756
 -0.000019  -0.000003  -0.000013
  0.000195  -0.000747  -0.041590
  0.000039  -0.000011   0.000004
  0.006799  -0.000945  -0.000720
 -0.000094   0.000006   0.000054
  0.000624   0.000428   0.000031
  0.000088   0.000058   0.000051
 -0.000461  -0.000135   0.000389
  0.000120   0.000190  -0.000159
 -0.000567   0.000151   0.000253
 -0.000026   0.000142   0.000000
  0.000334  -0.001442   0.000152
 -0.000303  -0.000310  -0.000136
 -0.000149   0.000049   0.000080
  0.000025  -0.000003  -0.000027
  0.000203   0.000013   0.000044
 -0.000048   0.000067   0.000121
 -0.000100   0.000018   0.000039
  0.000129   0.000240  -0.000139
  0.000005  -0.000009  -0.000010
 -0.000131   0.000253   0.000075
  0.000041   0.000007   0.000004
 -0.000170  -0.000057   0.000064
 -0.000151  -0.000029   0.000152
  0.000153  -0.000175  -0.000072
 -0.000133   0.000095  -0.000350
 -0.000059  -0.000159  -0.000081
 -0.000001   0.000015   0.000051
  0.000134  -0.000129   0.000032
 -0.000135  -0.000011  -0.000150
 -0.000383   0.001053  -0.000559
 -0.002130   0.002098   0.001583
  0.000004   0.000002  -0.000038
  0.000937  -0.000367  -0.001171
 -0.000009  -0.000005  -0.000021
 -0.002403  -0.000472   0.001104
 -0.000006   0.000003  -0.000029
  0.080430  -0.062409   0.026319
 -0.000017  -0.000005  -0.000009
  0.261815   0.184671   0.069927
  0.000004  -0.000012   0.000002
  0.003691   0.000460   0.016255
  0.000002   0.000011  -0.000005
  0.004847   0.000113   0.032302
  0.000012  -0.000015  -0.000006
 -0.000561  -0.000280  -0.001586
  0.000005  -0.000007   0.000009
 -0.000922   0.000019  -0.000164
  0.000007   0.000017  -0.000007
  0.000023  -0.000430   0.000037
 -0.000060  -0.000032  -0.000072
  0.000095   0.000279   0.000130
 -0.000097   0.000029   0.000047
  0.000045   0.000012  -0.000099
 -0.000212   0.000198   0.000125
 -0.000041   0.000042  -0.000613
 -0.000064  -0.000049  -0.000203
  0.000205   0.000007   0.000361
 -0.000014  -0.000004  -0.000011
 -0.000004  -0.000032   0.000080
  0.000035  -0.000018   0.000005
  0.000371   0.000060  -0.000052
 -0.000015   0.000012  -0.000005
  0.000007  -0.000010   0.000013
  0.000127  -0.000245   0.000041
  0.000006  -0.000014   0.000010
  0.000021  -0.000201   0.000002
  0.000007  -0.000010   0.000046
 -0.000002   0.000010  -0.000044
  0.000042   0.000203  -0.000107
  0.000003   0.000022  -0.000038
  0.000011  -0.000012  -0.000001
  0.000022  -0.000232  -0.000059
  0.000019  -0.000007  -0.000010
 -0.000087  -0.000032   0.000367
 -0.011742   0.005485   0.001180
  0.000007  -0.000017   0.000057
  0.235094  -0.039073  -0.063776
 -0.000001  -0.000006   0.000022
  0.000072  -0.000376  -0.003201
 -0.000142  -0.000270   0.000265
  0.000589  -0.000532  -0.000394
 -0.000208   0.000034   0.000277
 -0.000142  -0.000044   0.000736
  0.000236   0.000018   0.000132
  0.000007   0.001025   0.000419
  0.000032   0.000249   0.000211
  0.000044   0.000016   0.000073
  0.000223  -0.001669   0.000730
  0.000123  -0.000019   0.000130
 -0.000616   0.001552   0.000471
  0.002416  -0.003447  -0.000781
 -0.000167   0.000033  -0.000184
    7    2  0.0000  0.0150  0.0000
 -0.042582   0.010423   0.014289
 -0.000012  -0.000017   0.000023
  0.009617   0.004888  -0.001509
  0.000011   0.000005  -0.000038
  0.012874  -0.020751  -0.011744
 -0.000026  -0.000009  -0.000021
 -0.060024  -0.874122   0.038378
 -0.000020   0.000001   0.000058
  0.004352   0.105758   0.000280
 -0.000024  -0.000007  -0.000002
 -0.001082   0.003098   0.009711
 -0.000026  -0.000022   0.000021
 -0.000960   0.001526   0.000634
 -0.000062  -0.000023   0.000114
  0.000145   0.000042   0.000131
  0.000115   0.000051   0.000015
  0.000075  -0.000100   0.000109
 -0.000119   0.000085  -0.000038
 -0.000117  -0.000118   0.000102
 -0.000104  -0.000020   0.000114
 -0.002375   0.000989  -0.000976
  0.000013  -0.000245   0.000060
  0.000128  -0.000093   0.000238
  0.000034   0.000057   0.000024
 -0.000019   0.000143  -0.000050
  0.000219  -0.000017  -0.000044
 -0.000000  -0.000021   0.000018
 -0.000109  -0.000175   0.000018
 -0.000017  -0.000034   0.000020
  0.000243  -0.000095  -0.000001
 -0.000100   0.000014  -0.000009
 -0.000251  -0.000001  -0.000391
  0.000216   0.000042  -0.000141
 -0.000212   0.000297   0.000038
 -0.000007   0.000003   0.000149
  0.000181   0.000235   0.000091
 -0.000005  -0.000000  -0.000040
 -0.000213  -0.000062   0.000099
  0.000083  -0.000028   0.000086
  0.001416   0.001964  -0.000112
 -0.000105  -0.000438  -0.001119
 -0.000002   0.000000   0.000024
  0.001490  -0.001756  -0.000312
  0.000010   0.000003   0.000026
  0.000385  -0.000116  -0.000390
  0.000008  -0.000006   0.000036
 -0.049575   0.376401  -0.138656
  0.000011   0.000006   0.000015
  0.163234   0.225371   0.060182
  0.000007   0.000003   0.000008
 -0.005647  -0.000544  -0.042159
  0.000003  -0.000013   0.000004
  0.003636   0.000524   0.034697
  0.000002   0.000013   0.000003
  0.000837  -0.000041  -0.001951
 -0.000007  -0.000001  -0.000005
 -0.000273  -0.000253   0.001308
 -0.000009  -0.000004  -0.000015
 -0.000327  -0.000170  -0.000209
 -0.000020   0.000126   0.000023
  0.000212  -0.000469   0.000366
  0.000022  -0.000100   0.000067
  0.000006  -0.000011   0.000010
 -0.000043   0.000220   0.000068
  0.000022   0.000300  -0.000136
  0.000032   0.000055   0.000056
 -0.000058   0.000045  -0.000251
 -0.000008  -0.000009   0.000034
  0.000023  -0.000013  -0.000035
 -0.000053  -0.000005  -0.000011
  0.000009  -0.000111   0.000018
 -0.000014  -0.000005  -0.000001
  0.000000   0.000006  -0.000001
  0.000013   0.000117   0.000070
 -0.000012   0.000010   0.000007
 -0.000154   0.000149   0.000010
 -0.000072   0.000004  -0.000197
 -0.000022  -0.000065   0.000066
  0.000173  -0.000184   0.000054
  0.000011  -0.000020   0.000035
 -0.000017   0.000005  -0.000014
  0.000010  -0.000076   0.000025
  0.000006   0.000010   0.000027
  0.000049  -0.000022   0.000086
 -0.002284   0.007156   0.006596
  0.000017   0.000012  -0.000045
 -0.035754   0.161757   0.031159
 -0.000013   0.000008  -0.000031
 -0.000042  -0.000911   0.000209
  0.000093  -0.000213   0.000185
  0.000034   0.000013  -0.000070
 -0.000151  -0.000183   0.000175
  0.001397  -0.001669   0.001788
 -0.000035   0.000080  -0.000110
  0.001226  -0.001391  -0.000084
 -0.000044   0.000151   0.000024
 -0.000026  -0.000002  -0.000063
  0.000850   0.001700  -0.000716
 -0.000073   0.000017  -0.000089
 -0.000324  -0.000783  -0.000069
  0.000017   0.001709  -0.000553
  0.000058  -0.000046   0.000125
    7    3  0.0000 -0.0000  0.0150
 -0.006596   0.006057   0.010229
 -0.000086  -0.000048   0.000074
  0.001445   0.003915  -0.002283
  0.000007  -0.000056  -0.000068
 -0.002707  -0.004454   0.004855
 -0.000038   0.000024  -0.000057
 -0.054872   0.038006  -0.643154
 -0.000048  -0.000041   0.000156
  0.042337  -0.003494   0.255019
 -0.000014   0.000003   0.000028
 -0.008013   0.002384   0.023527
 -0.000043  -0.000057  -0.000001
 -0.001014   0.000635   0.001467
  0.000000   0.000137   0.000121
 -0.000270   0.000364   0.000486
 -0.000170  -0.000028   0.000110
  0.000261   0.000012  -0.000267
  0.000063  -0.000174   0.000105
 -0.000267  -0.000283  -0.000059
 -0.000015  -0.000036  -0.000033
 -0.000336  -0.000498  -0.000110
  0.000516   0.000338   0.000162
 -0.000025  -0.000110   0.000025
 -0.000060   0.000058   0.000053
 -0.000049   0.000034  -0.000042
  0.000057   0.000057   0.000014
  0.000010   0.000001  -0.000060
  0.000064  -0.000125   0.000055
 -0.000007   0.000000   0.000015
  0.000055  -0.000301  -0.000271
  0.000095  -0.000069  -0.000016
 -0.000275  -0.000159   0.000018
 -0.000014   0.000037  -0.000037
  0.000008   0.000197   0.000077
  0.000133  -0.000085   0.000188
  0.000056   0.000147   0.000147
 -0.000023  -0.000060  -0.000123
 -0.000142  -0.000128   0.000349
  0.000391   0.000094   0.000511
 -0.001203  -0.000227  -0.001258
  0.001143  -0.001439   0.002005
  0.000020   0.000005   0.000111
  0.000331  -0.000166  -0.002181
  0.000029   0.000001   0.000089
  0.000991   0.000118   0.001256
  0.000026   0.000005   0.000083
  0.021470  -0.130271   0.121800
  0.000048   0.000013   0.000027
  0.064271   0.059508   0.084453
 -0.000005   0.000034   0.000023
  0.000930   0.000075   0.023760
 -0.000001  -0.000019   0.000007
  0.002164  -0.000347   0.018188
 -0.000013   0.000033  -0.000002
  0.002054   0.000339  -0.001806
 -0.000005   0.000016   0.000008
  0.001350  -0.000561  -0.001551
 -0.000015  -0.000030  -0.000014
 -0.000016   0.000041   0.000094
  0.000021   0.000044   0.000032
  0.000003  -0.000009  -0.000175
  0.000071  -0.000100   0.000045
  0.000041   0.000017   0.000078
  0.000034   0.000028   0.000020
  0.000119   0.000007   0.000278
  0.000010   0.000040   0.000096
 -0.000101  -0.000106  -0.000274
  0.000029   0.000030   0.000063
  0.000006   0.000010  -0.000033
 -0.000001  -0.000077  -0.000030
 -0.000058   0.000038   0.000057
  0.000004  -0.000040   0.000063
  0.000006   0.000007   0.000024
 -0.000010   0.000082  -0.000167
 -0.000008   0.000046  -0.000031
 -0.000025   0.000182  -0.000032
  0.000085  -0.000049   0.000052
 -0.000019  -0.000031   0.000063
 -0.000197  -0.000013   0.000002
  0.000014  -0.000008   0.000062
 -0.000013   0.000012  -0.000008
  0.000071   0.000130   0.000133
 -0.000021   0.000030   0.000038
  0.000217   0.000063  -0.000231
 -0.002805  -0.001191  -0.007908
  0.000042   0.000061  -0.000233
 -0.064057   0.034479   0.112265
  0.000060   0.000042  -0.000104
  0.000854  -0.000150  -0.001434
  0.000161   0.000113  -0.000260
  0.000350  -0.000157  -0.000467
  0.000293  -0.000129  -0.000594
  0.001011  -0.000897   0.000119
 -0.000382  -0.000099  -0.000329
  0.000205  -0.000160  -0.000097
 -0.000214  -0.000411  -0.000288
 -0.000131  -0.000080  -0.000350
  0.000214  -0.002235   0.001575
 -0.000343   0.000019  -0.000442
  0.000733   0.000591   0.001350
 -0.000431   0.000357  -0.000098
  0.000174   0.000094   0.000866
    9    1  0.0150  0.0000  0.0000
 -0.002189   0.007146  -0.001883
  0.000003  -0.000025   0.000030
  0.000964  -0.003123  -0.000289
  0.000027   0.000001  -0.000015
 -0.003915  -0.001962  -0.002147
 -0.000003  -0.000005  -0.000001
  0.103811   0.004333   0.042221
 -0.000015   0.000026  -0.000010
 -0.719080  -0.018266  -0.036580
  0.000018  -0.000009   0.000007
  0.233273  -0.024267  -0.060546
  0.000006   0.000025   0.000002
  0.000029   0.000264  -0.010039
  0.000029  -0.000044  -0.000032
 -0.000614  -0.000999  -0.000548
 -0.000013  -0.000034   0.000025
 -0.000174   0.000379   0.000196
 -0.000026  -0.000084   0.000081
  0.001021   0.000463  -0.000160
  0.000013  -0.000036  -0.000007
 -0.000556   0.000307  -0.000092
  0.000320   0.000214   0.000203
  0.000060  -0.000014  -0.000014
  0.000017   0.000053   0.000005
 -0.000081  -0.000013  -0.000020
  0.000081  -0.000139  -0.000034
  0.000052  -0.000003  -0.000001
 -0.000259  -0.000054   0.000338
  0.000005   0.000006   0.000009
  0.000134   0.000097  -0.000455
 -0.000036   0.000012   0.000009
  0.000060   0.000255  -0.000056
  0.000093   0.000002  -0.000066
 -0.000282   0.000417   0.000234
  0.000048  -0.000037   0.000126
  0.000120   0.000158  -0.000034
  0.000022   0.000018   0.000011
 -0.000410  -0.000384   0.000053
  0.000007  -0.000075  -0.000066
  0.000193   0.000761  -0.000700
  0.000166  -0.000117  -0.000122
 -0.000016  -0.000023  -0.000025
  0.000229  -0.000079   0.000622
  0.000004   0.000009  -0.000015
  0.000248   0.000076  -0.000289
  0.000002  -0.000009   0.000008
  0.000449   0.001839   0.009096
  0.000005   0.000009   0.000006
  0.003565  -0.000210   0.032855
  0.000011  -0.000009  -0.000021
  0.112084  -0.114638   0.040973
  0.000002  -0.000003   0.000004
  0.206860   0.167140   0.052248
  0.000002  -0.000001   0.000011
  0.031729  -0.004355  -0.014670
  0.000004  -0.000006  -0.000004
  0.019019  -0.002898  -0.008683
  0.000003  -0.000000   0.000012
 -0.001928  -0.000312   0.002437
  0.000022   0.000020   0.000023
 -0.000829   0.000215   0.002102
  0.000046   0.000008  -0.000038
 -0.000072  -0.000086   0.000035
  0.000058  -0.000063  -0.000036
  0.000630  -0.000083   0.000843
  0.000029   0.000018   0.000067
 -0.000119  -0.000059  -0.000111
  0.000004  -0.000006  -0.000006
 -0.000000   0.000024  -0.000050
 -0.000024   0.000102   0.000044
 -0.000146  -0.000009   0.000055
  0.000020   0.000005  -0.000065
 -0.000002  -0.000000  -0.000010
 -0.000137   0.000201  -0.000084
  0.000002  -0.000009   0.000009
  0.000089  -0.000045   0.000122
 -0.000006   0.000020  -0.000029
  0.000046  -0.000019   0.000052
  0.000007  -0.000083   0.000079
 -0.000024  -0.000016  -0.000002
  0.000002   0.000002   0.000005
  0.000067   0.000452   0.000222
  0.000004  -0.000001   0.000004
  0.000771   0.000129  -0.000323
  0.006321  -0.001391  -0.000332
 -0.000042  -0.000001   0.000064
  0.009973  -0.011652  -0.055214
 -0.000036   0.000017   0.000027
 -0.001645   0.001053   0.006365
  0.000033   0.000120  -0.000086
 -0.001285   0.000644   0.000728
  0.000074  -0.000052  -0.000090
  0.000530  -0.000621   0.000219
 -0.000207   0.000100  -0.000068
  0.000274  -0.000489  -0.000112
  0.000156  -0.000014  -0.000317
  0.000014   0.000046   0.000117
  0.000655  -0.000618   0.000419
  0.000006   0.000035   0.000060
  0.000271  -0.000866   0.000835
 -0.000886   0.001392   0.000486
  0.000168  -0.000195  -0.000203
    9    2  0.0000  0.0150  0.0000
 -0.001047  -0.000690   0.002664
 -0.000054  -0.000027   0.000002
 -0.000430   0.000286   0.000907
 -0.000001  -0.000046   0.000032
  0.001331  -0.000332   0.000244
 -0.000002   0.000045   0.000022
  0.003404   0.105711  -0.003477
  0.000005  -0.000006  -0.000004
 -0.018179  -0.817366   0.009943
  0.000005   0.000017   0.000009
 -0.024931   0.109129   0.008845
 -0.000006  -0.000004  -0.000005
 -0.000854   0.002604   0.003068
  0.000046   0.000035  -0.000035
 -0.000211  -0.000493  -0.000312
  0.000020   0.000000  -0.000003
 -0.000171   0.000310  -0.000706
  0.000007  -0.000030   0.000013
  0.000918   0.000065  -0.000231
  0.000049  -0.000019  -0.000022
  0.001266  -0.000055   0.000458
  0.000363   0.000884  -0.000037
 -0.000034  -0.000012  -0.000071
 -0.000213  -0.000145   0.000045
  0.000032  -0.000038   0.000022
 -0.000566  -0.000113   0.000032
 -0.000008   0.000006  -0.000012
 -0.000383   0.000055   0.000297
  0.000004   0.000014  -0.000007
 -0.000055   0.000209  -0.000179
  0.000062  -0.000017  -0.000005
  0.000680   0.000210   0.000173
 -0.000110  -0.000006   0.000059
  0.000301  -0.000176  -0.000065
  0.000005  -0.000005  -0.000037
  0.000046  -0.000412  -0.000063
 -0.000008  -0.000013  -0.000005
 -0.000064   0.000005   0.000060
  0.000029   0.000062   0.000076
  0.000437   0.000998  -0.000595
  0.000150  -0.000119   0.000457
  0.000010   0.000003   0.000025
  0.000056   0.000035  -0.000144
 -0.000005  -0.000008   0.000007
  0.000122   0.000179  -0.000397
 -0.000002   0.000010  -0.000024
 -0.003406  -0.006194  -0.040517
  0.000010   0.000011  -0.000007
  0.004182   0.000747   0.031208
  0.000001  -0.000003   0.000007
 -0.112283   0.341766  -0.094043
  0.000000   0.000009   0.000003
  0.164290   0.259431   0.060339
 -0.000000  -0.000004  -0.000001
  0.029971  -0.004885  -0.016293
  0.000003   0.000003   0.000004
 -0.036881   0.005349   0.020535
  0.000003   0.000001   0.000003
 -0.000869  -0.000277   0.000898
  0.000012  -0.000054   0.000004
  0.000743  -0.000298  -0.001503
 -0.000014   0.000022  -0.000003
 -0.000002   0.000004   0.000057
  0.000043  -0.000094  -0.000037
 -0.000048  -0.000802   0.000768
 -0.000009  -0.000016  -0.000011
 -0.000628  -0.000419   0.000225
  0.000003   0.000007   0.000002
 -0.000003   0.000006   0.000016
  0.000135  -0.000049   0.000012
  0.000012   0.000045  -0.000004
  0.000049  -0.000017   0.000044
  0.000003   0.000000   0.000009
  0.000027   0.000128  -0.000075
  0.000002   0.000008  -0.000009
  0.000078  -0.000032   0.000235
  0.000034  -0.000013   0.000100
  0.000033   0.000094  -0.000058
 -0.000073   0.000058  -0.000014
 -0.000028   0.000033  -0.000051
  0.000002  -0.000001   0.000006
 -0.000045   0.000318   0.000113
 -0.000010   0.000002  -0.000010
  0.000718   0.000245  -0.000383
 -0.000890   0.000511  -0.001292
  0.000027   0.000031  -0.000080
 -0.003776   0.004621   0.019574
  0.000056   0.000010   0.000004
  0.000034  -0.000334   0.000645
 -0.000052   0.000067  -0.000058
 -0.000311   0.000111  -0.000306
 -0.000020   0.000130   0.000050
 -0.001286   0.000974  -0.000950
 -0.000212  -0.000279   0.000019
 -0.000688   0.000643  -0.000059
 -0.000040  -0.000758  -0.000354
 -0.000018  -0.000026  -0.000072
 -0.000352  -0.000485   0.000159
 -0.000038  -0.000039  -0.000067
 -0.000297  -0.000261   0.000182
 -0.000211  -0.000953  -0.000296
  0.000003   0.000168   0.000309
    9    3  0.0000 -0.0000  0.0150
  0.001425  -0.002281   0.000624
  0.000052   0.000004   0.000000
  0.000629  -0.000278  -0.000200
 -0.000001   0.000043  -0.000036
  0.001497  -0.000310   0.000253
 -0.000006  -0.000022  -0.000019
  0.033706   0.000413   0.255076
 -0.000008   0.000009   0.000015
 -0.036676   0.009772  -0.662607
 -0.000003  -0.000006   0.000003
 -0.059222   0.008155   0.131970
 -0.000010  -0.000007   0.000004
 -0.043787   0.008468   0.027648
  0.000010   0.000022   0.000014
 -0.001265  -0.001891  -0.001031
 -0.000004   0.000021  -0.000059
 -0.000739   0.000533   0.001371
 -0.000026   0.000026  -0.000005
  0.001760   0.000841   0.000351
  0.000005  -0.000015   0.000028
  0.000246  -0.000109  -0.000005
  0.000214  -0.000330   0.000182
 -0.000021  -0.000023   0.000013
  0.000045   0.000092  -0.000006
  0.000032   0.000015   0.000001
  0.000095   0.000037   0.000209
 -0.000009   0.000004  -0.000003
  0.000201   0.000024   0.000005
  0.000003  -0.000005   0.000006
 -0.000072  -0.000100  -0.000153
  0.000015  -0.000001   0.000001
 -0.000121  -0.000114   0.000455
 -0.000035   0.000006   0.000019
  0.000171  -0.000243   0.000101
  0.000003   0.000009  -0.000028
 -0.000223  -0.000161  -0.000066
  0.000004   0.000007   0.000006
 -0.000285  -0.000010   0.000174
  0.000032  -0.000052  -0.000016
 -0.000602   0.000103  -0.000711
 -0.000012   0.000208  -0.000086
 -0.000017  -0.000006   0.000007
  0.000285  -0.000095  -0.000380
  0.000006   0.000017  -0.000002
 -0.000299   0.000006  -0.000235
  0.000001  -0.000009   0.000025
  0.005596   0.001628   0.020670
  0.000010  -0.000003   0.000018
  0.003993   0.001148   0.016703
 -0.000003   0.000012  -0.000004
  0.043003  -0.097002   0.095753
 -0.000002  -0.000000  -0.000002
  0.053658   0.061465   0.081523
  0.000001  -0.000001   0.000002
  0.007224  -0.002063  -0.003506
  0.000003   0.000002  -0.000001
  0.011028  -0.000345  -0.005678
  0.000001  -0.000003  -0.000004
 -0.001258   0.000045  -0.002142
 -0.000002   0.000001   0.000002
 -0.000624   0.000067  -0.001740
 -0.000010  -0.000014   0.000024
 -0.000024  -0.000039   0.000076
  0.000005   0.000033  -0.000017
  0.000300   0.000150  -0.000133
 -0.000003  -0.000004  -0.000005
  0.000004  -0.000345  -0.000020
 -0.000000  -0.000001   0.000006
  0.000003  -0.000009   0.000020
 -0.000029   0.000048   0.000029
  0.000058   0.000000  -0.000017
 -0.000026   0.000006  -0.000075
  0.000002  -0.000001   0.000004
  0.000016   0.000070  -0.000072
  0.000000  -0.000000   0.000000
 -0.000050   0.000050  -0.000238
  0.000009  -0.000015   0.000012
  0.000013  -0.000026   0.000021
 -0.000018   0.000009  -0.000004
 -0.000010   0.000015  -0.000046
  0.000002  -0.000000   0.000002
  0.000099   0.000069   0.000103
  0.000003   0.000002   0.000005
  0.000390  -0.000041  -0.000037
  0.000958  -0.000248  -0.000800
 -0.000060  -0.000013   0.000072
 -0.020006   0.010517   0.032572
 -0.000050  -0.000025  -0.000015
  0.000005   0.001457   0.012059
  0.000017  -0.000040   0.000027
 -0.001565   0.000668   0.000863
  0.000077  -0.000050   0.000035
 -0.000140   0.000183  -0.000108
 -0.000280   0.000229  -0.000129
 -0.000109   0.000122   0.000022
 -0.000096   0.000173  -0.000120
  0.000009   0.000022   0.000056
  0.000404  -0.000359   0.001036
 -0.000028   0.000052   0.000021
  0.000620   0.000027   0.000964
 -0.000317  -0.000084  -0.000358
  0.000203  -0.000306  -0.000345
   11    1  0.0150  0.0000  0.0000
  0.000493  -0.001425  -0.000060
 -0.000112  -0.000048   0.000017
 -0.000055   0.000749   0.000030
  0.000017  -0.000130   0.000022
  0.000434   0.000551   0.000129
  0.000010   0.000015  -0.000020
  0.000178  -0.001039  -0.007978
  0.000040   0.000015  -0.000034
  0.233328  -0.024975  -0.059467
  0.000003   0.000007  -0.000006
 -0.719416  -0.011250  -0.049953
  0.000023   0.000005   0.000006
  0.110938   0.003965   0.050023
 -0.000022  -0.000022  -0.000004
  0.004172   0.005223   0.001148
 -0.000025  -0.000030   0.000068
 -0.000363  -0.000879  -0.001571
  0.000054  -0.000025  -0.000004
 -0.003374  -0.000342  -0.001610
 -0.000007   0.000031  -0.000031
  0.000208  -0.000175   0.000123
 -0.000742  -0.000259  -0.000109
 -0.000003  -0.000007   0.000010
  0.000114   0.000075  -0.000076
  0.000034  -0.000016   0.000006
 -0.000060  -0.000072  -0.000420
 -0.000013  -0.000000   0.000016
  0.000182   0.000446   0.000181
 -0.000001   0.000010  -0.000003
 -0.000256   0.000003  -0.000092
  0.000018  -0.000014  -0.000000
 -0.000075   0.000098  -0.000162
  0.000015  -0.000009   0.000002
 -0.000137   0.000098   0.000280
 -0.000021   0.000001  -0.000023
 -0.000034  -0.000028   0.000228
 -0.000013  -0.000017  -0.000006
 -0.000102   0.000074   0.000060
  0.000038   0.000063   0.000107
  0.001275   0.001555  -0.000484
 -0.000094  -0.000114   0.000088
  0.000052  -0.000034  -0.000096
  0.000824   0.000239   0.000797
  0.000010  -0.000042   0.000028
 -0.000018   0.000024   0.000013
  0.000014   0.000016  -0.000022
 -0.000741   0.000823   0.001471
 -0.000016   0.000022  -0.000032
 -0.001680   0.000220   0.002378
  0.000035  -0.000043  -0.000010
  0.020074  -0.003805  -0.008849
  0.000009  -0.000001   0.000010
  0.030237  -0.006077  -0.014201
  0.000007  -0.000001   0.000010
  0.201105   0.166994   0.057952
 -0.000000  -0.000010   0.000006
  0.115684  -0.118742   0.040032
  0.000001   0.000007   0.000006
  0.002696  -0.003555   0.029777
  0.000006  -0.000018  -0.000004
  0.002210   0.000692   0.013986
  0.000002   0.000021  -0.000019
  0.000201  -0.000175  -0.000313
 -0.000009  -0.000026   0.000032
  0.000097  -0.000177   0.000314
 -0.000002  -0.000008  -0.000017
  0.000652  -0.000290  -0.000614
  0.000002   0.000000  -0.000003
 -0.000008   0.000007  -0.000017
  0.000045   0.000013  -0.000093
 -0.000001   0.000026   0.000030
  0.000018  -0.000031   0.000107
 -0.000002  -0.000004   0.000009
 -0.000171  -0.000180   0.000093
  0.000004  -0.000004   0.000001
  0.000315  -0.000280   0.000097
 -0.000014   0.000019  -0.000008
  0.000026   0.000120  -0.000053
  0.000032   0.000024  -0.000010
 -0.000049   0.000008   0.000009
 -0.000001  -0.000000   0.000002
 -0.000023   0.000123  -0.000025
 -0.000002  -0.000002  -0.000004
 -0.000053  -0.000051  -0.000075
 -0.001784   0.000415   0.000331
  0.000109   0.000067  -0.000137
 -0.002404   0.001978   0.004301
  0.000098   0.000191   0.000026
  0.000426  -0.006461  -0.055349
 -0.000027   0.000021  -0.000015
  0.004419  -0.002933  -0.002950
 -0.000059   0.000045  -0.000038
 -0.000012  -0.000057  -0.000238
  0.001011  -0.000150   0.000144
 -0.000009   0.000109   0.000013
  0.000641   0.001271   0.000450
 -0.000053  -0.000010  -0.000131
  0.000506  -0.002005  -0.000611
  0.000010  -0.000083  -0.000139
 -0.000907  -0.000604  -0.000245
  0.000448  -0.000290   0.000384
 -0.000631   0.000545   0.001085
   11    2  0.0000  0.0150  0.0000
 -0.000255  -0.000263   0.000069
  0.000089   0.000180  -0.000025
 -0.000446   0.000339  -0.001404
 -0.000031   0.000049  -0.000004
  0.000757  -0.000420  -0.000292
  0.000079  -0.000089  -0.000012
 -0.000770   0.003071   0.002381
  0.000019  -0.000015   0.000065
 -0.024218   0.109110   0.008129
 -0.000021  -0.000003   0.000012
 -0.011127  -0.826016   0.006178
 -0.000008  -0.000001   0.000003
  0.003038   0.105860  -0.002942
 -0.000018   0.000013   0.000036
 -0.001820  -0.000960   0.001008
 -0.000070  -0.000010   0.000035
  0.000757  -0.000008  -0.000168
  0.000031  -0.000019   0.000021
 -0.001208  -0.001524  -0.000404
 -0.000020   0.000016   0.000001
 -0.000661   0.000256  -0.000374
 -0.000427  -0.000802   0.000149
  0.000006   0.000027  -0.000004
  0.000276   0.000106  -0.000084
 -0.000061   0.000029  -0.000017
  0.000377   0.000085  -0.000064
  0.000021   0.000000  -0.000004
 -0.000177  -0.000046  -0.000086
  0.000002   0.000002  -0.000004
  0.000089   0.000699   0.001189
 -0.000005   0.000004   0.000010
 -0.000466  -0.000173  -0.000573
  0.000017   0.000015  -0.000017
  0.000551   0.000328   0.000149
  0.000023   0.000001   0.000031
 -0.000415   0.000065  -0.000123
  0.000017   0.000010  -0.000004
 -0.000109  -0.000092  -0.000012
  0.000001  -0.000029  -0.000032
  0.000231   0.000958  -0.000019
 -0.000124   0.000129  -0.000028
 -0.000015   0.000021  -0.000034
  0.000097  -0.000279   0.001035
  0.000004   0.000012   0.000005
 -0.000285  -0.000128   0.000237
  0.000005  -0.000011   0.000024
  0.000650  -0.000400  -0.000999
 -0.000001  -0.000050   0.000036
 -0.000943  -0.000435   0.000874
 -0.000025   0.000058   0.000039
 -0.037400   0.006319   0.019832
  0.000002   0.000004  -0.000008
  0.029790  -0.005938  -0.016169
  0.000002   0.000004  -0.000010
  0.164304   0.263816   0.064519
  0.000006   0.000003   0.000004
 -0.116755   0.343917  -0.089252
  0.000003   0.000003   0.000001
  0.002530  -0.002954   0.032514
 -0.000005   0.000031  -0.000005
 -0.007232  -0.000491  -0.042649
  0.000016  -0.000010   0.000008
  0.000093  -0.000240  -0.000106
 -0.000034   0.000052   0.000017
 -0.000064   0.000183  -0.000157
  0.000013   0.000017   0.000018
  0.000701   0.000267  -0.000260
  0.000007   0.000003   0.000007
  0.000019  -0.000007   0.000021
 -0.000213   0.000037  -0.000155
 -0.000007  -0.000073  -0.000024
 -0.000112   0.000035   0.000012
  0.000002   0.000005  -0.000007
  0.000202   0.000231   0.000024
  0.000004   0.000000  -0.000001
 -0.000500   0.000388  -0.000362
  0.000021  -0.000012  -0.000008
 -0.000111  -0.000237   0.000016
 -0.000008  -0.000041   0.000045
  0.000092  -0.000044   0.000039
  0.000003   0.000003  -0.000001
  0.000121  -0.000128  -0.000042
  0.000009   0.000006   0.000011
 -0.000400  -0.000085   0.000230
  0.000011  -0.000178  -0.000127
 -0.000059  -0.000068   0.000102
 -0.000689  -0.000550   0.001622
 -0.000061  -0.000066  -0.000051
  0.000965   0.003430   0.014383
  0.000042  -0.000006  -0.000009
 -0.000227   0.001127   0.001004
  0.000025  -0.000068  -0.000095
  0.000177  -0.000257   0.000651
  0.000491   0.000526   0.000044
  0.000182  -0.000266   0.000040
  0.000539   0.001644   0.000351
  0.000011  -0.000004   0.000068
  0.000203  -0.000507   0.000129
  0.000019   0.000046   0.000055
 -0.000474  -0.000178   0.000036
  0.000302   0.000768   0.000073
  0.000034  -0.000132  -0.000368
   11    3  0.0000 -0.0000  0.0150
  0.000787  -0.002564   0.000180
  0.000007   0.000029  -0.000018
 -0.001025   0.001549   0.000831
 -0.000005   0.000013   0.000041
  0.001501   0.001074   0.000132
  0.000015   0.000018   0.000037
 -0.041598   0.009718   0.023499
  0.000009  -0.000011  -0.000009
 -0.060342   0.008835   0.131979
 -0.000003   0.000005   0.000002
 -0.050071   0.006036  -0.663409
  0.000004   0.000005  -0.000001
  0.037371  -0.001387   0.263642
 -0.000001  -0.000006  -0.000015
 -0.000078  -0.002803   0.000487
  0.000021  -0.000015   0.000013
  0.001560  -0.000011  -0.000135
  0.000031   0.000017  -0.000030
 -0.000386  -0.001027  -0.001722
  0.000001   0.000027  -0.000018
  0.000039  -0.000030   0.000004
  0.000189   0.000822  -0.000245
 -0.000025   0.000043  -0.000029
 -0.000046  -0.000139   0.000060
 -0.000011  -0.000015   0.000010
 -0.000229  -0.000031  -0.000262
  0.000004   0.000001   0.000005
 -0.000164   0.000388   0.000095
  0.000005   0.000001  -0.000003
 -0.000210   0.000866   0.000142
 -0.000004   0.000011   0.000006
  0.000107   0.000117  -0.000454
 -0.000000  -0.000007   0.000013
  0.000104   0.000075  -0.000057
 -0.000012   0.000011  -0.000040
  0.000050   0.000001   0.000227
  0.000012   0.000006   0.000018
  0.000114   0.000017  -0.000144
 -0.000100   0.000042  -0.000070
  0.000334   0.000166   0.000450
 -0.000013  -0.000037   0.000159
 -0.000004   0.000018   0.000025
  0.000445   0.000064  -0.000212
 -0.000014  -0.000001  -0.000021
  0.000049  -0.000135   0.000285
 -0.000010   0.000003  -0.000030
  0.000177  -0.000517  -0.001604
 -0.000002  -0.000005  -0.000005
 -0.001387   0.000007  -0.002301
 -0.000009   0.000002   0.000012
  0.010626  -0.000699  -0.005327
  0.000000   0.000005  -0.000001
  0.007181  -0.001870  -0.002898
  0.000002  -0.000006  -0.000004
  0.058248   0.065077   0.086549
  0.000003  -0.000003   0.000001
  0.042389  -0.092578   0.092928
  0.000002   0.000006   0.000001
  0.003696   0.000708   0.015645
 -0.000006  -0.000008  -0.000010
  0.006535  -0.000045   0.020042
 -0.000008   0.000012  -0.000003
 -0.000017   0.000126   0.000073
 -0.000024  -0.000007   0.000028
  0.000264  -0.000125  -0.000411
 -0.000009  -0.000008  -0.000030
 -0.000091   0.000472   0.000180
 -0.000001  -0.000002  -0.000009
  0.000001  -0.000004   0.000008
 -0.000020  -0.000054  -0.000108
  0.000004  -0.000013  -0.000029
  0.000011  -0.000010   0.000045
  0.000001  -0.000000  -0.000005
 -0.000038  -0.000090   0.000082
  0.000003  -0.000004   0.000004
  0.000113  -0.000100   0.000354
  0.000001   0.000003  -0.000003
 -0.000088  -0.000052   0.000098
  0.000003   0.000031  -0.000018
  0.000011   0.000003   0.000012
  0.000004  -0.000002   0.000000
 -0.000076   0.000005  -0.000081
  0.000004  -0.000004  -0.000006
 -0.000035  -0.000028   0.000049
 -0.002295   0.000479   0.000277
  0.000017  -0.000013  -0.000007
 -0.002216   0.001746   0.010953
  0.000007  -0.000059   0.000004
 -0.011425   0.006226   0.030890
 -0.000040  -0.000011   0.000019
  0.000561   0.000863   0.000209
 -0.000084   0.000056   0.000019
 -0.000133   0.000017   0.000011
 -0.000269  -0.000245   0.000118
  0.000006   0.000083   0.000017
 -0.000200  -0.000972  -0.000156
  0.000043  -0.000019   0.000027
 -0.000170   0.000268  -0.000561
  0.000078  -0.000029   0.000108
 -0.000423   0.000110  -0.000482
  0.000593  -0.000549   0.000155
  0.000077   0.000065  -0.000274
   13    1  0.0150  0.0000  0.0000
  0.000098   0.000673  -0.000120
  0.000271   0.000125   0.000008
 -0.000304  -0.000237   0.000478
  0.000043   0.000252  -0.000031
 -0.000565  -0.000181  -0.000182
  0.000054  -0.000059   0.000051
  0.006799  -0.000977  -0.001079
 -0.000082   0.000076  -0.000007
 -0.000035  -0.000834  -0.043792
  0.000023  -0.000045   0.000009
  0.110846   0.003058   0.037268
 -0.000011   0.000026  -0.000011
 -0.718693  -0.049364  -0.059878
  0.000067  -0.000012  -0.000073
 -0.000121  -0.015293  -0.014558
  0.000089   0.000026  -0.000091
  0.003694   0.003965   0.003698
 -0.000043   0.000041  -0.000003
  0.034332  -0.008973  -0.019743
  0.000040  -0.000016   0.000045
 -0.000390   0.000114  -0.000237
  0.000848  -0.000140   0.000849
  0.000008   0.000077  -0.000031
  0.000130  -0.000162   0.000485
 -0.000081  -0.000001  -0.000006
  0.000220   0.000025  -0.000034
  0.000049   0.000008   0.000001
 -0.000460  -0.000129   0.000088
  0.000022  -0.000012   0.000002
  0.000222   0.000066   0.000305
 -0.000095   0.000073   0.000023
 -0.000247   0.000075  -0.000137
  0.000029  -0.000008   0.000004
  0.000639   0.000194  -0.000872
  0.000029   0.000014   0.000010
 -0.000096   0.000236   0.000042
  0.000053   0.000105   0.000101
 -0.000021  -0.000042  -0.000324
 -0.000193  -0.000382  -0.000609
 -0.000356  -0.000873   0.000621
  0.000052   0.000008  -0.000113
 -0.000152   0.000039   0.000097
  0.000002  -0.000159  -0.000604
 -0.000027   0.000105  -0.000150
  0.000002  -0.000025   0.000058
 -0.000029  -0.000046   0.000012
 -0.000009   0.000241   0.000104
  0.000025  -0.000059   0.000086
  0.000034  -0.000372   0.000096
 -0.000046   0.000061  -0.000026
 -0.000636   0.000091  -0.000849
 -0.000010   0.000015  -0.000019
 -0.000398  -0.000355  -0.001529
  0.000007  -0.000023   0.000001
  0.004471  -0.002310   0.032481
  0.000023   0.000000  -0.000011
  0.004291   0.000239   0.018569
  0.000018   0.000011   0.000007
  0.231189   0.181355   0.069381
 -0.000009   0.000016  -0.000005
  0.093979  -0.092247   0.035279
  0.000001   0.000013   0.000010
 -0.001563   0.000559   0.002913
 -0.000006  -0.000008  -0.000040
  0.000759  -0.000353  -0.000592
  0.000007  -0.000003  -0.000020
 -0.001952  -0.000437   0.000398
 -0.000007  -0.000015  -0.000029
  0.000016   0.000001   0.000017
 -0.000622  -0.000104   0.000040
 -0.000009  -0.000048  -0.000024
 -0.000017   0.000114  -0.000328
  0.000008   0.000001  -0.000033
  0.000086   0.000188  -0.000123
  0.000002  -0.000028   0.000026
 -0.000112   0.000013  -0.000058
  0.000011  -0.000012  -0.000028
 -0.000272  -0.000537   0.000535
 -0.000007  -0.000015  -0.000001
  0.000111  -0.000003  -0.000012
  0.000022  -0.000006   0.000010
  0.000036  -0.000074   0.000070
  0.000032  -0.000011  -0.000001
  0.000290  -0.000032   0.000328
  0.000932  -0.000323   0.000024
 -0.000315  -0.000195   0.000473
  0.000714  -0.000428  -0.002846
 -0.000289  -0.000336   0.000042
  0.242184  -0.023402  -0.060075
 -0.000041  -0.000010   0.000088
 -0.009585   0.006347   0.006837
 -0.000001  -0.000033   0.000144
  0.000217  -0.000031   0.000320
 -0.001542   0.000566  -0.000253
  0.000129  -0.000134   0.000094
 -0.000519   0.000344  -0.001388
  0.000161   0.000178   0.000678
 -0.000110   0.001010   0.000023
  0.000137   0.000231   0.000561
  0.000352   0.000235   0.000088
 -0.000216   0.000124  -0.000370
  0.001386  -0.001418  -0.002636
   13    2  0.0000  0.0150  0.0000
  0.000350  -0.000169  -0.000124
  0.000026  -0.000456   0.000069
 -0.000113  -0.000037   0.000460
 -0.000016   0.000084   0.000018
 -0.000032   0.000247   0.000189
 -0.000250   0.000156   0.000055
 -0.000948   0.001533   0.000615
 -0.000015  -0.000032  -0.000158
  0.000259   0.002619   0.008462
  0.000045   0.000035  -0.000030
  0.003973   0.105933  -0.001341
  0.000022   0.000009  -0.000001
 -0.049309  -0.830082  -0.010685
  0.000009   0.000004  -0.000042
 -0.023890   0.007238   0.005730
  0.000042   0.000013  -0.000033
  0.007095   0.002070   0.005455
 -0.000019   0.000015  -0.000010
  0.010161  -0.005545  -0.018924
  0.000021  -0.000008   0.000007
  0.000256  -0.000132   0.000133
  0.001170  -0.000246   0.001301
 -0.000007   0.000002   0.000000
 -0.000241  -0.000012   0.000051
  0.000010  -0.000008   0.000001
 -0.000104  -0.000037   0.000629
 -0.000005   0.000002   0.000005
  0.000230  -0.000009  -0.000202
 -0.000001  -0.000002   0.000002
 -0.000344  -0.000357  -0.000633
  0.000006  -0.000001   0.000002
  0.000273   0.000097   0.000517
 -0.000008  -0.000008   0.000015
 -0.000671   0.000023   0.000409
 -0.000010   0.000008  -0.000019
  0.000171  -0.000342  -0.000117
 -0.000000  -0.000033   0.000022
  0.000122   0.000016   0.000010
 -0.000238   0.000244   0.000036
 -0.000309  -0.000589   0.000390
  0.000023  -0.000065  -0.000009
  0.000051   0.000009   0.000120
 -0.000062   0.000150  -0.000410
  0.000005  -0.000014  -0.000005
  0.000046   0.000021  -0.000020
 -0.000014   0.000015  -0.000026
 -0.000056  -0.000296   0.000239
 -0.000030   0.000099  -0.000090
 -0.000339  -0.000093  -0.000288
  0.000046  -0.000121  -0.000058
 -0.000801  -0.000109   0.001880
  0.000006  -0.000004   0.000027
  0.000883  -0.000229  -0.001774
  0.000004  -0.000004   0.000017
  0.003272  -0.000933   0.035951
 -0.000003  -0.000009  -0.000004
 -0.006026  -0.000148  -0.043067
  0.000001   0.000010  -0.000004
  0.163180   0.249532   0.069070
 -0.000002  -0.000009  -0.000003
 -0.085463   0.354611  -0.103725
 -0.000010   0.000007  -0.000002
 -0.000607   0.001589  -0.001326
  0.000009  -0.000024  -0.000017
  0.001343  -0.002538  -0.000270
 -0.000006  -0.000008  -0.000018
 -0.000532   0.001334  -0.000519
 -0.000008  -0.000005  -0.000016
 -0.000006   0.000003  -0.000005
  0.000604   0.000433   0.000018
  0.000008   0.000027   0.000009
  0.000128  -0.000093  -0.000010
 -0.000005  -0.000002  -0.000001
 -0.000004   0.000012  -0.000100
  0.000008  -0.000000   0.000005
  0.000187  -0.000067   0.000052
 -0.000008   0.000004   0.000000
  0.000237   0.000589  -0.000229
  0.000003   0.000018  -0.000019
 -0.000193   0.000088  -0.000148
 -0.000000  -0.000002   0.000000
  0.000037   0.000225  -0.000027
 -0.000011  -0.000011  -0.000020
 -0.000055  -0.000035  -0.000227
 -0.000166  -0.000083   0.000072
 -0.000189  -0.000014   0.000244
 -0.000158  -0.000629   0.000501
  0.000038  -0.000047   0.000152
 -0.021582   0.116913   0.045106
 -0.000031   0.000005   0.000032
 -0.002309  -0.004140   0.007161
 -0.000013   0.000020   0.000073
 -0.000063   0.000126  -0.000236
 -0.000054  -0.000259  -0.000279
 -0.000078   0.000131   0.000018
  0.000737   0.001542   0.000093
  0.000121  -0.000077  -0.000242
 -0.000165   0.000755  -0.000098
  0.000177  -0.000077   0.000063
  0.000335   0.000220  -0.000035
 -0.000126  -0.000349  -0.000097
 -0.000024  -0.000240   0.000255
   13    3  0.0000 -0.0000  0.0150
 -0.000532   0.000818   0.000281
 -0.000230  -0.000146   0.000066
  0.000418  -0.000262  -0.000339
 -0.000022  -0.000233  -0.000076
 -0.000406  -0.000319   0.000164
 -0.000084   0.000002  -0.000081
 -0.000732   0.000609   0.001470
  0.000060  -0.000100   0.000113
 -0.009989   0.003071   0.027664
 -0.000041   0.000032   0.000021
  0.050077  -0.002973   0.263607
 -0.000007  -0.000034  -0.000004
 -0.060087  -0.011019  -0.675014
 -0.000079   0.000045   0.000178
 -0.035913   0.006732   0.024413
 -0.000149  -0.000042   0.000127
  0.006323   0.002138  -0.001577
  0.000051  -0.000073   0.000022
 -0.001594  -0.012407  -0.009326
 -0.000073   0.000001  -0.000049
  0.000615  -0.000022   0.000335
  0.000552  -0.000082   0.000583
 -0.000008  -0.000144   0.000041
 -0.000095   0.000217  -0.000125
  0.000124   0.000007   0.000013
 -0.000213   0.000016  -0.000344
 -0.000044  -0.000010  -0.000027
 -0.000114   0.000140   0.000036
 -0.000020  -0.000008   0.000033
 -0.000112   0.000275  -0.000231
  0.000111  -0.000084  -0.000031
  0.000103  -0.000038  -0.000250
 -0.000039   0.000016  -0.000016
 -0.000082   0.000252  -0.000012
 -0.000017  -0.000031   0.000021
  0.000003   0.000281   0.000375
 -0.000042  -0.000113  -0.000146
  0.000117  -0.000219   0.000358
  0.000324   0.000382   0.000731
 -0.000375   0.000985  -0.001449
  0.000008   0.000067   0.000029
  0.000114  -0.000003   0.000064
  0.000134   0.000109   0.000331
  0.000057  -0.000043   0.000183
  0.000007  -0.000060  -0.000038
  0.000033   0.000024   0.000066
 -0.000007  -0.000155   0.000000
  0.000035   0.000013  -0.000019
 -0.000140  -0.000023  -0.000033
  0.000006   0.000036   0.000073
  0.001668  -0.000734  -0.001465
  0.000007  -0.000019   0.000009
  0.002335   0.000256  -0.001782
 -0.000013   0.000037  -0.000015
  0.001942  -0.000153   0.017419
 -0.000011   0.000016   0.000019
  0.001287  -0.000692   0.019921
 -0.000012  -0.000033   0.000003
  0.058577   0.063458   0.091542
  0.000043  -0.000024   0.000035
  0.033673  -0.101400   0.096826
  0.000020  -0.000031   0.000006
  0.001177  -0.002086  -0.000208
  0.000043   0.000036   0.000056
  0.000245   0.000317  -0.001950
  0.000008   0.000011   0.000075
  0.000917  -0.000298   0.000656
  0.000032   0.000036   0.000076
 -0.000009  -0.000005  -0.000014
 -0.000039  -0.000339  -0.000269
  0.000010   0.000055   0.000016
 -0.000044  -0.000114   0.000385
  0.000010   0.000003   0.000048
 -0.000112  -0.000090  -0.000056
 -0.000005   0.000053  -0.000033
  0.000175  -0.000046   0.000425
  0.000004   0.000010   0.000063
 -0.000048   0.000033   0.000151
 -0.000003  -0.000006   0.000030
 -0.000033   0.000021   0.000107
 -0.000017   0.000013  -0.000008
 -0.000049   0.000104   0.000011
 -0.000026   0.000027   0.000037
 -0.000146   0.000130  -0.000346
  0.000655  -0.000226  -0.000280
  0.000205   0.000170  -0.000520
  0.000580  -0.000614  -0.001211
  0.000248   0.000255  -0.000088
 -0.053199   0.043770   0.148593
  0.000141   0.000015  -0.000183
  0.001916   0.007733   0.000026
  0.000103   0.000026  -0.000300
 -0.000419   0.000077  -0.000516
  0.000082   0.000237  -0.000071
 -0.000266   0.000135  -0.000229
  0.001006   0.002854  -0.000304
 -0.000141  -0.000242  -0.000681
  0.000211  -0.001293   0.000364
 -0.000269  -0.000144  -0.000553
  0.000146  -0.000043   0.000358
 -0.000087   0.000187   0.000566
 -0.000546   0.000935   0.001049
   15    1  0.0150  0.0000  0.0000
  0.000067  -0.000085  -0.000132
  0.001492  -0.000396  -0.000059
  0.000106  -0.000180   0.000155
  0.000012   0.001022  -0.000026
  0.000079   0.000141   0.000261
 -0.000315  -0.000042   0.000187
  0.000624   0.000159  -0.000270
  0.000062  -0.000097  -0.000176
 -0.000618  -0.000209  -0.001318
 -0.000000  -0.000021  -0.000000
  0.004182  -0.001824  -0.000063
 -0.000028   0.000073   0.000013
 -0.000157  -0.023929  -0.036007
  0.000093  -0.000042  -0.000159
 -1.166661  -0.275748  -0.013015
  0.000134   0.000049  -0.000113
  0.134498   0.076885   0.052030
 -0.000053   0.000071  -0.000006
  0.043176   0.032812   0.020140
  0.000065   0.000001   0.000054
 -0.000434  -0.000049  -0.000269
  0.006566   0.001990   0.002018
  0.000032   0.000112  -0.000019
 -0.000337   0.000547  -0.000681
 -0.000111   0.000016  -0.000015
  0.000719   0.000263  -0.000236
  0.000113   0.000041  -0.000044
  0.000124  -0.000338  -0.000404
  0.000021  -0.000077   0.000104
 -0.000341  -0.000181   0.000101
 -0.000136   0.000174   0.000109
  0.000018   0.000052   0.000313
  0.000092  -0.000036   0.000029
 -0.000482  -0.000103  -0.000088
  0.000010   0.000018   0.000005
 -0.000675   0.000487   0.000021
  0.000317  -0.000096   0.000392
  0.000201   0.000290   0.000696
 -0.002521   0.001910  -0.000160
 -0.000079  -0.000375  -0.000155
 -0.000013  -0.000020  -0.000063
  0.000622  -0.000266   0.000699
 -0.000019   0.000011  -0.000094
 -0.000114   0.000495  -0.000508
 -0.000018   0.000053  -0.000135
 -0.000151  -0.000059   0.000161
 -0.000061   0.000043  -0.000030
 -0.000087  -0.000072   0.000091
  0.000029   0.000012   0.000140
 -0.000266  -0.000001  -0.000033
 -0.000223  -0.000238   0.000064
 -0.000011   0.000021  -0.000012
 -0.000001   0.000537  -0.000161
  0.000000  -0.000040  -0.000026
  0.000032  -0.000151   0.000070
  0.000008  -0.000024  -0.000035
  0.000011   0.000140  -0.000097
  0.000028   0.000024  -0.000003
 -0.000826  -0.000525  -0.001463
 -0.000034   0.000024  -0.000023
  0.000140  -0.000571  -0.001069
 -0.000018   0.000024   0.000003
  0.350971   0.170549   0.108452
 -0.000028  -0.000027  -0.000057
 -0.000284   0.003440   0.003169
 -0.000002  -0.000011  -0.000064
  0.009530   0.001510  -0.002427
 -0.000026  -0.000029  -0.000068
  0.000010   0.000015   0.000019
 -0.000062  -0.000168  -0.000085
  0.000016  -0.000030   0.000009
  0.000280  -0.000036   0.000423
 -0.000012  -0.000009  -0.000082
  0.000048   0.000035  -0.000018
  0.000083  -0.000012   0.000037
  0.000020   0.000002  -0.000085
 -0.000002  -0.000005  -0.000051
  0.000260  -0.000505   0.000096
  0.000008   0.000003  -0.000015
  0.000033   0.000048   0.000344
  0.000037  -0.000005   0.000016
  0.000223   0.000176   0.000108
 -0.000011  -0.000046  -0.000071
  0.000313  -0.000275  -0.000315
 -0.000043   0.000119   0.000187
 -0.002367  -0.000674   0.002873
 -0.000109  -0.000040  -0.000048
 -0.001239  -0.001300   0.000407
  0.149989   0.019757   0.012360
 -0.000116  -0.000020   0.000181
  0.469237   0.001430  -0.132167
 -0.000056  -0.000045   0.000307
  0.000360   0.000048   0.000396
 -0.006317   0.002157  -0.000313
  0.000192  -0.000050   0.000246
 -0.001783  -0.001042  -0.000984
  0.002297  -0.000188  -0.000668
 -0.000015   0.000083   0.000235
  0.001966   0.000395   0.002566
  0.000100  -0.000009   0.000211
 -0.000127  -0.000128  -0.000688
  0.007744  -0.007815  -0.015122
   15    2  0.0000  0.0150  0.0000
 -0.000194   0.000474   0.000059
  0.000194  -0.000504  -0.000289
  0.000375  -0.000298  -0.000061
 -0.000012   0.000090   0.000006
 -0.000157  -0.000042   0.000329
 -0.000217   0.000029   0.000043
  0.000418   0.000051   0.000378
 -0.000055   0.000015   0.000004
 -0.001001  -0.000498  -0.001868
  0.000029   0.000010  -0.000030
  0.005203  -0.000953  -0.002805
  0.000027  -0.000020   0.000015
 -0.015325   0.007229   0.006726
 -0.000033   0.000020   0.000057
 -0.275639  -0.530439  -0.366279
 -0.000061  -0.000010   0.000058
  0.035596   0.001387   0.015689
  0.000018  -0.000029   0.000005
  0.070561   0.031461   0.051087
 -0.000020   0.000011  -0.000038
  0.000318   0.000000   0.000185
  0.000569   0.000375  -0.000160
 -0.000006  -0.000056   0.000018
  0.000078  -0.000048   0.000000
  0.000059   0.000013   0.000002
  0.000180  -0.000030   0.000048
 -0.000023  -0.000003  -0.000001
 -0.000319  -0.000015  -0.000035
 -0.000025   0.000004   0.000010
 -0.000516   0.000554   0.000101
  0.000141  -0.000088   0.000003
  0.000687   0.001085  -0.000670
 -0.000035   0.000011   0.000017
 -0.000434   0.001317  -0.000770
 -0.000018  -0.000007  -0.000001
 -0.000214   0.000759  -0.000317
 -0.000033  -0.000228  -0.000083
  0.000096  -0.000496   0.000372
 -0.000346   0.001278   0.001026
 -0.000051   0.000267  -0.000488
  0.000003   0.000016   0.000045
  0.000440   0.000025   0.000332
  0.000061   0.000027   0.000093
 -0.000023  -0.000099   0.000011
 -0.000033   0.000106  -0.000101
 -0.000007   0.000076   0.000003
  0.000046  -0.000050   0.000006
 -0.000119   0.000085  -0.000108
  0.000048   0.000006   0.000057
  0.000030  -0.000277  -0.000058
 -0.000024  -0.000083   0.000022
  0.000030  -0.000017   0.000038
 -0.000063   0.000306   0.000082
  0.000001   0.000032   0.000028
  0.000007  -0.000191   0.000002
 -0.000022  -0.000026   0.000005
 -0.000063   0.000037   0.000713
 -0.000007   0.000018  -0.000018
  0.001105  -0.001503  -0.001450
  0.000016  -0.000004   0.000014
  0.001335  -0.001038   0.000367
  0.000010  -0.000012   0.000011
  0.171730   0.152089   0.087564
  0.000021   0.000016   0.000032
  0.003190  -0.000423   0.006781
 -0.000000   0.000007   0.000024
  0.001781  -0.002730   0.001248
  0.000006   0.000011   0.000015
 -0.000007  -0.000008  -0.000003
  0.000181   0.000154   0.000229
  0.000010   0.000024  -0.000000
  0.000138  -0.000011  -0.000461
 -0.000019  -0.000004   0.000028
 -0.000005  -0.000098   0.000054
  0.000042   0.000044  -0.000021
  0.000073  -0.000097   0.000130
  0.000002   0.000005   0.000036
  0.000014   0.000109  -0.000075
 -0.000007   0.000009   0.000003
  0.000006   0.000071  -0.000051
 -0.000020   0.000010  -0.000011
 -0.000008  -0.000035  -0.000029
 -0.000054  -0.000006  -0.000028
 -0.000296   0.000308  -0.000339
  0.000331  -0.000023  -0.000138
  0.000151   0.000043   0.000351
  0.000001  -0.000358  -0.000514
  0.000044  -0.000065  -0.000008
  0.017742   0.225817   0.176835
  0.000054   0.000009  -0.000062
 -0.010405   0.115956   0.026131
  0.000028   0.000011  -0.000114
 -0.000222   0.000034  -0.000263
 -0.000890   0.000912   0.000728
 -0.000123   0.000077  -0.000109
 -0.000546  -0.000529   0.000973
  0.000202  -0.000601  -0.001860
 -0.000001  -0.000405   0.000164
  0.000431  -0.000390  -0.000432
 -0.000008  -0.000042  -0.000009
  0.000061  -0.000023   0.000313
 -0.006213   0.000023   0.000453
   15    3  0.0000 -0.0000  0.0150
 -0.000220   0.000525   0.000090
 -0.000105  -0.000096  -0.000012
  0.000427  -0.000273  -0.000097
 -0.000286   0.000035  -0.000040
 -0.000206  -0.000045   0.000300
 -0.000126   0.000066  -0.000111
  0.000027   0.000127   0.000502
  0.000036   0.000021   0.000087
 -0.000538  -0.000300  -0.000978
  0.000016   0.000001  -0.000050
  0.001128   0.001022   0.000476
  0.000063  -0.000032   0.000032
 -0.014627   0.005713   0.024460
 -0.000082   0.000027   0.000127
 -0.013283  -0.366503  -0.692132
 -0.000106  -0.000025   0.000106
 -0.006382   0.003041  -0.013540
  0.000039  -0.000053   0.000006
  0.079878   0.062406   0.042585
 -0.000048   0.000020  -0.000065
  0.000537   0.000005   0.000321
 -0.001671   0.000397  -0.000469
 -0.000003  -0.000095   0.000023
 -0.000373   0.000654  -0.000376
  0.000124   0.000003   0.000017
 -0.000563  -0.000329  -0.000169
 -0.000072  -0.000012   0.000017
 -0.000585   0.000266  -0.000515
 -0.000021   0.000029   0.000009
  0.000490   0.000552   0.000145
  0.000228  -0.000180  -0.000061
  0.000188  -0.000405   0.000495
 -0.000067   0.000026   0.000014
 -0.000345  -0.001159  -0.000023
 -0.000023  -0.000013  -0.000010
  0.000158  -0.000907   0.000491
 -0.000154  -0.000073  -0.000348
  0.000480   0.000112  -0.000261
  0.001506  -0.000052   0.001757
  0.000289   0.000372  -0.000161
  0.000000   0.000021   0.000075
  0.000260  -0.000126   0.000006
  0.000079   0.000031   0.000119
  0.000166  -0.000357   0.000218
 -0.000028   0.000115  -0.000056
  0.000069   0.000113  -0.000002
  0.000075  -0.000080   0.000006
 -0.000076   0.000165  -0.000085
  0.000039  -0.000002   0.000002
  0.000113  -0.000224  -0.000267
 -0.000102   0.000042   0.000007
  0.000039  -0.000030   0.000038
 -0.000139   0.000132   0.000136
  0.000016   0.000053   0.000066
  0.000066  -0.000254  -0.000275
 -0.000033  -0.000020   0.000020
 -0.000253   0.000041   0.000116
 -0.000026   0.000000  -0.000005
  0.001336  -0.000657  -0.002097
  0.000032  -0.000016   0.000023
  0.005784  -0.001851  -0.003201
  0.000016  -0.000022   0.000008
  0.115678   0.092074   0.113145
  0.000033   0.000023   0.000059
  0.002169   0.006731   0.002245
 -0.000000   0.000009   0.000042
 -0.002623   0.001305  -0.001440
  0.000014   0.000022   0.000037
 -0.000010  -0.000018  -0.000010
  0.000554   0.000024   0.000031
  0.000009   0.000036  -0.000004
  0.000222   0.000246   0.000211
 -0.000019  -0.000013   0.000078
 -0.000013  -0.000178   0.000052
  0.000011   0.000037  -0.000025
  0.000127  -0.000094   0.000195
  0.000001   0.000006   0.000060
 -0.000037   0.000638  -0.000253
 -0.000009   0.000010   0.000008
 -0.000050   0.000214  -0.000085
 -0.000053  -0.000001  -0.000032
 -0.000096  -0.000153  -0.000104
 -0.000037   0.000045   0.000032
 -0.000060   0.000262   0.000149
  0.000313  -0.000058  -0.000193
 -0.000085  -0.000308   0.001186
 -0.000044  -0.000368  -0.000403
  0.000232   0.000125  -0.000084
 -0.000542   0.177208   0.335180
  0.000089   0.000013  -0.000124
 -0.153496   0.018786   0.183904
  0.000034   0.000035  -0.000228
 -0.000374   0.000015  -0.000424
  0.001435  -0.000981  -0.000112
 -0.000192   0.000128  -0.000198
 -0.002047   0.000112   0.002124
 -0.001270   0.000143   0.000526
 -0.000080  -0.000308  -0.000160
 -0.000909  -0.000463  -0.002021
 -0.000207  -0.000048  -0.000179
  0.000191  -0.000056   0.000583
 -0.012016   0.002857   0.008734
   17    1  0.0150  0.0000  0.0000
 -0.000063   0.000364   0.000044
 -0.000218   0.000245  -0.000306
  0.000335  -0.000122   0.000013
 -0.000303  -0.000128   0.000009
 -0.000244  -0.000102   0.000156
  0.000008   0.000025  -0.000143
 -0.000450   0.000079   0.000286
  0.000120   0.000122   0.000056
 -0.000114  -0.000183  -0.000657
 -0.000028  -0.000004  -0.000028
 -0.000390   0.000766   0.001552
  0.000056  -0.000027   0.000045
  0.003765   0.007046   0.006322
 -0.000033   0.000018   0.000055
  0.134508   0.035638  -0.006409
 -0.000041   0.000006   0.000034
 -1.188178  -0.105059   0.224860
  0.000007  -0.000021   0.000005
  0.265385  -0.086469  -0.189494
 -0.000009   0.000004  -0.000024
  0.000271   0.000017   0.000161
 -0.004243  -0.004306  -0.001079
  0.000011  -0.000043   0.000015
  0.000369  -0.000117   0.000008
  0.000082   0.000004   0.000013
 -0.000537   0.000000  -0.000023
 -0.000066  -0.000011   0.000052
 -0.000139   0.000211   0.000037
 -0.000011   0.000061  -0.000037
  0.000118   0.000093  -0.000081
  0.000178  -0.000161  -0.000069
  0.000726   0.000176   0.000048
 -0.000066   0.000030   0.000017
  0.000242  -0.000371   0.000033
 -0.000004   0.000003  -0.000012
  0.000182  -0.000327   0.000134
 -0.000277   0.000004  -0.000197
  0.000250  -0.000672   0.001413
  0.001900  -0.001083   0.000740
 -0.000444  -0.000164  -0.000707
  0.000023   0.000023   0.000027
 -0.000015  -0.000041  -0.000392
  0.000046   0.000030  -0.000023
  0.000138  -0.000241   0.000259
 -0.000028   0.000021  -0.000064
  0.000095   0.000099  -0.000062
  0.000048  -0.000079  -0.000067
 -0.000042   0.000080  -0.000076
  0.000031   0.000002  -0.000168
  0.000110  -0.000073  -0.000119
  0.000130   0.000527   0.000210
  0.000033  -0.000020   0.000017
  0.000168  -0.000585   0.000913
  0.000022   0.000037   0.000049
 -0.000400  -0.000490  -0.000572
 -0.000017  -0.000019   0.000015
 -0.000063   0.000101  -0.000319
 -0.000017   0.000009  -0.000003
  0.002396  -0.001794  -0.001597
  0.000018  -0.000004   0.000011
  0.000213  -0.000124  -0.000466
  0.000010  -0.000011   0.000010
  0.002745  -0.001496  -0.005372
  0.000024   0.000009   0.000016
  0.474782   0.048526  -0.095842
  0.000003   0.000007   0.000017
 -0.016377   0.004850   0.012988
  0.000004   0.000003   0.000008
 -0.000001  -0.000014  -0.000004
  0.000120  -0.000011   0.000242
  0.000014   0.000016  -0.000006
  0.000164  -0.000233   0.000074
 -0.000021  -0.000013   0.000066
 -0.000034  -0.000133   0.000023
 -0.000000  -0.000002  -0.000012
  0.000050  -0.000026   0.000032
  0.000004  -0.000003   0.000035
 -0.000082   0.000336  -0.000057
 -0.000007   0.000002  -0.000002
 -0.000139   0.000161  -0.000284
 -0.000028   0.000014   0.000002
 -0.000176   0.000220   0.000016
 -0.000016   0.000037   0.000021
 -0.000231  -0.000692  -0.000518
  0.000124  -0.000140  -0.000069
  0.001289   0.000027  -0.000824
 -0.000028  -0.000130  -0.000145
  0.000584   0.000586  -0.000137
  0.110938   0.020932  -0.015940
  0.000037   0.000005  -0.000037
  0.215320   0.079510   0.066998
  0.000023   0.000007  -0.000079
 -0.000154   0.000016  -0.000195
  0.004731  -0.000225   0.000461
 -0.000084   0.000072  -0.000089
  0.001938   0.003935   0.000385
 -0.001233   0.000607  -0.000119
  0.000064  -0.000400   0.000458
 -0.001490  -0.000551  -0.002914
  0.000164   0.000054   0.000056
 -0.000007  -0.000029   0.000193
 -0.008564   0.001172   0.006136
   17    2  0.0000  0.0150  0.0000
 -0.000023  -0.000141   0.000021
 -0.000789   0.000151   0.000032
 -0.000042   0.000129  -0.000027
  0.000043  -0.000520  -0.000157
 -0.000069   0.000058  -0.000105
 -0.000021   0.000015  -0.000133
 -0.000131  -0.000103   0.000015
 -0.000186   0.000080   0.000182
  0.000436   0.000325   0.000574
  0.000081  -0.000031  -0.000022
 -0.000884  -0.000007  -0.000031
  0.000027  -0.000028  -0.000003
  0.004011   0.002067   0.002141
 -0.000037   0.000016   0.000085
  0.076857   0.001389   0.003047
 -0.000061  -0.000020   0.000064
 -0.105076  -0.396021  -0.272022
  0.000024  -0.000026   0.000007
 -0.075384   0.161056   0.129827
 -0.000028  -0.000004  -0.000025
  0.000193   0.000030   0.000129
 -0.002922  -0.002001  -0.000258
  0.000005  -0.000045   0.000013
 -0.000127   0.000906  -0.000619
  0.000062  -0.000008   0.000019
 -0.000325   0.000366  -0.000027
 -0.000032  -0.000019   0.000007
 -0.000117  -0.000158   0.000063
 -0.000002   0.000016  -0.000008
  0.000396   0.000009  -0.000030
  0.000083  -0.000060  -0.000012
 -0.000691  -0.000409  -0.000030
 -0.000015   0.000013  -0.000008
  0.000065  -0.000152  -0.000026
 -0.000002  -0.000012   0.000009
  0.000420   0.000500  -0.000213
 -0.000009  -0.000061  -0.000171
 -0.000906   0.000954  -0.002068
  0.000323   0.000201   0.000512
  0.000393   0.000449   0.000806
 -0.000002   0.000005   0.000027
 -0.000141  -0.000038  -0.000261
 -0.000004  -0.000000   0.000034
  0.000241  -0.000164   0.000177
  0.000081  -0.000093   0.000170
  0.000051   0.000016  -0.000025
  0.000032   0.000005   0.000056
  0.000067   0.000031  -0.000039
 -0.000010  -0.000018  -0.000040
  0.000096   0.000043  -0.000206
  0.000083  -0.000085  -0.000050
  0.000006  -0.000003   0.000020
  0.000114  -0.000117   0.000123
  0.000004   0.000014   0.000048
 -0.000156   0.000099   0.000066
  0.000004   0.000013   0.000016
 -0.000072  -0.000210   0.000042
 -0.000004  -0.000014   0.000003
  0.000783  -0.000545   0.000074
  0.000020  -0.000010   0.000011
 -0.001150   0.000739   0.000845
  0.000013  -0.000011  -0.000000
 -0.001398  -0.004630   0.002633
  0.000016   0.000013   0.000035
  0.053346   0.055148   0.006904
  0.000005   0.000006   0.000027
 -0.013443   0.003065   0.007880
  0.000025   0.000017   0.000047
  0.000001  -0.000005  -0.000006
 -0.000116  -0.000137   0.000055
 -0.000004   0.000015   0.000000
  0.000096   0.000559   0.000205
  0.000014   0.000011   0.000032
  0.000016  -0.000023   0.000011
 -0.000016   0.000017  -0.000016
 -0.000030   0.000006   0.000084
  0.000003   0.000005   0.000027
 -0.000119   0.000171   0.000005
  0.000004  -0.000001   0.000015
 -0.000002  -0.000106   0.000129
 -0.000015   0.000000  -0.000019
 -0.000128  -0.000267  -0.000162
 -0.000005   0.000011   0.000024
  0.000098   0.001042   0.000204
 -0.000104  -0.000118  -0.000060
  0.000985   0.000375  -0.001383
  0.000084   0.000155  -0.000002
  0.000618   0.000566  -0.000097
 -0.024766  -0.019924   0.010084
  0.000059   0.000008  -0.000080
  0.087442   0.187428   0.102958
  0.000010   0.000033  -0.000142
 -0.000153  -0.000045  -0.000147
  0.002335  -0.000610   0.000043
 -0.000064   0.000022  -0.000101
  0.000965   0.002605   0.000533
 -0.000879  -0.000159  -0.000382
 -0.000003   0.000341  -0.000631
 -0.000296  -0.000329  -0.000301
 -0.000236  -0.000006  -0.000232
  0.000154   0.000030   0.000340
 -0.000093   0.006149   0.008835
   17    3  0.0000 -0.0000  0.0150
  0.000117  -0.000352  -0.000044
 -0.000639   0.000196  -0.000025
 -0.000181   0.000223   0.000092
  0.000011  -0.000517   0.000277
  0.000084   0.000117  -0.000180
  0.000217   0.000089  -0.000131
  0.000402   0.000110  -0.000281
 -0.000151   0.000046   0.000109
  0.000210  -0.000723   0.001344
  0.000065  -0.000019   0.000006
 -0.001567  -0.000165  -0.000123
 -0.000009  -0.000021  -0.000017
  0.003710   0.005433  -0.001571
 -0.000002   0.000000   0.000021
  0.052089   0.015721  -0.013488
  0.000001   0.000004  -0.000007
  0.224665  -0.272194  -0.650650
 -0.000003   0.000006  -0.000003
 -0.175818   0.136760   0.341128
  0.000003  -0.000018   0.000019
 -0.000066   0.000020  -0.000020
 -0.003364  -0.000020  -0.001256
  0.000013   0.000004  -0.000002
  0.000915  -0.001680   0.001165
  0.000009  -0.000010   0.000009
  0.000389   0.000074   0.000335
  0.000003  -0.000009   0.000000
 -0.000223  -0.000070   0.000400
  0.000007  -0.000008  -0.000003
 -0.000097  -0.000011   0.000001
 -0.000042   0.000036   0.000016
  0.000043  -0.000153  -0.000160
  0.000023  -0.000005  -0.000014
  0.000146  -0.000036  -0.000074
  0.000006  -0.000005   0.000011
  0.000232   0.000128  -0.000068
  0.000124   0.000088  -0.000039
 -0.000048  -0.000244   0.000668
  0.000230  -0.000274  -0.000167
 -0.000157  -0.000207   0.000217
  0.000019  -0.000016   0.000000
 -0.000158  -0.000012  -0.000184
 -0.000042  -0.000002  -0.000009
  0.000143  -0.000196   0.000191
  0.000083  -0.000155   0.000106
  0.000039  -0.000004  -0.000016
 -0.000036   0.000029   0.000036
  0.000070   0.000002  -0.000005
 -0.000022   0.000000   0.000157
  0.000040   0.000107  -0.000117
 -0.000012  -0.000216  -0.000143
 -0.000015   0.000010   0.000004
  0.000851   0.000688   0.000108
 -0.000004  -0.000013   0.000016
 -0.000046   0.000016   0.000179
  0.000013   0.000022   0.000008
  0.000112  -0.000159   0.000197
  0.000000  -0.000014   0.000005
  0.000508   0.000312   0.000080
  0.000002  -0.000006  -0.000002
 -0.002799   0.001061   0.001574
 -0.000001  -0.000001  -0.000005
 -0.005613   0.003043  -0.000996
  0.000004  -0.000008  -0.000004
 -0.088979   0.008404   0.083521
  0.000000  -0.000001   0.000003
 -0.012066   0.000881   0.007113
  0.000010   0.000001   0.000022
  0.000004   0.000004  -0.000003
 -0.000427   0.000642   0.000434
 -0.000011  -0.000003   0.000003
 -0.000049  -0.000073  -0.000997
  0.000020   0.000011   0.000001
 -0.000001   0.000091   0.000002
 -0.000024   0.000001  -0.000000
 -0.000071  -0.000011   0.000000
 -0.000004   0.000000  -0.000005
 -0.000250   0.000171   0.000136
  0.000009  -0.000009   0.000012
  0.000052  -0.000018  -0.000154
 -0.000009  -0.000011  -0.000013
 -0.000207   0.000314   0.000045
  0.000015   0.000010   0.000026
  0.000843  -0.001849   0.000559
 -0.000273  -0.000080   0.000029
  0.000697   0.000490  -0.000640
  0.000099   0.000222   0.000097
  0.000395   0.000530  -0.000104
 -0.079675  -0.009986   0.004408
  0.000007  -0.000005  -0.000007
  0.078790   0.105694   0.213230
  0.000002   0.000005   0.000002
  0.000058  -0.000035   0.000056
  0.002379  -0.001010   0.000045
  0.000034  -0.000032   0.000003
  0.001374   0.000151   0.000212
 -0.000200  -0.000052   0.000764
  0.000086   0.000039   0.000053
 -0.000131   0.000374   0.000724
  0.000022   0.000010  -0.000027
 -0.000052   0.000070   0.000011
  0.003051   0.008252   0.011763
   19    1  0.0150  0.0000  0.0000
  0.000028  -0.000074  -0.000077
 -0.000294   0.000300   0.000098
 -0.000181  -0.000319   0.000071
  0.000061  -0.000122   0.000129
  0.000367   0.000184   0.000673
  0.000319   0.000027  -0.000014
 -0.000560  -0.000111  -0.000277
 -0.000030   0.000110  -0.000002
  0.001039   0.000910   0.001726
  0.000016  -0.000047   0.000007
 -0.003349  -0.001240  -0.000364
 -0.000008   0.000025  -0.000001
  0.034409   0.010167  -0.001673
  0.000042  -0.000020  -0.000072
  0.043258   0.070571   0.079862
  0.000067   0.000019  -0.000055
  0.265452  -0.075418  -0.175698
 -0.000014   0.000041  -0.000015
 -0.768790  -0.115538   0.051630
  0.000017   0.000000   0.000044
 -0.000273  -0.000008  -0.000164
 -0.000582  -0.000823  -0.000262
  0.000010   0.000065  -0.000015
  0.000375  -0.000856   0.000568
 -0.000047  -0.000007   0.000005
  0.000261   0.000854   0.000182
  0.000020   0.000007   0.000016
  0.000335  -0.000091   0.000081
  0.000021   0.000003  -0.000011
 -0.000231  -0.000341   0.000014
 -0.000092   0.000063   0.000007
 -0.000225  -0.000052   0.000011
  0.000027  -0.000006   0.000006
  0.000536   0.000581  -0.000080
  0.000015   0.000017  -0.000008
 -0.000253   0.000541  -0.000211
  0.000044   0.000207   0.000050
 -0.000191   0.000180  -0.000256
  0.000433  -0.000893  -0.000560
  0.000063  -0.000065   0.000074
 -0.000017  -0.000013  -0.000021
 -0.000257  -0.000033  -0.000139
 -0.000034  -0.000042   0.000035
 -0.000060  -0.000037  -0.000074
 -0.000047   0.000049  -0.000066
  0.000009  -0.000024  -0.000023
 -0.000019   0.000052  -0.000012
  0.000070  -0.000048   0.000075
 -0.000030  -0.000012  -0.000066
 -0.000035   0.000188  -0.000080
  0.000036  -0.000010   0.000027
 -0.000016   0.000015  -0.000022
  0.000382  -0.000318  -0.000016
  0.000007  -0.000020   0.000011
  0.000595   0.000799  -0.000170
  0.000016   0.000004  -0.000007
  0.000158   0.000374  -0.000454
  0.000005   0.000006   0.000008
  0.000138  -0.001556  -0.000931
 -0.000017   0.000012  -0.000013
 -0.003157   0.001910   0.002412
 -0.000008   0.000016  -0.000003
 -0.002017  -0.001906  -0.003857
 -0.000022  -0.000011  -0.000027
  0.006230  -0.015232  -0.023118
  0.000000  -0.000005  -0.000033
  0.096152   0.065182   0.070410
 -0.000013  -0.000020  -0.000028
  0.000007   0.000007   0.000010
 -0.000374  -0.000399  -0.000113
  0.000002  -0.000022  -0.000001
 -0.000492   0.000134   0.000030
  0.000007   0.000002  -0.000016
  0.000029   0.000079   0.000005
 -0.000019  -0.000032   0.000024
 -0.000077   0.000085  -0.000197
 -0.000001  -0.000004  -0.000028
 -0.000105  -0.000223   0.000146
  0.000004   0.000003  -0.000006
  0.000093  -0.000078  -0.000111
  0.000010  -0.000008   0.000006
  0.000181  -0.000323  -0.000127
  0.000039   0.000010   0.000022
 -0.000219  -0.000730   0.000764
 -0.000031   0.000314  -0.000013
  0.000499   0.000040  -0.000140
 -0.000406  -0.000110   0.000419
 -0.000100   0.000132  -0.000067
  0.345195   0.077385   0.022382
 -0.000060  -0.000016   0.000097
 -0.016015  -0.016653  -0.024985
 -0.000028  -0.000018   0.000141
  0.000195  -0.000009   0.000245
  0.000625  -0.000045   0.000018
  0.000116  -0.000048   0.000127
  0.001082   0.000134  -0.000772
 -0.000335   0.000443   0.001241
  0.000017   0.000241  -0.000064
 -0.000340   0.000286   0.000433
  0.000017   0.000025  -0.000005
  0.000019  -0.000017  -0.000284
  0.000316   0.001257   0.001557
   19    2  0.0000  0.0150  0.0000
  0.000069  -0.000469   0.000078
 -0.000108  -0.000033   0.000130
 -0.000521   0.000459  -0.000156
  0.000099  -0.000075  -0.000104
 -0.000108  -0.000331  -0.000940
 -0.000077  -0.000068   0.000028
  0.000152  -0.000113  -0.000317
 -0.000144  -0.000012   0.000061
  0.000473   0.000045   0.000795
  0.000040  -0.000022   0.000026
 -0.000337  -0.001535  -0.001038
 -0.000031   0.000020  -0.000025
 -0.008980  -0.005525  -0.012451
  0.000014  -0.000006   0.000007
  0.032870   0.031509   0.062445
  0.000003   0.000002  -0.000015
 -0.086360   0.161029   0.136618
 -0.000001  -0.000001   0.000013
 -0.115439  -0.557600  -0.511196
 -0.000011  -0.000010   0.000028
 -0.000192   0.000037  -0.000101
  0.001928   0.000467   0.000843
  0.000009   0.000011   0.000002
 -0.000904   0.003184  -0.002046
 -0.000035  -0.000000   0.000004
 -0.000561   0.000583  -0.000254
  0.000033   0.000004  -0.000023
  0.000215  -0.000137  -0.000137
  0.000012  -0.000027   0.000025
  0.000143  -0.000192  -0.000101
 -0.000129   0.000087   0.000015
 -0.000410  -0.000437  -0.000110
  0.000043  -0.000006  -0.000024
  0.000382   0.000268   0.000185
  0.000010   0.000001   0.000026
 -0.000065   0.000441  -0.000099
  0.000079   0.000148   0.000091
 -0.000901   0.000498  -0.001108
  0.000006  -0.000604  -0.000611
  0.000043   0.000273   0.000267
  0.000015   0.000026  -0.000045
 -0.000179   0.000025   0.000064
 -0.000058  -0.000020   0.000066
  0.000101   0.000172   0.000027
  0.000075  -0.000233   0.000188
 -0.000027  -0.000074   0.000053
 -0.000038   0.000037   0.000025
  0.000100  -0.000057   0.000082
 -0.000055   0.000027   0.000073
 -0.000035   0.000163   0.000019
  0.000097   0.000015  -0.000137
 -0.000029   0.000015  -0.000013
  0.000123   0.000064  -0.000188
 -0.000010  -0.000018  -0.000009
  0.000174   0.000708   0.000143
  0.000025   0.000033  -0.000002
  0.000032  -0.000051   0.000070
  0.000012  -0.000020   0.000016
 -0.002149   0.000631   0.002186
 -0.000001   0.000004   0.000002
 -0.002274  -0.000091   0.000970
  0.000001   0.000003  -0.000005
 -0.001455  -0.001284   0.004762
 -0.000001   0.000000  -0.000010
  0.004296  -0.005055  -0.009242
  0.000008   0.000002   0.000010
  0.059065   0.201249   0.219585
  0.000010   0.000003   0.000024
  0.000005   0.000014   0.000003
  0.000012   0.000336  -0.000944
 -0.000016  -0.000007   0.000013
 -0.000233   0.000996   0.000935
  0.000021   0.000011  -0.000022
 -0.000012   0.000052  -0.000058
 -0.000022  -0.000008   0.000015
 -0.000032   0.000083  -0.000012
  0.000000   0.000003  -0.000014
  0.000011  -0.000155   0.000113
  0.000012  -0.000024   0.000029
 -0.000023  -0.000151   0.000169
  0.000019   0.000005   0.000016
  0.000052  -0.000184   0.000065
  0.000035   0.000011   0.000039
 -0.000299   0.001249  -0.000354
 -0.000175   0.000000   0.000048
 -0.000439  -0.000043  -0.000172
  0.000286   0.000452   0.000090
 -0.000054  -0.000150   0.000089
  0.089899   0.143288   0.052130
  0.000010  -0.000000   0.000002
  0.029568   0.025881   0.059384
  0.000014  -0.000008   0.000006
  0.000117  -0.000035   0.000136
 -0.001444   0.000460  -0.000459
  0.000053  -0.000076   0.000032
 -0.000243   0.000065  -0.001148
  0.000274   0.000231   0.001103
  0.000060   0.000152  -0.000173
 -0.000053   0.000526   0.000864
  0.000059  -0.000045   0.000131
 -0.000149   0.000218  -0.000119
  0.003553  -0.001285  -0.001483
   19    3  0.0000 -0.0000  0.0150
  0.000305   0.000253   0.000044
  0.000195  -0.000024  -0.000043
  0.000262  -0.000445   0.000332
 -0.000086   0.000185  -0.000061
  0.000005  -0.000121   0.000770
 -0.000099  -0.000147   0.000077
  0.000244   0.000110  -0.000069
  0.000006  -0.000106  -0.000019
 -0.000166  -0.000263   0.000317
 -0.000015   0.000018   0.000035
 -0.001645  -0.000399  -0.001757
 -0.000030   0.000007  -0.000010
 -0.019744  -0.018924  -0.009354
  0.000047  -0.000010  -0.000050
  0.020186   0.051150   0.042649
  0.000053   0.000033  -0.000070
 -0.189606   0.129997   0.341199
 -0.000033   0.000033   0.000013
  0.051724  -0.511537  -0.903612
  0.000037  -0.000016   0.000045
 -0.000222  -0.000017  -0.000142
  0.001907   0.001336   0.000977
  0.000010   0.000054  -0.000008
  0.000018  -0.000992  -0.000124
 -0.000049  -0.000003   0.000007
  0.000001  -0.000174   0.000034
  0.000045   0.000010  -0.000007
 -0.000075  -0.000187   0.000078
  0.000016  -0.000020   0.000010
  0.000246  -0.000072  -0.000007
 -0.000135   0.000117   0.000048
  0.000825   0.000857   0.000609
  0.000041  -0.000019   0.000007
 -0.000470   0.000218  -0.000424
  0.000012   0.000011  -0.000003
  0.000116   0.000228  -0.000366
  0.000151   0.000110   0.000134
  0.001072  -0.001123   0.001745
 -0.000668  -0.000041  -0.000772
 -0.000914  -0.000127  -0.001535
  0.000020   0.000010  -0.000046
 -0.000099   0.000075   0.000084
 -0.000052   0.000020  -0.000023
  0.000069   0.000129   0.000031
 -0.000045   0.000064  -0.000171
 -0.000058  -0.000086  -0.000004
 -0.000055  -0.000003  -0.000021
  0.000039  -0.000077   0.000046
  0.000008   0.000050   0.000094
 -0.000026   0.000113   0.000132
  0.000146   0.000072  -0.000036
 -0.000027   0.000020  -0.000012
  0.000134   0.000129  -0.000103
 -0.000012  -0.000033  -0.000039
 -0.000227   0.000295   0.000436
  0.000020   0.000024   0.000001
  0.000103  -0.000069  -0.000047
  0.000017  -0.000006   0.000012
 -0.005488   0.002489   0.003000
 -0.000014   0.000004  -0.000010
  0.000772  -0.000039  -0.000838
 -0.000011   0.000014   0.000001
 -0.003151   0.004438   0.004136
 -0.000005  -0.000018  -0.000042
  0.004041  -0.002026  -0.004174
 -0.000001  -0.000009  -0.000021
  0.060591   0.216956   0.315048
 -0.000005  -0.000013  -0.000005
  0.000005   0.000014   0.000012
 -0.000426  -0.000225  -0.000006
  0.000006  -0.000016   0.000009
  0.000075  -0.000850   0.000394
  0.000010   0.000006  -0.000041
 -0.000097   0.000195   0.000012
 -0.000008  -0.000027   0.000024
  0.000032  -0.000003  -0.000113
 -0.000005  -0.000004  -0.000027
  0.000101  -0.000228   0.000103
  0.000002  -0.000010   0.000003
 -0.000025  -0.000172   0.000131
  0.000022  -0.000010   0.000013
 -0.000021   0.000447  -0.000028
  0.000031  -0.000014   0.000003
 -0.000553  -0.000662  -0.000958
  0.000011   0.000194   0.000021
 -0.000451  -0.000126   0.000201
  0.000008  -0.000012   0.000033
 -0.000095  -0.000298   0.000111
  0.032776   0.054212   0.142876
 -0.000047  -0.000009   0.000072
  0.045144   0.077246   0.070792
 -0.000001  -0.000029   0.000155
  0.000205   0.000027   0.000198
 -0.002205   0.000704  -0.000243
  0.000088  -0.000025   0.000125
 -0.000206  -0.001656  -0.001270
  0.000568  -0.000160   0.000898
  0.000104  -0.000582   0.000909
  0.000434   0.000259   0.001296
  0.000500  -0.000032   0.000401
 -0.000273   0.000073  -0.000356
  0.004036  -0.000713  -0.003877
   21    1  0.0150  0.0000  0.0000
 -0.002928  -0.001714   0.000745
 -0.000193  -0.000265   0.000232
  0.001225   0.000847   0.000971
  0.000048  -0.000076  -0.000351
  0.002013   0.000448  -0.000241
 -0.000138   0.000061  -0.000221
  0.000394  -0.002407  -0.000375
 -0.000328   0.000004   0.000603
 -0.000583   0.001263   0.000229
  0.000360  -0.000380   0.000274
  0.000220  -0.000693   0.000072
 -0.000743   0.000425   0.000188
 -0.000445   0.000258   0.000664
  0.000869  -0.001204   0.000558
 -0.000475   0.000320   0.000631
  0.006651  -0.000602  -0.001779
  0.000357   0.000209  -0.000055
 -0.004370   0.002985  -0.003416
 -0.000296  -0.000214  -0.000216
 -0.000577  -0.001952   0.001914
 -0.867824   0.214271  -0.200652
  0.001717  -0.000114   0.001052
  0.117403   0.046123   0.011998
 -0.000074   0.000381   0.000058
  0.036246   0.028660   0.020678
  0.000442   0.000045   0.000042
 -0.002605   0.000696  -0.002697
 -0.000381  -0.000044   0.000120
  0.002207  -0.002158   0.000355
  0.000434  -0.000037   0.000207
 -0.002766   0.000413   0.000231
  0.000021   0.000256  -0.000554
  0.001751   0.000398  -0.000735
 -0.000118  -0.000046  -0.000148
 -0.000901  -0.001230   0.002280
 -0.000032   0.000073  -0.000032
  0.000471   0.000085   0.000078
 -0.000959  -0.000423  -0.000734
  0.000680  -0.000100   0.001413
  0.006990   0.006796  -0.000109
  0.000356  -0.000765  -0.002908
  0.000061  -0.000016   0.000373
 -0.000597   0.000097  -0.000444
  0.000134   0.000033   0.000339
  0.000556  -0.000147  -0.000795
  0.000077  -0.000002   0.000320
  0.003611  -0.002623   0.002895
  0.000200   0.000041   0.000165
 -0.000246  -0.000305  -0.000125
 -0.000015   0.000130   0.000001
 -0.000082   0.000204  -0.000709
 -0.000037   0.000036  -0.000079
  0.000131  -0.000268   0.000082
 -0.000309   0.000113   0.000202
 -0.000098   0.000130  -0.000053
 -0.000056   0.000177  -0.000182
 -0.000368   0.000321   0.000413
  0.000178  -0.000177   0.000148
  0.000157   0.000081   0.000157
  0.002900  -0.003340   0.001638
  0.000070   0.000073  -0.000153
 -0.000818   0.000264  -0.000302
  0.000100  -0.000088   0.000267
  0.003854  -0.002604  -0.001412
  0.000035  -0.000032   0.000232
 -0.000513  -0.001396   0.000598
  0.000003  -0.000077   0.000009
  0.000023   0.000214   0.001084
 -0.010057  -0.021318  -0.011573
 -0.000051   0.000037  -0.000048
 -0.000444  -0.001214   0.001989
 -0.000051  -0.000118  -0.000016
 -0.000235   0.000476   0.001428
  0.000192   0.000182   0.000346
 -0.000366   0.000141   0.000085
 -0.000861   0.000208   0.000043
  0.002250  -0.002909  -0.005304
  0.000005  -0.000066   0.000157
  0.000775   0.000999  -0.000557
  0.000003  -0.000026   0.000061
 -0.001393   0.000282  -0.000547
 -0.000052  -0.000025   0.000045
 -0.000202   0.000074   0.000059
  0.000002  -0.000198   0.000137
 -0.001925  -0.001763   0.002382
  0.000108   0.000197  -0.000743
  0.000915  -0.000520  -0.001219
  0.000088   0.000209  -0.000342
  0.000319  -0.000117  -0.000641
 -0.001787  -0.000905   0.002568
  0.000283  -0.000138  -0.001046
 -0.005785  -0.005433   0.003621
  0.464209  -0.061246   0.155764
 -0.001428   0.000177  -0.001501
  0.234662  -0.223456   0.013520
 -0.000701  -0.000254  -0.000878
 -0.000291  -0.000048  -0.000981
 -0.003126  -0.003342   0.002449
 -0.000777   0.000140  -0.001511
 -0.010245  -0.004513  -0.004002
  0.032003   0.043255   0.008340
  0.000892  -0.000200   0.002874
   21    2  0.0000  0.0150  0.0000
  0.000445   0.002965   0.000268
  0.000221   0.000348  -0.000103
  0.000725   0.000295  -0.000395
 -0.000189   0.000060   0.000115
 -0.000587  -0.002333   0.000151
  0.000213  -0.000229   0.000050
 -0.001460   0.001007  -0.000473
  0.000330  -0.000249  -0.000349
  0.000301  -0.000054  -0.000091
 -0.000236   0.000910   0.000307
 -0.000188   0.000270  -0.000014
  0.000253  -0.000790  -0.000846
  0.000121  -0.000127  -0.000016
  0.000105  -0.000196   0.000035
 -0.000038  -0.000016   0.000009
 -0.002073   0.000376  -0.000414
  0.000005   0.000024   0.000035
  0.004365  -0.002012   0.000023
  0.000000   0.000045  -0.000004
  0.000818   0.000503  -0.001379
  0.214692  -1.026668  -0.051979
  0.000085  -0.000067   0.000100
  0.033204   0.153779   0.023290
  0.000025  -0.000001  -0.000020
  0.021416  -0.020180   0.000620
 -0.000020  -0.000001   0.000061
 -0.004974   0.004692  -0.000791
  0.000191   0.000021  -0.000230
 -0.000859   0.002347  -0.000512
 -0.000075   0.000453   0.000361
 -0.000156  -0.000612  -0.000991
 -0.000147  -0.000190   0.000204
 -0.001262  -0.000578   0.002869
  0.000150   0.000010   0.000014
 -0.006451   0.003389  -0.000657
 -0.000035   0.000017  -0.000005
  0.000310   0.000757  -0.000011
  0.000719   0.000483   0.000235
  0.000197   0.000164   0.001153
 -0.003377  -0.005281   0.001985
 -0.000703   0.002041   0.003619
  0.000016   0.000063   0.000115
 -0.000484   0.000294  -0.000486
 -0.000022   0.000031  -0.000059
 -0.000211  -0.000211   0.000173
  0.000017  -0.000111   0.000002
 -0.000498   0.000160  -0.000102
 -0.000030  -0.000069   0.000002
  0.000029   0.000521  -0.000030
 -0.000010   0.000066   0.000219
  0.000026  -0.000058   0.000162
  0.000026   0.000111   0.000051
 -0.000039   0.000047   0.000015
  0.000397  -0.000334  -0.000554
  0.000031   0.000010  -0.000009
  0.000385   0.000064   0.000990
  0.000119  -0.000189  -0.000180
 -0.000092  -0.000086   0.000066
 -0.000003   0.000003   0.000009
 -0.004357   0.007059  -0.003900
 -0.000001   0.000003   0.000069
  0.000068  -0.000436   0.000176
  0.000010  -0.000001   0.000035
 -0.007755   0.003004   0.002501
 -0.000008   0.000011   0.000005
  0.000744   0.002640  -0.000852
  0.000061  -0.000015   0.000087
  0.000397   0.000351   0.000592
  0.001683   0.015766   0.004870
 -0.000002  -0.000006   0.000002
  0.009790   0.032168   0.014640
 -0.000021  -0.000003  -0.000006
  0.000338  -0.001242  -0.000638
 -0.000001  -0.000093  -0.000083
 -0.000585   0.000310  -0.000554
  0.000325  -0.000520   0.000139
 -0.001675   0.000592   0.000310
 -0.000010  -0.000031  -0.000007
  0.000453  -0.000338  -0.000295
  0.000006   0.000000   0.000008
  0.000160  -0.002089  -0.000465
  0.000028   0.000010  -0.000039
 -0.000077   0.000330  -0.000841
 -0.000016   0.000066  -0.000018
 -0.000041  -0.000618  -0.002127
 -0.000309  -0.000195  -0.000047
 -0.000598  -0.000377   0.000362
 -0.000126  -0.000036   0.000197
  0.000033  -0.000007  -0.000058
 -0.001947   0.000556  -0.000851
 -0.000074  -0.000052  -0.000062
  0.003435   0.002114  -0.000363
 -0.036209   0.150241  -0.007575
 -0.000055   0.000097  -0.000046
 -0.245607   0.683175   0.009482
  0.000022   0.000060  -0.000042
 -0.000279  -0.000183  -0.000258
  0.001925   0.002183  -0.002588
 -0.000495   0.000261  -0.000616
  0.007583   0.003838   0.003169
  0.017241  -0.014353   0.008664
  0.000224   0.000074   0.000413
   21    3  0.0000 -0.0000  0.0150
 -0.001107   0.000419   0.000839
 -0.000038  -0.000005   0.000083
  0.000851   0.000361   0.000372
 -0.000032  -0.000032  -0.000136
  0.000742  -0.000551  -0.000191
 -0.000033  -0.000072  -0.000110
  0.000178  -0.000995  -0.000112
 -0.000131  -0.000043   0.000196
 -0.000109   0.000456   0.000012
  0.000215   0.000039   0.000187
  0.000122  -0.000373   0.000042
 -0.000090  -0.000141  -0.000252
 -0.000242   0.000133   0.000356
  0.000818  -0.001291   0.000560
 -0.000278   0.000167   0.000356
  0.002010   0.000129  -0.000511
  0.000184   0.000135  -0.000004
 -0.001093   0.000277  -0.001281
 -0.000169  -0.000110  -0.000141
 -0.000268  -0.000827   0.000965
 -0.200060  -0.051913  -0.419603
  0.001016  -0.000081   0.000626
  0.009400   0.027958   0.128026
 -0.000012   0.000201  -0.000000
  0.017102   0.003239   0.010258
  0.000198   0.000016   0.000045
  0.001052  -0.000281  -0.000295
 -0.000068  -0.000082  -0.000149
 -0.000945  -0.001041   0.000479
  0.000271   0.000300   0.000612
 -0.001307   0.000867  -0.001793
 -0.000135   0.000024  -0.000320
  0.001811   0.000310   0.002906
  0.000048  -0.000024  -0.000092
 -0.005420   0.001548  -0.000323
 -0.000048   0.000035  -0.000044
 -0.000765  -0.000172   0.000269
 -0.000295  -0.000100  -0.000244
  0.001377   0.000761   0.001675
  0.002516   0.002187   0.000395
 -0.000138   0.000653  -0.000568
  0.000013   0.000019   0.000243
 -0.000376  -0.000031  -0.000435
  0.000069   0.000040   0.000141
  0.000072  -0.000129  -0.000120
  0.000050  -0.000061   0.000216
  0.001073  -0.000802   0.001185
  0.000121  -0.000012   0.000102
 -0.000106  -0.000050  -0.000123
 -0.000008   0.000117   0.000044
 -0.000037   0.000086  -0.000180
 -0.000017   0.000076  -0.000048
  0.000040  -0.000103   0.000073
 -0.000097  -0.000054  -0.000027
 -0.000045   0.000045  -0.000027
  0.000063   0.000111   0.000186
 -0.000100   0.000155   0.000212
  0.000041  -0.000082   0.000134
  0.000088   0.000041   0.000081
 -0.000355   0.000754  -0.000506
  0.000039   0.000043  -0.000082
 -0.000041  -0.000080  -0.000092
  0.000057  -0.000052   0.000167
  0.000876  -0.000228  -0.000611
  0.000013  -0.000011   0.000115
  0.000031  -0.000186   0.000053
  0.000022  -0.000045   0.000040
 -0.000068   0.000158   0.000337
  0.015967   0.035769   0.015787
 -0.000030   0.000020  -0.000027
 -0.015997  -0.027276  -0.013479
 -0.000041  -0.000068  -0.000018
  0.000274   0.000218   0.000864
  0.000096   0.000062   0.000151
 -0.000308   0.000188  -0.000015
 -0.000310  -0.000035   0.000209
 -0.001098  -0.000543  -0.002241
 -0.000006  -0.000057   0.000070
  0.000263  -0.000269  -0.000468
  0.000003  -0.000014   0.000036
 -0.000438  -0.000049   0.000679
 -0.000004  -0.000035   0.000009
 -0.000024   0.000064  -0.000180
 -0.000014  -0.000115   0.000115
 -0.000688  -0.000988   0.000725
 -0.000069   0.000083  -0.000399
  0.000106  -0.000539  -0.000346
  0.000036   0.000069  -0.000103
  0.000188  -0.000054  -0.000340
 -0.001028  -0.000696   0.001279
  0.000091  -0.000107  -0.000609
 -0.002528  -0.002007   0.001226
  0.157873  -0.018622   0.164139
 -0.000853   0.000134  -0.000864
  0.009275   0.019524   0.110255
 -0.000387  -0.000121  -0.000503
 -0.000422  -0.000645  -0.000965
 -0.000865  -0.001195   0.000587
 -0.000922   0.000054  -0.001292
 -0.002862  -0.001418  -0.001420
  0.015458   0.016893   0.001200
  0.000723  -0.000020   0.001773
   23    1  0.0150  0.0000  0.0000
  0.000463   0.000028  -0.000105
  0.000037   0.000061  -0.000017
 -0.000305   0.000047  -0.000135
  0.000010   0.000014   0.000069
 -0.000243   0.000184   0.000078
  0.000013  -0.000046   0.000084
 -0.000163   0.000139  -0.000013
  0.000030  -0.000033  -0.000067
  0.000059  -0.000040  -0.000022
  0.000018   0.000203   0.000040
 -0.000002   0.000009  -0.000013
  0.000126  -0.000272  -0.000048
  0.000027  -0.000005  -0.000026
  0.000119   0.000250  -0.000080
  0.000043  -0.000026  -0.000047
 -0.000360  -0.000069  -0.000336
 -0.000028  -0.000019   0.000005
  0.000403   0.000108   0.000937
  0.000020   0.000024   0.000024
  0.000379   0.000894   0.000027
  0.117417   0.033292   0.009455
 -0.000126   0.000009  -0.000070
 -0.707280   0.064315   0.038460
  0.000012  -0.000037  -0.000004
  0.275116  -0.030445   0.045505
 -0.000029   0.000003   0.000004
  0.013524  -0.008602   0.011283
  0.000051   0.000002  -0.000020
 -0.004465  -0.000081  -0.001237
 -0.000014   0.000017   0.000039
  0.001961  -0.000670   0.000162
 -0.000036  -0.000066   0.000081
 -0.001573   0.001745  -0.004815
  0.000034   0.000016   0.000012
  0.046024  -0.007693   0.005877
  0.000004   0.000001   0.000005
 -0.000099   0.000134   0.000247
  0.000189   0.000116   0.000083
 -0.000313  -0.000005  -0.000445
 -0.000893  -0.001138   0.000201
  0.000026  -0.000041   0.000097
  0.000035   0.000026   0.000006
  0.000262  -0.000084   0.000127
 -0.000015  -0.000022  -0.000069
 -0.000088   0.000061   0.000100
  0.000007  -0.000008  -0.000053
 -0.000060   0.000176  -0.000082
 -0.000027  -0.000004  -0.000018
  0.000047   0.000008   0.000007
  0.000011  -0.000015  -0.000010
 -0.000007  -0.000017   0.000027
  0.000066   0.000029   0.000002
 -0.000014   0.000025  -0.000010
 -0.000050  -0.000036  -0.000016
  0.000016  -0.000034   0.000009
 -0.000025  -0.000005  -0.000156
  0.000040   0.000013   0.000002
 -0.000048   0.000022   0.000039
 -0.000007   0.000002  -0.000014
 -0.000231   0.000084  -0.000137
 -0.000006  -0.000006  -0.000000
  0.000297  -0.000211   0.000048
  0.000003   0.000014  -0.000025
 -0.000150   0.000006   0.000087
 -0.000000   0.000005  -0.000018
  0.000108   0.000263  -0.000065
  0.000005  -0.000002   0.000010
 -0.000308   0.000021  -0.000280
  0.168987  -0.063742  -0.157958
  0.000009  -0.000007  -0.000001
  0.061839  -0.012203   0.010698
  0.000006   0.000009   0.000005
 -0.001391   0.002104  -0.001448
 -0.000009  -0.000015  -0.000043
 -0.000274   0.000446  -0.000373
  0.000067   0.000033   0.000012
  0.001493  -0.000000   0.000592
 -0.000002   0.000002  -0.000014
 -0.002114  -0.000087   0.002249
  0.000005   0.000001  -0.000004
  0.000293   0.000822  -0.000499
  0.000013   0.000004  -0.000004
 -0.000268  -0.000169   0.000089
  0.000004   0.000026  -0.000017
  0.000309   0.000533  -0.000334
 -0.000045  -0.000016   0.000052
  0.000113   0.000296   0.000053
 -0.000009   0.000006   0.000032
 -0.000028   0.000012   0.000049
  0.000338  -0.000181   0.000323
 -0.000015   0.000002   0.000094
  0.000150   0.000440  -0.000525
  0.046648   0.039542   0.037817
  0.000138  -0.000018   0.000104
 -0.016419  -0.017659   0.002208
  0.000067   0.000005   0.000060
 -0.000038  -0.000026   0.000229
  0.000302   0.000553  -0.000338
  0.000278  -0.000017   0.000123
  0.001990   0.000873   0.000729
 -0.002301  -0.004249   0.001491
 -0.000176   0.000051  -0.000240
   23    2  0.0000  0.0150  0.0000
 -0.000153  -0.000373   0.000072
 -0.000015   0.000002  -0.000040
  0.000228  -0.000186   0.000163
  0.000030   0.000010   0.000043
  0.000123   0.000322   0.000025
 -0.000002   0.000014   0.000023
  0.000037  -0.000064  -0.000123
  0.000001   0.000059  -0.000088
 -0.000001  -0.000025  -0.000038
 -0.000064  -0.000152  -0.000111
 -0.000011   0.000028   0.000009
 -0.000075   0.000102   0.000144
  0.000081   0.000003  -0.000165
  0.000203  -0.000066  -0.000210
  0.000112  -0.000049  -0.000119
 -0.000534  -0.000068  -0.000586
 -0.000058  -0.000053  -0.000010
  0.000090   0.000931   0.001760
  0.000063   0.000013   0.000042
  0.000866   0.003203   0.000972
  0.046279   0.153956   0.028204
 -0.000354   0.000024  -0.000214
  0.063999  -0.654904   0.078642
  0.000005  -0.000069  -0.000002
 -0.041426   0.109251  -0.021870
 -0.000082  -0.000012  -0.000024
 -0.019081  -0.000762  -0.006616
  0.000008  -0.000002   0.000029
 -0.001605  -0.007112  -0.006359
 -0.000020  -0.000049  -0.000094
  0.000507   0.002073   0.000232
  0.000000  -0.000007   0.000021
 -0.000141  -0.007653  -0.004852
 -0.000001   0.000002   0.000020
  0.006273  -0.006611   0.002676
  0.000012  -0.000024  -0.000004
 -0.000140   0.001321   0.000984
 -0.000025  -0.000027   0.000062
 -0.000039   0.000001  -0.000160
 -0.000214   0.000065  -0.000247
  0.000226  -0.000004  -0.000419
 -0.000027   0.000019  -0.000091
 -0.000103   0.000331  -0.000224
 -0.000020  -0.000004  -0.000049
  0.000016  -0.000025  -0.000111
 -0.000019   0.000010  -0.000066
 -0.000303   0.000076  -0.000095
 -0.000032  -0.000005  -0.000018
 -0.000009   0.000185  -0.000022
  0.000003  -0.000032  -0.000033
  0.000017  -0.000007   0.000014
 -0.000021  -0.000076  -0.000018
  0.000012   0.000022   0.000012
 -0.000008   0.000036   0.000059
 -0.000001   0.000051  -0.000025
 -0.000034  -0.000029  -0.000151
  0.000007  -0.000075  -0.000047
  0.000028   0.000055  -0.000084
 -0.000033  -0.000024  -0.000020
  0.000453  -0.000450   0.000604
 -0.000013  -0.000013   0.000019
  0.000068   0.000029   0.000112
 -0.000028   0.000017  -0.000053
  0.000698   0.000162   0.000026
 -0.000004   0.000005  -0.000048
 -0.000103  -0.000260   0.000202
 -0.000028   0.000035  -0.000064
 -0.000107   0.000415  -0.000544
 -0.058259   0.080251   0.079003
  0.000006   0.000001   0.000011
 -0.010017   0.258421  -0.185798
  0.000012   0.000026   0.000003
  0.000660   0.003738   0.002811
 -0.000028   0.000003  -0.000028
 -0.000664  -0.000079  -0.000201
  0.000040   0.000044   0.000001
  0.000153  -0.000451   0.000550
  0.000004   0.000018  -0.000034
  0.001868   0.003844   0.001929
 -0.000002   0.000001  -0.000018
  0.000264  -0.000425  -0.000441
  0.000002   0.000009   0.000003
  0.000435   0.000069  -0.000401
  0.000002   0.000023  -0.000044
  0.000310   0.000363   0.000232
  0.000043  -0.000001   0.000178
  0.000006  -0.000127   0.000159
 -0.000003  -0.000033   0.000038
 -0.000086   0.000014   0.000145
  0.001100  -0.000255   0.000466
 -0.000031   0.000057   0.000230
 -0.000152  -0.000091  -0.000902
  0.008756  -0.003592   0.006643
  0.000290  -0.000039   0.000301
  0.002536   0.066189   0.023643
  0.000138   0.000056   0.000181
  0.000169  -0.000016   0.000226
  0.000027  -0.000112   0.000061
  0.000330  -0.000100   0.000465
  0.000042   0.000061  -0.000137
 -0.003307  -0.001461   0.000290
 -0.000155   0.000039  -0.000626
   23    3  0.0000 -0.0000  0.0150
  0.000590  -0.000095  -0.000328
  0.000015  -0.000070   0.000012
 -0.000414  -0.000163  -0.000094
 -0.000001   0.000017  -0.000024
 -0.000171   0.000202  -0.000100
 -0.000013   0.000049  -0.000029
  0.000088   0.000242   0.000030
 -0.000027  -0.000019   0.000054
 -0.000022  -0.000071   0.000017
  0.000009  -0.000044   0.000008
  0.000013   0.000002  -0.000010
 -0.000078   0.000089   0.000065
 -0.000025  -0.000001   0.000041
  0.000487  -0.000036  -0.000108
 -0.000024   0.000012   0.000027
 -0.000716   0.000012  -0.000375
  0.000016   0.000014   0.000005
  0.000004   0.000589   0.001175
 -0.000016   0.000003  -0.000005
  0.000567   0.002045  -0.000130
  0.012201   0.023481   0.128114
  0.000061   0.000041   0.000001
  0.038771   0.078352  -0.732971
 -0.000006   0.000010  -0.000018
  0.042922  -0.017541   0.130076
  0.000006   0.000001   0.000006
  0.042464  -0.009488   0.010407
  0.000032  -0.000005  -0.000025
 -0.000935  -0.004577   0.004748
  0.000015   0.000035   0.000049
  0.000129  -0.000118   0.001704
 -0.000039  -0.000046   0.000027
 -0.005899  -0.004651   0.001443
  0.000025   0.000008  -0.000003
 -0.023772   0.003411  -0.013578
 -0.000001   0.000008   0.000001
  0.000454   0.000797  -0.000516
  0.000118   0.000052   0.000010
  0.000092  -0.000024   0.000296
 -0.000664  -0.000717   0.000129
 -0.000139   0.000007   0.000168
 -0.000020  -0.000039  -0.000014
  0.000082  -0.000197   0.000362
  0.000010   0.000014   0.000031
 -0.000074   0.000031   0.000056
 -0.000024   0.000005   0.000020
  0.000026   0.000156  -0.000116
  0.000018   0.000009  -0.000003
  0.000035  -0.000186   0.000091
  0.000001   0.000007   0.000009
 -0.000009   0.000001   0.000017
 -0.000050  -0.000032   0.000035
 -0.000016   0.000004  -0.000037
 -0.000004   0.000007   0.000002
  0.000006  -0.000030   0.000021
  0.000034   0.000040   0.000087
  0.000013   0.000033   0.000016
  0.000027   0.000009  -0.000069
  0.000007   0.000008  -0.000000
  0.000072  -0.000038   0.000043
  0.000004   0.000004  -0.000005
 -0.000449   0.000200  -0.000030
  0.000000  -0.000003   0.000009
  0.000075  -0.000107  -0.000137
  0.000003   0.000001   0.000010
 -0.000190  -0.000372   0.000062
  0.000008  -0.000008   0.000022
  0.000061   0.000242  -0.000016
 -0.154117   0.083821   0.277131
 -0.000002  -0.000005   0.000009
  0.008892  -0.191181   0.220722
  0.000001  -0.000001   0.000001
  0.001092   0.001798  -0.001012
  0.000009  -0.000001  -0.000012
  0.001733  -0.000757   0.000297
  0.000008  -0.000006   0.000021
 -0.002229   0.000365  -0.000225
 -0.000000  -0.000004   0.000006
 -0.001155   0.002905   0.000134
  0.000001   0.000006   0.000011
 -0.000392  -0.000801   0.000751
  0.000010   0.000007  -0.000004
 -0.000104   0.000109  -0.000112
  0.000005   0.000011   0.000005
  0.000230   0.000063   0.000225
  0.000017  -0.000007  -0.000028
 -0.000110   0.000126   0.000029
 -0.000014   0.000001  -0.000010
  0.000015   0.000005  -0.000024
  0.000906  -0.000087  -0.000051
  0.000001  -0.000010  -0.000038
  0.001040   0.000791  -0.000086
  0.031949   0.020985   0.000020
 -0.000038  -0.000001  -0.000002
  0.007223   0.012237  -0.026287
 -0.000015  -0.000016   0.000003
  0.000048   0.000039  -0.000130
  0.000224   0.000435  -0.000186
 -0.000068   0.000024  -0.000075
  0.000863   0.000506   0.000531
 -0.001884  -0.002915  -0.002461
  0.000099  -0.000012   0.000090
   25    1  0.0150  0.0000  0.0000
  0.000007   0.000013  -0.000212
  0.000246   0.000028   0.000017
 -0.000324   0.000333   0.000377
 -0.000066   0.000160  -0.000039
  0.000026  -0.000683   0.000543
 -0.000012   0.000011   0.000070
  0.000217  -0.000023  -0.000016
 -0.000050  -0.000216   0.000056
 -0.000082   0.000030   0.000049
  0.000105   0.000553   0.000108
  0.000031  -0.000060   0.000015
 -0.000050  -0.000361  -0.000253
 -0.000072   0.000012   0.000120
  0.000207   0.000113  -0.000203
 -0.000105   0.000038   0.000105
  0.000686  -0.000187  -0.000547
  0.000060   0.000044   0.000012
 -0.000524   0.000311   0.000387
 -0.000041  -0.000030  -0.000035
  0.000249   0.000565  -0.000028
  0.036291   0.021431   0.017170
  0.000397   0.000031   0.000164
  0.275079  -0.041543   0.043027
 -0.000016   0.000065  -0.000014
 -0.900276   0.042119   0.031369
  0.000054   0.000009   0.000013
  0.174169  -0.045527   0.081900
 -0.000009  -0.000011  -0.000025
 -0.007829  -0.019501   0.047603
  0.000035   0.000050   0.000107
  0.003312   0.013357  -0.024874
  0.000001   0.000022  -0.000046
  0.074347  -0.009146  -0.007040
  0.000002  -0.000006  -0.000016
  0.324141   0.050315  -0.178813
 -0.000006   0.000007  -0.000006
  0.001755  -0.000518   0.000950
 -0.000050  -0.000013  -0.000077
 -0.002654   0.000612  -0.001640
  0.000146   0.000012   0.000103
 -0.000054   0.000081   0.000216
  0.000052  -0.000115   0.000061
  0.000114  -0.000163   0.000205
  0.000024   0.000003   0.000013
 -0.000086  -0.000113  -0.000253
 -0.000078  -0.000009   0.000002
  0.000299  -0.000044   0.000104
  0.000030  -0.000011   0.000027
 -0.000020  -0.000183   0.000082
  0.000009   0.000028   0.000010
 -0.000006   0.000019  -0.000027
  0.000246  -0.000132   0.000056
 -0.000000  -0.000029  -0.000027
 -0.000128  -0.000081  -0.000043
 -0.000015  -0.000015   0.000020
  0.000002   0.000116   0.000008
 -0.000013   0.000053   0.000048
  0.000125  -0.000086   0.000191
  0.000029   0.000013   0.000021
 -0.000336   0.000339  -0.000314
  0.000015   0.000013  -0.000014
  0.000329  -0.000230  -0.000024
  0.000016  -0.000020   0.000032
 -0.000648  -0.000241  -0.000116
  0.000007  -0.000004   0.000041
  0.000056   0.000496  -0.000165
  0.000007  -0.000015   0.000011
 -0.000433  -0.000018  -0.000385
  0.027071  -0.001443   0.008033
 -0.000008   0.000002   0.000002
  0.003085   0.000970   0.002164
 -0.000008  -0.000011  -0.000007
 -0.009525   0.012276  -0.029546
  0.000022   0.000011   0.000033
  0.006941  -0.003515   0.001534
 -0.000036  -0.000019   0.000033
  0.004840  -0.003881   0.002590
  0.000003  -0.000015   0.000028
 -0.009651  -0.004036   0.007205
 -0.000003   0.000008   0.000018
 -0.000549   0.000088  -0.000172
  0.000002  -0.000001  -0.000001
 -0.000169   0.000145   0.000018
 -0.000006  -0.000013   0.000020
 -0.000403  -0.000640  -0.000318
 -0.000073  -0.000125  -0.000287
  0.000591   0.000400  -0.000034
 -0.000103  -0.000040   0.000052
  0.000067  -0.000023  -0.000108
  0.000234  -0.000676   0.000921
  0.000049  -0.000032  -0.000188
 -0.000385  -0.000283   0.000127
 -0.004752  -0.001364  -0.001198
 -0.000321   0.000061  -0.000279
  0.000221  -0.010808  -0.001763
 -0.000157  -0.000077  -0.000119
  0.000228  -0.000269   0.000227
 -0.000073   0.000050  -0.000107
  0.002170  -0.000061  -0.000576
 -0.000599   0.000003  -0.000131
  0.002204   0.001273   0.000595
  0.000157  -0.000017   0.001066
   25    2  0.0000  0.0150  0.0000
  0.000301  -0.000079   0.000046
 -0.000423   0.000195   0.000152
 -0.000259  -0.000109  -0.000183
  0.000086  -0.000163  -0.000001
 -0.000017   0.000465  -0.000211
  0.000022  -0.000036  -0.000089
  0.000032   0.000155   0.000060
 -0.000065  -0.000015  -0.000060
 -0.000008  -0.000040   0.000025
  0.000151  -0.000125  -0.000036
 -0.000012   0.000031  -0.000005
  0.000077   0.000075   0.000016
  0.000001  -0.000006   0.000010
 -0.000020  -0.000045  -0.000028
  0.000019   0.000013   0.000011
 -0.000265  -0.000062   0.000333
  0.000010  -0.000005  -0.000006
  0.000005   0.000364  -0.000066
 -0.000006  -0.000002  -0.000001
 -0.000844   0.000557   0.000183
  0.028667  -0.020181   0.003240
 -0.000043  -0.000002  -0.000012
 -0.030378   0.109303  -0.017528
  0.000006  -0.000013  -0.000001
  0.042050  -0.338985   0.239691
 -0.000008   0.000012   0.000009
 -0.012293   0.141251  -0.129211
  0.000026   0.000004  -0.000002
 -0.042817   0.000934  -0.009363
 -0.000015  -0.000013  -0.000016
  0.011430   0.017056  -0.020788
 -0.000004  -0.000029   0.000048
  0.011529  -0.019511   0.019386
  0.000015   0.000011   0.000006
  0.022060   0.111835  -0.057295
  0.000004   0.000003  -0.000001
  0.000429   0.001742  -0.000168
  0.000106   0.000048   0.000039
  0.000808  -0.000849   0.000217
 -0.000487  -0.000553   0.000033
  0.000014  -0.000056  -0.000020
 -0.000041   0.000060   0.000058
  0.000075  -0.000076   0.000146
  0.000006   0.000024  -0.000007
 -0.000014   0.000106   0.000110
  0.000000  -0.000041   0.000029
 -0.000030   0.000181  -0.000035
  0.000033  -0.000023   0.000000
  0.000022  -0.000139   0.000073
  0.000013   0.000048   0.000024
 -0.000005  -0.000012   0.000008
 -0.000181   0.000058  -0.000001
 -0.000014   0.000015  -0.000027
 -0.000002  -0.000091  -0.000039
  0.000011  -0.000026   0.000014
  0.000007  -0.000026  -0.000022
  0.000020   0.000012  -0.000002
 -0.000042  -0.000095  -0.000059
 -0.000001   0.000008  -0.000006
  0.000100   0.000120   0.000092
 -0.000001  -0.000004  -0.000001
  0.000080  -0.000009  -0.000077
 -0.000001   0.000004   0.000021
 -0.000138   0.000141   0.000069
 -0.000000   0.000004  -0.000010
 -0.000121  -0.000124  -0.000028
  0.000008  -0.000004   0.000017
  0.000040   0.000112  -0.000158
 -0.010327   0.002406  -0.005205
  0.000003  -0.000005   0.000006
 -0.031373   0.003723  -0.007967
  0.000007   0.000001  -0.000000
 -0.002367  -0.001179  -0.005493
 -0.000003  -0.000008  -0.000023
 -0.002380  -0.008552  -0.002709
  0.000031   0.000015  -0.000016
 -0.004347  -0.008431  -0.003107
  0.000002  -0.000001  -0.000002
  0.013155  -0.001833  -0.011972
  0.000003  -0.000010  -0.000005
 -0.000098  -0.000079   0.000132
  0.000008   0.000004  -0.000000
 -0.000756  -0.000027   0.000216
  0.000009   0.000014  -0.000004
  0.000184   0.000403   0.000060
  0.000229   0.000166   0.000274
 -0.000239  -0.000062  -0.000050
  0.000020  -0.000154   0.000091
 -0.000015   0.000010   0.000011
  0.000020   0.000231  -0.000360
 -0.000036  -0.000022   0.000015
  0.000249   0.000182  -0.000216
  0.008840   0.007508   0.006619
  0.000019  -0.000006   0.000043
  0.000678   0.002893   0.001200
  0.000046  -0.000007   0.000008
 -0.000763   0.000176  -0.000169
  0.000162   0.000323  -0.000102
 -0.000620   0.000238  -0.000144
  0.000911   0.000370   0.000429
 -0.001203  -0.001874  -0.000041
  0.000246   0.000188  -0.000124
   25    3  0.0000 -0.0000  0.0150
 -0.000136  -0.000093  -0.000164
  0.000358  -0.000241  -0.000259
  0.000076   0.000136   0.000471
 -0.000055   0.000131   0.000090
  0.000083  -0.000495   0.000455
  0.000076   0.000005   0.000165
  0.000047  -0.000045  -0.000045
  0.000114   0.000050   0.000003
 -0.000026   0.000023   0.000005
 -0.000022  -0.000031   0.000193
 -0.000003  -0.000012   0.000017
 -0.000408   0.000076  -0.000286
 -0.000001   0.000008   0.000006
 -0.000045  -0.000624  -0.000353
 -0.000014  -0.000006   0.000000
 -0.000257  -0.000034  -0.000147
 -0.000003   0.000009   0.000008
  0.000003   0.000004   0.000344
  0.000003   0.000002   0.000003
  0.000182   0.000257   0.000028
  0.020705   0.000646   0.010312
  0.000023  -0.000037   0.000029
  0.045327  -0.021894   0.130073
  0.000003   0.000014   0.000002
  0.031318   0.239835  -0.831471
  0.000008   0.000006   0.000007
  0.007807  -0.117007   0.382899
  0.000004  -0.000006  -0.000007
  0.098407  -0.018713  -0.000156
  0.000001   0.000016   0.000023
 -0.026819  -0.022530   0.069443
  0.000006   0.000010  -0.000016
 -0.058491   0.030486  -0.062383
  0.000012   0.000001  -0.000001
 -0.102344  -0.069408   0.270485
  0.000004  -0.000002   0.000004
  0.000755  -0.000676   0.001395
 -0.000008   0.000003  -0.000007
  0.000195   0.001104  -0.000027
  0.000037  -0.000051   0.000132
  0.000007   0.000063   0.000107
  0.000163  -0.000094  -0.000013
 -0.000058   0.000059  -0.000071
  0.000001  -0.000023  -0.000014
 -0.000053  -0.000151  -0.000151
 -0.000017   0.000031  -0.000034
  0.000033  -0.000055   0.000022
 -0.000031   0.000016   0.000025
 -0.000029   0.000056   0.000011
 -0.000002  -0.000042   0.000001
  0.000005   0.000012  -0.000004
 -0.000008   0.000195  -0.000050
  0.000007  -0.000008   0.000003
 -0.000063  -0.000146  -0.000009
 -0.000009   0.000026  -0.000004
  0.000139   0.000244   0.000056
 -0.000008  -0.000009   0.000003
  0.000495   0.000258   0.000337
  0.000005   0.000000   0.000010
 -0.000265  -0.000059  -0.000219
  0.000003   0.000008   0.000005
  0.000162   0.000448  -0.000063
  0.000011   0.000003  -0.000009
 -0.000055   0.000240   0.000057
  0.000004   0.000001   0.000014
  0.000004  -0.000130  -0.000039
 -0.000007   0.000008  -0.000017
 -0.000224   0.000290  -0.000261
 -0.032577   0.004857  -0.010851
 -0.000002   0.000004   0.000003
  0.029749  -0.003134   0.010732
 -0.000002   0.000001   0.000002
  0.007414  -0.012560   0.018095
  0.000003   0.000009   0.000007
 -0.000022  -0.003537  -0.004279
  0.000001  -0.000007   0.000024
  0.003748  -0.002885  -0.001690
 -0.000001   0.000003   0.000007
 -0.029190  -0.005879   0.020183
  0.000000   0.000013   0.000007
  0.000116   0.000382  -0.000199
 -0.000000   0.000003   0.000001
  0.000241   0.000833  -0.000243
 -0.000005   0.000001  -0.000004
 -0.000049  -0.000212  -0.000158
 -0.000314  -0.000122  -0.000339
  0.000390   0.000357   0.000061
 -0.000092   0.000219  -0.000245
  0.000009   0.000000  -0.000005
  0.000210   0.000053   0.000074
  0.000030   0.000021  -0.000012
  0.000129   0.000063   0.000013
  0.002586   0.003170  -0.001993
  0.000008   0.000023  -0.000034
 -0.000143  -0.003199  -0.000495
 -0.000015   0.000025  -0.000024
  0.000695  -0.000410   0.000150
  0.000010  -0.000036  -0.000112
 -0.000049  -0.000255   0.000083
 -0.000009   0.000049  -0.000052
  0.000261   0.000175   0.000329
 -0.000264  -0.000183  -0.000005
   27    1  0.0150  0.0000  0.0000
  0.000007   0.000062   0.000089
 -0.000651   0.000133   0.000615
  0.000127  -0.000135  -0.000194
  0.000269  -0.000337   0.000145
 -0.000007   0.000222  -0.000180
  0.000059   0.000025   0.000016
 -0.000121   0.000004  -0.000013
  0.000114   0.000107   0.000069
  0.000046  -0.000008  -0.000022
 -0.000232   0.000392   0.000218
 -0.000017   0.000022  -0.000010
  0.000155   0.000170  -0.000163
  0.000046  -0.000002  -0.000056
 -0.000455  -0.000234  -0.000086
  0.000103  -0.000026  -0.000093
  0.000124   0.000336  -0.000575
 -0.000076  -0.000039  -0.000004
 -0.000118   0.000118  -0.000221
  0.000021   0.000031   0.000038
  0.000326  -0.000217  -0.000081
 -0.002643  -0.004982   0.001036
 -0.000369  -0.000174  -0.000082
  0.013567  -0.019072   0.042497
  0.000037  -0.000009   0.000027
  0.174218  -0.012248   0.007536
 -0.000020  -0.000012  -0.000003
 -0.971627   0.078806   0.076001
  0.000005   0.000007   0.000013
  0.441425  -0.099967   0.099961
 -0.000014  -0.000008  -0.000029
  0.073925   0.011348  -0.056891
 -0.000016  -0.000019   0.000015
  0.034878  -0.019067   0.034761
  0.000011   0.000005  -0.000001
 -0.058091   0.015735  -0.017011
  0.000009   0.000007   0.000014
 -0.001899   0.002630  -0.005361
  0.000029   0.000001   0.000035
  0.001674  -0.003467  -0.000599
 -0.000140  -0.000045  -0.000097
 -0.000006  -0.000007  -0.000047
  0.000147   0.000077   0.000226
 -0.000050   0.000079  -0.000118
 -0.000017  -0.000065  -0.000003
  0.000018   0.000065   0.000096
  0.000170   0.000074  -0.000062
 -0.000116   0.000002  -0.000041
 -0.000051   0.000087  -0.000111
  0.000004   0.000096  -0.000047
  0.000019  -0.000058  -0.000002
  0.000002  -0.000006   0.000012
  0.000369  -0.000046  -0.000318
  0.000001   0.000015   0.000012
  0.000171   0.000047   0.000070
  0.000008   0.000007  -0.000013
 -0.000054  -0.000018  -0.000072
  0.000007  -0.000021  -0.000021
 -0.000520  -0.000289   0.000490
 -0.000010  -0.000005  -0.000004
 -0.000015  -0.000124   0.000057
 -0.000007  -0.000001   0.000010
  0.000016  -0.000082   0.000217
  0.000021   0.000008  -0.000014
 -0.000011   0.000016  -0.000002
 -0.000002   0.000001  -0.000012
 -0.000077  -0.000048   0.000048
 -0.000007   0.000010  -0.000005
 -0.000091   0.000011   0.000089
 -0.002520  -0.000272   0.001794
  0.000004  -0.000001  -0.000003
  0.007228  -0.000939   0.002974
  0.000005  -0.000001   0.000011
  0.281324   0.047653  -0.185575
 -0.000001  -0.000004  -0.000018
  0.003129   0.000483  -0.000443
  0.000015   0.000007  -0.000003
 -0.000093  -0.001246   0.001226
 -0.000002   0.000012  -0.000017
  0.004700   0.000547  -0.005428
  0.000011   0.000004  -0.000002
  0.001322  -0.000457   0.000643
  0.000002   0.000004  -0.000001
 -0.000225  -0.001342   0.000628
  0.000004   0.000010  -0.000010
  0.000125   0.000203   0.000124
  0.000279   0.000261   0.000137
 -0.000271  -0.000173  -0.000019
  0.000094   0.000317  -0.000327
 -0.000031   0.000021   0.000071
  0.000028   0.000318   0.000391
  0.000025   0.000049   0.000142
 -0.000014  -0.000303  -0.000064
  0.002852   0.001643   0.000443
  0.000380  -0.000052   0.000191
  0.000781   0.001619   0.000596
  0.000154   0.000139  -0.000015
 -0.001427   0.001778   0.000580
  0.000047   0.000007   0.000059
 -0.001708   0.000497   0.001551
  0.000262   0.000054   0.000148
 -0.000526  -0.000508  -0.000091
 -0.000545  -0.000252  -0.001440
   27    2  0.0000  0.0150  0.0000
 -0.000027   0.000021  -0.000040
 -0.000416   0.000011   0.000357
 -0.000012  -0.000036   0.000052
  0.000175  -0.000335  -0.000053
  0.000036  -0.000019  -0.000018
 -0.000143  -0.000061  -0.000110
  0.000018  -0.000011  -0.000011
 -0.000257  -0.000173   0.000148
 -0.000001   0.000007  -0.000005
  0.000081   0.000032   0.000007
  0.000006   0.000001  -0.000008
 -0.000455  -0.000078  -0.000375
  0.000007   0.000008  -0.000017
  0.000165  -0.000023  -0.000123
  0.000037   0.000005  -0.000013
  0.000348  -0.000017  -0.000294
 -0.000001  -0.000012  -0.000017
 -0.000228  -0.000144   0.000083
  0.000007  -0.000002  -0.000004
  0.000112  -0.000167   0.000231
  0.000656   0.004634  -0.000316
  0.000064   0.000029   0.000094
 -0.008602  -0.000709  -0.009512
 -0.000005   0.000003   0.000003
 -0.045549   0.141223  -0.116686
  0.000018   0.000008   0.000002
  0.078455  -0.304685   0.262648
 -0.000004   0.000008   0.000007
 -0.062727   0.117072  -0.054907
 -0.000002  -0.000000  -0.000001
 -0.012452  -0.023603   0.032584
  0.000002   0.000006  -0.000005
 -0.020168   0.019489  -0.017628
 -0.000002   0.000011   0.000002
  0.037000  -0.005868  -0.029497
  0.000000   0.000005  -0.000018
  0.000232  -0.006802  -0.003919
 -0.000013   0.000004   0.000001
 -0.000706   0.001395  -0.000423
  0.000080   0.000099  -0.000022
 -0.000001  -0.000007  -0.000026
 -0.000023   0.000187  -0.000061
 -0.000006  -0.000002  -0.000009
  0.000007  -0.000029  -0.000005
  0.000020   0.000021   0.000032
  0.000107  -0.000035   0.000002
 -0.000011   0.000010   0.000003
  0.000011   0.000015   0.000001
  0.000000  -0.000000  -0.000009
  0.000013  -0.000012  -0.000035
  0.000003   0.000003  -0.000007
 -0.000060  -0.000050   0.000098
  0.000003   0.000005  -0.000003
 -0.000137  -0.000092   0.000027
  0.000002   0.000003  -0.000002
  0.000158   0.000228   0.000048
  0.000003   0.000006  -0.000002
  0.000264   0.000948   0.000055
  0.000002   0.000014  -0.000005
 -0.000127  -0.000218  -0.000121
 -0.000003  -0.000003  -0.000006
 -0.000063   0.000072   0.000022
  0.000011   0.000025   0.000001
  0.000083  -0.000081  -0.000165
 -0.000005   0.000008  -0.000018
  0.000066   0.000046   0.000003
 -0.000001   0.000003  -0.000008
  0.000073  -0.000242   0.000024
  0.002554  -0.000749  -0.000323
 -0.000000   0.000003  -0.000006
 -0.001139  -0.000164  -0.001220
  0.000008  -0.000013   0.000004
  0.045113   0.066692  -0.054201
  0.000004   0.000005  -0.000004
 -0.017642   0.000370  -0.004176
  0.000005   0.000010  -0.000003
 -0.000177   0.001955   0.000215
  0.000000  -0.000000  -0.000003
  0.000353  -0.007819  -0.003347
  0.000009  -0.000021  -0.000017
  0.001020  -0.000466   0.000146
  0.000001   0.000003  -0.000002
  0.000817  -0.000138   0.000048
  0.000001   0.000003  -0.000004
  0.000046   0.000061   0.000013
  0.000346   0.000361   0.000674
 -0.000019  -0.000014  -0.000020
  0.000242   0.000004   0.000031
 -0.000017   0.000008   0.000011
  0.000028   0.000261  -0.000087
 -0.000029  -0.000028   0.000028
 -0.000376   0.000008  -0.000080
  0.000111  -0.000923   0.000292
 -0.000028  -0.000056  -0.000095
  0.002281  -0.001090   0.000937
  0.000009  -0.000044  -0.000032
  0.000602  -0.000395   0.000229
 -0.000026  -0.000033   0.000027
 -0.000158  -0.000472  -0.000585
 -0.000032  -0.000079  -0.000053
 -0.000075   0.000158  -0.000049
  0.000049   0.000455  -0.000379
   27    3  0.0000 -0.0000  0.0150
  0.000001   0.000056  -0.000046
  0.000063   0.000317   0.000711
 -0.000010   0.000071   0.000090
 -0.000043   0.000043  -0.000116
 -0.000005  -0.000081   0.000107
 -0.000082   0.000175  -0.000190
  0.000041   0.000021  -0.000061
 -0.000148  -0.000005   0.000062
 -0.000008  -0.000011   0.000001
  0.000324  -0.000319   0.000004
  0.000009  -0.000003   0.000014
  0.000197   0.000098   0.000089
  0.000002   0.000007  -0.000026
  0.000077   0.000199   0.000049
 -0.000043  -0.000008   0.000010
 -0.000397   0.000042  -0.000507
  0.000037   0.000002  -0.000000
  0.000035  -0.000073   0.000409
  0.000012  -0.000018  -0.000001
  0.000099   0.000115   0.000110
 -0.002663  -0.000713  -0.000243
  0.000091   0.000239  -0.000182
  0.011227  -0.006613   0.010374
 -0.000019  -0.000038  -0.000031
  0.082129  -0.129491   0.382889
 -0.000036   0.000004  -0.000006
  0.076000   0.262745  -0.849513
  0.000013   0.000002   0.000004
  0.029361  -0.044507   0.170315
  0.000006  -0.000000   0.000008
 -0.006276   0.025049  -0.058762
 -0.000013  -0.000010   0.000022
  0.034740  -0.017173   0.034508
 -0.000001   0.000001   0.000013
 -0.063393  -0.019018   0.059645
  0.000009  -0.000020  -0.000010
 -0.005910  -0.003383   0.003018
  0.000029  -0.000009   0.000032
 -0.000479   0.000580   0.002301
 -0.000215  -0.000116  -0.000075
  0.000016   0.000010   0.000002
 -0.000175  -0.000274  -0.000207
 -0.000003  -0.000005   0.000016
  0.000016   0.000078   0.000028
 -0.000032  -0.000006  -0.000049
 -0.000196  -0.000008   0.000075
  0.000006  -0.000006  -0.000032
  0.000074  -0.000036   0.000059
  0.000007   0.000010   0.000015
  0.000003   0.000061  -0.000017
 -0.000002   0.000002   0.000010
 -0.000250   0.000114  -0.000055
  0.000001   0.000009   0.000002
 -0.000234  -0.000132  -0.000007
 -0.000002   0.000010   0.000005
 -0.000061   0.000033   0.000013
  0.000001  -0.000006   0.000005
  0.000181  -0.000343   0.000059
 -0.000016  -0.000012  -0.000011
  0.000059  -0.000001  -0.000111
 -0.000004  -0.000002   0.000005
  0.000052  -0.000153  -0.000014
 -0.000056  -0.000025  -0.000022
  0.000019   0.000097   0.000130
 -0.000003   0.000003  -0.000019
 -0.000158  -0.000168   0.000025
 -0.000006   0.000013  -0.000016
  0.000258  -0.000135  -0.000278
 -0.002265   0.000818  -0.000848
  0.000005   0.000001   0.000019
 -0.000104   0.000438  -0.000913
  0.000009   0.000032  -0.000009
 -0.183726  -0.053462   0.241326
 -0.000008   0.000005  -0.000005
  0.038227  -0.010584   0.005875
  0.000006   0.000015   0.000015
  0.001073  -0.000208   0.000285
  0.000001   0.000007  -0.000003
 -0.004974  -0.003551  -0.000320
 -0.000017   0.000017   0.000000
 -0.002895   0.000308  -0.000894
  0.000002   0.000007   0.000006
  0.000627  -0.001035   0.000613
  0.000004   0.000009  -0.000006
 -0.000003  -0.000056  -0.000028
  0.000390   0.000169   0.000498
  0.000089   0.000059   0.000035
 -0.000129  -0.000355   0.000237
 -0.000027   0.000005   0.000035
 -0.000019   0.000516   0.000060
 -0.000057  -0.000006   0.000012
 -0.000365   0.000293  -0.000044
 -0.000095  -0.000293  -0.000154
 -0.000165   0.000004   0.000079
  0.000064  -0.000129   0.000544
 -0.000065  -0.000115   0.000180
  0.000006  -0.000190  -0.000853
  0.000071   0.000041   0.000009
 -0.000547  -0.000058  -0.000802
  0.000149   0.000113   0.000156
 -0.000057  -0.000285  -0.000094
  0.000539   0.000182   0.000365
   29    1  0.0150  0.0000  0.0000
 -0.000039  -0.000036  -0.000001
 -0.000191  -0.000053  -0.000258
  0.000006   0.000034   0.000045
  0.000061  -0.000084  -0.000077
  0.000043  -0.000035   0.000016
  0.000042  -0.000026  -0.000042
  0.000002  -0.000015  -0.000014
 -0.000141  -0.000254   0.000061
 -0.000002   0.000003   0.000002
  0.000110   0.000053  -0.000072
 -0.000007  -0.000001   0.000007
 -0.000265  -0.000092  -0.000216
  0.000023   0.000001  -0.000023
  0.000205   0.000356  -0.000113
  0.000017  -0.000036  -0.000040
 -0.000332   0.000520   0.000491
 -0.000026  -0.000010   0.000006
  0.000115  -0.000397  -0.000085
  0.000024   0.000019   0.000027
 -0.000213  -0.000165   0.000244
  0.002198  -0.000866  -0.000930
  0.000420   0.000078   0.000255
 -0.004480  -0.001622  -0.000919
 -0.000010   0.000017   0.000016
 -0.007813  -0.042845   0.098545
  0.000034   0.000015   0.000007
  0.441311  -0.062979   0.029480
 -0.000005   0.000003   0.000008
 -0.921024   0.122048   0.022726
  0.000003  -0.000004  -0.000005
  0.312390  -0.003531  -0.107271
  0.000002  -0.000000   0.000005
 -0.059037   0.035739  -0.064887
 -0.000012   0.000005   0.000018
  0.075534  -0.003344  -0.018227
 -0.000008  -0.000021  -0.000023
  0.042017   0.000759  -0.025495
 -0.000010  -0.000008   0.000016
 -0.002376   0.001240  -0.004491
  0.000048   0.000071  -0.000048
 -0.000007  -0.000001  -0.000001
  0.000219   0.000061   0.000036
 -0.000024   0.000015  -0.000035
 -0.000000  -0.000040   0.000002
  0.000010  -0.000014  -0.000051
 -0.000060   0.000067  -0.000040
 -0.000010  -0.000009   0.000001
 -0.000088   0.000021  -0.000041
 -0.000006   0.000012  -0.000005
  0.000019  -0.000061   0.000006
 -0.000001  -0.000003  -0.000002
 -0.000307   0.000190   0.000125
  0.000000   0.000004   0.000001
  0.000032  -0.000139  -0.000046
 -0.000001   0.000005  -0.000003
  0.000183   0.000219   0.000126
 -0.000001  -0.000007  -0.000001
  0.000111   0.000510  -0.000201
  0.000003   0.000014   0.000004
  0.000036   0.000207   0.000097
 -0.000011  -0.000006   0.000004
 -0.000111  -0.000034   0.000045
  0.000016   0.000007  -0.000057
  0.000069  -0.000188   0.000019
 -0.000003   0.000009  -0.000008
  0.000102   0.000171   0.000065
 -0.000005   0.000007  -0.000008
  0.000241  -0.000270  -0.000055
  0.000825  -0.000340  -0.000853
 -0.000006  -0.000005  -0.000003
 -0.000005   0.000801   0.000004
  0.000005  -0.000005   0.000007
  0.025117  -0.010018   0.009752
 -0.000005   0.000004   0.000007
  0.089435  -0.035515   0.059706
 -0.000005   0.000004   0.000004
 -0.001505  -0.002196   0.002514
 -0.000014  -0.000003   0.000006
  0.001718   0.000791  -0.000408
  0.000001   0.000011  -0.000008
  0.006515  -0.002505   0.001397
  0.000001   0.000002   0.000006
 -0.000770   0.002534  -0.001731
  0.000000   0.000004  -0.000009
 -0.000008  -0.000001   0.000007
  0.000135   0.000005   0.000277
  0.000006   0.000011   0.000013
  0.000032   0.000077   0.000066
 -0.000015   0.000004   0.000029
  0.000138  -0.000264  -0.000133
  0.000022   0.000009   0.000090
  0.000451   0.000119   0.000013
 -0.000746   0.000472   0.000178
 -0.000003  -0.000071  -0.000408
 -0.001103   0.000646  -0.000736
 -0.000106  -0.000140  -0.000043
  0.001228   0.000470   0.000804
 -0.000008  -0.000050   0.000059
  0.000406  -0.000487   0.000746
 -0.000018  -0.000043  -0.000010
 -0.000000   0.000155   0.000002
 -0.000736   0.000239  -0.000062
   29    2  0.0000  0.0150  0.0000
  0.000038  -0.000013  -0.000000
  0.000869  -0.000170   0.000830
  0.000035  -0.000041  -0.000046
 -0.000034   0.000213  -0.000159
  0.000006   0.000038  -0.000034
 -0.000316   0.000379  -0.000172
 -0.000004  -0.000037  -0.000011
 -0.000261  -0.000090   0.000335
  0.000006   0.000013  -0.000010
 -0.000072   0.000201   0.000132
  0.000010  -0.000001  -0.000005
  0.000001   0.000673  -0.000852
 -0.000013  -0.000001  -0.000020
 -0.000073  -0.000350  -0.000267
 -0.000087   0.000000   0.000031
  0.000183   0.000555  -0.000585
  0.000070   0.000020  -0.000015
 -0.000107   0.000018  -0.000006
  0.000000  -0.000029  -0.000030
  0.000362  -0.000215   0.000093
 -0.002154   0.002322  -0.001057
  0.000046   0.000444  -0.000302
 -0.000107  -0.007119  -0.004577
 -0.000015  -0.000046  -0.000045
 -0.019494   0.000896  -0.018634
 -0.000054  -0.000009  -0.000028
 -0.099662   0.117120  -0.044459
  0.000008  -0.000005  -0.000008
  0.121757  -0.326950   0.283703
  0.000002   0.000005  -0.000008
  0.033109   0.109345  -0.056603
 -0.000009  -0.000002   0.000004
  0.014811  -0.005168  -0.021554
 -0.000002  -0.000004  -0.000003
 -0.003427   0.007102   0.003377
  0.000009  -0.000004  -0.000002
 -0.015251  -0.004415   0.009260
 -0.000005  -0.000018   0.000013
 -0.000798   0.002354   0.004480
  0.000028   0.000141  -0.000106
 -0.000012   0.000008  -0.000039
 -0.000583  -0.000028   0.000001
  0.000001  -0.000008  -0.000026
  0.000024   0.000081   0.000072
  0.000007   0.000007   0.000028
 -0.000146   0.000003   0.000141
 -0.000011   0.000001   0.000018
  0.000118   0.000019   0.000009
  0.000001   0.000008  -0.000020
 -0.000032   0.000035  -0.000003
  0.000001  -0.000000  -0.000006
  0.000251   0.000333   0.000006
  0.000006   0.000005   0.000002
  0.000005  -0.000072   0.000014
  0.000002   0.000003  -0.000002
  0.000083   0.000324   0.000109
  0.000001  -0.000002  -0.000002
  0.000680   0.001821   0.000804
 -0.000017  -0.000024  -0.000025
 -0.000156  -0.000178  -0.000194
  0.000005   0.000000  -0.000004
 -0.000057  -0.000003   0.000024
 -0.000098  -0.000037  -0.000028
 -0.000012  -0.000008  -0.000056
  0.000001  -0.000006  -0.000019
 -0.000033  -0.000115  -0.000069
  0.000004   0.000000  -0.000014
  0.000033  -0.000043   0.000039
  0.000330   0.000242  -0.000040
  0.000011   0.000002   0.000009
  0.000257  -0.000282   0.000073
  0.000017   0.000014  -0.000010
  0.008563  -0.006200   0.001806
  0.000000   0.000001  -0.000012
 -0.033713   0.116864  -0.148439
  0.000003   0.000010   0.000002
 -0.002727  -0.005549  -0.005891
  0.000018   0.000007  -0.000014
  0.000193   0.001016   0.000971
 -0.000017   0.000009  -0.000004
 -0.004208  -0.000124  -0.001098
  0.000003   0.000003  -0.000005
 -0.000264  -0.001813   0.000719
  0.000006   0.000001  -0.000001
 -0.000049   0.000013   0.000088
  0.000070   0.000060   0.000034
 -0.000068  -0.000012   0.000004
 -0.000084  -0.000054   0.000218
 -0.000001  -0.000000  -0.000007
  0.000047   0.000436   0.000786
 -0.000094  -0.000032  -0.000079
 -0.000191  -0.000211   0.000155
  0.000063  -0.001045  -0.000445
 -0.000289  -0.000061   0.000226
  0.000581  -0.000895   0.000734
 -0.000094  -0.000179   0.000317
  0.001654  -0.001506  -0.001723
  0.000002  -0.000077   0.000113
 -0.000714  -0.000370  -0.001877
 -0.000042  -0.000096   0.000021
  0.000071   0.000395  -0.000290
  0.001200   0.000158   0.000237
   29    3  0.0000 -0.0000  0.0150
 -0.000090   0.000059   0.000027
 -0.000497   0.000556   0.000385
  0.000021   0.000056   0.000024
  0.000080  -0.000456  -0.000024
 -0.000027  -0.000067   0.000029
 -0.000082  -0.000366   0.000003
 -0.000017   0.000019   0.000018
  0.000051  -0.000009  -0.000276
  0.000002  -0.000009   0.000014
 -0.000475   0.000163  -0.000174
 -0.000009  -0.000004   0.000010
 -0.000108  -0.001180   0.000107
  0.000006   0.000006   0.000035
  0.000281   0.000628  -0.000222
  0.000113   0.000001  -0.000013
  0.000118  -0.000095   0.000166
 -0.000059  -0.000022  -0.000001
 -0.000075   0.000016   0.000014
 -0.000008   0.000023   0.000023
  0.000024   0.000070   0.000005
  0.000349  -0.000477   0.000517
  0.000179  -0.000318   0.000575
 -0.001179  -0.006346   0.004748
  0.000046   0.000069   0.000066
  0.047649  -0.009321  -0.000166
  0.000101   0.000012   0.000042
  0.099632  -0.054940   0.170293
 -0.000019   0.000001   0.000010
  0.022686   0.283961  -0.875545
 -0.000006   0.000005   0.000017
 -0.177590  -0.045229   0.276020
  0.000026   0.000008  -0.000014
 -0.016231  -0.027144   0.060452
  0.000009   0.000012   0.000000
 -0.018460   0.004318   0.005972
 -0.000029   0.000033   0.000011
  0.001270   0.004162  -0.013239
 -0.000010   0.000016  -0.000025
  0.001966  -0.000835  -0.001589
  0.000074  -0.000091   0.000165
  0.000012   0.000010   0.000051
  0.000181   0.001275   0.000758
 -0.000008   0.000019   0.000014
 -0.000073  -0.000153   0.000003
 -0.000006  -0.000020  -0.000026
  0.000511  -0.000030  -0.000218
  0.000028  -0.000043  -0.000016
 -0.000171   0.000008   0.000087
  0.000002   0.000016   0.000006
 -0.000002  -0.000123   0.000004
 -0.000001   0.000000   0.000010
  0.000364  -0.000223   0.000132
 -0.000005  -0.000007   0.000006
  0.000158   0.000246   0.000101
 -0.000002  -0.000001   0.000004
 -0.000009  -0.000064  -0.000053
 -0.000004   0.000004   0.000008
 -0.000608  -0.000328  -0.000623
  0.000023   0.000045   0.000028
  0.000043   0.000129   0.000151
 -0.000012  -0.000008  -0.000001
  0.000111  -0.000010   0.000436
  0.000107   0.000087   0.000049
  0.000031   0.000004   0.000147
 -0.000007   0.000011   0.000004
 -0.000008   0.000103   0.000102
 -0.000003  -0.000005   0.000024
  0.000043  -0.000245  -0.000102
  0.000223  -0.000056  -0.000344
 -0.000021  -0.000007  -0.000028
  0.002016  -0.000249   0.000698
 -0.000008  -0.000081   0.000042
 -0.028931   0.007249  -0.011409
  0.000003   0.000001   0.000025
  0.060118  -0.147003   0.376082
 -0.000009  -0.000015   0.000001
  0.001716  -0.007131   0.003779
 -0.000025  -0.000016   0.000023
 -0.000384   0.001041  -0.000432
  0.000039  -0.000066  -0.000018
  0.004035  -0.001533   0.000035
 -0.000006  -0.000004   0.000008
  0.001412  -0.001255  -0.000353
 -0.000010  -0.000007   0.000005
  0.000034  -0.000088  -0.000115
  0.000265   0.000246   0.000789
  0.000072  -0.000024  -0.000003
  0.000523   0.000065   0.000057
 -0.000025   0.000005   0.000013
 -0.000001   0.000233  -0.000136
  0.000051  -0.000016   0.000102
 -0.000197  -0.000286  -0.000292
 -0.000844   0.000266  -0.000291
  0.000254  -0.000069  -0.000514
 -0.000363   0.000466  -0.000353
  0.000084   0.000039  -0.000383
  0.000282   0.000017   0.001776
 -0.000034   0.000038  -0.000142
  0.000453  -0.000115   0.001894
 -0.000123   0.000064  -0.000120
  0.000137  -0.000087   0.000583
 -0.001147   0.000399  -0.000528
   31    1  0.0150  0.0000  0.0000
 -0.000055  -0.000146  -0.000058
  0.000274   0.000015  -0.000164
 -0.000014   0.000030   0.000195
 -0.000217  -0.000032  -0.000055
  0.000170  -0.000161   0.000127
 -0.000098  -0.000110  -0.000366
  0.000054  -0.000104   0.000095
 -0.000169   0.000242  -0.000267
 -0.000045   0.000059   0.000023
  0.000051  -0.000669  -0.000155
  0.000008  -0.000007   0.000005
 -0.000066   0.000447   0.000098
 -0.000087   0.000009   0.000101
 -0.000282  -0.000275   0.000108
 -0.000129   0.000133   0.000210
  0.000037  -0.000689   0.000193
  0.000161   0.000068  -0.000044
  0.000713   0.000677   0.000043
 -0.000087  -0.000123  -0.000117
 -0.000218   0.000386   0.000811
 -0.002784  -0.000162  -0.001324
  0.000034   0.000165  -0.000135
  0.001939   0.000512   0.000140
 -0.000029  -0.000007  -0.000036
  0.003341   0.011447  -0.026829
 -0.000003   0.000007   0.000003
  0.073944  -0.012377  -0.006275
 -0.000003  -0.000006  -0.000010
  0.312342   0.033196  -0.177740
  0.000006   0.000003   0.000015
 -0.870736   0.122537   0.060887
  0.000032   0.000036  -0.000002
  0.172890  -0.050467   0.082043
  0.000004  -0.000004  -0.000007
 -0.008902  -0.020137   0.046499
  0.000004   0.000019   0.000004
  0.267459  -0.069073   0.014596
 -0.000015   0.000023  -0.000047
  0.029799   0.001239   0.022234
  0.000287   0.000083   0.000213
  0.000015   0.000007   0.000041
 -0.000556  -0.000062  -0.000168
 -0.000040   0.000011  -0.000010
  0.000071   0.000237   0.000003
  0.000026  -0.000045   0.000004
 -0.000053  -0.000198   0.000508
  0.000008   0.000028   0.000132
  0.000217  -0.000134   0.000153
 -0.000027  -0.000025   0.000024
 -0.000083   0.000283   0.000099
  0.000006   0.000007  -0.000025
 -0.000111  -0.000205   0.000016
  0.000004  -0.000024  -0.000004
  0.000109   0.000225  -0.000098
 -0.000005   0.000006   0.000009
 -0.000040  -0.000187  -0.000051
 -0.000007   0.000006   0.000010
  0.000257   0.000417  -0.000239
  0.000007  -0.000010   0.000000
  0.000234   0.000069   0.000121
  0.000025   0.000002  -0.000012
 -0.000049  -0.000235  -0.000121
 -0.000098  -0.000063   0.000150
  0.000105   0.000189   0.000130
 -0.000000  -0.000009   0.000004
  0.000087  -0.000273  -0.000149
  0.000020  -0.000028   0.000016
  0.000011  -0.000072   0.000001
 -0.000479   0.000220   0.000161
  0.000004   0.000013   0.000012
 -0.000148  -0.000139  -0.000042
  0.000001   0.000012  -0.000019
  0.005085  -0.003471   0.002452
  0.000005   0.000002   0.000017
 -0.010200  -0.002232   0.009311
 -0.000001  -0.000017  -0.000003
 -0.008440   0.013221  -0.028073
  0.000023  -0.000012   0.000014
  0.006660  -0.003517   0.000775
 -0.000011  -0.000034   0.000005
  0.026691  -0.011022   0.005496
 -0.000003  -0.000008   0.000002
  0.003691  -0.003998   0.002542
  0.000005  -0.000021   0.000025
 -0.000005   0.000003  -0.000010
 -0.000295   0.000112   0.000222
  0.000074   0.000071  -0.000048
  0.000108  -0.000465   0.000295
  0.000027  -0.000006  -0.000109
 -0.000342   0.000448  -0.000314
 -0.000174  -0.000104  -0.000373
 -0.000307   0.000155  -0.000163
  0.002530  -0.000543  -0.000742
 -0.000495   0.000136   0.000128
  0.000640  -0.000471   0.000717
 -0.000039  -0.000042   0.000078
 -0.001380  -0.006206  -0.006983
 -0.000063  -0.000045  -0.000096
 -0.004820   0.000695  -0.001752
 -0.000198  -0.000124  -0.000234
  0.000068   0.000599   0.000358
  0.002047   0.000089   0.000796
   31    2  0.0000  0.0150  0.0000
  0.000025   0.000059  -0.000044
 -0.000241  -0.000049   0.000259
 -0.000003  -0.000068   0.000066
 -0.000011  -0.000087  -0.000056
 -0.000002   0.000004   0.000021
 -0.000067   0.000110  -0.000224
  0.000005   0.000011  -0.000074
  0.000061   0.000004   0.000178
  0.000014  -0.000017  -0.000004
 -0.000243   0.000190   0.000137
 -0.000010  -0.000001   0.000007
 -0.000091  -0.000182  -0.000117
  0.000076   0.000001  -0.000089
 -0.000102   0.000089   0.000053
  0.000171  -0.000092  -0.000181
 -0.000049   0.001090   0.000409
 -0.000160  -0.000059   0.000038
 -0.000176  -0.000404   0.000150
  0.000064   0.000086   0.000116
  0.000056  -0.000430  -0.000838
  0.000420  -0.000594   0.000874
 -0.000269  -0.000191  -0.000026
 -0.000670   0.002059  -0.000128
  0.000071  -0.000009   0.000048
  0.013340   0.017054  -0.022553
 -0.000020  -0.000028  -0.000008
  0.011350  -0.023634   0.025069
  0.000025   0.000002   0.000008
 -0.003542   0.109325  -0.045251
  0.000002  -0.000001  -0.000013
  0.122358  -0.375543   0.246885
 -0.000043  -0.000038   0.000014
 -0.018992   0.156421  -0.145410
  0.000021  -0.000000   0.000001
 -0.043264   0.003986  -0.012329
  0.000011  -0.000009   0.000027
 -0.063105   0.126292  -0.012484
  0.000041  -0.000025   0.000056
  0.007598  -0.010723  -0.014664
 -0.000299  -0.000060  -0.000228
 -0.000008   0.000006  -0.000030
  0.000123   0.000192   0.000045
 -0.000009  -0.000006  -0.000039
 -0.000045  -0.000105   0.000027
 -0.000030   0.000033  -0.000004
  0.000057   0.000124   0.000250
 -0.000007   0.000006  -0.000034
 -0.000083   0.000112  -0.000020
  0.000005   0.000011  -0.000007
  0.000019  -0.000165  -0.000112
 -0.000003  -0.000008   0.000007
  0.000256   0.000707   0.000396
  0.000002   0.000021   0.000001
  0.000120   0.000160  -0.000061
  0.000005   0.000003  -0.000007
 -0.000054  -0.000006   0.000082
  0.000008  -0.000009  -0.000005
  0.000023  -0.000088  -0.000082
 -0.000012  -0.000004  -0.000005
 -0.000007  -0.000012   0.000011
 -0.000018  -0.000001   0.000013
  0.000173   0.000203  -0.000116
  0.000052   0.000034  -0.000093
 -0.000176  -0.000052  -0.000171
  0.000006   0.000004  -0.000015
 -0.000020   0.000099   0.000010
 -0.000025   0.000029  -0.000021
 -0.000070   0.000162   0.000127
 -0.000019  -0.000007   0.000006
  0.000005  -0.000011  -0.000005
 -0.000003  -0.000304   0.000085
  0.000008  -0.000006   0.000021
 -0.004140  -0.008091  -0.003800
 -0.000003   0.000000  -0.000020
  0.013638  -0.001091  -0.012549
  0.000009   0.000022   0.000012
 -0.002735  -0.002661  -0.004764
 -0.000014   0.000022  -0.000024
 -0.002975  -0.008635  -0.002970
  0.000017   0.000027   0.000004
  0.006148  -0.000920   0.000489
  0.000003   0.000011   0.000005
 -0.042125   0.013840  -0.008429
  0.000006   0.000013  -0.000022
  0.000046   0.000071   0.000072
  0.000340   0.000258   0.000147
 -0.000029   0.000028   0.000051
  0.000239   0.000039  -0.000111
 -0.000047   0.000037   0.000146
  0.000427   0.000121   0.000994
  0.000170   0.000192   0.000375
  0.000398   0.000811   0.000421
 -0.000103   0.000243   0.000273
  0.000724  -0.000167   0.000143
  0.000024   0.000287  -0.000125
  0.000128   0.000100   0.000031
  0.000789   0.002663   0.003253
  0.000099   0.000019   0.000139
  0.005804  -0.002024   0.007399
  0.000235   0.000094   0.000288
  0.000097  -0.000283  -0.000549
 -0.001793  -0.000686  -0.000828
   31    3  0.0000 -0.0000  0.0150
 -0.000019  -0.000037  -0.000012
  0.000007   0.000063  -0.000002
 -0.000017   0.000018   0.000015
  0.000085  -0.000008   0.000076
  0.000066   0.000017   0.000014
  0.000034   0.000013   0.000043
  0.000005   0.000003  -0.000032
  0.000065   0.000406   0.000036
 -0.000000  -0.000007  -0.000007
 -0.000041  -0.000175   0.000451
 -0.000005   0.000009   0.000004
 -0.000152   0.000567  -0.000454
  0.000024   0.000004  -0.000043
 -0.000159  -0.000513  -0.000242
  0.000106  -0.000013  -0.000079
  0.000321   0.000665   0.000504
 -0.000081  -0.000021   0.000012
  0.000048   0.000022  -0.000154
  0.000010   0.000019   0.000046
  0.000009   0.000099   0.000612
  0.000246  -0.000992  -0.001776
 -0.000574  -0.000189  -0.000354
  0.000153   0.000227   0.001708
  0.000071  -0.000034   0.000012
 -0.024879  -0.020776   0.069505
 -0.000060  -0.000045  -0.000024
 -0.057015   0.032580  -0.058806
  0.000022   0.000006   0.000015
 -0.107121  -0.056630   0.276071
 -0.000000  -0.000007  -0.000028
  0.060780   0.247104  -0.822710
 -0.000014  -0.000005   0.000016
  0.005240  -0.131270   0.376159
  0.000014  -0.000010  -0.000011
  0.096132  -0.020870  -0.001947
  0.000013  -0.000002   0.000019
  0.030536  -0.018576   0.120978
  0.000004  -0.000015   0.000027
  0.029996  -0.017742   0.005466
 -0.000030   0.000071  -0.000116
  0.000000  -0.000019  -0.000036
 -0.000064  -0.000207   0.000061
 -0.000022   0.000021  -0.000043
  0.000017   0.000037   0.000018
  0.000008   0.000011  -0.000035
  0.000072   0.000083   0.000050
 -0.000039   0.000012  -0.000027
  0.000056   0.000024   0.000096
 -0.000003   0.000018  -0.000005
 -0.000010   0.000038  -0.000004
  0.000002  -0.000002   0.000002
  0.000225   0.000195  -0.000471
  0.000004   0.000009  -0.000000
 -0.000038   0.000009   0.000045
  0.000000   0.000007  -0.000004
  0.000038   0.000114   0.000055
  0.000001  -0.000012  -0.000009
  0.000187  -0.000049   0.000589
 -0.000020  -0.000027  -0.000013
  0.000012  -0.000024  -0.000032
 -0.000001   0.000004   0.000009
 -0.000384  -0.000175   0.000270
 -0.000034  -0.000032   0.000007
  0.000245  -0.000290   0.000069
  0.000003  -0.000009  -0.000011
  0.000165  -0.000070  -0.000049
 -0.000017   0.000015  -0.000013
  0.000084  -0.000170  -0.000018
  0.000076  -0.000139  -0.000530
  0.000012   0.000003   0.000007
 -0.000262   0.000458  -0.000104
  0.000008   0.000025  -0.000003
  0.003714  -0.004258  -0.002308
 -0.000008  -0.000001  -0.000012
 -0.029205  -0.007266   0.020725
  0.000004   0.000013  -0.000000
  0.007857  -0.011259   0.020032
  0.000008   0.000022  -0.000029
  0.000103  -0.002551  -0.003951
 -0.000000   0.000024   0.000016
 -0.032280   0.014222  -0.005969
 -0.000000   0.000005   0.000001
  0.007333  -0.004075   0.002206
  0.000005   0.000006  -0.000014
  0.000060   0.000062   0.000036
  0.000029   0.000137  -0.000234
 -0.000041  -0.000011   0.000005
 -0.000071   0.000094  -0.000169
 -0.000036   0.000042   0.000094
 -0.000059   0.000171  -0.000220
  0.000109   0.000139   0.000148
  0.000323   0.000057   0.000001
  0.000056   0.000462   0.000459
  0.000642  -0.000081   0.000592
 -0.000545   0.000319  -0.000050
  0.000176   0.000190   0.000145
 -0.000288  -0.001998  -0.001769
  0.000012  -0.000059   0.000091
  0.008730   0.002679   0.005948
  0.000095  -0.000026   0.000040
 -0.000412  -0.000041  -0.000022
 -0.000449  -0.000830  -0.000656
   33    1  0.0150  0.0000  0.0000
 -0.000001   0.000260   0.000153
 -0.000105   0.000103   0.000049
  0.000134  -0.000193  -0.000201
  0.000032  -0.000017  -0.000044
 -0.000295   0.000266  -0.000326
  0.000043   0.000058   0.000057
 -0.000166   0.000229  -0.000064
  0.000162   0.000213   0.000016
  0.000084  -0.000103  -0.000055
 -0.000312  -0.000310   0.000151
  0.000014   0.000014  -0.000017
 -0.000136  -0.000557   0.000138
  0.000032  -0.000001  -0.000055
  0.000604   0.000659  -0.000046
  0.000092  -0.000041  -0.000092
 -0.000470   0.000441  -0.000333
 -0.000081  -0.000024   0.000016
  0.000265  -0.000080   0.000144
  0.000030   0.000051   0.000045
  0.000541  -0.000368  -0.000465
  0.001730  -0.001229   0.001812
 -0.000132  -0.000144   0.000038
 -0.001521  -0.000192  -0.005875
  0.000028  -0.000003   0.000026
  0.074363   0.011535  -0.058432
 -0.000007  -0.000009  -0.000001
  0.034876  -0.020063   0.034790
  0.000010   0.000006  -0.000005
 -0.059096   0.014833  -0.016122
 -0.000008   0.000008   0.000001
  0.172928  -0.018951   0.005003
 -0.000010  -0.000015   0.000008
 -0.963874   0.112599   0.089290
  0.000002   0.000002   0.000003
  0.438049  -0.098897   0.100056
 -0.000005  -0.000008  -0.000001
  0.014839  -0.022033   0.040449
  0.000032   0.000017   0.000026
 -0.000074  -0.007067  -0.003506
 -0.000276  -0.000197   0.000026
  0.000024   0.000004  -0.000029
  0.000087   0.000146   0.000109
  0.000043   0.000011   0.000004
 -0.000027  -0.000048   0.000013
 -0.000018   0.000039   0.000148
  0.000064   0.000080  -0.000223
 -0.000042  -0.000061  -0.000253
 -0.000089   0.000014   0.000069
  0.000052   0.000074  -0.000050
  0.000009  -0.000052  -0.000011
  0.000003  -0.000001   0.000054
  0.000036   0.000331  -0.000369
 -0.000002   0.000018   0.000013
 -0.000041   0.000025   0.000068
  0.000009  -0.000006  -0.000005
 -0.000036  -0.000075  -0.000023
  0.000014  -0.000003  -0.000016
  0.000012  -0.000074  -0.000215
 -0.000005   0.000004  -0.000006
 -0.000069  -0.000296  -0.000063
 -0.000009   0.000000   0.000002
 -0.000318   0.000619   0.000588
  0.000031   0.000018  -0.000030
  0.000217   0.000357   0.000095
 -0.000001   0.000004  -0.000012
 -0.000161  -0.000345   0.000068
 -0.000003   0.000006   0.000008
 -0.000006   0.000319   0.000122
  0.001741   0.000793   0.000835
  0.000001  -0.000002  -0.000006
  0.000148  -0.000452   0.000573
 -0.000000  -0.000003   0.000007
  0.000222   0.000049   0.001741
 -0.000001  -0.000006  -0.000011
  0.004415   0.000372  -0.006238
  0.000024   0.000002  -0.000014
  0.276617   0.027041  -0.191399
 -0.000005   0.000007  -0.000016
  0.002788  -0.001773  -0.000960
  0.000010   0.000008  -0.000010
 -0.001967  -0.000564   0.002933
  0.000001   0.000002  -0.000004
  0.003024  -0.001472   0.001859
 -0.000002   0.000006  -0.000002
  0.000189   0.000130  -0.000034
  0.000200  -0.000041   0.000155
 -0.000203  -0.000159   0.000063
  0.000076   0.000098   0.000025
 -0.000021   0.000019   0.000062
 -0.000035   0.000470   0.000108
  0.000084   0.000067   0.000170
 -0.000152  -0.000180  -0.000039
 -0.001532   0.000924   0.000613
  0.000380  -0.000066   0.000039
 -0.000486   0.001138   0.000104
  0.000076   0.000067  -0.000030
 -0.000852   0.001754   0.001000
  0.000093   0.000092  -0.000090
  0.004119   0.001103   0.002715
  0.000313   0.000141   0.000119
 -0.000486  -0.001253  -0.000545
 -0.000874  -0.000209  -0.000439
   33    2  0.0000  0.0150  0.0000
  0.000085  -0.000026   0.000032
  0.000175   0.000156  -0.000217
 -0.000022  -0.000005  -0.000172
 -0.000131   0.000059   0.000067
 -0.000014   0.000155  -0.000032
  0.000137  -0.000151   0.000021
 -0.000040   0.000049   0.000028
  0.000186   0.000307  -0.000210
  0.000004  -0.000001  -0.000001
 -0.000427  -0.000208   0.000228
 -0.000008   0.000016  -0.000015
 -0.000086   0.000331  -0.000069
 -0.000007  -0.000003   0.000012
 -0.000247  -0.000016  -0.000220
 -0.000035   0.000015   0.000025
  0.000098   0.001305   0.001201
  0.000031   0.000015  -0.000006
  0.000422  -0.000176   0.000037
 -0.000007  -0.000006  -0.000019
 -0.000588   0.000277  -0.000212
  0.000393  -0.000548   0.000323
  0.000044   0.000017   0.000020
  0.001795  -0.007647  -0.004650
 -0.000019  -0.000001  -0.000009
 -0.009163  -0.019492   0.030498
  0.000003   0.000013   0.000004
 -0.019087   0.019486  -0.017168
  0.000002   0.000006  -0.000003
  0.035696  -0.005215  -0.027106
 -0.000002  -0.000006  -0.000022
 -0.050478   0.156424  -0.131049
 -0.000001  -0.000004   0.000003
  0.112375  -0.325249   0.267505
 -0.000000   0.000009  -0.000000
 -0.074785   0.117066  -0.053700
  0.000003   0.000003  -0.000004
 -0.013232   0.003787  -0.017787
  0.000013   0.000006  -0.000011
  0.001970   0.004586   0.004573
 -0.000081  -0.000083  -0.000038
 -0.000017  -0.000047  -0.000002
  0.000088  -0.000027  -0.000040
  0.000031  -0.000012   0.000030
 -0.000002   0.000012  -0.000041
  0.000012   0.000051   0.000038
 -0.000024  -0.000078   0.000080
 -0.000015   0.000056  -0.000004
 -0.000004  -0.000063   0.000142
 -0.000005  -0.000029   0.000013
 -0.000021   0.000012  -0.000011
 -0.000002  -0.000003  -0.000003
  0.000450   0.000467   0.000083
 -0.000004   0.000003  -0.000009
  0.000061   0.000165   0.000018
  0.000008  -0.000008   0.000001
 -0.000037  -0.000090  -0.000021
  0.000005   0.000004  -0.000006
  0.000209  -0.000134   0.000195
  0.000005   0.000005  -0.000001
  0.000111   0.000057   0.000110
  0.000004  -0.000000  -0.000006
  0.000136   0.000673   0.000394
 -0.000001   0.000002   0.000005
 -0.000095  -0.000021  -0.000129
  0.000001   0.000003   0.000004
  0.000024  -0.000068  -0.000043
  0.000012  -0.000007   0.000013
 -0.000001  -0.000087  -0.000086
  0.001935  -0.000249  -0.000083
  0.000000   0.000000  -0.000001
 -0.000030  -0.000029   0.000416
 -0.000006   0.000005  -0.000005
 -0.000324   0.001170   0.000126
  0.000005  -0.000005  -0.000006
 -0.000458  -0.008417  -0.002804
 -0.000000  -0.000005  -0.000016
  0.031814   0.062607  -0.045068
  0.000003  -0.000004  -0.000001
 -0.016948  -0.000097  -0.003322
  0.000001  -0.000004  -0.000001
  0.001627  -0.000480  -0.000257
  0.000003   0.000000  -0.000001
 -0.000958   0.000074  -0.000478
  0.000005   0.000002   0.000004
 -0.000038   0.000012  -0.000003
 -0.000276  -0.000107  -0.000105
 -0.000066  -0.000005  -0.000034
 -0.000043  -0.000094  -0.000019
  0.000016  -0.000010  -0.000040
  0.000562  -0.000117   0.000154
 -0.000039  -0.000037  -0.000080
  0.000615   0.002101   0.000648
 -0.002905  -0.000333   0.001097
 -0.000112   0.000051  -0.000045
 -0.000575   0.000849  -0.000561
 -0.000017  -0.000000  -0.000027
  0.001092  -0.002004  -0.000707
  0.000018   0.000082   0.000007
 -0.001044  -0.000619  -0.001173
  0.000035   0.000052   0.000067
 -0.000056  -0.000578  -0.000571
  0.000262   0.000104   0.000311
   33    3  0.0000 -0.0000  0.0150
 -0.000237  -0.000320  -0.000173
 -0.000220  -0.000073   0.000056
 -0.000065   0.000111   0.000647
  0.000058  -0.000165   0.000018
  0.000268  -0.000369   0.000348
 -0.000008   0.000093  -0.000107
  0.000166  -0.000133  -0.000017
 -0.000071  -0.000032   0.000082
 -0.000073   0.000051   0.000031
  0.000250   0.000076   0.000101
 -0.000007  -0.000019   0.000026
  0.000292  -0.000158  -0.000072
  0.000002   0.000017  -0.000015
 -0.000891  -0.000402  -0.000027
  0.000026   0.000010   0.000009
 -0.000102   0.000759   0.000003
  0.000006  -0.000014  -0.000010
  0.000039   0.000015  -0.000056
 -0.000000  -0.000026   0.000007
 -0.000086  -0.000194  -0.000429
 -0.000702   0.002856   0.002939
 -0.000157   0.000003  -0.000101
 -0.004890  -0.004848   0.001459
  0.000013  -0.000028  -0.000005
 -0.007038   0.019366  -0.062364
 -0.000021  -0.000006   0.000001
  0.034724  -0.017664   0.034497
  0.000002  -0.000005   0.000013
 -0.064703  -0.021494   0.060370
  0.000014  -0.000003  -0.000004
  0.082223  -0.145702   0.376242
 -0.000009  -0.000004   0.000003
  0.089318   0.267672  -0.849105
  0.000011   0.000006   0.000006
  0.026322  -0.040236   0.175393
  0.000004  -0.000008   0.000006
  0.008986  -0.008936   0.007394
 -0.000011  -0.000028   0.000013
 -0.001607  -0.001638  -0.001221
  0.000020   0.000053  -0.000070
  0.000014   0.000029   0.000033
 -0.000096   0.000007   0.000087
 -0.000121   0.000033  -0.000065
 -0.000005   0.000032  -0.000011
 -0.000022  -0.000133  -0.000267
 -0.000016  -0.000049   0.000050
  0.000044   0.000014   0.000123
  0.000021   0.000000  -0.000046
 -0.000046  -0.000026   0.000053
  0.000003   0.000053   0.000016
  0.000000   0.000003  -0.000029
 -0.000126   0.000681   0.000143
  0.000005  -0.000004  -0.000013
  0.000006  -0.000106  -0.000054
 -0.000017   0.000024   0.000003
 -0.000078  -0.000153  -0.000081
 -0.000014  -0.000011   0.000012
 -0.000172   0.000137  -0.000001
 -0.000010  -0.000007   0.000001
  0.000194   0.000196   0.000166
 -0.000004  -0.000003   0.000007
  0.000451  -0.000398  -0.000107
 -0.000021  -0.000002   0.000016
 -0.000208   0.000073  -0.000106
 -0.000003   0.000001  -0.000011
 -0.000035   0.000012   0.000054
 -0.000021   0.000015  -0.000038
 -0.000112   0.000052   0.000021
 -0.001613  -0.000024  -0.000420
 -0.000000   0.000002   0.000011
  0.000179  -0.000089   0.000270
  0.000003   0.000012   0.000003
  0.001255   0.000782   0.000684
 -0.000008   0.000011   0.000006
 -0.004889  -0.002333   0.000608
 -0.000015   0.000008   0.000028
 -0.188490  -0.042514   0.249220
 -0.000000   0.000006  -0.000003
  0.038200  -0.009176   0.004005
 -0.000004  -0.000001   0.000001
 -0.002968   0.001561  -0.001086
 -0.000001   0.000009   0.000007
 -0.001438   0.001005   0.000242
  0.000000   0.000009  -0.000018
 -0.000026  -0.000097  -0.000022
  0.000093   0.000138   0.000287
  0.000306   0.000224   0.000024
  0.000066   0.000035   0.000129
 -0.000045   0.000011   0.000049
  0.000216   0.000093   0.000956
 -0.000037   0.000010   0.000051
  0.000260   0.000895   0.000086
 -0.001710  -0.000600  -0.000698
  0.000059   0.000001   0.000162
  0.000242  -0.000729  -0.000319
  0.000064   0.000024   0.000071
 -0.001054   0.000734  -0.000229
 -0.000010  -0.000071   0.000042
 -0.000588   0.000299  -0.000263
 -0.000143  -0.000008  -0.000017
  0.000365   0.000680   0.000535
  0.000274   0.000040  -0.000245
   35    1  0.0150  0.0000  0.0000
 -0.000099  -0.000316   0.000212
  0.000227  -0.000168  -0.000126
 -0.000158  -0.000140   0.000086
  0.000014   0.000151   0.000023
  0.000334   0.000019   0.000053
 -0.000032   0.000038   0.000117
 -0.000140  -0.000020   0.000136
 -0.000064  -0.000181   0.000063
  0.000040   0.000006   0.000005
  0.000122  -0.000042  -0.000207
 -0.000027   0.000024  -0.000007
 -0.000043   0.000423   0.000045
  0.000030  -0.000009  -0.000020
 -0.000117  -0.000176   0.000021
  0.000007  -0.000024  -0.000034
 -0.000667   0.000212   0.000171
 -0.000016  -0.000010   0.000004
  0.000199  -0.000427   0.000222
  0.000015   0.000013   0.000018
 -0.000261   0.000060   0.000116
 -0.000888  -0.006422  -0.005377
 -0.000042   0.000044  -0.000060
  0.046039   0.006258  -0.023769
  0.000003  -0.000014  -0.000001
  0.324182   0.022116  -0.102416
 -0.000011   0.000002   0.000001
 -0.057963   0.036933  -0.063438
  0.000002   0.000005   0.000012
  0.075386  -0.003467  -0.018455
 -0.000004  -0.000018  -0.000040
 -0.008852  -0.043250   0.096022
 -0.000002  -0.000011   0.000026
  0.437976  -0.075019   0.026424
  0.000003   0.000005   0.000009
 -0.934216   0.098906   0.016424
  0.000001  -0.000002   0.000007
 -0.004311   0.000018  -0.001839
  0.000028   0.000007   0.000024
  0.000883   0.001468   0.001111
 -0.000020   0.000009  -0.000077
 -0.000028  -0.000011  -0.000072
  0.000069  -0.000099  -0.000136
 -0.000089   0.000061  -0.000152
  0.000003  -0.000014  -0.000001
  0.000034   0.000092   0.000015
 -0.000036   0.000042  -0.000040
 -0.000127   0.000061   0.000029
 -0.000011   0.000040  -0.000087
 -0.000003   0.000023  -0.000017
  0.000002  -0.000051  -0.000015
 -0.000000  -0.000012   0.000000
 -0.000261   0.000077   0.000492
 -0.000004   0.000010   0.000005
 -0.000016  -0.000135   0.000000
  0.000004   0.000003  -0.000004
  0.000116   0.000146   0.000093
  0.000002  -0.000016  -0.000012
  0.000186  -0.000009   0.000068
 -0.000007  -0.000004  -0.000004
 -0.000031  -0.000026  -0.000033
 -0.000004  -0.000002   0.000009
  0.000216   0.000576  -0.000361
 -0.000007   0.000004  -0.000032
 -0.000042   0.000017  -0.000038
  0.000000   0.000002  -0.000005
  0.000002  -0.000095  -0.000029
  0.000000   0.000008  -0.000002
  0.000222  -0.000194  -0.000238
  0.005718  -0.000668   0.001058
  0.000002  -0.000002   0.000005
 -0.002221   0.001496  -0.002516
  0.000006   0.000007   0.000002
 -0.001411  -0.002607   0.002633
 -0.000008  -0.000002  -0.000010
  0.001403  -0.000665  -0.000867
  0.000006   0.000009  -0.000002
  0.025012  -0.006973   0.011085
 -0.000000   0.000007  -0.000005
  0.091601  -0.030680   0.062202
 -0.000004   0.000010   0.000002
  0.000367   0.000141  -0.000077
  0.000001   0.000002   0.000002
  0.001098  -0.000193   0.000282
  0.000007   0.000007  -0.000007
  0.000140   0.000360   0.000287
 -0.000115  -0.000111  -0.000244
 -0.000519  -0.000316  -0.000090
 -0.000081   0.000062  -0.000142
 -0.000011   0.000004   0.000022
  0.000484  -0.000162  -0.000133
 -0.000001   0.000013   0.000047
  0.000326   0.001035   0.000487
  0.001329   0.001298   0.001571
  0.000047  -0.000023   0.000059
 -0.001410   0.001972  -0.000137
  0.000005  -0.000011   0.000062
  0.001016  -0.000569  -0.000050
  0.000022  -0.000003   0.000102
 -0.000235  -0.000315   0.000052
  0.000241  -0.000038   0.000097
 -0.000390  -0.000521  -0.000515
 -0.000177  -0.000058  -0.000181
   35    2  0.0000  0.0150  0.0000
 -0.000071  -0.000262   0.000037
  0.000126   0.000149  -0.000174
  0.000206  -0.000087  -0.000190
 -0.000044   0.000048   0.000040
 -0.000509   0.000599  -0.000469
  0.000113  -0.000107   0.000090
  0.000084   0.000018  -0.000081
  0.000163   0.000238  -0.000163
 -0.000026  -0.000005  -0.000005
 -0.000174  -0.000432   0.000132
 -0.000004   0.000007  -0.000005
  0.000033   0.000074  -0.000011
  0.000009   0.000011  -0.000033
 -0.000275  -0.000373  -0.000279
  0.000011   0.000004  -0.000010
 -0.000479   0.000738   0.000945
  0.000008  -0.000003  -0.000006
  0.000395   0.000474  -0.000123
  0.000012   0.000007   0.000004
 -0.000514   0.000432  -0.000241
 -0.001270   0.003437   0.001575
 -0.000053   0.000024  -0.000029
 -0.007694  -0.006557   0.003427
 -0.000013  -0.000017  -0.000003
  0.050222   0.111846  -0.069354
 -0.000008   0.000009   0.000004
  0.015688  -0.005808  -0.019014
  0.000003   0.000010   0.000013
 -0.003281   0.007053   0.004423
  0.000012  -0.000006  -0.000054
 -0.020090   0.003935  -0.020749
 -0.000028  -0.000010  -0.000006
 -0.098679   0.117052  -0.040219
  0.000013   0.000004   0.000002
  0.098680  -0.331701   0.300807
  0.000006   0.000002  -0.000007
 -0.001839  -0.008634  -0.006161
 -0.000022  -0.000031  -0.000009
 -0.001369   0.001623  -0.000426
 -0.000240  -0.000209  -0.000201
 -0.000009  -0.000021   0.000012
  0.000019   0.000018   0.000033
 -0.000070   0.000040   0.000043
 -0.000012   0.000003  -0.000039
 -0.000021  -0.000289  -0.000426
 -0.000007  -0.000029  -0.000095
  0.000109  -0.000023   0.000017
 -0.000028  -0.000056   0.000095
 -0.000016  -0.000023   0.000047
 -0.000002   0.000010   0.000025
 -0.000003   0.000003  -0.000012
  0.000086   0.000442  -0.000154
  0.000001   0.000008  -0.000023
 -0.000004  -0.000043  -0.000018
 -0.000002   0.000013  -0.000005
 -0.000019  -0.000018  -0.000058
 -0.000010  -0.000008  -0.000004
  0.000049  -0.000007   0.000097
 -0.000004   0.000003  -0.000005
  0.000036  -0.000063   0.000116
 -0.000002  -0.000002  -0.000004
  0.000098   0.000250   0.000244
 -0.000006   0.000011  -0.000005
 -0.000102   0.000142   0.000133
  0.000001   0.000007  -0.000011
 -0.000227  -0.000233   0.000060
 -0.000003   0.000003  -0.000022
 -0.000010  -0.000173  -0.000224
 -0.003388  -0.000313   0.000027
  0.000002   0.000002   0.000000
 -0.000043  -0.000690   0.001343
 -0.000002   0.000010  -0.000001
 -0.001993  -0.006497  -0.005966
  0.000008   0.000004  -0.000009
  0.000090   0.001261   0.000970
 -0.000037  -0.000004   0.000009
  0.006251  -0.005900   0.001105
 -0.000001   0.000003  -0.000010
 -0.032444   0.120370  -0.150793
  0.000003  -0.000001  -0.000009
 -0.000127   0.000159   0.000168
  0.000008   0.000017   0.000003
  0.001362  -0.000345   0.000864
  0.000004   0.000031  -0.000039
 -0.000229  -0.000408  -0.000095
 -0.000192  -0.000143  -0.000020
  0.000300   0.000014   0.000289
 -0.000049   0.000001   0.000040
 -0.000018   0.000002   0.000014
  0.000072   0.000254  -0.000157
 -0.000023  -0.000007   0.000023
  0.000437   0.000337  -0.000115
 -0.000122  -0.001110  -0.001155
 -0.000002   0.000034   0.000027
  0.001224  -0.000981   0.000004
  0.000029   0.000010   0.000024
 -0.000117  -0.000247   0.000163
  0.000029   0.000102  -0.000025
 -0.000546   0.000014  -0.000743
 -0.000118   0.000265   0.000173
  0.000596   0.000140   0.000504
  0.000093   0.000099   0.000093
   35    3  0.0000 -0.0000  0.0150
  0.000649  -0.000449   0.000187
 -0.000084  -0.000163   0.000172
 -0.000223   0.000902  -0.000736
  0.000016  -0.000002  -0.000076
  0.000660  -0.000705   0.001185
 -0.000143   0.000191  -0.000081
 -0.000330   0.000159   0.000169
 -0.000076  -0.000078   0.000169
  0.000097  -0.000032  -0.000020
 -0.000021   0.000070  -0.000043
 -0.000019   0.000028  -0.000020
  0.000230   0.000119   0.000241
  0.000016  -0.000013   0.000017
  0.000033   0.000138   0.000393
  0.000003  -0.000009  -0.000015
  0.000033   0.000280   0.000507
 -0.000017   0.000005   0.000014
  0.000152   0.000186  -0.000081
 -0.000005   0.000021   0.000006
 -0.000215   0.000102  -0.000371
  0.002309  -0.000698  -0.000311
 -0.000062   0.000014  -0.000058
  0.005899   0.002663  -0.013574
  0.000017  -0.000006  -0.000002
 -0.178686  -0.057310   0.270448
 -0.000007  -0.000003   0.000005
 -0.017120  -0.029547   0.059700
  0.000017   0.000005  -0.000010
 -0.018143   0.003375   0.005947
 -0.000024  -0.000007   0.000002
  0.046513  -0.012294  -0.001912
 -0.000004  -0.000026   0.000029
  0.099748  -0.053702   0.175377
  0.000006   0.000005   0.000004
  0.016393   0.301024  -0.873199
  0.000005   0.000011   0.000008
 -0.001490  -0.005517   0.003546
  0.000081   0.000012   0.000027
  0.000717  -0.001345  -0.000214
 -0.000157  -0.000014  -0.000146
 -0.000064  -0.000064  -0.000132
 -0.000088  -0.000003  -0.000061
  0.000291  -0.000086   0.000110
  0.000003   0.000017   0.000041
 -0.000087   0.000286   0.000132
 -0.000008   0.000049  -0.000009
 -0.000164   0.000103  -0.000097
  0.000019   0.000046  -0.000080
  0.000045   0.000015  -0.000069
 -0.000004  -0.000004  -0.000020
 -0.000007  -0.000018   0.000033
  0.000110   0.000037   0.000252
 -0.000008   0.000023   0.000019
  0.000030   0.000086   0.000033
  0.000027  -0.000028   0.000006
 -0.000052  -0.000115   0.000002
  0.000025   0.000016  -0.000008
 -0.000190  -0.000109  -0.000183
 -0.000002   0.000003  -0.000003
 -0.000009  -0.000272   0.000028
 -0.000001   0.000002   0.000006
 -0.000149   0.000238  -0.000189
 -0.000003  -0.000002  -0.000005
 -0.000197  -0.000145  -0.000354
 -0.000002   0.000001   0.000000
 -0.000166  -0.000155  -0.000193
  0.000021  -0.000001   0.000050
 -0.000033   0.000154   0.000303
  0.004014  -0.000371   0.000582
  0.000007  -0.000003   0.000003
  0.002252  -0.000247  -0.000663
  0.000006   0.000003   0.000004
  0.002403  -0.005715   0.004540
  0.000000  -0.000013  -0.000016
 -0.000380   0.001038  -0.000423
  0.000030   0.000018  -0.000029
 -0.029216   0.007643  -0.012103
 -0.000002   0.000007   0.000001
  0.062609  -0.151609   0.378074
 -0.000000   0.000010   0.000005
  0.000445   0.000051  -0.000105
  0.000004  -0.000008  -0.000001
  0.001212  -0.000370   0.000679
  0.000012  -0.000008   0.000033
 -0.000676  -0.000136   0.000233
  0.000202   0.000069   0.000101
 -0.000344   0.000202  -0.000244
  0.000087  -0.000019   0.000014
  0.000009   0.000016   0.000004
 -0.000174  -0.000230  -0.000085
 -0.000004   0.000005   0.000020
  0.000432   0.000426   0.000293
  0.000561   0.001091   0.002554
  0.000052  -0.000027   0.000091
  0.000904   0.001107   0.000346
  0.000021  -0.000003   0.000045
 -0.000217   0.000525  -0.000084
  0.000062   0.000069   0.000192
 -0.000246   0.000360   0.000499
  0.000400  -0.000056   0.000269
 -0.000567  -0.001216  -0.001491
 -0.000005  -0.000071  -0.000236
   37    1  0.0150  0.0000  0.0000
  0.000056  -0.000042  -0.000020
 -0.000276   0.000169   0.000069
  0.000009  -0.000057  -0.000021
  0.000060  -0.000291  -0.000029
  0.000007   0.000046   0.000001
 -0.000091   0.000038  -0.000185
  0.000004   0.000000  -0.000053
  0.000150   0.000217  -0.000103
  0.000005  -0.000009  -0.000012
 -0.000411   0.000094  -0.000259
 -0.000009   0.000008   0.000003
 -0.000104   0.000079   0.000147
  0.000069   0.000003  -0.000074
 -0.000038  -0.000100   0.000149
  0.000321  -0.000062  -0.000208
  0.000221  -0.000107   0.000480
 -0.000313  -0.000033   0.000116
  0.000232   0.000899  -0.000059
  0.000055   0.000092   0.000165
 -0.000182   0.000905   0.001072
  0.000503   0.000291  -0.000742
 -0.001005  -0.000712  -0.000331
 -0.000095  -0.000166   0.000459
  0.000190   0.000008   0.000114
  0.001772   0.000437   0.000785
 -0.000066  -0.000100  -0.000018
 -0.001886   0.000158  -0.005858
  0.000031   0.000007   0.000019
  0.041944  -0.015240   0.001242
 -0.000014   0.000004  -0.000026
  0.267535  -0.063263   0.030685
 -0.000039  -0.000039   0.000000
  0.014796  -0.013224   0.009057
  0.000045  -0.000011  -0.000028
 -0.004315  -0.001805  -0.001593
  0.000028   0.000024   0.000068
 -0.714459   0.026833   0.054355
  0.000010  -0.000022   0.000036
  0.130826   0.025613   0.032447
 -0.000159   0.000036  -0.000196
 -0.000007  -0.000017  -0.000044
 -0.000124   0.000009   0.000084
  0.000004  -0.000001  -0.000029
  0.000112   0.000215   0.000100
 -0.000005   0.000011   0.000006
  0.000424  -0.000316   0.000225
 -0.000041   0.000028  -0.000012
  0.000008   0.000109   0.000070
 -0.000001   0.000008  -0.000007
 -0.000160   0.000135   0.000157
  0.000002  -0.000008  -0.000001
  0.000165  -0.000169  -0.000026
  0.000006   0.000015  -0.000003
  0.000326  -0.000353   0.000269
  0.000006  -0.000000  -0.000008
  0.000076  -0.000041  -0.000040
  0.000008  -0.000010  -0.000011
  0.000006  -0.000033  -0.000008
 -0.000020  -0.000029  -0.000009
  0.000090  -0.000040   0.000022
 -0.000009   0.000006   0.000018
 -0.000034   0.000015  -0.000001
  0.000032  -0.000016  -0.000026
  0.000058   0.000047  -0.000004
  0.000008  -0.000010  -0.000012
  0.000055  -0.000208  -0.000035
 -0.000038   0.000027  -0.000001
  0.000066  -0.000150  -0.000061
  0.000076   0.000853  -0.000317
  0.000016  -0.000007  -0.000004
 -0.000227   0.000009   0.000149
  0.000014   0.000006   0.000019
  0.001494  -0.000246   0.000423
 -0.000004  -0.000006  -0.000021
 -0.001664   0.001126   0.002308
  0.000010   0.000018   0.000007
 -0.001666   0.003281  -0.001795
 -0.000011   0.000046  -0.000049
 -0.000206   0.000293  -0.000247
  0.000032   0.000029   0.000027
  0.181873   0.027791  -0.175060
  0.000001   0.000009  -0.000005
  0.058124   0.020965  -0.002575
  0.000004   0.000014  -0.000019
  0.000008   0.000028   0.000071
  0.000189   0.000133   0.000105
 -0.000071  -0.000003   0.000037
  0.000005   0.000213  -0.000077
 -0.000043   0.000094   0.000212
 -0.000209   0.000055  -0.000650
  0.000498   0.000588   0.000503
  0.000110  -0.000168  -0.000144
 -0.000232  -0.000099   0.000316
  0.001909  -0.000177   0.000824
 -0.000217  -0.000171   0.000328
  0.000375   0.000434   0.000059
 -0.018639  -0.011540  -0.001457
  0.000051  -0.000038   0.000121
  0.045231  -0.000203   0.055906
  0.000147  -0.000004   0.000148
 -0.000298  -0.000126  -0.000490
 -0.003107  -0.003097  -0.000918
   37    2  0.0000  0.0150  0.0000
  0.000061  -0.000032  -0.000040
  0.000436  -0.000262  -0.000191
 -0.000006  -0.000036   0.000008
 -0.000315   0.000290  -0.000079
  0.000005   0.000052   0.000005
  0.000167  -0.000302   0.000616
  0.000016   0.000009  -0.000083
  0.000146  -0.000068   0.000169
  0.000018  -0.000014  -0.000011
  0.000376  -0.000022   0.000044
 -0.000011   0.000004  -0.000009
 -0.000062  -0.000096   0.000013
  0.000108  -0.000030  -0.000132
  0.000021   0.000003   0.000246
 -0.000115  -0.000232  -0.000083
 -0.000272  -0.000509  -0.000116
  0.000007  -0.000054   0.000086
  0.000681   0.000964   0.000230
  0.000208   0.000147   0.000098
 -0.000183   0.000507   0.001197
  0.000092   0.000778  -0.000184
  0.000418   0.000476   0.000087
  0.000122   0.001316   0.000795
 -0.000119  -0.000032  -0.000063
 -0.000510   0.001743  -0.000676
  0.000007   0.000050  -0.000014
  0.002670  -0.006798  -0.003382
  0.000003  -0.000003  -0.000001
  0.000812  -0.004416   0.004169
  0.000006  -0.000015  -0.000028
 -0.068871   0.126272  -0.018601
 -0.000038  -0.000029   0.000007
 -0.022041   0.003759  -0.008968
 -0.000019   0.000008   0.000019
  0.000024  -0.008633  -0.005551
 -0.000011  -0.000031  -0.000023
  0.026550  -0.718949   0.046294
  0.000010  -0.000014   0.000057
  0.032554   0.113643   0.024411
 -0.000218  -0.000011  -0.000225
 -0.000003  -0.000014  -0.000052
  0.000407   0.000038   0.000017
 -0.000003  -0.000000  -0.000034
 -0.000034  -0.000103   0.000069
 -0.000014   0.000017  -0.000031
 -0.000249   0.001151  -0.001428
 -0.000030   0.000025  -0.000028
 -0.000183   0.000026  -0.000109
  0.000004   0.000011  -0.000003
  0.000099  -0.000447  -0.000069
 -0.000002  -0.000011  -0.000001
 -0.000106  -0.000001  -0.000022
  0.000001   0.000024  -0.000005
 -0.000809   0.000458   0.000294
  0.000007   0.000000  -0.000008
  0.000070   0.000010   0.000096
  0.000010  -0.000008  -0.000007
  0.000093  -0.000057   0.000039
 -0.000000   0.000019  -0.000011
  0.000051  -0.000101  -0.000051
 -0.000022  -0.000009   0.000004
 -0.000014  -0.000020  -0.000053
  0.000186   0.000226  -0.000288
  0.000019   0.000014  -0.000032
  0.000011   0.000023  -0.000006
 -0.000010  -0.000142  -0.000012
 -0.000001   0.000047  -0.000057
  0.000024   0.000142  -0.000018
  0.000076  -0.000213  -0.000170
  0.000004  -0.000021  -0.000008
  0.000189  -0.000090  -0.000290
 -0.000004  -0.000005   0.000015
  0.000739  -0.000279   0.000160
 -0.000002   0.000003  -0.000021
  0.001018   0.002943   0.001039
  0.000006   0.000020   0.000000
  0.000786   0.004178   0.003077
 -0.000015  -0.000003  -0.000003
 -0.000641  -0.000122  -0.000132
  0.000003   0.000027  -0.000015
  0.028128   0.058139  -0.043846
  0.000006   0.000011   0.000004
  0.017191   0.415145  -0.043740
 -0.000002   0.000018  -0.000033
 -0.000007   0.000054   0.000083
 -0.000578  -0.000764  -0.000184
 -0.000039   0.000024   0.000042
 -0.000241  -0.000052  -0.000031
  0.000023  -0.000134  -0.000021
  0.000162  -0.000057  -0.000192
 -0.000084  -0.000039   0.000194
  0.000148   0.000494   0.000087
 -0.000047  -0.000064   0.000315
 -0.000792   0.000169  -0.000514
 -0.000057  -0.000381   0.000399
 -0.000190  -0.000264   0.000059
  0.003622   0.023364   0.056857
  0.000070  -0.000008   0.000145
 -0.020942  -0.013302  -0.012232
  0.000191   0.000029   0.000208
 -0.000214  -0.000179  -0.000578
 -0.000733   0.000607   0.001041
   37    3  0.0000 -0.0000  0.0150
  0.000041  -0.000063  -0.000079
 -0.000449  -0.000043   0.000382
 -0.000015  -0.000009   0.000140
  0.000107  -0.000214   0.000070
  0.000062  -0.000057   0.000114
  0.000135   0.000313   0.000123
  0.000061  -0.000035  -0.000135
  0.000042  -0.000092   0.000407
  0.000006  -0.000011  -0.000008
  0.000064  -0.000074   0.000210
 -0.000001  -0.000010   0.000011
  0.000065   0.000001  -0.000109
  0.000108   0.000022  -0.000164
 -0.000342  -0.000008   0.000399
  0.000375  -0.000090  -0.000371
  0.000724  -0.000394  -0.000261
 -0.000206  -0.000173  -0.000045
  0.001407   0.002071   0.000674
  0.000058   0.000095   0.000129
 -0.000284   0.001098   0.001798
  0.000077   0.000003   0.000235
 -0.000738  -0.000234  -0.000263
  0.000239   0.000989  -0.000522
  0.000078  -0.000078   0.000005
  0.000937  -0.000148   0.001397
 -0.000091  -0.000037  -0.000015
 -0.005385  -0.003921   0.002985
  0.000035  -0.000007   0.000025
 -0.025487   0.009248  -0.013209
  0.000013  -0.000012  -0.000033
  0.014500  -0.012512   0.120918
 -0.000061  -0.000057   0.000027
  0.040438  -0.017805   0.007459
  0.000031   0.000008   0.000001
 -0.001852  -0.006170   0.003549
  0.000021  -0.000005   0.000015
  0.054491   0.045907  -0.669674
  0.000028  -0.000058   0.000096
  0.040724   0.021279   0.170108
 -0.000331   0.000066  -0.000424
 -0.000015   0.000006  -0.000062
  0.000160   0.000088  -0.000124
 -0.000039   0.000002  -0.000078
 -0.000191  -0.000359  -0.000004
 -0.000031  -0.000012  -0.000115
  0.000095  -0.000339   0.000028
 -0.000021   0.000008  -0.000018
 -0.000136   0.000203  -0.000130
 -0.000001   0.000020  -0.000003
  0.000151  -0.000323  -0.000287
  0.000001  -0.000015   0.000001
  0.000044  -0.000039   0.000070
  0.000011   0.000031   0.000000
  0.000165   0.000235  -0.000091
  0.000005   0.000010  -0.000009
 -0.000074  -0.000110   0.000177
  0.000010  -0.000023  -0.000003
 -0.000107  -0.000019   0.000060
 -0.000033  -0.000018  -0.000016
  0.000066   0.000046  -0.000009
 -0.000025  -0.000015   0.000017
  0.000163   0.000033  -0.000028
 -0.000009   0.000063  -0.000028
 -0.000064  -0.000008  -0.000063
 -0.000002  -0.000003  -0.000043
  0.000127  -0.000231  -0.000193
 -0.000045   0.000032  -0.000056
 -0.000016  -0.000207   0.000090
 -0.000072  -0.000660   0.000640
  0.000016  -0.000009   0.000002
  0.000028   0.000048  -0.000361
  0.000012   0.000002   0.000016
 -0.002417  -0.000139  -0.000427
 -0.000008   0.000001  -0.000032
  0.000262   0.002356  -0.000437
  0.000009   0.000038   0.000030
  0.002339   0.002111  -0.000538
 -0.000000   0.000026  -0.000045
  0.001673  -0.000265   0.000276
  0.000010  -0.000003  -0.000013
 -0.164868  -0.041116   0.292964
  0.000008   0.000017   0.000007
 -0.002370  -0.046876   0.053908
  0.000009   0.000027  -0.000041
 -0.000040   0.000020   0.000149
  0.000901   0.000671   0.000109
  0.000009   0.000082   0.000087
  0.000366   0.000314  -0.000248
 -0.000158   0.000069   0.000246
 -0.000155  -0.000254  -0.000244
  0.000171  -0.000034   0.000431
 -0.000861   0.000420  -0.000316
  0.000103   0.000094   0.000173
  0.000773  -0.000091   0.000558
  0.000106   0.000015  -0.000066
  0.000306   0.000189   0.000151
  0.012438   0.041258   0.017778
  0.000119  -0.000059   0.000292
  0.034131   0.004134   0.013862
  0.000277   0.000031   0.000384
 -0.000022   0.000090  -0.000653
 -0.002911  -0.000346  -0.003691
   39    1  0.0150  0.0000  0.0000
 -0.000191   0.000169   0.000201
  0.005219  -0.000476  -0.001841
  0.000021   0.000128  -0.000281
 -0.003058   0.004420   0.000923
 -0.000110  -0.000046  -0.000233
  0.000999  -0.001439   0.001563
 -0.000140   0.000067   0.000457
 -0.000376  -0.001469  -0.001284
  0.000019   0.000031   0.000074
  0.000172  -0.000443  -0.000681
  0.000024   0.000013  -0.000075
  0.001295  -0.000237   0.000296
 -0.000186  -0.000232   0.000352
 -0.000364   0.000297  -0.000413
 -0.002516  -0.000333   0.001482
 -0.000111   0.000056   0.000325
  0.001874   0.000310   0.000236
 -0.000411  -0.000406  -0.000151
  0.000427   0.000017  -0.000629
  0.000054  -0.000050  -0.000929
  0.000636   0.000225   0.001381
  0.007009   0.003402   0.002523
 -0.000330  -0.000018   0.000103
 -0.000875   0.000216  -0.000650
 -0.002674   0.000799   0.000169
  0.000155   0.000482   0.000066
  0.001658  -0.000687  -0.000527
 -0.000124  -0.000069  -0.000202
 -0.002355  -0.000818   0.001953
  0.000060  -0.000027   0.000100
  0.029759   0.007609   0.029964
  0.000328   0.000307  -0.000015
 -0.000069   0.001997  -0.001646
 -0.000289   0.000087   0.000070
  0.000899  -0.001369   0.000705
 -0.000010   0.000242  -0.000127
  0.130838   0.032554   0.040358
 -0.000148   0.000232  -0.000352
 -0.747517   0.283997  -0.098056
  0.001384  -0.000154   0.001573
  0.000040   0.000019   0.000325
  0.002331  -0.000972  -0.002210
  0.000109  -0.000035   0.000271
 -0.000779  -0.001328  -0.000594
  0.000092  -0.000003   0.000309
 -0.004040  -0.002064  -0.000768
  0.000180  -0.000048   0.000134
  0.001317  -0.002010   0.001131
 -0.000012  -0.000121   0.000052
  0.001612  -0.001931  -0.000845
 -0.000002   0.000029  -0.000002
  0.000582   0.000225   0.000597
 -0.000039  -0.000084   0.000003
 -0.000961  -0.000171  -0.001280
 -0.000002  -0.000052   0.000063
 -0.001438  -0.000754   0.000516
 -0.000021   0.000104   0.000067
  0.000307   0.000647  -0.000570
  0.000187   0.000218   0.000041
 -0.000039   0.000112  -0.000182
  0.000071  -0.000037  -0.000092
  0.000100  -0.000134   0.000425
  0.000240   0.001002  -0.001239
  0.000027   0.000066   0.000229
  0.000004   0.000078   0.000212
 -0.000146   0.000252   0.000138
  0.000268  -0.000005  -0.000014
 -0.000224   0.000116  -0.000363
 -0.000311  -0.000478  -0.000235
 -0.000053  -0.000009  -0.000016
  0.000172   0.000070  -0.000074
 -0.000151  -0.000099  -0.000058
  0.000711   0.000599  -0.004412
  0.000047   0.000001   0.000124
  0.001998   0.001188  -0.001003
 -0.000030  -0.000143  -0.000104
 -0.000037   0.000002   0.000836
  0.000163  -0.000277   0.000412
 -0.000255  -0.000154   0.000121
 -0.000293  -0.000423   0.000021
 -0.013131  -0.011227  -0.022183
 -0.000006  -0.000052   0.000010
  0.001091   0.001072   0.006093
 -0.000076  -0.000087   0.000115
  0.000034  -0.000224  -0.000593
 -0.005375  -0.002660  -0.001699
  0.000118  -0.000167  -0.000309
 -0.000652  -0.002914   0.001619
  0.000807  -0.001178  -0.001830
 -0.000013   0.000098   0.000369
 -0.001581  -0.002530  -0.002019
  0.000194  -0.000641  -0.000417
 -0.000750  -0.000253  -0.001482
 -0.008744   0.001077  -0.004258
 -0.000206  -0.000040  -0.000841
 -0.003308  -0.002952  -0.000260
  0.178922  -0.146237  -0.068337
 -0.000463   0.000225  -0.001022
  0.395407  -0.170004   0.096514
 -0.001226  -0.000178  -0.001433
  0.001008   0.000448   0.002662
  0.035248   0.015640   0.030556
   39    2  0.0000  0.0150  0.0000
 -0.000007   0.000070   0.000058
 -0.004011   0.000495   0.000415
  0.000019   0.000005  -0.000081
  0.004903  -0.003083  -0.001359
 -0.000029  -0.000023  -0.000069
  0.000059   0.002608  -0.000987
 -0.000004  -0.000044   0.000091
 -0.001091   0.002001   0.000220
 -0.000083   0.000063  -0.000034
 -0.000745   0.001038  -0.000117
  0.000049  -0.000033   0.000064
 -0.001570   0.001019  -0.000227
 -0.000391   0.000241   0.000400
  0.000868  -0.000573  -0.001013
  0.001937   0.001270   0.000003
  0.000379   0.000290  -0.000396
 -0.001069   0.000196  -0.000259
  0.000151   0.000452   0.000192
 -0.000893  -0.000621  -0.000047
  0.000084   0.000250   0.000107
 -0.000122   0.000168   0.000739
 -0.006764  -0.005285  -0.002157
 -0.000021   0.000028  -0.000043
  0.001151   0.000083   0.000725
  0.000616  -0.000867   0.001110
  0.000002  -0.000547   0.000056
 -0.003512   0.001342   0.000613
  0.000046   0.000087   0.000129
  0.001223   0.002320  -0.000820
 -0.000069   0.000123   0.000081
  0.001166  -0.010731  -0.017781
 -0.000081  -0.000078  -0.000061
 -0.007076   0.004603  -0.001683
  0.000231  -0.000094  -0.000068
  0.001458   0.001648  -0.001386
 -0.000007  -0.000203   0.000031
  0.025490   0.113648   0.021003
  0.000009  -0.000043  -0.000030
  0.284114  -0.905821  -0.291913
  0.000098   0.000200  -0.000015
 -0.000018   0.000033   0.000007
 -0.005339   0.000661   0.004021
  0.000014  -0.000016   0.000032
  0.001086   0.002468   0.001041
  0.000019  -0.000016   0.000064
  0.002316   0.003919  -0.001442
  0.000030  -0.000030   0.000038
  0.000066   0.000846  -0.000341
  0.000002  -0.000004  -0.000013
 -0.001237   0.003889   0.002106
  0.000012   0.000040  -0.000002
 -0.001253  -0.000142  -0.001063
  0.000024  -0.000053   0.000017
  0.000918  -0.000452   0.001032
 -0.000024   0.000028  -0.000012
  0.002076   0.002102  -0.001190
 -0.000024  -0.000011  -0.000019
  0.000167  -0.000856   0.000411
 -0.000100  -0.000223   0.000036
 -0.000196   0.000252   0.000514
  0.000082   0.000080   0.000019
 -0.000246  -0.000020  -0.000331
 -0.000586  -0.001487   0.002380
 -0.000078   0.000066   0.000035
 -0.000049  -0.000118  -0.000106
 -0.000077   0.000097  -0.000020
 -0.000136  -0.000148   0.000242
  0.000309   0.000085  -0.000235
 -0.000085  -0.000579  -0.000311
  0.000010   0.000125   0.000055
  0.000072   0.000005  -0.000157
  0.000129   0.000160  -0.000065
 -0.000601  -0.000970   0.001693
 -0.000010  -0.000009   0.000020
 -0.000702  -0.001906   0.000795
 -0.000001   0.000003   0.000058
 -0.000018  -0.000778   0.000073
 -0.000070   0.000206  -0.000276
 -0.000374  -0.000017  -0.000360
  0.000185   0.000364  -0.000026
 -0.007058  -0.001854  -0.006002
 -0.000013  -0.000022  -0.000030
  0.018595   0.022510   0.040407
  0.000074  -0.000019   0.000096
 -0.000015  -0.000050   0.000026
  0.005495   0.001721   0.001859
 -0.000025  -0.000033  -0.000050
 -0.001364   0.002396  -0.000181
 -0.000584   0.000915   0.000862
 -0.000221  -0.000048   0.000385
  0.001285   0.002454   0.000210
 -0.000509  -0.000413   0.000382
 -0.000034  -0.000201  -0.000360
  0.010054  -0.001005   0.005555
  0.000157  -0.000250  -0.000332
  0.003136   0.003679  -0.000391
 -0.162579   0.564445   0.281501
  0.000005  -0.000100   0.000031
 -0.152190   0.214596  -0.023547
 -0.000088  -0.000064  -0.000014
  0.000331   0.000457   0.000117
 -0.007254  -0.022913  -0.014740
   39    3  0.0000 -0.0000  0.0150
 -0.000217   0.000244   0.000257
 -0.000059   0.000056  -0.000651
  0.000021   0.000153  -0.000406
  0.001354   0.000110  -0.000223
 -0.000163  -0.000048  -0.000339
  0.000281   0.000294   0.000938
 -0.000155   0.000066   0.000582
 -0.000573   0.000109  -0.001350
 -0.000053   0.000078   0.000037
 -0.000715   0.000617  -0.000776
  0.000084  -0.000021  -0.000040
 -0.000495   0.000068   0.000373
 -0.000608   0.000036   0.000772
  0.000623  -0.000390  -0.001516
 -0.000115   0.001018   0.001774
 -0.000198   0.000503  -0.000136
  0.000722   0.000498  -0.000156
 -0.000676  -0.000828   0.000217
 -0.000553  -0.000601  -0.000749
  0.000071  -0.000270  -0.001577
  0.001391   0.001169   0.001676
 -0.000097  -0.001946   0.000401
 -0.000456  -0.000125   0.000298
  0.000217   0.000246   0.000137
 -0.001665   0.000201  -0.000063
  0.000126  -0.000037   0.000158
 -0.000628  -0.000414   0.002276
 -0.000090   0.000026  -0.000060
 -0.004518   0.004457  -0.001631
 -0.000039   0.000101   0.000188
  0.022121  -0.014658   0.005433
  0.000256   0.000228  -0.000105
 -0.003477   0.004594  -0.001271
  0.000031   0.000031  -0.000059
  0.001086  -0.000420  -0.000224
 -0.000058   0.000195  -0.000129
  0.032420   0.024442   0.169906
 -0.000168   0.000231  -0.000427
 -0.097847  -0.291672  -0.662638
  0.001582  -0.000032   0.001744
  0.000045   0.000036   0.000368
 -0.002362   0.000622   0.001280
  0.000147  -0.000051   0.000352
  0.000307   0.000963   0.000151
  0.000121  -0.000020   0.000410
 -0.001130  -0.001346  -0.001799
  0.000219  -0.000061   0.000165
  0.000745  -0.000870   0.000712
 -0.000011  -0.000144   0.000051
 -0.000215   0.001904   0.001800
  0.000013   0.000069  -0.000010
 -0.000686   0.000153  -0.000547
 -0.000020  -0.000141   0.000008
 -0.000170  -0.000593  -0.000016
 -0.000025  -0.000041   0.000058
  0.001046   0.000620  -0.000996
 -0.000042   0.000109   0.000058
  0.000502  -0.000123  -0.000185
  0.000087   0.000036   0.000070
 -0.000140   0.000362   0.000397
  0.000142   0.000020  -0.000103
 -0.000066  -0.000092   0.000278
 -0.000428  -0.000057   0.001738
  0.000034   0.000146   0.000294
 -0.000063  -0.000046   0.000075
 -0.000192   0.000270   0.000126
  0.000120  -0.000181   0.000257
 -0.000032   0.000108  -0.000535
 -0.000190  -0.000733  -0.000206
 -0.000039   0.000106   0.000010
  0.000107   0.000059  -0.000227
 -0.000038   0.000023  -0.000113
 -0.001767   0.000659  -0.001397
  0.000049  -0.000014   0.000148
  0.000276  -0.001087   0.000463
 -0.000038  -0.000158  -0.000072
  0.000296   0.000022   0.000542
  0.000051  -0.000078   0.000083
 -0.000480  -0.000012  -0.000083
 -0.000039  -0.000261  -0.000068
  0.016220   0.020000   0.033093
 -0.000031  -0.000075  -0.000035
 -0.007902  -0.000177  -0.003297
 -0.000020  -0.000114   0.000210
  0.000043  -0.000290  -0.000684
 -0.000009  -0.000668   0.000272
  0.000135  -0.000218  -0.000406
 -0.001127  -0.000287   0.001167
  0.000061  -0.000231  -0.000850
  0.000447  -0.000057   0.000824
 -0.000344  -0.000239  -0.001614
 -0.000176  -0.000739  -0.000213
 -0.001295  -0.000604  -0.001904
  0.001811   0.000305   0.000698
 -0.000456  -0.000711  -0.000900
  0.000283   0.000762  -0.000880
 -0.081800   0.295158   0.298054
 -0.000530   0.000191  -0.001200
  0.109524  -0.037376   0.151260
 -0.001439  -0.000252  -0.001644
  0.001188   0.000642   0.002929
  0.020518  -0.003506   0.008948
   41    1  0.0150  0.0000  0.0000
  0.293819   0.218290  -0.026369
 -0.000015  -0.000013   0.000001
  0.003791  -0.003627  -0.004112
  0.000005  -0.000016  -0.000032
 -0.000720  -0.003774  -0.002025
 -0.000008  -0.000005  -0.000036
 -0.002118  -0.000107   0.001149
 -0.000015  -0.000010   0.000004
  0.000169   0.000152   0.000007
 -0.000007  -0.000003  -0.000046
 -0.000105  -0.000134  -0.000000
  0.000050   0.000024  -0.000039
  0.000050   0.000024   0.000015
 -0.000169  -0.000047   0.000099
 -0.000014   0.000002   0.000015
  0.000623  -0.000425   0.000279
  0.000026  -0.000003   0.000021
 -0.000010   0.000132  -0.000150
 -0.000018   0.000008   0.000020
 -0.000248   0.000156  -0.000101
  0.000347  -0.000716  -0.000153
  0.000082  -0.000015   0.000026
  0.000006   0.000233  -0.000136
  0.000047   0.000027  -0.000015
 -0.000058   0.000009   0.000004
  0.000061   0.000045   0.000172
 -0.000024  -0.000011   0.000003
  0.000159   0.000012  -0.000159
 -0.000022  -0.000023   0.000002
  0.000213   0.000575   0.000206
 -0.000021  -0.000009  -0.000027
 -0.000577  -0.000128  -0.000047
  0.000015  -0.000012   0.000003
  0.000087  -0.000093  -0.000088
 -0.000030  -0.000006  -0.000071
  0.000076  -0.000022  -0.000073
 -0.000050  -0.000030  -0.000074
 -0.000128  -0.000417   0.000174
  0.000064  -0.000002   0.000051
  0.002287   0.005318  -0.002373
 -0.302292  -0.226174   0.026741
  0.000004  -0.000001   0.000019
  0.000055   0.001379  -0.000278
  0.000010  -0.000000   0.000021
 -0.001324  -0.000003  -0.000375
  0.000011   0.000001   0.000026
  0.000212   0.000072   0.000011
  0.000008   0.000000   0.000002
  0.000062  -0.000233   0.000226
 -0.000000   0.000003  -0.000002
 -0.000096  -0.000032   0.000118
  0.000006  -0.000010  -0.000007
  0.000011   0.000040   0.000017
  0.000008   0.000012  -0.000006
  0.000073  -0.000056  -0.000048
 -0.000002  -0.000002   0.000007
  0.000060   0.000014  -0.000005
 -0.000001  -0.000000   0.000006
  0.000004  -0.000003   0.000024
 -0.000045   0.000013  -0.000026
 -0.000011  -0.000000  -0.000006
  0.000018   0.000023  -0.000042
  0.000010  -0.000010   0.000017
  0.000529   0.000505   0.000996
  0.000002   0.000016   0.000002
 -0.000007   0.000035  -0.000065
  0.000042  -0.000025   0.000024
 -0.000016   0.000015   0.000025
 -0.000010  -0.000028   0.000018
 -0.000007  -0.000023  -0.000001
  0.000047   0.000049   0.000008
 -0.000013  -0.000009   0.000007
  0.000005   0.000001   0.000002
  0.000089  -0.000011  -0.000041
 -0.000003   0.000010  -0.000005
 -0.000295  -0.000523  -0.000041
  0.000012   0.000009  -0.000027
 -0.000008  -0.000035  -0.000036
  0.000014   0.000060  -0.000046
  0.000016   0.000012   0.000011
 -0.000006   0.000002  -0.000009
  0.000105  -0.000028   0.000066
  0.000008   0.000018   0.000019
  0.000132  -0.000058   0.000129
  0.019057   0.025142   0.001423
  0.000003   0.000006  -0.000044
 -0.012420  -0.012989   0.000658
  0.000017   0.000010  -0.000041
  0.000019  -0.000003  -0.000029
 -0.000136  -0.000093   0.000065
 -0.000013  -0.000032  -0.000038
 -0.000172  -0.000042  -0.000094
 -0.000317  -0.000039   0.000286
 -0.000063   0.000001  -0.000054
 -0.000095   0.001106   0.001472
 -0.000038  -0.000004  -0.000007
 -0.000043  -0.000025  -0.000113
 -0.000574  -0.001896   0.002753
 -0.000101   0.000022  -0.000116
 -0.001869  -0.001948  -0.000117
  0.001675   0.000407   0.000269
  0.000040  -0.000004   0.000122
   41    2  0.0000  0.0150  0.0000
  0.212502   0.283972  -0.009582
  0.000003   0.000010  -0.000002
 -0.003733  -0.001640   0.002390
  0.000000   0.000002   0.000006
 -0.004690   0.004250   0.003183
  0.000002  -0.000004   0.000007
  0.002088  -0.000419  -0.001417
 -0.000003   0.000002  -0.000010
 -0.000114  -0.000107   0.000234
  0.000019   0.000004  -0.000000
 -0.000126   0.000120  -0.000037
  0.000031   0.000017  -0.000021
  0.000003  -0.000056   0.000064
 -0.000055   0.000009  -0.000022
 -0.000016   0.000014   0.000013
  0.000253   0.000010   0.000128
  0.000013   0.000005  -0.000014
  0.000046  -0.000049   0.000018
 -0.000010   0.000027   0.000005
  0.000033   0.000024  -0.000071
 -0.000748   0.002003   0.000650
  0.000010   0.000054  -0.000016
 -0.000036  -0.000005   0.000014
 -0.000032   0.000016   0.000035
  0.000081  -0.000048   0.000057
  0.000103   0.000053   0.000091
 -0.000007  -0.000009   0.000010
 -0.000082   0.000170   0.000259
 -0.000002   0.000008   0.000013
 -0.000082  -0.000031  -0.001285
  0.000011   0.000006  -0.000015
  0.000044   0.000187   0.000195
  0.000004  -0.000034   0.000027
 -0.000145  -0.000037  -0.000018
  0.000001  -0.000010  -0.000046
  0.000092   0.000005  -0.000008
 -0.000007  -0.000011   0.000008
 -0.000031   0.000030  -0.000089
  0.000015   0.000026   0.000028
  0.000967   0.000653  -0.000611
 -0.226236  -0.296139   0.010528
  0.000002   0.000003   0.000003
 -0.000233  -0.001203   0.000267
 -0.000001   0.000001  -0.000003
  0.001637   0.000111   0.000136
 -0.000002  -0.000002  -0.000003
 -0.000315  -0.000068  -0.000113
 -0.000001  -0.000001  -0.000001
 -0.001089   0.000042   0.000159
 -0.000002   0.000003   0.000001
  0.000037   0.000010   0.000104
 -0.000002   0.000012  -0.000004
 -0.000030  -0.000030  -0.000176
 -0.000006  -0.000007  -0.000002
  0.000004  -0.000060   0.000038
  0.000002   0.000006   0.000011
  0.000009   0.000018  -0.000016
  0.000006  -0.000003   0.000023
  0.000006   0.000023  -0.000004
  0.000035  -0.000190  -0.000021
  0.000002  -0.000004   0.000009
 -0.000042   0.000091  -0.000073
  0.000004   0.000007  -0.000000
  0.000538  -0.000477   0.000381
  0.000005   0.000002   0.000017
 -0.000009  -0.000037  -0.000057
  0.000021  -0.000007   0.000060
 -0.000007   0.000009   0.000002
 -0.000023  -0.000001  -0.000026
  0.000011  -0.000009  -0.000001
 -0.000037   0.000006  -0.000000
  0.000014   0.000001   0.000012
 -0.000000  -0.000001   0.000015
  0.000018  -0.000035  -0.000012
 -0.000005   0.000002  -0.000004
 -0.000366   0.000747  -0.000634
 -0.000027   0.000041   0.000023
  0.000004   0.000014   0.000028
 -0.000007   0.000088  -0.000022
  0.000003  -0.000001   0.000004
 -0.000003   0.000008   0.000008
 -0.000012   0.000024   0.000030
 -0.000009   0.000000  -0.000008
  0.000007   0.000038  -0.000071
 -0.010507  -0.014785  -0.000999
 -0.000004   0.000002  -0.000004
  0.029660   0.022483  -0.003522
  0.000004  -0.000001   0.000006
  0.000017  -0.000005  -0.000070
 -0.000201   0.000101  -0.000072
  0.000010  -0.000031  -0.000037
 -0.000107   0.000168   0.000054
  0.000712  -0.000334  -0.000054
 -0.000000  -0.000021   0.000013
  0.000627   0.000477   0.000185
 -0.000004  -0.000039  -0.000005
 -0.000007  -0.000016  -0.000013
  0.000013   0.000621   0.000044
 -0.000004  -0.000005  -0.000014
 -0.000232   0.000172  -0.000049
 -0.000269  -0.001068  -0.000272
 -0.000009   0.000029   0.000025
   41    3  0.0000 -0.0000  0.0150
 -0.028796  -0.010471   0.041149
 -0.000042  -0.000047   0.000060
 -0.003998   0.001804  -0.004711
  0.000008  -0.000017  -0.000062
 -0.002315   0.003335  -0.002812
 -0.000030   0.000007  -0.000045
  0.001564  -0.001096   0.001965
 -0.000034  -0.000010   0.000126
 -0.000147   0.000461  -0.000115
 -0.000025  -0.000030   0.000042
  0.000076  -0.000030   0.000154
 -0.000101   0.000026   0.000060
 -0.000112  -0.000005   0.000029
  0.000126  -0.000118   0.000110
 -0.000057   0.000023   0.000082
  0.000706  -0.000349   0.000010
  0.000029   0.000028   0.000012
 -0.000390   0.000260  -0.000185
 -0.000015  -0.000035  -0.000046
 -0.000147  -0.000045   0.000089
 -0.002816   0.003589  -0.000530
  0.000296  -0.000122   0.000219
  0.000109  -0.000413   0.000188
  0.000043   0.000069  -0.000010
  0.000215  -0.000016   0.000110
  0.000086  -0.000053   0.000009
 -0.000026  -0.000015   0.000011
  0.000222   0.000058  -0.000193
  0.000008  -0.000028   0.000059
  0.000036  -0.000002   0.000779
  0.000060  -0.000027  -0.000015
 -0.000195  -0.000059   0.000056
 -0.000024  -0.000006   0.000038
  0.000110   0.000031   0.000089
 -0.000056   0.000008  -0.000099
 -0.000129  -0.000036  -0.000060
 -0.000016  -0.000040  -0.000036
  0.000078  -0.000011  -0.000140
  0.000264   0.000029   0.000310
 -0.002162  -0.004010   0.001330
  0.026710   0.010412  -0.034413
  0.000006  -0.000006   0.000052
 -0.000649  -0.000090  -0.001982
  0.000020   0.000005   0.000051
  0.000138   0.000447  -0.002221
  0.000015  -0.000001   0.000061
 -0.000306  -0.000214  -0.000292
  0.000031   0.000015   0.000027
 -0.000058   0.000543  -0.000389
 -0.000001   0.000019   0.000007
  0.000080   0.000103   0.000297
 -0.000005  -0.000013   0.000005
  0.000036  -0.000146   0.000106
 -0.000018   0.000023   0.000015
 -0.000091   0.000009  -0.000000
 -0.000010   0.000003  -0.000039
  0.000031  -0.000036  -0.000069
 -0.000006  -0.000019  -0.000013
  0.000019  -0.000010   0.000006
  0.000083   0.000003   0.000286
  0.000009   0.000016   0.000024
  0.000003  -0.000088   0.000056
  0.000019  -0.000025   0.000049
  0.001024   0.000495   0.000262
 -0.000008   0.000006   0.000019
 -0.000054  -0.000023   0.000050
 -0.000031   0.000010  -0.000050
 -0.000016   0.000006   0.000060
 -0.000018  -0.000032  -0.000013
 -0.000034   0.000013  -0.000003
 -0.000075  -0.000109  -0.000070
 -0.000026  -0.000018  -0.000014
  0.000002  -0.000001   0.000055
 -0.000013  -0.000001   0.000000
 -0.000007   0.000021  -0.000005
  0.000214  -0.000943   0.000036
 -0.000020   0.000006   0.000010
 -0.000004  -0.000030   0.000013
  0.000027   0.000039  -0.000031
 -0.000005   0.000013   0.000016
 -0.000014   0.000024   0.000010
  0.000006   0.000047  -0.000069
 -0.000009   0.000014   0.000033
 -0.000031   0.000025  -0.000014
 -0.005038  -0.011144   0.003853
  0.000016   0.000021  -0.000105
  0.010394   0.007966  -0.001723
  0.000002   0.000041  -0.000066
  0.000034  -0.000019  -0.000015
 -0.000010  -0.000130   0.000147
  0.000002   0.000021  -0.000101
 -0.000202   0.000080   0.000266
  0.002078  -0.000578   0.000870
 -0.000229   0.000071  -0.000254
  0.001444  -0.001889  -0.000903
 -0.000110   0.000009  -0.000132
 -0.000065  -0.000031  -0.000173
  0.001658   0.001330  -0.001659
 -0.000195   0.000031  -0.000240
  0.001992   0.001704   0.000750
 -0.001288  -0.000575  -0.000882
  0.000150  -0.000062   0.000415
   43    1  0.0150  0.0000  0.0000
 -0.001543   0.002963  -0.000796
 -0.000009   0.000001   0.000018
  0.458776   0.041000  -0.125119
 -0.000011  -0.000007  -0.000006
  0.008223   0.008314  -0.000505
 -0.000007   0.000001  -0.000006
  0.000972   0.001469   0.000350
 -0.000008  -0.000004   0.000032
  0.000186   0.000055   0.000251
 -0.000001   0.000002   0.000022
  0.000807   0.000092   0.000463
  0.000000  -0.000005  -0.000000
  0.000012  -0.000055   0.000145
 -0.000034  -0.000001   0.000071
 -0.000016   0.000042   0.000071
 -0.000146   0.000017   0.000165
  0.000030  -0.000008  -0.000029
  0.000146  -0.000235   0.000145
 -0.000029  -0.000045  -0.000039
 -0.000075  -0.000082   0.000071
 -0.000521  -0.000518  -0.000355
  0.000070   0.000012   0.000048
  0.000243  -0.000145   0.000107
  0.000008   0.000007   0.000010
  0.000112   0.000075  -0.000062
  0.000037  -0.000004   0.000020
 -0.000048  -0.000010   0.000009
 -0.000015  -0.000000   0.000029
 -0.000021   0.000004  -0.000007
  0.000002  -0.000018  -0.000043
 -0.000034  -0.000009  -0.000011
  0.000065   0.000040   0.000024
  0.000044   0.000025  -0.000118
 -0.000030  -0.000002   0.000010
 -0.000076  -0.000081   0.000300
  0.000007   0.000011   0.000008
  0.000011   0.000006  -0.000016
  0.000111   0.000047  -0.000194
  0.000062   0.000025   0.000106
 -0.000726  -0.001064   0.000327
  0.000059  -0.000248  -0.000675
 -0.000002  -0.000001   0.000009
 -0.479902  -0.051047   0.129629
 -0.000005  -0.000000   0.000005
  0.000499  -0.000549   0.000631
 -0.000002  -0.000001   0.000009
 -0.000217   0.000011  -0.000079
  0.000002   0.000004   0.000006
  0.000663  -0.000517  -0.000569
 -0.000004   0.000004   0.000002
  0.000004   0.000014  -0.000035
 -0.000004  -0.000004   0.000003
  0.000002  -0.000052  -0.000109
 -0.000006   0.000005   0.000001
  0.000585   0.000493   0.001153
 -0.000003  -0.000002   0.000013
 -0.000196  -0.000110  -0.000032
 -0.000007  -0.000004   0.000012
  0.000033   0.000033   0.000001
  0.000000  -0.000002  -0.000018
  0.000009   0.000004  -0.000007
  0.000008   0.000013  -0.000024
  0.000001   0.000004   0.000011
 -0.000004  -0.000050  -0.000066
  0.000000  -0.000003   0.000021
  0.000070   0.000066   0.000018
  0.000000   0.000024  -0.000079
  0.000005  -0.000000   0.000020
  0.000010   0.000118  -0.000131
 -0.000007   0.000003  -0.000004
 -0.000296   0.000102   0.000217
 -0.000003  -0.000003   0.000002
 -0.000002  -0.000004   0.000006
 -0.000006   0.000015   0.000010
 -0.000015   0.000009  -0.000005
 -0.000015  -0.000046  -0.000001
 -0.000020   0.000007  -0.000026
 -0.000012  -0.000002   0.000022
  0.000200  -0.000006  -0.000159
 -0.000004   0.000004   0.000009
 -0.000012  -0.000007  -0.000002
 -0.000049   0.000049  -0.000040
 -0.000008   0.000006   0.000008
 -0.000004   0.000006  -0.000036
  0.011361   0.001249  -0.001436
 -0.000010  -0.000001  -0.000023
 -0.000726  -0.002859  -0.003083
 -0.000005   0.000002  -0.000010
 -0.000018  -0.000020  -0.000092
  0.000063   0.000091  -0.000074
  0.000040   0.000010  -0.000019
 -0.000228  -0.000152  -0.000224
  0.000226   0.000107   0.000242
 -0.000046  -0.000000  -0.000038
  0.000123   0.000245   0.000203
 -0.000020  -0.000051  -0.000032
 -0.000019  -0.000015  -0.000035
  0.000721   0.000682  -0.000169
 -0.000041   0.000002  -0.000053
  0.000407   0.000435   0.000216
  0.000225   0.000026  -0.000679
  0.000025  -0.000001   0.000089
   43    2  0.0000  0.0150  0.0000
  0.003841   0.008345   0.002282
  0.000002   0.000003  -0.000002
  0.032254   0.076950  -0.000901
 -0.000006  -0.000010   0.000009
 -0.023502  -0.012946   0.004222
  0.000005   0.000003   0.000003
 -0.000301  -0.001777  -0.000131
  0.000005   0.000004  -0.000002
 -0.000097   0.000030  -0.000106
 -0.000010  -0.000008  -0.000008
  0.000268  -0.000286   0.000116
  0.000027   0.000007   0.000005
 -0.000138   0.000145   0.000117
 -0.000105  -0.000002   0.000042
  0.000009   0.000020   0.000018
 -0.000511  -0.000090   0.000372
  0.000011  -0.000002   0.000002
  0.000253  -0.000163   0.000194
 -0.000038  -0.000022   0.000025
  0.000030   0.000162  -0.000125
  0.000140   0.000258  -0.000026
 -0.000047   0.000024  -0.000043
 -0.000104   0.000319  -0.000220
  0.000022  -0.000004  -0.000017
 -0.000168  -0.000067   0.000038
 -0.000002   0.000022   0.000025
  0.000058  -0.000002  -0.000011
  0.000068  -0.000021  -0.000064
  0.000007   0.000000   0.000013
  0.000033   0.000086   0.000146
  0.000001   0.000002   0.000017
 -0.000243  -0.000097  -0.000027
 -0.000004  -0.000005   0.000024
  0.000037   0.000008  -0.000025
  0.000044   0.000032  -0.000094
  0.000010  -0.000005  -0.000017
 -0.000004   0.000008   0.000008
 -0.000243  -0.000092   0.000343
 -0.000040  -0.000014  -0.000051
  0.001323   0.002471  -0.000953
  0.001382  -0.001214  -0.000084
 -0.000003  -0.000002  -0.000010
 -0.050989  -0.075090   0.004972
 -0.000004  -0.000001  -0.000006
  0.000520   0.000427  -0.000768
 -0.000005   0.000005  -0.000005
  0.000390   0.000095  -0.000012
 -0.000009   0.000001  -0.000002
 -0.000712  -0.000398   0.000364
 -0.000003  -0.000004  -0.000001
 -0.000089   0.000010   0.000004
 -0.000001  -0.000006   0.000002
  0.000015   0.000025  -0.000020
  0.000002   0.000007   0.000004
  0.000106  -0.000536   0.000035
 -0.000006  -0.000008   0.000004
  0.000116   0.000399   0.000165
 -0.000006   0.000010   0.000003
  0.000005   0.000015  -0.000010
 -0.000019   0.000028  -0.000027
 -0.000016  -0.000005  -0.000085
  0.000024   0.000005  -0.000016
 -0.000004   0.000007  -0.000005
 -0.000117   0.000049   0.000030
 -0.000002   0.000008  -0.000010
 -0.000024  -0.000009  -0.000051
  0.000011  -0.000038  -0.000050
  0.000010   0.000001  -0.000006
  0.000004  -0.000083   0.000090
 -0.000008  -0.000012  -0.000005
 -0.000033  -0.000161  -0.000433
 -0.000008   0.000001   0.000005
 -0.000007   0.000002  -0.000012
  0.000045   0.000004  -0.000010
  0.000008  -0.000005   0.000009
 -0.000035   0.000025   0.000005
  0.000024   0.000001  -0.000005
 -0.000009  -0.000008  -0.000021
 -0.000120  -0.000025   0.000083
  0.000004   0.000002   0.000002
  0.000005   0.000010   0.000000
  0.000068  -0.000057   0.000076
  0.000013   0.000004   0.000018
  0.000022  -0.000015   0.000037
  0.040122   0.001368  -0.013879
 -0.000010  -0.000006   0.000023
 -0.004602   0.004691   0.004392
  0.000001  -0.000007   0.000006
 -0.000008   0.000013   0.000036
 -0.000003   0.000086  -0.000112
  0.000008  -0.000007   0.000023
 -0.000023  -0.000161  -0.000299
 -0.000408  -0.000279   0.000066
  0.000031  -0.000008   0.000044
 -0.000011  -0.000073   0.000046
  0.000010  -0.000006   0.000024
  0.000015   0.000008   0.000034
  0.000641  -0.002308   0.000415
  0.000037  -0.000006   0.000053
 -0.000976  -0.000716  -0.000207
  0.001782   0.000645  -0.000036
 -0.000034   0.000009  -0.000078
   43    3  0.0000 -0.0000  0.0150
 -0.000934   0.002779  -0.005201
 -0.000038  -0.000021   0.000047
 -0.126480  -0.003298   0.075035
 -0.000005  -0.000042  -0.000032
 -0.007254  -0.006042   0.001754
 -0.000010   0.000011  -0.000038
 -0.001205  -0.000287  -0.002226
 -0.000017  -0.000017   0.000104
  0.000633  -0.000154  -0.000432
 -0.000013  -0.000009   0.000028
  0.000876   0.001028  -0.000189
  0.000015  -0.000011   0.000006
 -0.000597  -0.000398   0.000344
 -0.000136   0.000011   0.000198
 -0.000088   0.000085   0.000126
 -0.000503  -0.000004   0.000227
 -0.000022   0.000043   0.000010
  0.000255  -0.000144   0.000196
  0.000040   0.000083   0.000006
 -0.000079  -0.000009   0.000042
 -0.000377  -0.000505  -0.000409
  0.000275   0.000036   0.000125
  0.000131  -0.000287   0.000365
 -0.000049   0.000030   0.000033
  0.000199   0.000130  -0.000064
  0.000018   0.000005  -0.000008
 -0.000098  -0.000005   0.000024
 -0.000011   0.000007   0.000033
 -0.000024  -0.000015   0.000023
 -0.000003  -0.000052   0.000002
  0.000012  -0.000032  -0.000027
 -0.000014  -0.000019   0.000013
  0.000018   0.000029  -0.000061
  0.000011   0.000035  -0.000011
 -0.000131   0.000024   0.000137
 -0.000002   0.000037   0.000040
  0.000000  -0.000020  -0.000056
  0.000079  -0.000057  -0.000029
  0.000233   0.000044   0.000306
 -0.000561  -0.001008   0.000173
 -0.000265   0.000267  -0.001985
  0.000010  -0.000000   0.000055
  0.129345   0.004901  -0.071270
  0.000015   0.000002   0.000046
  0.000884  -0.000400   0.002782
  0.000016   0.000003   0.000048
 -0.000266  -0.000074   0.000019
  0.000027   0.000010   0.000020
 -0.000503   0.000533  -0.000135
 -0.000002   0.000019   0.000013
 -0.000021   0.000018   0.000088
  0.000002  -0.000011   0.000003
 -0.000227  -0.000014   0.000214
 -0.000002   0.000023   0.000001
  0.001151  -0.000632   0.001315
 -0.000002  -0.000000   0.000022
  0.000040   0.000215   0.000014
 -0.000009  -0.000012   0.000013
  0.000052   0.000077  -0.000219
  0.000004   0.000003  -0.000025
  0.000037   0.000025  -0.000057
  0.000011   0.000001  -0.000011
  0.000038   0.000006   0.000034
 -0.000039   0.000049  -0.000060
  0.000011  -0.000005   0.000009
  0.000052   0.000047  -0.000010
 -0.000223  -0.000052   0.000299
  0.000024   0.000008   0.000058
  0.000001   0.000058  -0.000055
  0.000025  -0.000029   0.000003
 -0.000011  -0.000303   0.000469
  0.000003  -0.000017   0.000015
  0.000009  -0.000005   0.000033
  0.000003  -0.000022  -0.000041
 -0.000017   0.000027  -0.000010
 -0.000003   0.000062  -0.000067
 -0.000019   0.000004  -0.000011
 -0.000006  -0.000012   0.000037
  0.000174  -0.000015  -0.000285
  0.000004   0.000001   0.000024
 -0.000009   0.000002  -0.000006
  0.000001  -0.000001   0.000009
  0.000003   0.000022   0.000036
 -0.000040   0.000013  -0.000020
  0.008012  -0.001103   0.003766
  0.000004   0.000029  -0.000106
 -0.003234   0.002844  -0.005248
  0.000029   0.000014  -0.000051
  0.000102   0.000049  -0.000064
  0.000106   0.000032  -0.000038
  0.000048  -0.000150  -0.000276
  0.000117  -0.000211  -0.000283
  0.000306   0.000240   0.000230
 -0.000190  -0.000003  -0.000182
  0.000076   0.000272   0.000163
 -0.000104  -0.000122  -0.000122
 -0.000055  -0.000044  -0.000172
 -0.000260   0.000929   0.000314
 -0.000168   0.000013  -0.000223
  0.000701   0.000206   0.000372
 -0.000003   0.000208  -0.000550
  0.000091   0.000021   0.000442
   45    1  0.0150  0.0000  0.0000
  0.009221   0.002026  -0.003576
 -0.000005   0.000001   0.000017
 -0.014199  -0.020816   0.000334
  0.000002  -0.000013   0.000002
  0.074820   0.016844  -0.009039
  0.000009   0.000001  -0.000005
 -0.002399   0.000411   0.000952
  0.000002  -0.000004   0.000033
  0.000266   0.000120  -0.000338
  0.000002  -0.000002   0.000018
  0.000063  -0.000286   0.000053
  0.000009  -0.000005   0.000008
  0.000010   0.000045   0.000011
 -0.000027   0.000014   0.000044
 -0.000007  -0.000038  -0.000027
 -0.000160   0.000005   0.000081
 -0.000032   0.000078   0.000084
  0.000106  -0.000044   0.000047
 -0.000034   0.000078  -0.000010
  0.000008   0.000035  -0.000049
  0.000591  -0.000207   0.000085
  0.000039  -0.000026   0.000029
 -0.000077  -0.000027  -0.000064
  0.000022  -0.000001  -0.000021
 -0.000082  -0.000025  -0.000041
 -0.000059   0.000000  -0.000010
  0.000025   0.000018  -0.000020
  0.000175  -0.000089  -0.000169
  0.000020   0.000010   0.000001
 -0.000040   0.000176   0.000504
  0.000037  -0.000027   0.000025
 -0.000081  -0.000048   0.000065
 -0.000001   0.000006  -0.000008
  0.000049   0.000025  -0.000006
  0.000027  -0.000048  -0.000048
 -0.000030   0.000006  -0.000013
  0.000025  -0.000005  -0.000009
  0.000352   0.000265   0.000069
  0.000063   0.000026   0.000088
 -0.004008  -0.002328  -0.001098
 -0.001320   0.001625   0.000145
  0.000007  -0.000001   0.000008
  0.000506   0.000510   0.000864
  0.000005  -0.000001   0.000007
 -0.067626  -0.038433   0.003926
  0.000005  -0.000003   0.000009
  0.000588  -0.000405   0.000117
  0.000008   0.000002   0.000004
  0.000019  -0.000335   0.000196
  0.000004   0.000002   0.000003
 -0.000119  -0.000075   0.000101
  0.000002  -0.000002   0.000004
 -0.000024   0.000089  -0.000257
  0.000001   0.000002   0.000001
  0.000030  -0.000101   0.000006
  0.000004  -0.000002   0.000007
  0.000196   0.000169   0.000004
  0.000000  -0.000005   0.000007
  0.000006   0.000008  -0.000003
  0.000007  -0.000014  -0.000007
 -0.000010   0.000001  -0.000032
  0.000011   0.000011  -0.000007
  0.000026   0.000000   0.000005
 -0.000060  -0.000011  -0.000023
 -0.000012   0.000009  -0.000011
  0.000012  -0.000005   0.000010
  0.000050  -0.000205   0.000057
  0.000016   0.000003   0.000005
  0.000009  -0.000008   0.000023
 -0.000002  -0.000011  -0.000005
  0.000011  -0.000044  -0.000042
 -0.000003  -0.000008   0.000006
  0.000001  -0.000000  -0.000002
  0.000020  -0.000023  -0.000075
  0.000006   0.000001  -0.000004
  0.000184   0.000104  -0.000215
  0.000042   0.000009   0.000051
 -0.000002  -0.000016  -0.000011
 -0.000156   0.000037   0.000296
  0.000001   0.000000   0.000012
  0.000006   0.000001   0.000003
  0.000046  -0.000219  -0.000052
  0.000001   0.000005   0.000007
 -0.000500   0.000033   0.000531
  0.001621  -0.006191  -0.004890
  0.000002  -0.000001  -0.000015
  0.000113   0.043658   0.010125
  0.000002   0.000012  -0.000005
  0.000125   0.000055   0.000027
  0.000039   0.000052  -0.000090
 -0.000063  -0.000066  -0.000049
  0.000070   0.000036  -0.000180
 -0.000573  -0.000244  -0.000262
 -0.000005   0.000007  -0.000027
 -0.000392   0.000180   0.000037
 -0.000001   0.000003  -0.000002
 -0.000001  -0.000007  -0.000020
  0.001327   0.001124  -0.000571
 -0.000025   0.000002  -0.000040
  0.000833   0.002496   0.001342
  0.000225   0.000025   0.000859
  0.000001   0.000016   0.000092
   45    2  0.0000  0.0150  0.0000
  0.001426  -0.000797   0.000100
  0.000015   0.000001  -0.000004
  0.007583   0.006127  -0.001461
  0.000000   0.000010  -0.000005
  0.033297   0.485562   0.084551
  0.000006  -0.000007   0.000001
 -0.000444  -0.000103   0.000108
  0.000000   0.000003  -0.000010
  0.000079   0.000175   0.000004
  0.000006   0.000008   0.000006
  0.000019  -0.000113  -0.000134
 -0.000014  -0.000013  -0.000010
 -0.000022   0.000011  -0.000049
  0.000044   0.000015  -0.000034
  0.000052   0.000099   0.000119
  0.000056   0.000061  -0.000118
  0.000014  -0.000102  -0.000163
 -0.000089   0.000014  -0.000008
  0.000035  -0.000233   0.000056
  0.000021  -0.000070   0.000074
 -0.000149  -0.000208  -0.000127
 -0.000001  -0.000096   0.000054
  0.000049  -0.000033   0.000029
  0.000020   0.000005   0.000001
 -0.000136   0.000094  -0.000155
  0.000028  -0.000036  -0.000013
  0.000063   0.000015  -0.000010
 -0.000065  -0.000023   0.000039
 -0.000016   0.000004  -0.000027
 -0.000047  -0.000003   0.000035
 -0.000045   0.000024   0.000012
  0.000191   0.000113  -0.000073
  0.000038   0.000037  -0.000135
 -0.000075  -0.000078   0.000057
  0.000078  -0.000325   0.000290
 -0.000032  -0.000031  -0.000041
  0.000015   0.000011  -0.000010
  0.000320   0.001138   0.000346
 -0.000011  -0.000015  -0.000021
  0.002061   0.003872   0.001384
 -0.000015   0.000081   0.000448
 -0.000005  -0.000005  -0.000006
 -0.000502   0.000405  -0.000388
 -0.000004   0.000002  -0.000010
 -0.038506  -0.504610  -0.088781
 -0.000003  -0.000007  -0.000001
  0.000320  -0.000337  -0.000113
 -0.000001  -0.000003   0.000001
  0.000004   0.000043  -0.000028
 -0.000002  -0.000001  -0.000005
  0.000074   0.000050   0.000021
 -0.000000   0.000001   0.000000
  0.000073  -0.000272  -0.000242
 -0.000001  -0.000008  -0.000003
 -0.000139   0.000200   0.000061
  0.000001   0.000001  -0.000003
 -0.000094  -0.000177   0.000005
 -0.000001  -0.000006  -0.000004
  0.000005  -0.000042  -0.000006
 -0.000011   0.000013  -0.000012
  0.000014   0.000008   0.000023
 -0.000004  -0.000008   0.000010
 -0.000031  -0.000007   0.000001
  0.000011   0.000033  -0.000100
  0.000005  -0.000010  -0.000023
  0.000011   0.000017   0.000008
 -0.000107   0.000374  -0.000130
 -0.000010  -0.000007   0.000000
  0.000018   0.000022  -0.000024
 -0.000019   0.000045   0.000001
 -0.000020   0.000056   0.000035
 -0.000004   0.000007  -0.000033
 -0.000004   0.000007  -0.000025
 -0.000049   0.000015   0.000073
 -0.000004  -0.000007  -0.000006
  0.000129  -0.000018  -0.000004
 -0.000000  -0.000037  -0.000004
  0.000005   0.000002   0.000020
 -0.000024   0.000118  -0.000141
 -0.000014   0.000001  -0.000016
 -0.000005  -0.000011  -0.000003
 -0.000203  -0.000152  -0.000111
 -0.000011  -0.000005  -0.000013
  0.000151  -0.000600   0.000715
 -0.001176   0.000086   0.002310
 -0.000016  -0.000008   0.000024
 -0.002970   0.011647   0.002391
 -0.000023   0.000002   0.000005
 -0.000186  -0.000101   0.000037
 -0.000004  -0.000048   0.000077
  0.000126   0.000163   0.000155
  0.000017  -0.000053   0.000164
  0.000255   0.000223   0.000161
 -0.000020   0.000042  -0.000020
  0.000060   0.000090   0.000199
  0.000010   0.000056  -0.000012
  0.000001   0.000013   0.000037
 -0.000635  -0.001280   0.000303
  0.000005   0.000008   0.000022
 -0.000102  -0.001208  -0.000680
 -0.000796   0.000164  -0.000916
  0.000054  -0.000081  -0.000102
   45    3  0.0000 -0.0000  0.0150
 -0.003305  -0.000038  -0.003126
 -0.000043  -0.000026   0.000049
  0.006898   0.007805   0.001577
 -0.000002  -0.000028  -0.000043
 -0.006838   0.086803   0.051577
 -0.000021  -0.000001  -0.000032
  0.001117  -0.000397   0.001224
 -0.000027  -0.000025   0.000100
 -0.000330  -0.000408  -0.000292
  0.000002   0.000016   0.000043
  0.000005   0.000222   0.000276
 -0.000023  -0.000027  -0.000015
  0.000050  -0.000015  -0.000034
  0.000009   0.000021   0.000071
 -0.000126  -0.000113  -0.000044
  0.000152  -0.000024  -0.000020
 -0.000059   0.000168   0.000124
 -0.000069   0.000031  -0.000017
 -0.000053   0.000191  -0.000149
 -0.000024  -0.000040  -0.000003
 -0.000757   0.000169  -0.000105
  0.000252  -0.000016   0.000196
  0.000065  -0.000137   0.000065
 -0.000025   0.000041   0.000026
 -0.000283   0.000103  -0.000134
  0.000014  -0.000029  -0.000018
  0.000093   0.000026  -0.000033
 -0.000063  -0.000003   0.000068
 -0.000041   0.000029  -0.000020
 -0.000040  -0.000119  -0.000193
  0.000040  -0.000020  -0.000008
  0.000514  -0.000238   0.000043
  0.000162   0.000018  -0.000231
 -0.000209  -0.000086   0.000046
  0.000026  -0.000407   0.000208
 -0.000036   0.000091  -0.000006
  0.000036  -0.000029  -0.000092
  0.000233   0.001480  -0.000004
  0.000267   0.000069   0.000362
 -0.000689   0.001479  -0.001747
 -0.000377   0.000127  -0.002219
  0.000013  -0.000003   0.000064
  0.000695  -0.000772   0.002765
  0.000013   0.000000   0.000050
  0.003930  -0.088627  -0.049469
  0.000017  -0.000009   0.000052
  0.000038  -0.000242  -0.000242
  0.000028   0.000008   0.000019
  0.000141   0.000061   0.000049
 -0.000003   0.000018   0.000014
  0.000017   0.000020  -0.000004
 -0.000002   0.000001   0.000008
 -0.000143   0.000150   0.000540
 -0.000014   0.000005  -0.000004
  0.000083  -0.000045  -0.000124
  0.000000   0.000012   0.000013
  0.000049   0.000018  -0.000063
 -0.000009  -0.000030   0.000015
 -0.000012   0.000012   0.000050
  0.000009  -0.000036   0.000009
 -0.000016   0.000012   0.000027
  0.000004   0.000007  -0.000005
  0.000043  -0.000015   0.000044
  0.000017  -0.000136   0.000019
 -0.000034  -0.000033   0.000063
 -0.000001   0.000010   0.000020
  0.000148  -0.000416   0.000054
 -0.000002   0.000017   0.000046
  0.000033   0.000022  -0.000057
 -0.000012   0.000011  -0.000019
 -0.000067   0.000153   0.000018
  0.000004  -0.000024   0.000016
 -0.000004   0.000014  -0.000013
 -0.000039   0.000009  -0.000026
 -0.000010   0.000018  -0.000023
 -0.000035   0.000002  -0.000093
  0.000046  -0.000023   0.000040
  0.000003  -0.000016   0.000070
  0.000162   0.000413   0.001316
 -0.000027  -0.000004   0.000020
 -0.000019  -0.000007  -0.000001
 -0.000010  -0.000399  -0.000040
 -0.000038   0.000015   0.000007
  0.000523   0.000159   0.001820
 -0.003759   0.004160  -0.006461
  0.000001   0.000028  -0.000123
  0.001352  -0.009921   0.001488
  0.000020   0.000027  -0.000055
  0.000202   0.000072  -0.000022
 -0.000019  -0.000019   0.000002
 -0.000086  -0.000068  -0.000189
  0.000058   0.000049   0.000077
  0.000396   0.000120   0.000348
 -0.000176   0.000012  -0.000218
  0.000175  -0.000368  -0.000301
 -0.000083  -0.000059  -0.000121
 -0.000088  -0.000049  -0.000195
 -0.000145  -0.000593   0.000944
 -0.000214   0.000014  -0.000280
  0.000569  -0.000110   0.001367
 -0.000317  -0.000305  -0.001294
  0.000099   0.000017   0.000520
   47    1  0.0150  0.0000  0.0000
  0.004023   0.002994   0.001964
 -0.000018  -0.000009   0.000027
 -0.000049  -0.001755  -0.000258
 -0.000001  -0.000004  -0.000016
 -0.003028  -0.000527   0.000837
 -0.000010   0.000009  -0.000007
  0.080368  -0.049575   0.021477
 -0.000010  -0.000004   0.000045
  0.000431  -0.003433   0.005410
 -0.000004  -0.000011   0.000020
 -0.000831   0.000669   0.000167
 -0.000018   0.000005   0.000012
 -0.000038  -0.000032   0.000006
  0.000021   0.000028   0.000042
 -0.000045   0.000038   0.000077
 -0.000103   0.000095  -0.000081
  0.000047   0.000024  -0.000025
 -0.000045  -0.000061   0.000073
 -0.000013  -0.000034  -0.000040
  0.000059  -0.000070   0.000040
  0.003684  -0.000498   0.001114
  0.000130   0.000023   0.000090
 -0.000044  -0.000331   0.000050
 -0.000010   0.000013   0.000017
  0.000286  -0.000036   0.000041
  0.000033  -0.000029  -0.000023
 -0.000091  -0.000008   0.000020
 -0.000055   0.000001   0.000069
 -0.000001  -0.000004   0.000031
 -0.000066  -0.000098  -0.000147
  0.000024  -0.000006  -0.000021
  0.000223   0.000086   0.000048
 -0.000027  -0.000016   0.000046
 -0.000071   0.000005   0.000023
 -0.000097   0.000105  -0.000127
 -0.000006   0.000026   0.000015
 -0.000014  -0.000018   0.000004
  0.000032   0.000212  -0.000149
  0.000126   0.000035   0.000157
  0.001369  -0.000037   0.000784
  0.000219  -0.000325  -0.000301
  0.000000   0.000000   0.000021
 -0.000196   0.000386  -0.000266
  0.000003   0.000004   0.000017
  0.000605   0.000319  -0.000021
  0.000005   0.000001   0.000020
 -0.090208   0.071511  -0.020103
  0.000012   0.000008   0.000009
 -0.010039   0.028246  -0.012876
 -0.000003   0.000012   0.000001
 -0.000660  -0.000293   0.000431
 -0.000004   0.000002   0.000001
 -0.000217  -0.000816  -0.000400
 -0.000009   0.000009   0.000005
 -0.000118   0.000090   0.000007
 -0.000002   0.000004  -0.000001
 -0.000128  -0.000251  -0.000066
 -0.000001  -0.000007   0.000001
  0.000036   0.000021   0.000041
  0.000054  -0.000082   0.000047
  0.000072  -0.000027  -0.000020
 -0.000029   0.000008   0.000008
  0.000010   0.000004   0.000023
  0.000137  -0.000075  -0.000134
  0.000004  -0.000015   0.000050
  0.000004  -0.000029   0.000042
 -0.000021  -0.000009  -0.000037
  0.000011   0.000012   0.000026
 -0.000045   0.000013  -0.000002
 -0.000008   0.000013  -0.000003
  0.000126   0.000145   0.000019
  0.000002  -0.000004   0.000001
  0.000003  -0.000010   0.000042
 -0.000067   0.000050   0.000020
 -0.000012   0.000012  -0.000003
  0.000082  -0.000029  -0.000058
 -0.000136   0.000037   0.000053
  0.000001   0.000004   0.000035
  0.000122  -0.000077  -0.000036
 -0.000007   0.000003   0.000007
  0.000003   0.000007   0.000014
 -0.000051   0.000027   0.000002
 -0.000005   0.000005   0.000010
  0.000042  -0.000038  -0.000018
  0.002841  -0.001421  -0.002305
 -0.000000   0.000009  -0.000038
  0.016383  -0.047062   0.007675
  0.000001   0.000001  -0.000021
  0.000027   0.000003  -0.000070
  0.000073   0.000071  -0.000126
  0.000037   0.000027  -0.000037
  0.000332   0.000010  -0.000105
 -0.001114   0.000084  -0.001304
 -0.000088   0.000010  -0.000084
 -0.001521   0.001191  -0.000120
 -0.000034  -0.000054  -0.000063
 -0.000020  -0.000017  -0.000066
 -0.000243   0.001033  -0.000366
 -0.000074   0.000007  -0.000093
 -0.000042  -0.000790  -0.000630
 -0.002370   0.000270  -0.000835
  0.000059  -0.000006   0.000174
   47    2  0.0000  0.0150  0.0000
 -0.002327  -0.001012  -0.000640
  0.000011   0.000002  -0.000002
  0.000289   0.000133   0.000309
  0.000001   0.000008   0.000009
  0.001043  -0.001405   0.000009
  0.000003  -0.000002   0.000009
 -0.062686   0.376565  -0.130579
  0.000009   0.000001  -0.000013
  0.001833  -0.006190   0.001528
 -0.000011   0.000009   0.000006
  0.000763  -0.000413  -0.000515
 -0.000020  -0.000050   0.000010
  0.000242  -0.000306  -0.000158
  0.000063   0.000100  -0.000007
  0.000040  -0.000057  -0.000074
  0.000074   0.000087  -0.000166
 -0.000072   0.000003   0.000037
 -0.000078   0.000036  -0.000005
  0.000053   0.000038   0.000003
  0.000052  -0.000050   0.000075
 -0.002631   0.000167  -0.000802
 -0.000044  -0.000063   0.000012
  0.000194   0.000061   0.000160
  0.000011  -0.000007  -0.000003
 -0.000039   0.000174  -0.000054
  0.000018  -0.000020  -0.000001
  0.000005   0.000003  -0.000005
 -0.000078   0.000015   0.000040
 -0.000006  -0.000001  -0.000035
 -0.000019   0.000015  -0.000005
  0.000033   0.000003   0.000016
  0.000140   0.000107  -0.000009
 -0.000071   0.000042   0.000024
 -0.000006  -0.000062   0.000012
  0.000063  -0.000034   0.000097
 -0.000034  -0.000057  -0.000034
  0.000030   0.000019   0.000012
 -0.000087   0.000031  -0.000194
 -0.000049  -0.000022  -0.000060
  0.001991   0.000818   0.000892
  0.000076  -0.000100  -0.000238
 -0.000002  -0.000003  -0.000014
  0.000030   0.000129  -0.000082
 -0.000004  -0.000000  -0.000010
 -0.000422  -0.000328  -0.000226
 -0.000003  -0.000001  -0.000010
  0.071730  -0.405985   0.139422
 -0.000006   0.000001  -0.000003
 -0.005563   0.019600  -0.009524
  0.000001  -0.000005  -0.000002
  0.000511  -0.001534   0.002446
 -0.000001  -0.000002   0.000005
  0.000176  -0.001019  -0.000074
  0.000004  -0.000005  -0.000002
 -0.000100   0.000107   0.000027
  0.000003  -0.000000   0.000002
  0.000166  -0.000029  -0.000447
 -0.000003   0.000003  -0.000022
 -0.000015  -0.000041  -0.000009
 -0.000043   0.000066  -0.000034
 -0.000057   0.000088   0.000121
 -0.000015  -0.000053   0.000085
 -0.000007  -0.000005  -0.000008
 -0.000046   0.000021  -0.000020
 -0.000018  -0.000023  -0.000033
  0.000009   0.000029   0.000001
 -0.000006   0.000026   0.000006
 -0.000010  -0.000009  -0.000002
  0.000054  -0.000024   0.000060
  0.000001   0.000025   0.000007
  0.000259   0.000061   0.000071
 -0.000000   0.000006  -0.000014
 -0.000003   0.000005  -0.000013
 -0.000007   0.000033   0.000084
  0.000005  -0.000007   0.000002
 -0.000005  -0.000047   0.000032
  0.000090  -0.000133  -0.000032
  0.000006   0.000016  -0.000002
 -0.000072  -0.000017   0.000022
 -0.000005   0.000003  -0.000014
 -0.000003  -0.000013  -0.000005
 -0.000045  -0.000009  -0.000008
  0.000001  -0.000003  -0.000008
 -0.000051  -0.000035  -0.000014
  0.000403  -0.000178   0.000085
 -0.000008  -0.000008   0.000034
 -0.005481   0.015328   0.000320
 -0.000010  -0.000003   0.000012
 -0.000065   0.000071   0.000067
 -0.000013  -0.000068   0.000110
 -0.000045   0.000032   0.000081
 -0.000004  -0.000134   0.000126
  0.000853   0.003184  -0.000886
  0.000038   0.000022   0.000033
  0.000750  -0.000770   0.000289
  0.000033   0.000061   0.000029
  0.000020   0.000023   0.000056
 -0.000526  -0.000254  -0.000233
  0.000044   0.000002   0.000062
 -0.001052   0.000951  -0.000652
 -0.000232   0.002296  -0.000849
 -0.000016  -0.000027  -0.000108
   47    3  0.0000 -0.0000  0.0150
 -0.003585  -0.001051  -0.000928
 -0.000006  -0.000006   0.000012
  0.000016   0.000496   0.000125
 -0.000002   0.000001  -0.000014
  0.001504   0.000198  -0.000762
 -0.000006   0.000001  -0.000007
  0.026200  -0.138302   0.121707
 -0.000001  -0.000006   0.000030
  0.009093  -0.040499   0.020885
  0.000004   0.000002   0.000020
  0.001543  -0.001000  -0.001601
 -0.000030  -0.000025   0.000002
  0.000130   0.000233   0.000002
  0.000079   0.000079  -0.000008
 -0.000024  -0.000005  -0.000001
  0.000083   0.000092  -0.000080
 -0.000081   0.000042   0.000042
 -0.000067   0.000038  -0.000012
 -0.000011   0.000027  -0.000014
  0.000065  -0.000057   0.000034
  0.002931  -0.000091   0.001189
  0.000124   0.000002   0.000086
 -0.000087  -0.000121  -0.000116
 -0.000001   0.000010  -0.000007
  0.000087  -0.000047   0.000024
  0.000026   0.000010   0.000035
 -0.000033   0.000010  -0.000029
 -0.000106   0.000013   0.000067
  0.000006   0.000021  -0.000011
 -0.000039   0.000002   0.000110
  0.000127  -0.000038  -0.000010
  0.000167   0.000029   0.000106
 -0.000233  -0.000014   0.000121
  0.000074  -0.000141  -0.000044
  0.000013   0.000017  -0.000087
 -0.000084  -0.000089  -0.000072
 -0.000005  -0.000019  -0.000003
  0.000088   0.000118  -0.000131
  0.000105   0.000032   0.000129
  0.001158   0.000341   0.000729
  0.000010  -0.000092  -0.000266
  0.000002  -0.000000   0.000020
 -0.000092  -0.000028   0.000042
  0.000006   0.000003   0.000013
  0.000124  -0.000125  -0.000227
  0.000004  -0.000003   0.000015
 -0.020175   0.139166  -0.137608
  0.000012   0.000008   0.000008
 -0.002990   0.010151  -0.003960
  0.000002   0.000007   0.000008
  0.000218   0.001224   0.007867
 -0.000004   0.000007   0.000001
 -0.000074   0.000164  -0.002554
 -0.000007  -0.000005   0.000000
  0.000035   0.000066   0.000046
  0.000004   0.000009   0.000003
 -0.001011   0.000748   0.000124
  0.000002  -0.000009  -0.000004
  0.000045  -0.000038   0.000017
  0.000016  -0.000080   0.000014
 -0.000082   0.000184  -0.000330
 -0.000042   0.000011   0.000054
  0.000006  -0.000005   0.000012
  0.000053  -0.000070  -0.000101
 -0.000031  -0.000083  -0.000044
 -0.000016  -0.000023  -0.000024
 -0.000013  -0.000019   0.000079
 -0.000001   0.000006   0.000017
  0.000003  -0.000009   0.000054
  0.000010   0.000018   0.000002
  0.000078   0.000050  -0.000063
 -0.000005  -0.000005  -0.000011
  0.000003  -0.000003   0.000020
  0.000061   0.000097   0.000067
  0.000003   0.000011  -0.000019
 -0.000082   0.000002  -0.000058
  0.000044  -0.000053   0.000283
  0.000002   0.000017  -0.000003
 -0.000127   0.000061  -0.000053
  0.000001   0.000008  -0.000011
  0.000006  -0.000006   0.000009
 -0.000010   0.000017   0.000007
 -0.000016   0.000004  -0.000009
  0.000031  -0.000059   0.000062
 -0.001446   0.001907   0.002144
 -0.000005   0.000013  -0.000036
 -0.008374   0.028440  -0.005785
 -0.000000   0.000013  -0.000012
 -0.000098   0.000229   0.000106
 -0.000052  -0.000020   0.000023
 -0.000000  -0.000026  -0.000053
 -0.000020   0.000183   0.000318
 -0.001395  -0.000876   0.000407
 -0.000094   0.000006  -0.000080
 -0.001398   0.001323  -0.000231
 -0.000039  -0.000031  -0.000069
 -0.000027  -0.000021  -0.000063
 -0.000509  -0.000138  -0.000170
 -0.000084   0.000013  -0.000094
 -0.000891  -0.000972  -0.000078
 -0.000847  -0.001654  -0.001491
  0.000056  -0.000019   0.000151
   49    1  0.0150  0.0000  0.0000
 -0.001709   0.002636   0.000494
  0.000004   0.000007  -0.000002
  0.002346   0.001117  -0.000832
 -0.000004   0.000002   0.000007
  0.001289  -0.005952  -0.000606
  0.000003  -0.000001   0.000005
  0.261998   0.163269   0.064413
  0.000002   0.000003   0.000003
  0.003580   0.004190   0.004142
  0.000008  -0.000003  -0.000001
 -0.001660  -0.000919  -0.001387
  0.000032   0.000028  -0.000008
  0.000023  -0.000342  -0.000127
 -0.000052  -0.000052  -0.000000
  0.000027   0.000042   0.000032
 -0.000277  -0.000047   0.000113
  0.000018  -0.000017  -0.000027
  0.000104  -0.000097   0.000044
 -0.000036  -0.000057  -0.000000
 -0.000042   0.000039  -0.000031
 -0.000231   0.000041  -0.000092
 -0.000028   0.000008  -0.000017
  0.000042  -0.000018   0.000027
  0.000010  -0.000007  -0.000004
 -0.000031   0.000010  -0.000031
  0.000002  -0.000009  -0.000005
  0.000009  -0.000000   0.000010
  0.000017  -0.000007   0.000006
 -0.000005   0.000001   0.000005
  0.000020   0.000031   0.000002
 -0.000029   0.000004   0.000002
 -0.000081  -0.000020  -0.000010
  0.000056  -0.000007  -0.000045
  0.000009   0.000021   0.000003
  0.000000  -0.000027   0.000061
  0.000002   0.000004  -0.000005
  0.000007   0.000005   0.000004
 -0.000160  -0.000105   0.000144
 -0.000024  -0.000000  -0.000020
  0.001598   0.001220  -0.000206
  0.000076  -0.001082  -0.000053
 -0.000002  -0.000000  -0.000006
  0.000636  -0.000747  -0.000475
 -0.000004  -0.000001  -0.000007
  0.000015  -0.000019   0.000126
 -0.000002  -0.000000  -0.000005
 -0.010161  -0.005479  -0.002914
 -0.000004  -0.000002  -0.000000
 -0.300247  -0.185630  -0.064179
 -0.000001  -0.000002  -0.000001
 -0.000004   0.000131  -0.000264
  0.000001  -0.000001  -0.000001
 -0.001126  -0.000470  -0.000077
  0.000000   0.000001   0.000001
 -0.000558   0.000284   0.000328
 -0.000002  -0.000005   0.000007
 -0.000043  -0.000007   0.000137
 -0.000000   0.000001   0.000018
  0.000102   0.000046  -0.000141
  0.000013  -0.000016  -0.000019
  0.000016   0.000004   0.000018
  0.000026   0.000053  -0.000069
 -0.000006   0.000004  -0.000001
 -0.000023  -0.000066  -0.000010
  0.000013   0.000002  -0.000006
  0.000014   0.000006   0.000007
 -0.000022   0.000027  -0.000057
  0.000005   0.000001  -0.000006
 -0.000005   0.000020  -0.000038
 -0.000008  -0.000002  -0.000002
 -0.000041  -0.000027   0.000065
 -0.000003   0.000001  -0.000001
 -0.000003  -0.000001  -0.000006
 -0.000006   0.000031   0.000006
 -0.000003  -0.000004   0.000004
 -0.000015  -0.000016   0.000007
 -0.000012   0.000024  -0.000019
 -0.000003  -0.000005  -0.000006
  0.000031  -0.000027   0.000044
  0.000000   0.000001  -0.000001
 -0.000001   0.000000  -0.000001
  0.000026  -0.000018   0.000039
  0.000003  -0.000003   0.000003
  0.000014  -0.000007  -0.000013
  0.000299  -0.000074  -0.000142
 -0.000003  -0.000004   0.000013
  0.044177   0.026226   0.002899
 -0.000002  -0.000004   0.000010
 -0.000073  -0.000043  -0.000056
  0.000024   0.000059  -0.000040
  0.000033   0.000011   0.000027
  0.000098  -0.000065  -0.000170
  0.000110  -0.000179   0.000021
  0.000018  -0.000010   0.000025
  0.000048  -0.000084   0.000045
  0.000004  -0.000010   0.000015
  0.000010   0.000003   0.000025
  0.000048   0.001948  -0.000955
  0.000026  -0.000004   0.000034
 -0.000410  -0.000430  -0.000319
  0.000082   0.000673   0.000135
 -0.000013  -0.000002  -0.000056
   49    2  0.0000  0.0150  0.0000
 -0.001272  -0.002264  -0.000008
  0.000017   0.000012  -0.000022
 -0.001764   0.000012   0.000707
 -0.000001   0.000001   0.000024
 -0.001715   0.002172   0.000672
  0.000015  -0.000005   0.000015
  0.184642   0.225529   0.059782
  0.000023   0.000004  -0.000041
 -0.000165   0.000763   0.001395
  0.000013  -0.000008  -0.000018
  0.000339  -0.000441   0.000012
  0.000043   0.000049  -0.000009
 -0.000367  -0.000093  -0.000021
 -0.000059  -0.000126  -0.000051
  0.000014   0.000007  -0.000020
 -0.000002  -0.000293   0.000234
 -0.000013  -0.000022  -0.000006
  0.000085   0.000026  -0.000107
 -0.000011   0.000022   0.000043
 -0.000183   0.000145  -0.000120
 -0.000276   0.000505  -0.000041
 -0.000115   0.000063  -0.000118
 -0.000006   0.000203  -0.000200
  0.000005  -0.000034  -0.000014
 -0.000181  -0.000137   0.000042
 -0.000041   0.000043   0.000031
  0.000087  -0.000005   0.000004
  0.000065  -0.000024  -0.000067
  0.000011   0.000006   0.000009
  0.000056   0.000032   0.000106
 -0.000026   0.000011   0.000010
 -0.000287  -0.000161  -0.000044
  0.000071  -0.000024  -0.000030
  0.000052   0.000009  -0.000062
  0.000026  -0.000024   0.000009
  0.000049  -0.000001  -0.000007
  0.000007   0.000009   0.000016
 -0.000152  -0.000466   0.000318
 -0.000110  -0.000013  -0.000132
  0.001902   0.003868  -0.001914
 -0.000231   0.000047   0.000551
  0.000002  -0.000001  -0.000025
 -0.000523  -0.000420   0.000554
 -0.000005  -0.000007  -0.000021
 -0.000352   0.000010   0.000053
 -0.000002  -0.000001  -0.000025
  0.028122   0.019934   0.010138
 -0.000010  -0.000006  -0.000010
 -0.185803  -0.234517  -0.069297
  0.000009  -0.000015  -0.000003
 -0.000627  -0.000506   0.000010
  0.000007  -0.000001  -0.000004
 -0.000491  -0.001684  -0.000197
  0.000009  -0.000006   0.000001
 -0.000206  -0.000397   0.000377
  0.000001  -0.000012  -0.000004
  0.000110   0.000346   0.000156
  0.000006   0.000007   0.000019
  0.000030   0.000041  -0.000140
  0.000005  -0.000007  -0.000001
 -0.000014  -0.000005  -0.000103
  0.000052   0.000059  -0.000105
  0.000002   0.000010  -0.000021
 -0.000045   0.000127   0.000231
  0.000019   0.000012  -0.000025
 -0.000009  -0.000010  -0.000036
  0.000021  -0.000030   0.000062
 -0.000001  -0.000002  -0.000025
 -0.000011   0.000004  -0.000037
  0.000017  -0.000033  -0.000001
 -0.000328  -0.000119  -0.000044
  0.000004   0.000001   0.000011
 -0.000002  -0.000003  -0.000021
  0.000060  -0.000044  -0.000051
  0.000014  -0.000017   0.000010
 -0.000047   0.000057   0.000010
  0.000025   0.000058  -0.000017
 -0.000001  -0.000010  -0.000035
 -0.000021   0.000050   0.000009
  0.000015  -0.000004  -0.000002
  0.000010   0.000005   0.000001
  0.000075  -0.000064   0.000070
  0.000013  -0.000009   0.000001
  0.000078  -0.000032   0.000119
 -0.000558   0.000058  -0.000468
  0.000004  -0.000018   0.000043
 -0.020855  -0.012041  -0.003113
  0.000003  -0.000018   0.000024
  0.000006   0.000042   0.000068
 -0.000033   0.000011   0.000014
  0.000004  -0.000056   0.000014
 -0.000084   0.000080  -0.000146
 -0.000438  -0.000749  -0.000001
  0.000098  -0.000042   0.000113
  0.000229  -0.000314  -0.000150
  0.000032  -0.000027   0.000057
  0.000032   0.000014   0.000072
  0.000732   0.002275   0.000054
  0.000096  -0.000021   0.000109
 -0.001504  -0.000849   0.000046
  0.001560  -0.000537   0.000939
 -0.000078   0.000036  -0.000186
   49    3  0.0000 -0.0000  0.0150
 -0.000364  -0.000696  -0.000591
  0.000006  -0.000007   0.000007
 -0.001591  -0.000792   0.000127
 -0.000001   0.000004  -0.000017
 -0.002538   0.003064   0.000033
 -0.000003  -0.000000  -0.000012
  0.069867   0.060166   0.084464
  0.000005  -0.000006   0.000027
  0.032876   0.031209   0.016882
 -0.000017  -0.000008   0.000005
  0.002422   0.000880  -0.002255
 -0.000012  -0.000034   0.000016
  0.000104  -0.000279  -0.000027
 -0.000016   0.000051   0.000078
  0.000143   0.000050  -0.000000
 -0.000027   0.000055  -0.000255
 -0.000184  -0.000047   0.000160
 -0.000113   0.000202  -0.000124
 -0.000066   0.000074   0.000093
 -0.000084  -0.000012   0.000121
 -0.000093  -0.000042  -0.000123
 -0.000010  -0.000224   0.000046
  0.000005  -0.000027   0.000073
 -0.000001   0.000029   0.000004
  0.000068   0.000062   0.000001
  0.000013  -0.000022   0.000002
 -0.000037  -0.000003   0.000010
 -0.000002   0.000036  -0.000015
 -0.000001  -0.000016   0.000009
  0.000010   0.000007   0.000011
  0.000022  -0.000006  -0.000002
  0.000111   0.000115  -0.000000
 -0.000043   0.000013   0.000041
 -0.000007   0.000006   0.000012
 -0.000019   0.000050  -0.000077
 -0.000013  -0.000026  -0.000022
 -0.000005   0.000003  -0.000000
  0.000161   0.000066  -0.000287
  0.000034  -0.000008   0.000037
 -0.000842  -0.002116   0.001809
  0.000220   0.000154  -0.000379
  0.000002  -0.000003   0.000004
 -0.000588   0.000347  -0.000110
  0.000005   0.000002   0.000010
  0.000198  -0.000048   0.000049
  0.000004   0.000001   0.000013
 -0.012959  -0.009345  -0.003943
  0.000007   0.000002   0.000008
 -0.064184  -0.069283  -0.100241
  0.000003   0.000002   0.000000
  0.000016  -0.000365  -0.001509
  0.000001  -0.000006   0.000000
  0.000744  -0.000676   0.008665
  0.000003   0.000005   0.000000
 -0.001382  -0.000491   0.000439
  0.000000  -0.000001  -0.000003
 -0.000219  -0.000006   0.000009
 -0.000002   0.000000  -0.000021
 -0.000110  -0.000158  -0.000309
 -0.000020   0.000040  -0.000008
  0.000055   0.000048  -0.000012
 -0.000026  -0.000062   0.000076
  0.000012  -0.000004  -0.000013
 -0.000025   0.000206   0.000012
 -0.000027   0.000059  -0.000242
 -0.000009  -0.000001  -0.000023
 -0.000046   0.000021   0.000063
 -0.000009  -0.000012   0.000012
  0.000007  -0.000037   0.000053
 -0.000006   0.000016   0.000004
  0.000157  -0.000013  -0.000076
 -0.000007   0.000001  -0.000021
  0.000003  -0.000002   0.000010
 -0.000018  -0.000044   0.000062
  0.000000   0.000003   0.000001
  0.000025  -0.000031  -0.000031
 -0.000004  -0.000039  -0.000016
  0.000001  -0.000006   0.000019
  0.000000  -0.000005  -0.000059
 -0.000006   0.000004  -0.000012
  0.000001  -0.000000  -0.000005
 -0.000060  -0.000079  -0.000091
  0.000007   0.000002   0.000010
 -0.000172   0.000014   0.000104
  0.000588  -0.000167   0.000282
  0.000001   0.000004  -0.000007
 -0.022971  -0.014725  -0.001309
 -0.000000   0.000002  -0.000014
 -0.000100  -0.000080  -0.000081
  0.000106  -0.000263   0.000239
  0.000081  -0.000098  -0.000079
  0.000229  -0.000168   0.000195
  0.000272   0.000358   0.000139
 -0.000009   0.000063  -0.000060
  0.000023   0.000029   0.000094
 -0.000022   0.000135   0.000027
 -0.000005   0.000007  -0.000018
 -0.000292   0.001968  -0.001059
 -0.000030   0.000015  -0.000028
  0.001315   0.000939  -0.000294
 -0.000563   0.000053  -0.000824
  0.000023  -0.000052   0.000037
   51    1  0.0150  0.0000  0.0000
 -0.000270  -0.000294  -0.000249
 -0.000007  -0.000002   0.000004
  0.000011  -0.000037   0.000052
  0.000003  -0.000006   0.000005
  0.000060   0.000281   0.000096
 -0.000001  -0.000001   0.000003
  0.003744  -0.005632   0.000846
  0.000003  -0.000004   0.000005
  0.112059  -0.112141   0.043058
  0.000003   0.000002   0.000001
  0.020097  -0.037356   0.010582
  0.000006   0.000002   0.000003
 -0.000672  -0.000794   0.001668
 -0.000012  -0.000005   0.000012
 -0.000216  -0.000011  -0.000091
 -0.000010  -0.000028   0.000056
  0.000124   0.000081  -0.000023
  0.000040  -0.000008  -0.000014
  0.000027   0.000089   0.000140
 -0.000018   0.000033  -0.000026
 -0.000076   0.000034  -0.000032
 -0.000043  -0.000020  -0.000030
 -0.000006   0.000009  -0.000011
  0.000059   0.000016  -0.000053
 -0.000009  -0.000009   0.000003
  0.000233   0.000173  -0.000008
  0.000006   0.000002   0.000002
  0.000370   0.000050  -0.000237
  0.000003   0.000003   0.000002
 -0.000296  -0.000244   0.000371
  0.000005   0.000000   0.000005
 -0.000114  -0.000242   0.000219
  0.000006  -0.000003   0.000000
  0.000037  -0.000442  -0.000138
  0.000004  -0.000005  -0.000002
 -0.000256  -0.000096   0.000103
  0.000006   0.000002   0.000005
  0.000144   0.000102   0.000041
 -0.000018   0.000021   0.000002
  0.000574   0.001234  -0.000669
 -0.000098   0.000037   0.000094
  0.000005   0.000003  -0.000004
  0.000019  -0.000093  -0.000029
  0.000003  -0.000003   0.000001
 -0.000132   0.000077   0.000031
  0.000001   0.000000  -0.000003
 -0.000667   0.000500   0.000234
 -0.000002  -0.000001  -0.000004
 -0.000046  -0.000617  -0.000071
  0.000002  -0.000003   0.000004
 -0.126078   0.129121  -0.041031
  0.000002  -0.000001   0.000003
 -0.010756   0.024996  -0.009207
  0.000001   0.000002   0.000001
 -0.001365  -0.000022   0.000940
  0.000002  -0.000003   0.000002
  0.006343  -0.000498  -0.004215
  0.000002   0.000004   0.000003
 -0.000018   0.000161  -0.000225
  0.000001   0.000003   0.000001
 -0.000352   0.000427  -0.001099
  0.000007   0.000005   0.000001
  0.000018   0.000012  -0.000002
 -0.000015   0.000014   0.000042
 -0.000108   0.000153   0.000122
  0.000002   0.000000  -0.000005
  0.000176  -0.000091  -0.000051
  0.000004   0.000002  -0.000001
  0.000003  -0.000003   0.000001
  0.000026  -0.000027   0.000004
 -0.000004  -0.000018  -0.000008
 -0.000004  -0.000006   0.000022
  0.000000   0.000000  -0.000000
  0.000064  -0.000042   0.000010
  0.000003  -0.000001   0.000002
 -0.000088   0.000109  -0.000205
  0.000004   0.000004   0.000001
  0.000025   0.000115  -0.000132
 -0.000004   0.000011  -0.000006
  0.000022   0.000004   0.000006
  0.000002   0.000001   0.000001
  0.000033  -0.000098  -0.000062
  0.000003   0.000001   0.000002
 -0.000181   0.000028   0.000080
 -0.000220   0.000183   0.000125
  0.000010  -0.000003  -0.000009
 -0.001203   0.001706  -0.001187
  0.000010   0.000002   0.000008
 -0.000119   0.000745   0.000187
 -0.000002   0.000008  -0.000011
 -0.000140  -0.000138   0.000023
 -0.000049   0.000033  -0.000069
 -0.000033  -0.000096   0.000063
  0.000038  -0.000026   0.000034
  0.000043  -0.000046  -0.000020
 -0.000017   0.000014   0.000057
  0.000008  -0.000005  -0.000002
 -0.000486  -0.001066  -0.000251
  0.000016  -0.000006   0.000008
 -0.000776  -0.000296  -0.000218
  0.000532  -0.000101   0.000278
 -0.000065   0.000072   0.000032
   51    2  0.0000  0.0150  0.0000
  0.000458  -0.000434  -0.000465
 -0.000039   0.000009   0.000015
 -0.000050  -0.000071  -0.000086
  0.000008  -0.000028   0.000008
  0.000475   0.000343  -0.000153
 -0.000001   0.000002   0.000006
  0.000423  -0.000537   0.000123
 -0.000010  -0.000015   0.000019
 -0.114998   0.341863  -0.097271
  0.000006  -0.000001  -0.000000
 -0.003860   0.006215  -0.000643
  0.000000  -0.000004  -0.000003
  0.000126  -0.000081  -0.000730
 -0.000014  -0.000003   0.000018
 -0.000225  -0.000086   0.000026
 -0.000019  -0.000014   0.000037
  0.000528  -0.000073  -0.000203
  0.000027  -0.000008  -0.000008
  0.000014   0.000031   0.000086
 -0.000011   0.000012  -0.000017
  0.000202  -0.000055   0.000087
 -0.000045   0.000085  -0.000071
 -0.000009  -0.000011   0.000001
 -0.000029  -0.000077   0.000027
  0.000026  -0.000011   0.000008
  0.000133   0.000030  -0.000187
 -0.000007  -0.000001  -0.000002
  0.000062  -0.000081  -0.000124
 -0.000001   0.000000   0.000002
 -0.000193   0.000319   0.000197
  0.000010  -0.000006  -0.000003
  0.000182   0.000710  -0.000202
 -0.000003  -0.000003   0.000004
 -0.000341   0.000464  -0.000671
 -0.000011  -0.000000  -0.000017
 -0.000071   0.000421  -0.000035
 -0.000003  -0.000009  -0.000012
  0.000141  -0.000014   0.000049
  0.000033   0.000033   0.000062
 -0.000221  -0.000136  -0.000141
 -0.000035   0.000004   0.000099
  0.000006   0.000009   0.000010
  0.000017   0.000009   0.000024
  0.000003  -0.000006   0.000011
 -0.000078   0.000043   0.000034
  0.000002   0.000001  -0.000002
 -0.000221  -0.001520   0.001175
  0.000001  -0.000003  -0.000005
  0.000129  -0.000618  -0.000384
  0.000001   0.000001   0.000005
  0.129302  -0.367918   0.105254
  0.000001   0.000000   0.000002
 -0.012021   0.025950  -0.009456
  0.000000   0.000003  -0.000001
  0.000113  -0.000988   0.000374
  0.000000   0.000001   0.000001
 -0.000497  -0.001993   0.000511
 -0.000001  -0.000003   0.000001
 -0.000062   0.000281  -0.000016
  0.000005  -0.000011   0.000002
 -0.000181  -0.000291   0.000910
 -0.000001   0.000003  -0.000006
  0.000018   0.000031   0.000008
 -0.000001  -0.000001   0.000019
  0.000024   0.000422   0.000400
 -0.000001  -0.000004  -0.000003
  0.000296  -0.000049  -0.000143
  0.000005   0.000004   0.000008
 -0.000003  -0.000001  -0.000002
  0.000043  -0.000047  -0.000012
  0.000005   0.000008  -0.000001
  0.000035  -0.000004   0.000055
  0.000002  -0.000000   0.000005
  0.000028  -0.000135   0.000029
 -0.000001   0.000005  -0.000005
  0.000038  -0.000045   0.000018
 -0.000006   0.000008   0.000007
 -0.000022  -0.000075   0.000083
  0.000006   0.000014  -0.000004
  0.000048  -0.000062   0.000106
 -0.000001   0.000001  -0.000000
 -0.000052  -0.000106  -0.000051
 -0.000000   0.000002   0.000004
 -0.000198   0.000077   0.000005
 -0.000054   0.000070  -0.000004
  0.000025   0.000001  -0.000057
  0.000176  -0.001817   0.001310
  0.000026  -0.000003  -0.000006
  0.000162  -0.000475   0.000010
  0.000002   0.000001  -0.000020
 -0.000146  -0.000026  -0.000040
 -0.000025   0.000029  -0.000040
 -0.000131   0.000021  -0.000142
  0.000085  -0.000072   0.000048
 -0.000053   0.000073  -0.000022
  0.000020  -0.000098   0.000062
 -0.000012  -0.000023  -0.000052
  0.000278   0.000358   0.000109
 -0.000017  -0.000024  -0.000046
  0.000020   0.000278  -0.000281
  0.000269  -0.000234   0.000221
 -0.000065   0.000164   0.000153
   51    3  0.0000 -0.0000  0.0150
 -0.000427   0.000825  -0.000099
 -0.000000   0.000014   0.000005
  0.000266   0.000044   0.000117
  0.000003   0.000004   0.000001
 -0.000643  -0.000009  -0.000171
  0.000002  -0.000010   0.000000
  0.016280  -0.042160   0.023854
 -0.000004  -0.000002   0.000007
  0.040935  -0.093843   0.095606
 -0.000000  -0.000007   0.000004
 -0.008816   0.019850  -0.005380
  0.000003   0.000011   0.000000
 -0.000877   0.001867  -0.001485
 -0.000023  -0.000029   0.000004
  0.000072   0.000025  -0.000003
 -0.000015  -0.000038   0.000041
  0.000210  -0.000038  -0.000138
  0.000015  -0.000018   0.000003
  0.000029  -0.000125  -0.000033
 -0.000026   0.000016  -0.000018
 -0.000721   0.000154  -0.000186
 -0.000090  -0.000057  -0.000051
  0.000024   0.000028   0.000009
 -0.000011   0.000016   0.000029
 -0.000036   0.000006  -0.000007
  0.000039  -0.000008  -0.000049
  0.000014  -0.000001   0.000005
 -0.000317  -0.000089  -0.000067
 -0.000004  -0.000000   0.000005
  0.000114   0.000003   0.000113
 -0.000030   0.000010   0.000002
  0.000014  -0.000382  -0.000469
  0.000063   0.000005  -0.000043
 -0.000358  -0.000104   0.000137
 -0.000001  -0.000007   0.000028
  0.000483   0.000111   0.000242
  0.000003   0.000007   0.000000
 -0.000052   0.000029   0.000045
 -0.000012  -0.000009  -0.000018
  0.000615   0.001049  -0.000520
  0.000108   0.000092   0.000306
 -0.000004   0.000003  -0.000002
 -0.000035   0.000004   0.000101
 -0.000003   0.000001  -0.000002
  0.000119   0.000027   0.000012
 -0.000002  -0.000002   0.000003
  0.000442   0.002394   0.007898
 -0.000004  -0.000003   0.000002
 -0.000237   0.000039  -0.001503
 -0.000002   0.000002   0.000003
 -0.040933   0.104830  -0.114398
 -0.000001  -0.000003  -0.000001
 -0.004741   0.009941  -0.002584
 -0.000002   0.000002   0.000002
  0.000749  -0.000532  -0.000482
 -0.000002  -0.000002   0.000000
 -0.004231   0.000495   0.001685
 -0.000003   0.000001   0.000004
  0.000104   0.000068   0.000036
 -0.000001   0.000018   0.000001
 -0.000076  -0.000494   0.000154
  0.000014   0.000003  -0.000022
 -0.000005   0.000005   0.000005
 -0.000008   0.000011   0.000040
  0.000062   0.000168   0.000055
  0.000003   0.000009   0.000013
 -0.000076   0.000023  -0.000046
 -0.000001   0.000001  -0.000001
 -0.000002   0.000004  -0.000020
 -0.000035  -0.000010  -0.000013
 -0.000056  -0.000018   0.000013
 -0.000001   0.000004   0.000008
 -0.000003   0.000001  -0.000005
 -0.000025  -0.000015   0.000029
 -0.000002  -0.000002   0.000005
  0.000007   0.000057   0.000129
 -0.000017   0.000018  -0.000048
 -0.000013  -0.000044   0.000050
  0.000035  -0.000023   0.000018
 -0.000004   0.000000   0.000014
 -0.000004   0.000003  -0.000001
 -0.000020  -0.000062  -0.000011
  0.000002   0.000002   0.000005
  0.000005   0.000020   0.000054
 -0.000247   0.000014   0.000194
 -0.000003  -0.000008   0.000010
  0.002256  -0.002139  -0.003922
 -0.000011  -0.000009   0.000004
  0.000170  -0.000353  -0.000023
  0.000005   0.000015  -0.000019
 -0.000003   0.000079   0.000083
 -0.000023  -0.000023  -0.000080
  0.000631  -0.000526   0.000483
  0.000052   0.000026   0.000009
  0.000372  -0.000392  -0.000033
  0.000012   0.000038   0.000047
  0.000004   0.000010   0.000024
 -0.000595  -0.000821   0.000129
  0.000014   0.000006   0.000023
 -0.000665  -0.000627  -0.000222
  0.000215   0.000544   0.000321
 -0.000002  -0.000007  -0.000057
   53    1  0.0150  0.0000  0.0000
  0.000457  -0.000406  -0.000164
 -0.000003   0.000015  -0.000010
 -0.000098   0.000131   0.000275
 -0.000007  -0.000005   0.000013
  0.000015   0.000401   0.000031
  0.000003  -0.000007   0.000006
  0.004883   0.003667   0.002157
  0.000009  -0.000004  -0.000011
  0.206872   0.164190   0.053773
 -0.000001   0.000003  -0.000000
  0.030295   0.029876   0.007123
  0.000001   0.000002  -0.000001
 -0.000446   0.000879   0.002301
  0.000000  -0.000006  -0.000015
 -0.000002  -0.000049  -0.000127
 -0.000001  -0.000003   0.000013
  0.000162   0.000107   0.000843
  0.000016  -0.000001  -0.000007
  0.000362   0.000118   0.000146
  0.000005   0.000008  -0.000014
  0.000120  -0.000035   0.000034
 -0.000305  -0.000398  -0.000098
 -0.000018   0.000019  -0.000022
 -0.000058   0.000007  -0.000003
 -0.000006  -0.000015   0.000004
 -0.000132   0.000002  -0.000068
  0.000000   0.000002   0.000001
  0.000178   0.000128  -0.000243
  0.000000   0.000006  -0.000006
  0.000032  -0.000000   0.000154
  0.000001   0.000002   0.000002
  0.000103  -0.000113  -0.000045
 -0.000003  -0.000003   0.000003
 -0.000041  -0.000058  -0.000000
 -0.000005   0.000005  -0.000014
 -0.000016  -0.000001   0.000024
  0.000001   0.000001   0.000007
  0.000317   0.000813   0.000159
 -0.000037   0.000025  -0.000017
 -0.000964  -0.000923  -0.000167
  0.000009  -0.000032   0.000032
  0.000006   0.000007  -0.000016
  0.000007   0.000015  -0.000243
 -0.000002  -0.000006  -0.000002
 -0.000041   0.000074  -0.000130
 -0.000003   0.000001  -0.000013
 -0.000235   0.000143  -0.000018
 -0.000010  -0.000004  -0.000009
 -0.001098  -0.000386   0.000754
  0.000000  -0.000003   0.000002
 -0.010743  -0.012144  -0.004796
 -0.000000   0.000001  -0.000001
 -0.232798  -0.183581  -0.057691
 -0.000002  -0.000001  -0.000002
  0.006047  -0.001979  -0.004242
 -0.000001  -0.000001  -0.000001
 -0.001475  -0.000042   0.000898
 -0.000000   0.000003  -0.000001
 -0.000522  -0.000305  -0.001286
 -0.000001  -0.000006  -0.000004
 -0.000037  -0.000074  -0.000045
 -0.000003   0.000009  -0.000008
  0.000053   0.000021  -0.000049
 -0.000002  -0.000017   0.000000
  0.000240  -0.000029   0.000376
 -0.000004  -0.000004  -0.000009
 -0.000164  -0.000203   0.000004
 -0.000001  -0.000001  -0.000008
 -0.000003   0.000001  -0.000001
  0.000032  -0.000044  -0.000005
 -0.000015  -0.000006  -0.000009
  0.000005   0.000011   0.000026
 -0.000002   0.000000  -0.000003
 -0.000063  -0.000280   0.000106
  0.000001  -0.000003  -0.000001
  0.000021   0.000012  -0.000046
 -0.000002   0.000007  -0.000001
 -0.000009  -0.000002   0.000007
 -0.000002   0.000010  -0.000009
 -0.000015   0.000002   0.000011
 -0.000000   0.000000  -0.000000
 -0.000055  -0.000156  -0.000095
 -0.000001  -0.000002  -0.000005
  0.000128   0.000080  -0.000131
 -0.000442  -0.000130   0.000116
  0.000016  -0.000006  -0.000005
 -0.001151  -0.000331   0.000719
  0.000012   0.000002   0.000007
 -0.000390  -0.000572   0.000111
 -0.000018   0.000012  -0.000008
  0.000058  -0.000163  -0.000188
 -0.000043   0.000037  -0.000004
 -0.000122   0.000006  -0.000086
  0.000254   0.000047   0.000069
 -0.000041   0.000057   0.000002
  0.000066   0.000282   0.000250
  0.000006  -0.000008  -0.000003
  0.000104   0.000752  -0.000119
  0.000038  -0.000021   0.000016
  0.000640   0.000752  -0.000477
  0.000238  -0.000295   0.000197
 -0.000156   0.000110   0.000028
   53    2  0.0000  0.0150  0.0000
  0.000080  -0.000250   0.000066
  0.000069   0.000019  -0.000030
 -0.000334   0.000351  -0.000065
 -0.000012   0.000054  -0.000005
 -0.000184   0.000110  -0.000049
  0.000010  -0.000018  -0.000000
  0.000152   0.000552  -0.000371
  0.000013   0.000021  -0.000038
  0.167201   0.259459   0.061630
 -0.000001  -0.000002  -0.000005
 -0.006033  -0.005839  -0.001900
 -0.000002   0.000006   0.000001
 -0.000391  -0.000232   0.000222
  0.000022  -0.000004  -0.000042
  0.000536   0.000305   0.000141
  0.000040   0.000029  -0.000063
 -0.000602  -0.000128   0.000689
 -0.000042   0.000017   0.000004
 -0.000338   0.000059   0.000137
  0.000019  -0.000018   0.000027
 -0.000271   0.000043  -0.000112
 -0.000112  -0.000341   0.000063
  0.000015   0.000026  -0.000003
  0.000041   0.000040  -0.000006
 -0.000037   0.000014  -0.000015
  0.000087  -0.000084   0.000154
  0.000011   0.000002   0.000003
 -0.000037  -0.000092   0.000126
  0.000000   0.000003  -0.000010
  0.000143  -0.000067  -0.000235
 -0.000029   0.000020   0.000004
 -0.000223   0.000156  -0.000007
  0.000015   0.000003  -0.000011
 -0.000023   0.000167   0.000115
  0.000006   0.000007   0.000013
  0.000139  -0.000041  -0.000080
  0.000009   0.000022   0.000027
  0.000358   0.000460  -0.000224
 -0.000090  -0.000053  -0.000145
  0.000167  -0.000471   0.000608
  0.000039  -0.000032  -0.000158
 -0.000013  -0.000006  -0.000029
 -0.000060   0.000026  -0.000019
 -0.000009   0.000010  -0.000028
  0.000087  -0.000268   0.000158
 -0.000008  -0.000005  -0.000008
 -0.000837  -0.001066   0.000237
 -0.000011  -0.000004   0.000003
 -0.000427  -0.001554  -0.000661
 -0.000004  -0.000000  -0.000009
  0.025023   0.025737   0.009858
 -0.000004   0.000003  -0.000006
 -0.183655  -0.275238  -0.068883
 -0.000001  -0.000004  -0.000002
 -0.002091  -0.001383   0.000991
 -0.000000  -0.000001  -0.000006
  0.000207  -0.001112  -0.000590
  0.000000   0.000007  -0.000003
  0.000399  -0.000218  -0.000660
 -0.000011   0.000012  -0.000009
  0.000127   0.000102   0.000070
 -0.000005   0.000003   0.000001
 -0.000014  -0.000004  -0.000066
 -0.000003  -0.000007  -0.000039
  0.000111  -0.000032  -0.000937
  0.000001   0.000004  -0.000009
 -0.000178   0.000255   0.000088
 -0.000011  -0.000009  -0.000018
  0.000003   0.000005  -0.000003
 -0.000056   0.000068   0.000007
 -0.000007  -0.000007   0.000005
 -0.000031   0.000019  -0.000073
 -0.000005   0.000001  -0.000014
 -0.000031   0.000138  -0.000010
  0.000000  -0.000011   0.000006
 -0.000018  -0.000018  -0.000020
 -0.000004  -0.000005  -0.000021
  0.000001  -0.000036   0.000030
  0.000007  -0.000014   0.000005
 -0.000018   0.000024  -0.000062
  0.000000  -0.000002  -0.000001
  0.000056   0.000119   0.000114
  0.000002  -0.000004  -0.000011
  0.000179  -0.000193   0.000019
 -0.000073  -0.000317   0.000145
 -0.000039  -0.000019   0.000106
  0.000105   0.000253   0.000095
 -0.000054  -0.000015   0.000016
  0.000054  -0.000278  -0.000387
 -0.000022  -0.000007   0.000045
  0.000449  -0.000155   0.000021
  0.000021  -0.000047   0.000092
  0.000266  -0.000034   0.000206
  0.000034   0.000150   0.000003
  0.000094  -0.000094   0.000051
  0.000014   0.000335   0.000071
  0.000035   0.000039   0.000119
  0.000230   0.000410   0.000130
  0.000075   0.000032   0.000123
  0.000062   0.000124  -0.000006
 -0.000394   0.000240  -0.000316
  0.000042  -0.000222  -0.000366
   53    3  0.0000 -0.0000  0.0150
 -0.000180   0.000232  -0.000103
 -0.000023  -0.000004   0.000007
 -0.000884   0.000305   0.000136
  0.000010  -0.000015   0.000014
  0.000007   0.000273  -0.000275
  0.000003   0.000012   0.000014
  0.032326   0.034717   0.018243
 -0.000002   0.000000   0.000001
  0.052261   0.060320   0.081454
  0.000008   0.000003   0.000007
 -0.014177  -0.016117  -0.002920
  0.000007   0.000010  -0.000004
 -0.001545  -0.001766  -0.001782
 -0.000002  -0.000021  -0.000021
 -0.000151   0.000085   0.000126
 -0.000032  -0.000038   0.000064
  0.000898   0.000112   0.000113
  0.000050  -0.000050   0.000016
 -0.000020  -0.000177  -0.000104
  0.000009   0.000011  -0.000045
  0.000074   0.000010   0.000069
  0.000192   0.000530  -0.000023
 -0.000011   0.000025  -0.000044
 -0.000023  -0.000054  -0.000007
 -0.000034  -0.000029   0.000000
 -0.000052   0.000040  -0.000014
  0.000016   0.000001  -0.000002
  0.000067  -0.000022  -0.000019
  0.000001   0.000006   0.000002
 -0.000048  -0.000010   0.000096
 -0.000007   0.000001   0.000002
 -0.000101   0.000069   0.000036
  0.000020  -0.000005  -0.000020
  0.000063  -0.000018  -0.000061
  0.000004  -0.000018   0.000017
 -0.000005   0.000008   0.000023
  0.000002   0.000001   0.000001
  0.000249  -0.000292  -0.000104
 -0.000009   0.000012   0.000000
 -0.001262  -0.001050   0.000009
  0.000018  -0.000184   0.000116
 -0.000001   0.000001   0.000010
 -0.000113  -0.000021   0.000232
 -0.000001  -0.000002  -0.000003
 -0.000238  -0.000220   0.000552
 -0.000001   0.000001  -0.000007
 -0.000384  -0.000066  -0.002541
  0.000002   0.000001   0.000000
 -0.000053  -0.000175   0.008677
  0.000000  -0.000002   0.000003
 -0.009228  -0.009429  -0.002618
  0.000000  -0.000001   0.000005
 -0.057723  -0.068894  -0.097859
  0.000001  -0.000001   0.000002
 -0.003940   0.000738   0.001719
  0.000001  -0.000001   0.000003
  0.000985   0.000323  -0.000518
  0.000001   0.000000   0.000010
  0.000209   0.000475   0.000251
  0.000009  -0.000015   0.000002
 -0.000026  -0.000019   0.000052
  0.000011   0.000020  -0.000032
 -0.000029   0.000026   0.000030
  0.000007  -0.000064   0.000006
  0.000618  -0.000272   0.000812
  0.000003  -0.000002   0.000008
  0.000100   0.000120  -0.000053
  0.000006   0.000003  -0.000003
 -0.000003   0.000010  -0.000018
  0.000017  -0.000014  -0.000008
 -0.000067   0.000003   0.000013
  0.000014  -0.000006   0.000029
  0.000000   0.000000  -0.000002
  0.000029  -0.000033  -0.000070
  0.000001  -0.000001   0.000004
  0.000010  -0.000009   0.000025
  0.000000   0.000020   0.000001
 -0.000001   0.000024  -0.000034
  0.000006   0.000010   0.000024
  0.000015  -0.000007   0.000021
  0.000001   0.000001   0.000004
 -0.000023   0.000087  -0.000034
 -0.000001  -0.000001   0.000000
 -0.000465   0.000081  -0.000163
 -0.000197  -0.000434  -0.000228
  0.000007   0.000006  -0.000021
  0.001727  -0.000913  -0.002376
  0.000013  -0.000004   0.000010
 -0.000049   0.000034  -0.000196
 -0.000021   0.000072  -0.000072
  0.000014   0.000137   0.000136
 -0.000078   0.000081  -0.000087
 -0.000144  -0.000127  -0.000094
 -0.000117  -0.000137   0.000017
 -0.000026   0.000003  -0.000037
 -0.000008  -0.000383  -0.000146
  0.000001   0.000001   0.000007
  0.000562   0.000987  -0.000666
  0.000007  -0.000015   0.000010
  0.000380   0.001195  -0.000403
  0.000435  -0.000149   0.000560
  0.000030   0.000050   0.000038
   55    1  0.0150  0.0000  0.0000
 -0.000156   0.000083   0.000077
  0.000021   0.000009  -0.000003
  0.000459   0.000543   0.000798
 -0.000003   0.000014  -0.000009
  0.000321  -0.000159  -0.000179
  0.000004  -0.000014  -0.000006
 -0.000560   0.000885   0.002081
  0.000003   0.000009  -0.000003
  0.031857   0.030064   0.007107
 -0.000002  -0.000000   0.000008
  0.201184   0.164320   0.058349
 -0.000005  -0.000002   0.000002
  0.004489   0.003294   0.001991
  0.000015   0.000003  -0.000012
  0.000037  -0.000004   0.000053
  0.000001   0.000025  -0.000041
 -0.000421  -0.000168  -0.000044
 -0.000027   0.000001   0.000014
  0.000600   0.000196  -0.000212
  0.000014  -0.000026   0.000021
 -0.000094   0.000028  -0.000047
 -0.000062  -0.000401   0.000069
  0.000011  -0.000001   0.000002
 -0.000037   0.000036   0.000036
 -0.000019   0.000008  -0.000009
 -0.000006  -0.000002   0.000139
  0.000007  -0.000001  -0.000001
 -0.000061  -0.000144  -0.000060
 -0.000001   0.000000  -0.000001
  0.000182  -0.000079  -0.000012
 -0.000007   0.000003   0.000001
 -0.000037   0.000049   0.000040
  0.000006   0.000005  -0.000013
 -0.000026   0.000029  -0.000080
  0.000004  -0.000005   0.000029
  0.000114   0.000013  -0.000057
  0.000005   0.000005   0.000005
  0.000077  -0.000087  -0.000074
 -0.000004  -0.000028  -0.000028
 -0.001428  -0.002079   0.001054
  0.000076   0.000019  -0.000089
 -0.000005  -0.000005  -0.000014
  0.000592   0.000112   0.001122
 -0.000000   0.000004  -0.000004
  0.000007  -0.000144   0.000087
 -0.000001  -0.000004   0.000005
 -0.000091  -0.000101   0.000029
 -0.000002  -0.000004   0.000006
 -0.000542  -0.000212  -0.001395
 -0.000001   0.000003  -0.000003
 -0.001378   0.000137   0.000740
 -0.000001   0.000000  -0.000001
  0.006015  -0.002150  -0.003968
 -0.000000  -0.000003   0.000000
 -0.229675  -0.183412  -0.062581
 -0.000001   0.000000  -0.000001
 -0.010798  -0.012736  -0.005106
 -0.000001  -0.000001  -0.000001
 -0.000959  -0.000533   0.000494
 -0.000001   0.000004  -0.000000
 -0.000118   0.000139   0.000057
 -0.000001  -0.000004   0.000002
  0.000002  -0.000023  -0.000034
  0.000012  -0.000011  -0.000041
 -0.000006   0.000079  -0.000155
  0.000004   0.000003   0.000009
  0.000588  -0.000158  -0.001093
 -0.000003  -0.000005  -0.000003
  0.000002   0.000003  -0.000003
 -0.000042  -0.000004   0.000037
 -0.000012   0.000002   0.000003
 -0.000012   0.000012  -0.000037
 -0.000002  -0.000000  -0.000004
  0.000013   0.000033  -0.000007
 -0.000000  -0.000004   0.000002
 -0.000058   0.000019  -0.000074
  0.000000  -0.000006  -0.000003
 -0.000005  -0.000046   0.000062
  0.000004  -0.000019   0.000013
 -0.000004   0.000005  -0.000017
 -0.000001  -0.000002   0.000000
 -0.000023  -0.000128  -0.000009
 -0.000001  -0.000002  -0.000003
 -0.000187   0.000058   0.000056
  0.000236  -0.000017  -0.000022
 -0.000016  -0.000006   0.000033
 -0.000577  -0.000725   0.000300
 -0.000020   0.000003   0.000003
 -0.000718  -0.000410   0.000477
  0.000008   0.000002   0.000008
  0.000111  -0.000031  -0.000010
  0.000031  -0.000029   0.000030
  0.000083  -0.000002   0.000069
  0.000072   0.000143  -0.000030
  0.000013  -0.000042   0.000014
  0.000053   0.000408   0.000088
  0.000003   0.000014   0.000036
  0.000101   0.002394   0.000276
  0.000008   0.000014   0.000022
  0.001144   0.000829  -0.000110
 -0.000376   0.000205  -0.000155
  0.000009  -0.000084  -0.000093
   55    2  0.0000  0.0150  0.0000
  0.000517   0.000220  -0.000243
 -0.000018   0.000004  -0.000014
 -0.000013  -0.000042   0.001148
 -0.000005  -0.000014   0.000020
 -0.000309   0.000225   0.000145
 -0.000001   0.000010   0.000013
 -0.000286   0.000004   0.000304
  0.000007  -0.000000  -0.000024
 -0.004359  -0.004824  -0.002074
 -0.000001   0.000005  -0.000007
  0.167085   0.263891   0.065239
  0.000006   0.000004  -0.000001
 -0.002292  -0.000923  -0.000194
 -0.000005  -0.000008  -0.000021
 -0.000134  -0.000205  -0.000282
  0.000022  -0.000027   0.000018
 -0.000508   0.000094   0.000020
  0.000020   0.000012  -0.000028
  0.000818   0.000732   0.000330
 -0.000005   0.000031  -0.000029
  0.000133   0.000012   0.000045
 -0.000180   0.000052  -0.000110
 -0.000034   0.000052  -0.000038
 -0.000011  -0.000025  -0.000032
 -0.000018  -0.000026   0.000015
 -0.000126  -0.000025  -0.000243
  0.000003   0.000002   0.000002
  0.000014   0.000232  -0.000033
  0.000002   0.000003  -0.000004
 -0.000218   0.000324   0.000052
 -0.000001   0.000004   0.000004
  0.000207  -0.000003  -0.000111
 -0.000010  -0.000007   0.000018
  0.000077  -0.000088   0.000150
 -0.000002   0.000013  -0.000037
 -0.000148  -0.000025   0.000112
 -0.000003   0.000002   0.000010
  0.000039   0.000001   0.000106
 -0.000058   0.000020  -0.000045
  0.000742   0.002064  -0.000593
 -0.000055  -0.000054   0.000016
  0.000004   0.000005  -0.000015
  0.000495  -0.000527  -0.000641
 -0.000006  -0.000007  -0.000007
 -0.000101   0.000196  -0.000039
 -0.000006   0.000006  -0.000024
  0.000098   0.000107   0.000066
 -0.000011   0.000002  -0.000015
  0.000287  -0.000390  -0.000512
  0.000001  -0.000009  -0.000003
 -0.000016  -0.001039  -0.000500
 -0.000001   0.000003  -0.000001
 -0.001974  -0.001384   0.000767
 -0.000000  -0.000002  -0.000002
 -0.183386  -0.278954  -0.072836
 -0.000003  -0.000001  -0.000003
  0.024550   0.026200   0.009847
 -0.000001   0.000006  -0.000003
 -0.000250  -0.001772  -0.001079
 -0.000007  -0.000002  -0.000006
 -0.000713  -0.001394   0.000520
 -0.000005   0.000009  -0.000007
  0.000039   0.000013  -0.000053
 -0.000021   0.000002   0.000035
 -0.000008  -0.000002  -0.000012
 -0.000012  -0.000007  -0.000023
 -0.000412  -0.000797   0.000036
 -0.000004   0.000000  -0.000012
 -0.000005  -0.000009   0.000012
  0.000042  -0.000059   0.000017
 -0.000012  -0.000028  -0.000039
  0.000020  -0.000004   0.000046
 -0.000004   0.000001  -0.000005
 -0.000074  -0.000164   0.000067
  0.000002  -0.000004   0.000002
  0.000156  -0.000046   0.000190
 -0.000001   0.000007  -0.000003
  0.000020   0.000036  -0.000042
 -0.000020   0.000025  -0.000031
 -0.000013  -0.000002   0.000012
  0.000000   0.000001  -0.000001
 -0.000009  -0.000020  -0.000050
  0.000000  -0.000003  -0.000007
 -0.000003  -0.000008   0.000019
  0.000200  -0.000062   0.000128
  0.000018  -0.000001  -0.000012
  0.000129  -0.000099  -0.000168
  0.000020   0.000004   0.000011
  0.000709   0.000150   0.000575
 -0.000035   0.000003   0.000003
 -0.000126  -0.000376  -0.000339
 -0.000071   0.000051  -0.000008
 -0.000158  -0.000036  -0.000090
  0.000140  -0.000081   0.000108
 -0.000013   0.000043  -0.000010
  0.000068  -0.000068   0.000063
  0.000006  -0.000003   0.000001
 -0.000124  -0.000406   0.000286
  0.000044  -0.000030   0.000028
 -0.000687  -0.000529  -0.000202
  0.000510  -0.000401   0.000304
 -0.000155   0.000138   0.000051
   55    3  0.0000 -0.0000  0.0150
 -0.000234   0.000076   0.000006
 -0.000016   0.000010   0.000004
  0.001497   0.000276   0.000253
 -0.000005  -0.000029  -0.000020
  0.000044  -0.000247   0.000099
  0.000005  -0.000025  -0.000026
 -0.001597  -0.001927  -0.001800
  0.000006   0.000008   0.000005
 -0.014616  -0.016269  -0.003561
 -0.000007  -0.000005   0.000000
  0.057956   0.064467   0.086462
  0.000002  -0.000004   0.000007
  0.032522   0.035953   0.017510
 -0.000014   0.000003   0.000022
  0.000070  -0.000012  -0.000281
 -0.000034  -0.000004   0.000017
 -0.000574   0.000073   0.000190
  0.000012  -0.000013   0.000007
 -0.000163   0.000168   0.000465
 -0.000009   0.000004   0.000001
 -0.000054  -0.000016  -0.000031
 -0.000194  -0.001008   0.000193
  0.000012  -0.000027   0.000021
 -0.000147   0.000136   0.000090
  0.000017   0.000011  -0.000003
  0.000007   0.000014   0.000062
 -0.000010   0.000000   0.000002
 -0.000081  -0.000053   0.000009
 -0.000003  -0.000000   0.000003
  0.000121  -0.000105  -0.000062
  0.000009  -0.000007  -0.000001
 -0.000055  -0.000081   0.000054
 -0.000003   0.000003  -0.000000
 -0.000026   0.000018  -0.000078
 -0.000004  -0.000003   0.000008
  0.000086   0.000055  -0.000002
 -0.000003  -0.000004  -0.000008
 -0.000053  -0.000095   0.000155
  0.000051  -0.000014   0.000045
  0.000521   0.001179  -0.000980
 -0.000049   0.000040  -0.000004
  0.000004  -0.000015  -0.000046
  0.001151   0.000025   0.001298
  0.000009  -0.000003   0.000019
  0.000001   0.000056  -0.000128
  0.000005  -0.000002   0.000013
 -0.000002   0.000023   0.000038
 -0.000002  -0.000002   0.000001
  0.000318   0.000378   0.000423
  0.000007   0.000001  -0.000006
  0.000930   0.000385  -0.000491
 -0.000002  -0.000003  -0.000001
 -0.004257   0.000954   0.001710
 -0.000002   0.000002   0.000001
 -0.062520  -0.072790  -0.103717
 -0.000002  -0.000000   0.000001
 -0.009156  -0.009560  -0.002664
 -0.000003  -0.000004   0.000000
 -0.000635  -0.001707   0.008048
 -0.000001   0.000003  -0.000001
 -0.000585  -0.000140  -0.002473
  0.000000  -0.000005   0.000002
  0.000074  -0.000187  -0.000133
 -0.000008   0.000014   0.000006
 -0.000123  -0.000029   0.000143
 -0.000000   0.000002   0.000002
 -0.001503  -0.000084   0.000611
  0.000000   0.000001   0.000005
 -0.000001   0.000001  -0.000003
  0.000082  -0.000068   0.000031
  0.000013   0.000010   0.000009
 -0.000001   0.000018  -0.000027
 -0.000003  -0.000002   0.000004
  0.000039   0.000005  -0.000056
 -0.000002  -0.000001  -0.000002
 -0.000077   0.000051  -0.000076
 -0.000002  -0.000003   0.000000
  0.000011  -0.000025   0.000064
  0.000003  -0.000004  -0.000001
 -0.000010   0.000006  -0.000007
 -0.000003   0.000000  -0.000001
  0.000032  -0.000064   0.000118
 -0.000002   0.000002   0.000004
  0.000061   0.000018  -0.000016
 -0.000095   0.000091   0.000055
 -0.000001   0.000011  -0.000008
 -0.000015   0.000086  -0.000095
  0.000001   0.000057  -0.000013
  0.001373  -0.000300  -0.002248
  0.000013  -0.000006  -0.000003
 -0.000301  -0.000281  -0.000535
  0.000017  -0.000028  -0.000038
  0.000038   0.000008   0.000046
  0.000405   0.000333  -0.000039
  0.000009  -0.000011   0.000009
  0.000411   0.001406   0.000334
 -0.000032   0.000005  -0.000022
 -0.000008  -0.000867   0.000760
 -0.000037   0.000006  -0.000063
 -0.000475  -0.000530   0.000222
  0.000018   0.000170  -0.000089
 -0.000151   0.000047   0.000195
   57    1  0.0150  0.0000  0.0000
 -0.000339   0.000098   0.000152
  0.000015  -0.000007  -0.000005
  0.000048   0.000029  -0.000070
 -0.000002   0.000012   0.000001
 -0.000110  -0.000049   0.000014
 -0.000000   0.000005   0.000004
 -0.000925  -0.000258   0.001345
  0.000004   0.000010  -0.000015
  0.019131  -0.036865   0.010938
 -0.000002  -0.000002   0.000000
  0.115705  -0.116475   0.042395
 -0.000001   0.000001   0.000006
  0.004304  -0.006038   0.001390
  0.000011   0.000002  -0.000008
  0.000013  -0.000075  -0.000259
  0.000023   0.000013  -0.000028
 -0.000078  -0.000076   0.000122
 -0.000023   0.000009   0.000005
  0.000147   0.000046   0.000111
  0.000005  -0.000010   0.000018
 -0.000361   0.000119  -0.000102
  0.000169   0.000079   0.000043
  0.000032   0.000003   0.000011
 -0.000049  -0.000032   0.000028
 -0.000017   0.000015  -0.000006
  0.000112   0.000053   0.000494
  0.000008   0.000000   0.000003
 -0.000524  -0.000252   0.000179
  0.000001  -0.000001   0.000000
  0.000110  -0.000673  -0.000589
 -0.000007   0.000007   0.000003
  0.000256  -0.000024   0.000189
  0.000014   0.000003  -0.000009
  0.000021  -0.000210  -0.000173
  0.000006  -0.000012   0.000031
  0.000182  -0.000048  -0.000190
  0.000010   0.000009   0.000009
  0.000009  -0.000098  -0.000113
 -0.000024  -0.000022  -0.000045
  0.000302  -0.000166   0.000500
  0.000061   0.000024   0.000035
 -0.000006  -0.000007  -0.000008
 -0.000179   0.000109   0.000024
 -0.000004   0.000005  -0.000010
  0.000167  -0.000095   0.000055
 -0.000003  -0.000000  -0.000005
 -0.000101   0.000161  -0.001021
  0.000000   0.000004   0.000001
 -0.000039   0.000091  -0.000235
  0.000001  -0.000002  -0.000006
  0.006325  -0.000487  -0.004229
 -0.000001   0.000001  -0.000001
 -0.001490   0.000163   0.000977
  0.000000  -0.000002   0.000000
 -0.010816   0.024441  -0.009178
  0.000001  -0.000002  -0.000003
 -0.129061   0.134946  -0.043375
 -0.000000   0.000003   0.000000
  0.000098  -0.000556  -0.000147
 -0.000005   0.000010  -0.000002
 -0.000830   0.000185   0.000712
  0.000001  -0.000003   0.000005
 -0.000029  -0.000015   0.000013
  0.000002   0.000000  -0.000009
 -0.000011  -0.000084  -0.000043
  0.000003   0.000005   0.000002
 -0.000232   0.000285   0.000087
 -0.000004  -0.000005  -0.000005
  0.000004   0.000002  -0.000004
  0.000020   0.000009   0.000051
 -0.000002   0.000003   0.000012
  0.000001   0.000009  -0.000034
 -0.000002   0.000000  -0.000005
  0.000270   0.000419  -0.000140
  0.000000  -0.000005   0.000004
 -0.000062  -0.000793   0.000264
  0.000003  -0.000008  -0.000009
  0.000029   0.000026  -0.000001
  0.000007  -0.000006   0.000010
  0.000016   0.000025  -0.000043
 -0.000001  -0.000001  -0.000000
  0.000001   0.000037   0.000060
  0.000001  -0.000001  -0.000003
  0.000063   0.000044  -0.000027
 -0.000044  -0.000045  -0.000010
 -0.000024   0.000001   0.000036
 -0.000016   0.000538  -0.000148
 -0.000016  -0.000001   0.000008
 -0.001362   0.001215  -0.000257
 -0.000003  -0.000006   0.000026
 -0.000226   0.000082   0.000169
  0.000016  -0.000030   0.000031
  0.000222  -0.000048   0.000257
 -0.000130  -0.000004  -0.000005
  0.000121  -0.000139   0.000008
 -0.000064  -0.000080  -0.000122
  0.000012   0.000018   0.000044
 -0.000393   0.000356   0.000143
  0.000018   0.000010   0.000041
 -0.000358  -0.000149   0.000044
 -0.000185   0.000322  -0.000297
  0.000063  -0.000097  -0.000120
   57    2  0.0000  0.0150  0.0000
 -0.000094  -0.000159   0.000010
 -0.000003  -0.000016   0.000023
  0.000335  -0.000045  -0.000074
  0.000007  -0.000001  -0.000026
  0.000080   0.000007   0.000008
 -0.000008  -0.000002  -0.000017
  0.000022  -0.000261  -0.000519
 -0.000013  -0.000004   0.000039
 -0.002890   0.005279  -0.000336
  0.000003  -0.000005   0.000009
 -0.119024   0.343908  -0.092816
 -0.000003  -0.000005  -0.000003
  0.000231  -0.000135  -0.000628
 -0.000002   0.000007   0.000034
  0.000117   0.000044   0.000061
 -0.000017   0.000016  -0.000002
  0.000108  -0.000206  -0.000157
 -0.000008  -0.000012   0.000013
  0.000364  -0.000056  -0.000083
 -0.000000  -0.000023   0.000012
  0.000324  -0.000194   0.000164
  0.000178  -0.000080   0.000079
  0.000023  -0.000079   0.000044
 -0.000027   0.000051   0.000012
  0.000065   0.000011  -0.000002
  0.000086  -0.000091  -0.000255
 -0.000019  -0.000001  -0.000002
  0.000279   0.000949   0.000341
 -0.000003  -0.000005   0.000011
 -0.000514   0.001801   0.000303
  0.000015  -0.000012  -0.000010
 -0.000421  -0.000099   0.000045
 -0.000004  -0.000001  -0.000005
  0.000076  -0.000138  -0.000129
 -0.000010  -0.000015   0.000019
  0.000016  -0.000007   0.000121
 -0.000007  -0.000013  -0.000021
  0.000046  -0.000061   0.000015
  0.000107  -0.000001   0.000113
 -0.000648  -0.000880   0.000145
  0.000024   0.000006  -0.000044
  0.000001  -0.000004   0.000029
 -0.000115   0.000416   0.000205
  0.000011   0.000006   0.000019
  0.000184  -0.000166   0.000011
  0.000009  -0.000003   0.000030
 -0.000290  -0.000024   0.000764
  0.000017   0.000003   0.000014
 -0.000002   0.000352   0.000011
  0.000001   0.000009   0.000003
 -0.000488  -0.001921   0.000446
  0.000001  -0.000003   0.000001
 -0.000060  -0.001115   0.000294
 -0.000001   0.000004   0.000002
 -0.012833   0.026262  -0.009615
  0.000003   0.000003   0.000004
  0.135104  -0.372595   0.101047
  0.000001  -0.000009   0.000005
  0.000165  -0.000788  -0.000235
  0.000014  -0.000016   0.000010
 -0.000097  -0.001879   0.000855
  0.000001  -0.000004   0.000002
 -0.000009  -0.000025   0.000065
  0.000027  -0.000012  -0.000021
  0.000024   0.000005   0.000035
  0.000005  -0.000001   0.000017
 -0.000083   0.000306  -0.000076
  0.000008   0.000006   0.000020
 -0.000005   0.000011  -0.000020
 -0.000012  -0.000016   0.000039
  0.000027   0.000073   0.000048
 -0.000004  -0.000002  -0.000030
  0.000006  -0.000001   0.000013
  0.000080  -0.000008   0.000011
 -0.000004   0.000010  -0.000006
 -0.000673   0.001319  -0.000174
 -0.000006   0.000003   0.000016
 -0.000010  -0.000028   0.000023
  0.000023   0.000003   0.000007
  0.000012  -0.000018   0.000008
 -0.000001   0.000000   0.000001
  0.000030   0.000022   0.000044
 -0.000003   0.000006   0.000010
  0.000163   0.000003  -0.000089
 -0.000151  -0.000079  -0.000025
 -0.000003   0.000013  -0.000031
  0.000095  -0.000334   0.000078
 -0.000002   0.000007  -0.000019
 -0.000079  -0.000951  -0.000047
  0.000028   0.000001  -0.000025
  0.000173   0.000261   0.000006
  0.000051  -0.000002  -0.000007
 -0.000050   0.000193  -0.000305
 -0.000185   0.000049  -0.000125
 -0.000135   0.000152  -0.000006
 -0.000061  -0.000043  -0.000094
 -0.000027  -0.000009  -0.000056
  0.000091   0.000830   0.000273
 -0.000089   0.000021  -0.000093
  0.000584   0.000341   0.000226
 -0.000388  -0.000029  -0.000185
  0.000133  -0.000079   0.000106
   57    3  0.0000 -0.0000  0.0150
  0.000036  -0.000014   0.000023
 -0.000029  -0.000081   0.000028
  0.000079  -0.000077  -0.000111
  0.000021  -0.000021  -0.000032
  0.000057  -0.000072   0.000035
 -0.000033   0.000013  -0.000024
 -0.000176   0.001304  -0.001580
 -0.000010   0.000022  -0.000015
 -0.008688   0.020552  -0.005695
  0.000009  -0.000003  -0.000002
  0.040007  -0.089013   0.092905
  0.000004   0.000001   0.000004
  0.018554  -0.043079   0.019924
  0.000004   0.000002   0.000004
 -0.000089   0.000707   0.000124
  0.000001   0.000018  -0.000013
 -0.000317   0.000044   0.000201
 -0.000009   0.000003   0.000004
 -0.000454   0.000077  -0.000038
  0.000008  -0.000012   0.000011
  0.000399  -0.000180   0.000199
  0.000143  -0.000081   0.000142
  0.000002  -0.000040   0.000014
  0.000046   0.000083  -0.000075
  0.000044  -0.000004   0.000006
  0.000197   0.000055   0.000343
 -0.000012   0.000002   0.000003
  0.000479  -0.000056   0.000054
  0.000001   0.000000   0.000010
 -0.000191  -0.000803  -0.000608
  0.000015  -0.000006  -0.000003
 -0.000242   0.000080   0.000578
 -0.000010  -0.000003   0.000010
 -0.000216  -0.000194  -0.000003
 -0.000008   0.000002  -0.000007
  0.000064  -0.000102  -0.000185
 -0.000003  -0.000003  -0.000000
 -0.000014  -0.000031   0.000041
  0.000061  -0.000022   0.000049
 -0.000559  -0.000408  -0.000175
 -0.000006  -0.000012  -0.000071
  0.000006  -0.000027  -0.000019
 -0.000033   0.000143   0.000002
  0.000011  -0.000001   0.000009
 -0.000006   0.000005  -0.000061
  0.000006   0.000001   0.000018
 -0.000050  -0.000439   0.000100
  0.000002   0.000025  -0.000007
  0.000128   0.000155  -0.000007
  0.000019  -0.000022  -0.000025
 -0.004223   0.000491   0.001700
  0.000000  -0.000001   0.000004
  0.000902  -0.000597  -0.000511
  0.000001   0.000001   0.000009
 -0.005076   0.009819  -0.002638
  0.000000  -0.000001   0.000001
 -0.043355   0.100844  -0.106847
 -0.000000  -0.000001   0.000001
 -0.000324   0.000116  -0.001986
  0.000006  -0.000012   0.000004
  0.000955   0.000885   0.008855
 -0.000005   0.000002   0.000001
  0.000017  -0.000079   0.000011
  0.000015  -0.000011  -0.000021
 -0.000059  -0.000024   0.000108
 -0.000001  -0.000004  -0.000001
  0.000027  -0.000101   0.000039
  0.000000  -0.000000   0.000004
 -0.000007   0.000006  -0.000009
  0.000024   0.000077   0.000074
  0.000016   0.000036   0.000018
  0.000008  -0.000017  -0.000053
  0.000000  -0.000002   0.000008
  0.000023   0.000082  -0.000135
 -0.000001   0.000001  -0.000000
  0.000146  -0.000144  -0.000388
 -0.000008   0.000004   0.000012
  0.000096   0.000132  -0.000106
  0.000006   0.000007  -0.000008
 -0.000029   0.000016  -0.000030
 -0.000001   0.000001   0.000002
  0.000067  -0.000002   0.000012
 -0.000003   0.000002   0.000001
 -0.000057  -0.000005  -0.000013
  0.000094  -0.000011   0.000021
  0.000006   0.000037  -0.000015
  0.000175  -0.000280   0.000047
  0.000001   0.000081   0.000018
  0.001307  -0.000519  -0.004049
  0.000000  -0.000001   0.000004
  0.000049  -0.000260  -0.000181
  0.000023   0.000009   0.000030
 -0.000109   0.000153  -0.000323
 -0.000086  -0.000004  -0.000098
 -0.000131   0.000177  -0.000008
 -0.000073   0.000157  -0.000064
 -0.000022   0.000022  -0.000020
  0.000157   0.000408   0.000193
 -0.000041   0.000014  -0.000057
  0.000539   0.000249   0.000235
 -0.000265  -0.000209  -0.000124
 -0.000035  -0.000032   0.000191
   59    1  0.0150  0.0000  0.0000
 -0.000062   0.000129   0.000020
 -0.000154  -0.000117   0.000110
  0.000093  -0.000052  -0.000055
  0.000067  -0.000081  -0.000027
 -0.000058  -0.000028   0.000035
 -0.000033   0.000111   0.000003
  0.000003  -0.000332  -0.000006
 -0.000058   0.000019   0.000022
 -0.001907  -0.000852  -0.001283
  0.000015  -0.000012   0.000002
  0.002732   0.002489   0.003748
  0.000002   0.000005   0.000003
  0.231323   0.163314   0.058787
 -0.000019   0.000001   0.000047
 -0.000799   0.001108   0.001330
 -0.000035  -0.000014   0.000035
  0.002402   0.000775   0.000504
  0.000016  -0.000018   0.000005
  0.000133  -0.002130  -0.005490
 -0.000019   0.000004  -0.000012
  0.000151   0.000003   0.000089
  0.002888   0.004332  -0.000354
  0.000002  -0.000034   0.000010
 -0.000243  -0.000456   0.000060
  0.000033  -0.000004   0.000010
 -0.000350  -0.000110  -0.000268
 -0.000007  -0.000001  -0.000008
 -0.000016   0.000118   0.000048
  0.000006  -0.000017   0.000030
  0.000040   0.000152   0.000035
  0.000011  -0.000014  -0.000013
  0.000228   0.000013   0.000006
 -0.000004   0.000003  -0.000004
 -0.000069  -0.000104   0.000194
 -0.000003  -0.000008   0.000004
 -0.000036  -0.000046  -0.000009
 -0.000014  -0.000001  -0.000029
  0.000081  -0.000033   0.000051
  0.000182  -0.000098   0.000087
 -0.000034   0.000193  -0.000137
  0.000004   0.000008   0.000024
 -0.000045  -0.000044   0.000075
  0.000042   0.000010   0.000052
  0.000002   0.000011   0.000008
  0.000001   0.000008  -0.000010
  0.000004   0.000009   0.000009
  0.000038  -0.000010   0.000049
  0.000054   0.000043   0.000014
  0.000102   0.000027  -0.000108
  0.000012  -0.000002  -0.000022
 -0.000030  -0.000044   0.000101
 -0.000002  -0.000005   0.000002
 -0.000545   0.000372   0.000209
 -0.000000   0.000007   0.000009
 -0.001007  -0.000348  -0.000674
 -0.000000   0.000002   0.000003
  0.000059   0.000284  -0.000361
 -0.000004  -0.000011   0.000008
 -0.267672  -0.182621  -0.060282
  0.000010  -0.000007   0.000010
 -0.012488  -0.010073  -0.003504
  0.000005  -0.000008  -0.000000
 -0.000436  -0.000385  -0.000845
  0.000009   0.000007   0.000018
  0.000657  -0.000874  -0.000598
  0.000001   0.000000   0.000016
 -0.000085   0.000049   0.000068
  0.000009   0.000007   0.000019
 -0.000003  -0.000002  -0.000001
  0.000179  -0.000003   0.000103
  0.000001   0.000010   0.000003
  0.000121  -0.000059   0.000043
  0.000008  -0.000001   0.000015
 -0.000047  -0.000067   0.000018
 -0.000011   0.000014   0.000005
  0.000039  -0.000025   0.000027
 -0.000000   0.000003   0.000014
  0.000102   0.000165  -0.000200
 -0.000001  -0.000001   0.000006
 -0.000024  -0.000016   0.000026
 -0.000002   0.000003   0.000000
 -0.000016   0.000108  -0.000040
 -0.000002   0.000009   0.000017
 -0.000015   0.000007  -0.000090
  0.000096  -0.000021  -0.000065
 -0.000035   0.000101  -0.000107
  0.000001  -0.000126  -0.000162
  0.000030   0.000021  -0.000014
  0.044748   0.027151   0.006260
  0.000032   0.000004  -0.000043
 -0.000359  -0.000103   0.000592
  0.000016   0.000010  -0.000077
 -0.000117  -0.000001  -0.000119
 -0.001682  -0.000884  -0.000359
 -0.000057   0.000024  -0.000060
  0.001400  -0.000556   0.002032
 -0.000059   0.000035  -0.000003
 -0.000006  -0.000174   0.000007
 -0.000229   0.000041  -0.000126
 -0.000032  -0.000041  -0.000027
  0.000033   0.000015   0.000192
  0.000707  -0.000259   0.000260
   59    2  0.0000  0.0150  0.0000
 -0.000101   0.000150   0.000068
  0.000088  -0.000191   0.000025
  0.000067   0.000019  -0.000096
  0.000034  -0.000049  -0.000095
 -0.000077  -0.000099  -0.000034
  0.000027   0.000093  -0.000083
 -0.000436  -0.000175   0.000037
  0.000035   0.000134  -0.000039
 -0.000242  -0.000266   0.000053
 -0.000018  -0.000052   0.000001
 -0.003526  -0.002927   0.000891
  0.000017   0.000028   0.000009
  0.181369   0.249683   0.063710
 -0.000013  -0.000007   0.000023
 -0.000481  -0.001466  -0.000580
 -0.000018  -0.000002   0.000013
 -0.001792  -0.000550   0.000319
  0.000004  -0.000007   0.000003
 -0.001624   0.000592   0.002423
 -0.000009   0.000004  -0.000005
  0.000077   0.000002   0.000035
  0.003350   0.007057  -0.000742
  0.000006  -0.000022   0.000005
 -0.000112  -0.000466   0.000045
  0.000016   0.000006  -0.000002
 -0.000344   0.000128   0.000053
 -0.000003   0.000009  -0.000013
  0.000114  -0.000218  -0.000000
  0.000016  -0.000027   0.000052
 -0.000200  -0.000179  -0.000131
 -0.000004  -0.000005  -0.000025
 -0.000080  -0.000018   0.000015
  0.000003   0.000004  -0.000007
  0.000309   0.000063  -0.000211
 -0.000002  -0.000003   0.000002
  0.000019  -0.000048   0.000269
 -0.000024   0.000016  -0.000016
  0.000039  -0.000099  -0.000057
  0.000213  -0.000212   0.000034
 -0.000115   0.000239  -0.000355
  0.000001   0.000026  -0.000014
 -0.000019  -0.000193   0.000002
  0.000030   0.000015   0.000070
  0.000003   0.000030   0.000001
  0.000005  -0.000041   0.000010
  0.000014   0.000018   0.000040
  0.000021  -0.000040  -0.000038
  0.000095   0.000067   0.000087
  0.000049   0.000048  -0.000155
  0.000016   0.000004  -0.000041
  0.000164   0.000285   0.000071
 -0.000002  -0.000009  -0.000019
 -0.000306  -0.000227   0.000481
  0.000006   0.000010   0.000013
 -0.000584  -0.001862  -0.001723
 -0.000003  -0.000003  -0.000003
 -0.000587  -0.000689   0.000126
 -0.000007  -0.000011   0.000014
 -0.182704  -0.259341  -0.073236
  0.000009  -0.000001   0.000006
  0.025089   0.024620   0.009700
  0.000004  -0.000004  -0.000002
 -0.000541  -0.000408   0.000268
  0.000006   0.000008   0.000003
 -0.000882  -0.000030   0.000217
  0.000002   0.000002   0.000009
 -0.000057   0.000094  -0.000133
  0.000000   0.000002  -0.000000
 -0.000001  -0.000001  -0.000002
 -0.000042  -0.000082   0.000003
  0.000003   0.000008   0.000001
  0.000070  -0.000124  -0.000003
  0.000006  -0.000007   0.000012
  0.000003   0.000088  -0.000194
 -0.000012   0.000008   0.000018
  0.000032   0.000030   0.000076
  0.000001   0.000001   0.000006
  0.000023   0.000015   0.000048
  0.000000  -0.000004   0.000005
 -0.000059   0.000103  -0.000096
 -0.000001   0.000003  -0.000001
  0.000050   0.000004  -0.000019
 -0.000001   0.000012   0.000011
  0.000046   0.000007   0.000081
  0.000118  -0.000060  -0.000026
 -0.000242   0.000262   0.000119
  0.000044  -0.000011  -0.000025
 -0.000079   0.000225  -0.000024
 -0.014708  -0.010035  -0.003105
  0.000018   0.000001  -0.000016
 -0.000300   0.000360   0.000146
  0.000024  -0.000007  -0.000035
 -0.000049   0.000020  -0.000062
 -0.003452  -0.001682  -0.000649
 -0.000039   0.000019  -0.000029
  0.001279  -0.001570   0.002203
 -0.000049   0.000132   0.000056
  0.000076  -0.000275   0.000105
 -0.000291   0.000163  -0.000117
  0.000043   0.000004   0.000164
 -0.000062   0.000065   0.000014
  0.001148  -0.001184  -0.000009
   59    3  0.0000 -0.0000  0.0150
  0.000111   0.000072  -0.000009
  0.000026  -0.000153   0.000040
 -0.000077  -0.000040   0.000191
  0.000032   0.000100  -0.000014
 -0.000162   0.000048   0.000027
 -0.000087   0.000137   0.000048
  0.000062  -0.000215   0.000135
 -0.000059  -0.000014   0.000041
  0.002485   0.000882  -0.002156
  0.000016  -0.000006   0.000011
  0.029743   0.032499   0.015644
 -0.000003   0.000007   0.000003
  0.069382   0.069074   0.091529
 -0.000007  -0.000000   0.000041
 -0.001501  -0.001460  -0.002095
 -0.000020  -0.000009   0.000023
 -0.001579   0.000088   0.000070
  0.000012  -0.000010  -0.000001
 -0.000934   0.002192   0.002989
 -0.000011   0.000002  -0.000011
  0.000136   0.000008   0.000072
  0.001722   0.003934  -0.000485
 -0.000001  -0.000014  -0.000009
 -0.000169  -0.000575   0.000030
  0.000022  -0.000008   0.000010
 -0.000325  -0.000088  -0.000228
  0.000003  -0.000002  -0.000008
  0.000056   0.000099  -0.000113
  0.000007  -0.000023   0.000037
  0.000096   0.000177   0.000137
  0.000005  -0.000006  -0.000003
  0.000118  -0.000013  -0.000029
  0.000000   0.000001  -0.000001
 -0.000074  -0.000097   0.000157
 -0.000002  -0.000005  -0.000003
 -0.000042  -0.000104   0.000019
  0.000002  -0.000007  -0.000008
  0.000012   0.000037  -0.000004
  0.000037   0.000022   0.000063
 -0.000192  -0.000529   0.000396
  0.000021  -0.000007   0.000007
 -0.000017   0.000010   0.000282
 -0.000004  -0.000018  -0.000228
 -0.000016   0.000029  -0.000029
 -0.000004  -0.000002   0.000051
 -0.000011   0.000005   0.000013
  0.000045  -0.000013   0.000030
  0.000048   0.000034   0.000019
 -0.000130  -0.000133  -0.000294
 -0.000019   0.000000  -0.000002
 -0.000217  -0.000000   0.000041
  0.000000  -0.000000   0.000006
 -0.001272  -0.000636   0.000267
  0.000001   0.000002   0.000005
  0.000475  -0.001089   0.008032
  0.000002   0.000001   0.000003
 -0.000173  -0.000179  -0.001995
  0.000001  -0.000007   0.000011
 -0.060229  -0.073179  -0.107771
  0.000010  -0.000009   0.000011
 -0.010503  -0.011117  -0.003833
  0.000003  -0.000005   0.000004
 -0.000651   0.000519   0.000433
  0.000011  -0.000000   0.000012
 -0.000358   0.000379  -0.000132
  0.000001  -0.000002   0.000010
 -0.000074  -0.000145   0.000138
  0.000009   0.000003   0.000017
 -0.000000  -0.000003   0.000001
  0.000112   0.000024   0.000156
 -0.000003   0.000001  -0.000006
  0.000104  -0.000043  -0.000036
  0.000008  -0.000001   0.000011
 -0.000064  -0.000176   0.000165
 -0.000002   0.000014   0.000014
  0.000024  -0.000015   0.000003
 -0.000000   0.000002   0.000012
  0.000090   0.000104  -0.000186
 -0.000002   0.000000   0.000004
 -0.000008   0.000000   0.000003
  0.000001   0.000001   0.000002
 -0.000037  -0.000093  -0.000080
 -0.000000   0.000003   0.000013
 -0.000041   0.000002   0.000084
  0.000090  -0.000101  -0.000033
 -0.000025   0.000044  -0.000044
 -0.000009  -0.000044  -0.000092
 -0.000019  -0.000166  -0.000001
 -0.024992  -0.017540  -0.003986
  0.000021  -0.000000  -0.000031
 -0.000636  -0.000212   0.000943
 -0.000000   0.000019  -0.000050
 -0.000096  -0.000005  -0.000099
 -0.002004  -0.001331  -0.000477
 -0.000046   0.000036  -0.000050
  0.000805  -0.001239   0.002677
  0.000049  -0.000001  -0.000060
 -0.000062   0.000591  -0.000125
 -0.000088   0.000021   0.000002
  0.000157   0.000198  -0.000202
  0.000057  -0.000080   0.000175
  0.000830  -0.000453  -0.000356
   61    1  0.0150  0.0000  0.0000
 -0.000022   0.000048   0.000009
 -0.000185   0.000053   0.000014
  0.000036  -0.000032  -0.000024
  0.000063  -0.000086   0.000005
 -0.000006  -0.000012   0.000017
  0.000001  -0.000012   0.000007
  0.000092   0.000216   0.000024
 -0.000084  -0.000024   0.000065
 -0.000852   0.000749  -0.000651
  0.000036   0.000010  -0.000003
  0.002178  -0.007257   0.006428
  0.000004  -0.000012   0.000002
  0.094006  -0.085353   0.033716
  0.000001   0.000004   0.000023
  0.000081   0.001308   0.005761
 -0.000013  -0.000004   0.000017
  0.000276  -0.001142  -0.002831
  0.000010  -0.000009   0.000004
 -0.003172  -0.002230   0.000837
 -0.000003   0.000001  -0.000007
  0.000058  -0.000001   0.000033
 -0.000780  -0.000085  -0.000032
  0.000004  -0.000009  -0.000002
  0.000311  -0.000013  -0.000452
  0.000018  -0.000002   0.000005
  0.000325  -0.000084   0.000155
 -0.000002  -0.000005   0.000004
  0.000036   0.000047   0.000050
 -0.000003   0.000006  -0.000003
 -0.000098   0.000046   0.000102
  0.000031  -0.000018   0.000003
 -0.000047  -0.000165  -0.000369
 -0.000004   0.000003  -0.000000
 -0.000324  -0.000116   0.000448
  0.000001  -0.000003  -0.000001
  0.000235  -0.000118  -0.000129
 -0.000002  -0.000021  -0.000019
 -0.000033   0.000019   0.000163
  0.000076   0.000071   0.000140
  0.000077   0.000233  -0.000079
 -0.000008   0.000003   0.000008
  0.000024   0.000032   0.000003
  0.000018  -0.000013   0.000030
  0.000024  -0.000034   0.000018
 -0.000014   0.000016  -0.000016
  0.000011  -0.000002   0.000007
  0.000078  -0.000058  -0.000083
 -0.000028   0.000013  -0.000043
  0.000023  -0.000016   0.000056
  0.000024  -0.000050  -0.000025
 -0.000361  -0.000170  -0.000071
  0.000006   0.000001   0.000018
 -0.000044   0.000135  -0.000013
  0.000003   0.000000   0.000013
 -0.000108  -0.000719  -0.000595
  0.000004  -0.000000   0.000005
 -0.000820  -0.000106   0.000966
  0.000004  -0.000000  -0.000002
 -0.012455   0.025126  -0.010564
  0.000005  -0.000000   0.000004
 -0.111670   0.109337  -0.030355
  0.000005  -0.000006   0.000005
  0.000148  -0.000073  -0.000092
  0.000007   0.000001   0.000010
  0.000037   0.000576  -0.000368
  0.000003  -0.000000   0.000005
  0.000354  -0.000193   0.000300
  0.000010   0.000001   0.000016
  0.000003  -0.000002   0.000000
  0.000157   0.000384   0.000366
  0.000003   0.000002  -0.000001
  0.000126  -0.000001  -0.000092
  0.000003   0.000002   0.000009
 -0.000010  -0.000033   0.000097
  0.000007   0.000006  -0.000003
 -0.000007  -0.000001  -0.000005
  0.000002  -0.000001   0.000009
 -0.000098  -0.000192  -0.000079
  0.000002  -0.000002   0.000004
  0.000100  -0.000080   0.000115
 -0.000001   0.000001   0.000001
  0.000005   0.000070  -0.000040
 -0.000001   0.000002   0.000006
 -0.000039   0.000013  -0.000095
  0.000033   0.000013  -0.000019
  0.000247   0.000001  -0.000293
 -0.000019  -0.000020   0.000003
  0.000068   0.000024  -0.000022
  0.027137  -0.041527  -0.001780
  0.000017  -0.000005  -0.000017
  0.004058   0.000773  -0.002084
  0.000001   0.000004  -0.000028
 -0.000032  -0.000006  -0.000028
  0.000827  -0.000146   0.000129
 -0.000014   0.000017  -0.000022
  0.000441   0.000471   0.000731
 -0.000050  -0.000032  -0.000132
  0.000018  -0.000198  -0.000018
 -0.000022  -0.000085  -0.000142
 -0.000053  -0.000056   0.000002
  0.000052   0.000000   0.000082
 -0.000564   0.000797   0.000682
   61    2  0.0000  0.0150  0.0000
 -0.000002  -0.000023  -0.000006
  0.000063   0.000247  -0.000021
  0.000004   0.000005  -0.000016
 -0.000041   0.000093   0.000056
  0.000017   0.000013  -0.000014
  0.000060  -0.000059   0.000053
  0.000281  -0.000471  -0.000014
 -0.000019  -0.000100   0.000110
  0.000200  -0.000318   0.000066
 -0.000014   0.000015   0.000020
  0.000660  -0.000506  -0.000171
 -0.000020  -0.000012  -0.000006
 -0.092656   0.354655  -0.101674
 -0.000001   0.000003   0.000029
 -0.000570  -0.001009  -0.001860
 -0.000019  -0.000011   0.000026
 -0.000154   0.000734   0.001066
  0.000014  -0.000012   0.000003
  0.001925  -0.000111  -0.000027
 -0.000010   0.000001  -0.000008
  0.000056   0.000003   0.000037
 -0.000264  -0.000486   0.000106
 -0.000001  -0.000012   0.000003
  0.000207   0.000055  -0.000175
  0.000016  -0.000004   0.000007
  0.000234  -0.000017  -0.000458
  0.000000  -0.000004  -0.000003
  0.000084   0.000064   0.000162
 -0.000004   0.000001  -0.000005
  0.000045  -0.000013   0.000008
  0.000002  -0.000000   0.000004
  0.000231   0.000196   0.000167
  0.000001  -0.000002  -0.000003
 -0.000603   0.000651   0.000365
 -0.000001  -0.000007   0.000002
 -0.000563   0.000223  -0.000238
  0.000012  -0.000008  -0.000009
 -0.000020  -0.000034  -0.000023
 -0.000033   0.000067   0.000014
  0.000125  -0.000022   0.000087
 -0.000000  -0.000006   0.000017
 -0.000025   0.000096   0.000082
  0.000009  -0.000002   0.000031
 -0.000012   0.000009  -0.000004
  0.000009   0.000004   0.000017
 -0.000012  -0.000016  -0.000003
 -0.000030   0.000086   0.000183
 -0.000006  -0.000063   0.000006
  0.000004  -0.000005   0.000038
 -0.000054   0.000068   0.000071
  0.000434  -0.000282  -0.000520
 -0.000002   0.000004  -0.000002
 -0.000086   0.000094  -0.000012
 -0.000006  -0.000000  -0.000019
  0.000134  -0.001351  -0.000127
  0.000003   0.000007   0.000005
  0.000180  -0.001932   0.000857
  0.000003  -0.000007   0.000000
 -0.010090   0.024508  -0.011171
  0.000008  -0.000006   0.000005
  0.109431  -0.381857   0.107324
  0.000004  -0.000001   0.000001
 -0.000102   0.000382  -0.000275
  0.000006   0.000001   0.000013
  0.000227   0.000330  -0.000155
  0.000002  -0.000001   0.000011
 -0.000117   0.000107  -0.000152
  0.000009   0.000006   0.000018
 -0.000000  -0.000000  -0.000001
 -0.000064  -0.000222   0.000051
 -0.000002   0.000003   0.000002
 -0.000054   0.000035   0.000075
  0.000005   0.000002   0.000002
 -0.000009  -0.000064   0.000071
 -0.000001   0.000007  -0.000009
  0.000018   0.000006  -0.000013
  0.000000   0.000002   0.000007
 -0.000176   0.000971  -0.000450
  0.000003  -0.000000   0.000005
  0.000111  -0.000163   0.000136
  0.000002  -0.000000   0.000001
  0.000005  -0.000007  -0.000012
  0.000004   0.000000   0.000009
 -0.000011  -0.000001   0.000001
 -0.000013   0.000009  -0.000020
  0.000009  -0.000127   0.000016
  0.000004   0.000020  -0.000123
 -0.000028  -0.000264  -0.000059
 -0.008531   0.005759   0.005775
  0.000019  -0.000000  -0.000035
 -0.001231  -0.000804   0.000350
  0.000001   0.000011  -0.000041
 -0.000044  -0.000014  -0.000046
  0.000366   0.000209   0.000166
 -0.000017   0.000010  -0.000030
  0.000407   0.000678   0.000649
  0.000029  -0.000069   0.000000
 -0.000011  -0.000023  -0.000073
  0.000041  -0.000023   0.000056
 -0.000101  -0.000015  -0.000096
  0.000056  -0.000001   0.000128
  0.000051   0.000113  -0.000390
   61    3  0.0000 -0.0000  0.0150
  0.000033  -0.000020   0.000004
  0.000168   0.000231  -0.000067
 -0.000110   0.000031   0.000033
 -0.000069   0.000122   0.000047
  0.000014   0.000000  -0.000021
  0.000095  -0.000073   0.000043
  0.000135   0.000352  -0.000165
  0.000060  -0.000054   0.000060
  0.002081  -0.001489  -0.001719
 -0.000042  -0.000001   0.000033
  0.013990  -0.042635   0.020064
 -0.000014  -0.000006   0.000010
  0.035264  -0.103564   0.096684
  0.000006  -0.000003   0.000013
 -0.001062   0.000372  -0.003231
  0.000005  -0.000009   0.000007
 -0.000461   0.000849   0.001560
  0.000010   0.000002  -0.000003
  0.002413   0.000993  -0.000822
  0.000001   0.000007   0.000001
 -0.000155   0.000070  -0.000087
 -0.000273  -0.000182  -0.000083
  0.000002   0.000025  -0.000014
  0.000034  -0.000099  -0.000048
 -0.000018   0.000000   0.000002
 -0.000026   0.000061  -0.000059
  0.000014   0.000003   0.000004
  0.000219  -0.000023  -0.000017
  0.000005   0.000002  -0.000000
  0.000045  -0.000029   0.000429
 -0.000011   0.000015   0.000013
 -0.000111   0.000122   0.000270
  0.000008   0.000001   0.000001
  0.000554  -0.000398  -0.000104
  0.000008   0.000002   0.000004
 -0.000343  -0.000253  -0.000193
  0.000021   0.000013   0.000022
 -0.000008   0.000048  -0.000020
 -0.000096   0.000002  -0.000115
  0.000418   0.000307   0.000288
 -0.000009   0.000007   0.000024
 -0.000029   0.000063   0.000040
 -0.000011  -0.000099  -0.000065
 -0.000021   0.000018  -0.000023
 -0.000034   0.000024   0.000030
 -0.000011  -0.000015  -0.000010
 -0.000008   0.000122  -0.000330
  0.000004  -0.000079   0.000050
  0.000017  -0.000103  -0.000010
 -0.000059   0.000090   0.000085
 -0.001086   0.000888   0.000180
 -0.000002   0.000008  -0.000014
 -0.000021   0.000089   0.000065
 -0.000001  -0.000006  -0.000023
  0.000077   0.000527  -0.002478
  0.000003   0.000005   0.000004
  0.000730   0.000798   0.008887
  0.000004  -0.000001   0.000003
 -0.003508   0.009723  -0.003822
 -0.000002   0.000006   0.000002
 -0.030344   0.107150  -0.115094
  0.000003   0.000000   0.000000
 -0.000161   0.000296  -0.000122
 -0.000007   0.000004   0.000011
  0.000052  -0.000139   0.000009
  0.000002   0.000001  -0.000001
 -0.000030  -0.000027   0.000007
  0.000003  -0.000001  -0.000000
  0.000006  -0.000001   0.000006
  0.000041   0.000038  -0.000180
 -0.000006  -0.000021  -0.000012
 -0.000112   0.000021   0.000077
  0.000002   0.000001  -0.000006
  0.000068   0.000070   0.000028
  0.000002  -0.000005   0.000004
 -0.000126   0.000057  -0.000211
  0.000005  -0.000001  -0.000004
  0.000035  -0.000242  -0.000343
 -0.000002  -0.000003   0.000003
  0.000098  -0.000039   0.000010
  0.000006  -0.000002   0.000003
  0.000041   0.000021  -0.000051
  0.000009  -0.000004   0.000001
 -0.000001  -0.000043   0.000066
 -0.000036   0.000013   0.000008
 -0.000134  -0.000110   0.000197
 -0.000128   0.000219   0.000150
 -0.000076  -0.000225  -0.000055
 -0.016435   0.027711  -0.001504
 -0.000002   0.000002   0.000005
 -0.002076  -0.001324   0.001842
 -0.000015  -0.000002  -0.000003
  0.000041  -0.000053   0.000141
  0.000156   0.000237   0.000101
  0.000056  -0.000059   0.000013
  0.000177   0.000145   0.000182
  0.000063  -0.000019   0.000105
 -0.000148  -0.000144  -0.000207
  0.000082   0.000029   0.000151
 -0.000343  -0.000144  -0.000134
  0.000155   0.000059   0.000035
  0.000243  -0.000319  -0.000643
   63    1  0.0150  0.0000  0.0000
 -0.000029  -0.000004   0.000032
  0.000529  -0.000571   0.000023
 -0.000034   0.000051  -0.000043
  0.000016   0.000131  -0.000043
 -0.000015  -0.000033  -0.000080
 -0.000148   0.000249   0.000028
  0.000052   0.000001   0.000052
 -0.000207   0.000059   0.000053
 -0.000093  -0.000006  -0.000027
  0.000054  -0.000044   0.000020
  0.000218   0.000086  -0.000002
 -0.000008   0.000036  -0.000014
 -0.001546  -0.000713   0.001142
 -0.000012  -0.000005   0.000048
  0.351148   0.172158   0.116005
 -0.000027  -0.000014   0.000024
  0.002745  -0.001407  -0.005655
  0.000016  -0.000013   0.000005
 -0.002057  -0.001448  -0.003175
 -0.000017  -0.000001  -0.000000
  0.000094   0.000010   0.000054
  0.003883   0.007753   0.000890
  0.000005  -0.000026  -0.000003
 -0.000206  -0.000675   0.000058
  0.000016  -0.000001   0.000009
 -0.000683   0.000132  -0.000064
  0.000021   0.000009  -0.000043
 -0.000025  -0.000082   0.000008
  0.000015  -0.000095   0.000118
  0.000064   0.000004   0.000008
 -0.000105   0.000048  -0.000031
  0.000105   0.000176   0.000239
  0.000021  -0.000000  -0.000017
  0.000212   0.000087  -0.000210
 -0.000007  -0.000005  -0.000000
 -0.000055   0.000090  -0.000191
  0.000015   0.000181  -0.000015
  0.000059  -0.000021  -0.000066
  0.000245  -0.000597  -0.000446
  0.000016   0.000072   0.000031
  0.000007   0.000003   0.000015
  0.000533  -0.000542   0.001014
  0.000002  -0.000002   0.000031
  0.000008   0.000109  -0.000033
  0.000017  -0.000027   0.000037
 -0.000060  -0.000020   0.000021
  0.000008  -0.000009   0.000009
  0.000146   0.000044   0.000059
 -0.000003  -0.000000   0.000013
 -0.000025   0.000056  -0.000028
  0.000010   0.000010   0.000002
 -0.000018   0.000004  -0.000002
  0.000047  -0.000020  -0.000032
  0.000001  -0.000001   0.000011
  0.000005   0.000037   0.000075
  0.000012   0.000020  -0.000004
 -0.000019  -0.000031   0.000024
  0.000003  -0.000022   0.000019
 -0.000426  -0.000545  -0.000631
  0.000008  -0.000003   0.000011
  0.000166  -0.000113  -0.000212
  0.000002  -0.000004  -0.000009
 -0.361640  -0.177798  -0.120531
  0.000008   0.000006   0.000013
  0.000164   0.000974   0.000494
  0.000003  -0.000001   0.000012
 -0.001039   0.000340  -0.000264
  0.000013   0.000008   0.000022
 -0.000002   0.000004  -0.000004
  0.000076  -0.000035   0.000145
 -0.000007   0.000009  -0.000000
  0.000127  -0.000066  -0.000077
  0.000023   0.000002   0.000003
 -0.000005   0.000007  -0.000058
 -0.000001   0.000052   0.000036
  0.000018   0.000007   0.000016
 -0.000003   0.000008   0.000001
  0.000118   0.000027  -0.000116
  0.000003  -0.000003   0.000008
 -0.000038  -0.000097  -0.000020
  0.000009  -0.000002  -0.000004
 -0.000004   0.000033  -0.000046
  0.000032   0.000028   0.000060
  0.000049  -0.000026   0.000057
  0.000016  -0.000038  -0.000041
 -0.000282   0.000167  -0.000056
  0.000049   0.000001  -0.000047
 -0.000181  -0.000096   0.000045
 -0.009815  -0.005945  -0.004898
  0.000031   0.000009  -0.000041
  0.019698   0.014348   0.014244
  0.000007   0.000014  -0.000068
 -0.000073  -0.000001  -0.000089
 -0.003238  -0.001846  -0.001459
 -0.000044   0.000009  -0.000050
 -0.000538  -0.004129   0.002032
  0.000007   0.000139   0.001240
 -0.000006  -0.000048  -0.000036
 -0.000463   0.000069   0.000149
 -0.000040  -0.000005  -0.000034
  0.000001   0.000041   0.000140
  0.002267  -0.000675   0.000114
   63    2  0.0000  0.0150  0.0000
 -0.000009   0.000046  -0.000008
 -0.000333   0.000254   0.000206
  0.000039  -0.000032   0.000007
  0.000248  -0.000224  -0.000101
 -0.000013   0.000001   0.000046
  0.000121   0.000062  -0.000106
  0.000008  -0.000002   0.000011
 -0.000216   0.000247  -0.000066
 -0.000100   0.000001  -0.000041
  0.000068  -0.000077  -0.000043
 -0.000160  -0.000233   0.000163
  0.000027   0.000053  -0.000007
  0.000526   0.001558  -0.002034
  0.000005  -0.000014  -0.000041
  0.170649   0.152111   0.092286
  0.000021   0.000010  -0.000026
 -0.001472  -0.004628   0.003051
 -0.000004   0.000016  -0.000003
 -0.001933  -0.001295   0.004425
  0.000011   0.000002   0.000016
 -0.000057  -0.000014  -0.000043
  0.002587   0.003004   0.000228
  0.000000   0.000015  -0.000003
 -0.000005   0.000160   0.000105
 -0.000024   0.000005  -0.000004
  0.000246   0.000171  -0.000227
  0.000005   0.000022  -0.000021
 -0.000008  -0.000077  -0.000112
  0.000004  -0.000031   0.000079
  0.000180  -0.000011  -0.000025
 -0.000073   0.000033  -0.000030
 -0.000216  -0.000046   0.000275
  0.000005   0.000003  -0.000005
 -0.000347   0.000006  -0.000084
  0.000001   0.000010  -0.000004
 -0.000037   0.000189   0.000123
 -0.000030   0.000215   0.000049
 -0.000057   0.000024  -0.000014
  0.000973  -0.001470  -0.000073
 -0.000052   0.000062  -0.000122
 -0.000010   0.000007  -0.000023
 -0.000520  -0.000472  -0.000498
  0.000001   0.000008   0.000002
  0.000051   0.000051  -0.000050
 -0.000004   0.000003  -0.000016
  0.000005   0.000057   0.000131
 -0.000005   0.000001  -0.000006
  0.000078   0.000038   0.000069
  0.000003   0.000014  -0.000000
  0.000045   0.000149  -0.000231
 -0.000001   0.000040   0.000003
 -0.000013  -0.000000  -0.000016
  0.000007  -0.000005   0.000022
  0.000013  -0.000001   0.000055
 -0.000012   0.000015  -0.000173
  0.000013   0.000006  -0.000018
 -0.000010  -0.000026  -0.000062
  0.000006   0.000002   0.000010
 -0.000401  -0.000414   0.000538
 -0.000009   0.000013  -0.000004
 -0.000063   0.000404   0.000297
 -0.000004   0.000005  -0.000006
 -0.177654  -0.152572  -0.097029
 -0.000005   0.000003  -0.000009
  0.000045  -0.001740   0.000430
  0.000002   0.000002  -0.000013
  0.001143  -0.001422   0.000846
 -0.000006  -0.000003  -0.000013
  0.000001   0.000005   0.000002
 -0.000022  -0.000054   0.000066
  0.000001   0.000001   0.000000
  0.000033   0.000065  -0.000050
  0.000001  -0.000001  -0.000001
 -0.000005   0.000004  -0.000003
  0.000026  -0.000017   0.000038
  0.000015   0.000002   0.000026
  0.000000   0.000003  -0.000012
  0.000028   0.000038  -0.000027
 -0.000000   0.000004  -0.000004
 -0.000031   0.000315   0.000062
  0.000001   0.000010   0.000000
  0.000050  -0.000016  -0.000013
  0.000028   0.000043   0.000057
  0.000085   0.000003   0.000082
  0.000030   0.000003   0.000025
  0.000123   0.000037  -0.000010
 -0.000007  -0.000016  -0.000013
 -0.000120   0.000230  -0.000020
  0.018416   0.008094   0.004223
 -0.000017   0.000003   0.000034
 -0.009101  -0.003115  -0.007515
 -0.000005  -0.000004   0.000040
  0.000044   0.000014   0.000050
 -0.001377  -0.000365  -0.000691
  0.000016  -0.000013   0.000036
 -0.001023  -0.000384   0.000865
 -0.000338   0.000762   0.001343
  0.000050  -0.000028   0.000018
 -0.000605   0.000578  -0.000364
  0.000048   0.000015   0.000091
 -0.000029   0.000003  -0.000120
  0.000408  -0.000506  -0.000275
   63    3  0.0000 -0.0000  0.0150
 -0.000024   0.000023   0.000021
  0.000601  -0.000391  -0.000126
  0.000020   0.000003  -0.000034
 -0.000181   0.000235   0.000068
 -0.000028   0.000009  -0.000007
 -0.000086   0.000107   0.000020
 -0.000095   0.000002   0.000080
  0.000117  -0.000078   0.000004
  0.000023   0.000061   0.000088
 -0.000040   0.000038  -0.000016
 -0.000295  -0.000100   0.000123
  0.000026  -0.000019   0.000033
  0.002871  -0.001327  -0.000155
 -0.000036   0.000017   0.000056
  0.108508   0.087674   0.113072
 -0.000062  -0.000022   0.000072
 -0.005369   0.002642  -0.001015
  0.000027  -0.000032   0.000002
 -0.003928   0.004732   0.004099
 -0.000028   0.000015  -0.000039
  0.000221   0.000033   0.000153
 -0.001364  -0.002539  -0.000597
  0.000002  -0.000043   0.000009
  0.000066  -0.000007  -0.000138
  0.000045   0.000016   0.000001
 -0.000144  -0.000074   0.000043
 -0.000003  -0.000002  -0.000011
  0.000012   0.000138   0.000118
 -0.000038  -0.000028   0.000065
  0.000018   0.000034   0.000128
  0.000155  -0.000088   0.000022
  0.000136   0.000169   0.000076
 -0.000016   0.000006   0.000019
  0.000095   0.000141  -0.000120
 -0.000023  -0.000009   0.000008
 -0.000054  -0.000105  -0.000369
  0.000010  -0.000272  -0.000006
  0.000001   0.000027  -0.000052
 -0.001229   0.002329   0.001724
  0.000196  -0.000050   0.000268
  0.000006  -0.000000   0.000049
  0.001002  -0.000375   0.000254
  0.000016  -0.000002   0.000026
 -0.000069  -0.000027  -0.000058
  0.000007   0.000010   0.000040
 -0.000033   0.000106   0.000021
  0.000025  -0.000004   0.000015
 -0.000137   0.000011  -0.000103
  0.000001  -0.000018  -0.000012
 -0.000015  -0.000216   0.000014
 -0.000007   0.000011   0.000006
  0.000035  -0.000016   0.000036
 -0.000056  -0.000065   0.000031
  0.000000   0.000034  -0.000000
 -0.000026  -0.000040  -0.000124
 -0.000036  -0.000035   0.000008
  0.000016   0.000057   0.000022
 -0.000007   0.000021  -0.000017
 -0.000844   0.000272   0.000441
  0.000014  -0.000005   0.000012
 -0.000088  -0.000244  -0.000136
  0.000009  -0.000012   0.000010
 -0.120352  -0.097042  -0.113908
  0.000015   0.000012   0.000031
 -0.000693   0.000272  -0.001635
 -0.000000   0.000006   0.000023
  0.001244   0.001186  -0.000968
  0.000001   0.000005   0.000009
 -0.000009  -0.000010  -0.000003
  0.000024   0.000066  -0.000007
 -0.000004   0.000015  -0.000004
 -0.000026   0.000075  -0.000040
 -0.000024  -0.000006   0.000024
  0.000008  -0.000018   0.000033
  0.000086   0.000062  -0.000016
 -0.000012  -0.000019  -0.000036
 -0.000002   0.000005   0.000032
 -0.000015  -0.000033  -0.000022
 -0.000005  -0.000000   0.000012
 -0.000012   0.000053  -0.000042
 -0.000025   0.000009  -0.000011
 -0.000027  -0.000032  -0.000006
 -0.000064  -0.000014  -0.000035
 -0.000062   0.000006   0.000018
 -0.000010  -0.000033  -0.000087
 -0.000187  -0.000040   0.000318
  0.000006  -0.000021  -0.000031
 -0.000164  -0.000067   0.000052
  0.031059   0.016648   0.009936
  0.000035   0.000017  -0.000065
 -0.014395  -0.014805  -0.009598
  0.000025   0.000006  -0.000113
 -0.000168  -0.000024  -0.000182
  0.001703   0.000847   0.001025
 -0.000076   0.000032  -0.000102
  0.001363   0.001552  -0.000055
  0.000915  -0.000519  -0.001436
 -0.000074   0.000053  -0.000160
  0.001268  -0.000601  -0.000015
 -0.000171  -0.000016  -0.000224
  0.000119   0.000009   0.000347
 -0.001216  -0.000364  -0.001279
   65    1  0.0150  0.0000  0.0000
 -0.000031   0.000058   0.000016
 -0.000248  -0.000114   0.000145
  0.000039  -0.000037  -0.000009
  0.000127  -0.000311  -0.000056
 -0.000023  -0.000018   0.000027
 -0.000084  -0.000058  -0.000008
 -0.000034   0.000024   0.000127
 -0.000075  -0.000027   0.000011
  0.000617  -0.000049   0.000323
  0.000018   0.000005  -0.000000
  0.000055  -0.000066   0.000250
 -0.000006  -0.000010  -0.000004
  0.000786   0.001321   0.000269
  0.000002   0.000003   0.000008
 -0.000272   0.003241   0.002165
 -0.000002   0.000010  -0.000003
  0.475106   0.053549  -0.089288
 -0.000009   0.000003   0.000003
  0.006262   0.004314   0.003947
 -0.000002  -0.000009   0.000007
  0.000000  -0.000006  -0.000004
 -0.000477  -0.000746   0.000034
  0.000007   0.000003   0.000001
  0.000102   0.000106  -0.000189
  0.000006  -0.000004   0.000009
  0.000055   0.000100  -0.000004
  0.000001  -0.000005   0.000003
 -0.000087  -0.000078  -0.000150
 -0.000001  -0.000003   0.000006
  0.000106   0.000020  -0.000004
 -0.000009   0.000006   0.000007
  0.000089   0.000011   0.000177
 -0.000002   0.000000   0.000002
 -0.000176  -0.000018  -0.000038
  0.000000  -0.000001   0.000003
 -0.000013   0.000215  -0.000174
  0.000011   0.000014   0.000008
  0.000063   0.000007   0.000122
  0.000007  -0.000067  -0.000067
 -0.000167   0.000070  -0.000205
 -0.000004   0.000008  -0.000014
 -0.000016   0.000012  -0.000049
 -0.000001   0.000006   0.000012
  0.000073   0.000031   0.000048
 -0.000013   0.000003  -0.000034
 -0.000002  -0.000017   0.000010
 -0.000001  -0.000022  -0.000027
  0.000003  -0.000016  -0.000013
  0.000014   0.000023  -0.000021
  0.000008   0.000019  -0.000011
 -0.000120   0.000023   0.000055
 -0.000009   0.000005   0.000004
  0.000229   0.000113   0.000610
 -0.000006  -0.000006   0.000001
 -0.000018   0.000000  -0.000117
  0.000004   0.000010   0.000002
 -0.000017   0.000018  -0.000059
  0.000000  -0.000006   0.000001
  0.000691  -0.000866  -0.000342
 -0.000003  -0.000003  -0.000002
  0.000016   0.000198   0.000057
 -0.000005   0.000001   0.000000
  0.000120  -0.000012  -0.000742
  0.000001  -0.000002  -0.000008
 -0.499345  -0.061433   0.088171
 -0.000006  -0.000001  -0.000002
  0.000410  -0.000720   0.000052
  0.000002  -0.000000   0.000015
 -0.000002   0.000002   0.000001
 -0.000029   0.000071   0.000007
 -0.000000  -0.000000   0.000001
  0.000137  -0.000029   0.000066
  0.000001   0.000005  -0.000001
 -0.000025  -0.000012   0.000024
 -0.000002  -0.000003   0.000003
  0.000016   0.000006   0.000012
 -0.000007  -0.000002   0.000001
  0.000023   0.000029  -0.000009
 -0.000003  -0.000003   0.000002
 -0.000031  -0.000077   0.000165
 -0.000003   0.000000   0.000002
 -0.000049   0.000080   0.000032
  0.000001   0.000001   0.000008
  0.000028  -0.000015  -0.000134
  0.000055   0.000015  -0.000001
 -0.000234   0.000059  -0.000311
 -0.000035  -0.000029  -0.000023
  0.000092   0.000145   0.000040
 -0.001234  -0.000469  -0.002504
 -0.000005   0.000002  -0.000005
  0.015966   0.000559  -0.002622
 -0.000004  -0.000000   0.000016
  0.000011   0.000012   0.000014
  0.000226   0.000211   0.000204
  0.000001   0.000015   0.000014
  0.000722   0.000409  -0.000107
  0.000007  -0.000008   0.000102
  0.000050  -0.000127   0.000125
 -0.000104   0.000022   0.000046
  0.000091   0.000004   0.000090
 -0.000044  -0.000007  -0.000057
  0.000637   0.000317  -0.000264
   65    2  0.0000  0.0150  0.0000
  0.000000   0.000002   0.000014
 -0.000029  -0.000106   0.000029
 -0.000002  -0.000000   0.000006
 -0.000035   0.000001   0.000013
  0.000000  -0.000016   0.000018
  0.000104   0.000158  -0.000011
  0.000044   0.000292   0.000012
  0.000044   0.000061  -0.000038
 -0.000078  -0.000810   0.000175
 -0.000022  -0.000014   0.000000
 -0.000196   0.000179  -0.000129
  0.000003   0.000016   0.000009
 -0.000309  -0.002548   0.000333
  0.000001  -0.000007  -0.000011
  0.003437  -0.000445   0.006715
  0.000011   0.000004  -0.000011
  0.048593   0.055103   0.008366
 -0.000011   0.000006  -0.000001
 -0.015203  -0.005049  -0.002009
  0.000005   0.000000   0.000009
 -0.000043   0.000009  -0.000016
  0.001395   0.002626   0.000200
  0.000000   0.000006  -0.000000
 -0.000284  -0.000229   0.000367
 -0.000009   0.000002  -0.000000
 -0.000499  -0.000105   0.000129
 -0.000004   0.000004   0.000004
  0.000034   0.000053   0.000172
  0.000004  -0.000010   0.000017
 -0.000158  -0.000111  -0.000097
 -0.000017   0.000003  -0.000008
  0.000300   0.000108   0.000078
 -0.000003   0.000001   0.000001
  0.000346  -0.000035  -0.000007
 -0.000003   0.000003  -0.000001
  0.000088  -0.000182   0.000154
 -0.000017   0.000019  -0.000002
  0.000241  -0.000107   0.000200
  0.000075  -0.000119  -0.000047
 -0.000264   0.000094  -0.000279
  0.000012   0.000000   0.000003
 -0.000043  -0.000037   0.000027
 -0.000010   0.000007  -0.000008
 -0.000068  -0.000009  -0.000044
  0.000003  -0.000007  -0.000035
  0.000000   0.000020  -0.000009
 -0.000023  -0.000023  -0.000077
  0.000030   0.000031   0.000026
  0.000001   0.000017   0.000063
 -0.000012  -0.000003   0.000000
  0.000150   0.000407   0.000175
 -0.000004  -0.000003  -0.000008
 -0.000042  -0.000044  -0.000270
 -0.000000   0.000002   0.000001
  0.000073  -0.000005  -0.000029
 -0.000008  -0.000007  -0.000002
 -0.000089   0.000007  -0.000025
 -0.000008   0.000002   0.000006
 -0.000853  -0.000025   0.000392
 -0.000006   0.000003  -0.000000
  0.000586   0.000294  -0.000124
 -0.000005   0.000002   0.000000
  0.000971  -0.001749   0.000270
 -0.000002  -0.000004  -0.000007
 -0.061353  -0.051251  -0.007641
 -0.000002   0.000001  -0.000005
 -0.000052   0.002231  -0.001515
 -0.000011  -0.000005  -0.000014
 -0.000004  -0.000001   0.000001
  0.000107  -0.000054  -0.000010
 -0.000004  -0.000002   0.000000
 -0.000112  -0.000011  -0.000080
 -0.000005  -0.000004   0.000004
 -0.000018   0.000025  -0.000084
 -0.000010  -0.000002   0.000015
  0.000002  -0.000014  -0.000016
 -0.000005  -0.000001  -0.000003
  0.000043   0.000036  -0.000008
 -0.000004  -0.000002  -0.000000
 -0.000067   0.000224  -0.000324
 -0.000005  -0.000003   0.000000
 -0.000093   0.000369   0.000010
 -0.000004   0.000002  -0.000002
  0.000141  -0.000129  -0.000390
 -0.000005   0.000019   0.000008
 -0.000010   0.000046   0.000060
 -0.000028  -0.000021   0.000008
 -0.000052   0.000066  -0.000056
 -0.001444  -0.002829   0.005989
 -0.000014   0.000000   0.000016
  0.024778   0.006149  -0.009592
 -0.000004  -0.000013   0.000035
  0.000032   0.000000   0.000028
 -0.000999  -0.000360  -0.000378
  0.000010  -0.000010   0.000014
  0.000257  -0.002098  -0.001187
 -0.000051   0.000056   0.000068
  0.000004  -0.000169   0.000200
 -0.000161  -0.000019  -0.000059
  0.000084  -0.000056   0.000108
 -0.000082   0.000020  -0.000079
  0.000947   0.000081   0.000198
   65    3  0.0000 -0.0000  0.0150
 -0.000054   0.000178   0.000073
 -0.000714  -0.000197   0.000326
  0.000051   0.000011  -0.000019
  0.000295  -0.000395   0.000051
 -0.000131  -0.000065   0.000008
 -0.000001   0.000136   0.000016
 -0.000607  -0.000137   0.000295
 -0.000188  -0.000051   0.000113
  0.000918   0.000757  -0.000102
  0.000050   0.000004   0.000017
  0.000331  -0.000163  -0.000446
 -0.000020  -0.000020  -0.000006
 -0.000623  -0.000269  -0.001970
 -0.000019   0.000014   0.000082
  0.003145   0.006794   0.002245
 -0.000060  -0.000014   0.000052
 -0.095752   0.006828   0.083347
  0.000022  -0.000035   0.000020
 -0.023136  -0.009239  -0.004193
 -0.000019  -0.000005  -0.000018
  0.000204   0.000009   0.000110
  0.000650   0.000869   0.000073
  0.000007  -0.000039   0.000007
 -0.000115  -0.000172   0.000038
  0.000051  -0.000010   0.000022
 -0.000203   0.000045  -0.000072
 -0.000003  -0.000011  -0.000010
  0.000029  -0.000005   0.000004
 -0.000005  -0.000010   0.000016
  0.000052   0.000061   0.000077
  0.000016  -0.000014   0.000003
 -0.000169  -0.000012  -0.000066
 -0.000004   0.000005  -0.000006
  0.000057   0.000043   0.000025
 -0.000001  -0.000013   0.000009
 -0.000041  -0.000061  -0.000220
  0.000008  -0.000002  -0.000032
 -0.000064  -0.000004  -0.000191
  0.000197  -0.000107   0.000062
  0.000137   0.000009   0.000136
  0.000004   0.000020   0.000020
 -0.000071   0.000057   0.000049
  0.000019  -0.000008   0.000007
  0.000026   0.000051  -0.000011
 -0.000011  -0.000023   0.000061
  0.000009  -0.000021   0.000023
  0.000051  -0.000039  -0.000034
  0.000039  -0.000007  -0.000017
  0.000002  -0.000017  -0.000233
  0.000002   0.000037  -0.000013
  0.000140   0.000406   0.000063
 -0.000007   0.000005   0.000018
  0.000397  -0.000940   0.000819
 -0.000006   0.000001   0.000011
 -0.000146  -0.000007   0.000134
  0.000008   0.000016   0.000006
 -0.000033   0.000026   0.000098
  0.000001  -0.000016   0.000005
 -0.000614   0.000211  -0.000145
  0.000015  -0.000011   0.000013
 -0.000366  -0.000148  -0.000004
  0.000006  -0.000010   0.000003
  0.000496   0.000430  -0.001631
  0.000015   0.000010   0.000027
  0.087934  -0.007720  -0.076439
  0.000001   0.000002   0.000023
  0.000942  -0.001336   0.000995
  0.000024   0.000013   0.000049
 -0.000001  -0.000001  -0.000001
  0.000005  -0.000099   0.000062
  0.000001   0.000011   0.000001
  0.000092  -0.000017   0.000046
  0.000014   0.000009   0.000016
  0.000009  -0.000029   0.000015
 -0.000009   0.000021  -0.000005
  0.000002   0.000012   0.000018
 -0.000001   0.000003   0.000024
 -0.000003  -0.000014  -0.000059
 -0.000001  -0.000004   0.000015
  0.000030  -0.000140   0.000104
 -0.000000   0.000006   0.000003
  0.000053  -0.000247  -0.000057
  0.000004   0.000010   0.000031
 -0.000224   0.000089   0.000326
  0.000084  -0.000104  -0.000070
  0.000043   0.000023  -0.000476
  0.000047   0.000009   0.000022
  0.000096   0.000103   0.000061
 -0.004798   0.006171   0.003054
  0.000051  -0.000003  -0.000068
  0.030595  -0.001008  -0.006147
 -0.000001   0.000028  -0.000108
 -0.000145  -0.000003  -0.000136
 -0.000213  -0.000244  -0.000089
 -0.000067   0.000042  -0.000072
  0.000146  -0.000863  -0.000235
 -0.000027   0.000013   0.000055
 -0.000024   0.000061  -0.000153
 -0.000205   0.000027  -0.000067
 -0.000090   0.000062  -0.000111
  0.000080   0.000013   0.000255
  0.001285   0.000365  -0.000026
   67    1  0.0150  0.0000  0.0000
  0.000251  -0.000078   0.000130
 -0.000098   0.000023   0.000044
 -0.000242   0.000548   0.000289
  0.000025  -0.000069   0.000010
 -0.000025  -0.000354  -0.000182
  0.000007   0.000018  -0.000008
  0.000198  -0.000054  -0.000104
 -0.000009   0.000012   0.000041
 -0.000037  -0.000633  -0.000004
 -0.000004  -0.000006   0.000012
  0.000698   0.000698  -0.000116
  0.000001  -0.000006   0.000011
 -0.001952  -0.000529   0.000899
 -0.000006   0.000005   0.000039
  0.009516   0.001795  -0.002623
 -0.000024   0.000002   0.000012
 -0.016425  -0.013444  -0.012108
 -0.000000  -0.000019   0.000021
  0.096081   0.059085   0.060548
 -0.000005  -0.000010   0.000001
  0.000001   0.000060   0.000018
  0.000036  -0.000408  -0.000058
  0.000017  -0.000023   0.000009
 -0.000338   0.000081   0.000072
  0.000014   0.000005   0.000002
 -0.000464  -0.000025  -0.000244
 -0.000002  -0.000002   0.000004
 -0.000113  -0.000058   0.000233
  0.000001   0.000005   0.000008
  0.000220  -0.000022   0.000021
  0.000029  -0.000025  -0.000008
 -0.000006   0.000063   0.000072
  0.000002   0.000009  -0.000010
 -0.000013  -0.000003  -0.000120
  0.000006  -0.000009   0.000031
  0.000205   0.000016  -0.000057
 -0.000024  -0.000001  -0.000037
  0.000052  -0.000048  -0.000018
  0.000265  -0.000139   0.000109
 -0.000208  -0.000312  -0.000025
  0.000045   0.000023  -0.000036
 -0.000021   0.000005  -0.000017
 -0.000006   0.000015  -0.000226
  0.000015  -0.000012   0.000023
  0.000043  -0.000102   0.000141
  0.000014   0.000004   0.000002
 -0.000021  -0.000012  -0.000015
  0.000015   0.000008   0.000003
 -0.000015   0.000021  -0.000049
  0.000006   0.000005  -0.000008
  0.000194   0.000286  -0.000077
  0.000003  -0.000004   0.000003
 -0.000141  -0.000176   0.000100
  0.000001   0.000007   0.000007
  0.000617  -0.000394  -0.001512
 -0.000001  -0.000001   0.000003
 -0.000216  -0.000083   0.000021
 -0.000004  -0.000006   0.000002
 -0.000084  -0.000045  -0.000073
  0.000010   0.000001   0.000008
  0.000357  -0.000111  -0.000033
  0.000008  -0.000009   0.000003
 -0.001029   0.001140   0.001246
  0.000015   0.000003  -0.000001
  0.000421  -0.000068   0.000913
  0.000006   0.000006   0.000020
 -0.093162  -0.069811  -0.075841
  0.000006   0.000001   0.000013
  0.000002  -0.000001  -0.000003
  0.000314  -0.000434   0.000146
 -0.000010   0.000001   0.000001
  0.000054   0.000016   0.000054
  0.000001  -0.000001   0.000012
 -0.000032   0.000015  -0.000061
 -0.000003   0.000004  -0.000001
 -0.000008   0.000027  -0.000021
  0.000002  -0.000002   0.000010
  0.000008  -0.000008   0.000024
  0.000002  -0.000019   0.000017
 -0.000011  -0.000014   0.000009
 -0.000003   0.000002  -0.000001
 -0.000025  -0.000025   0.000040
 -0.000001   0.000007   0.000010
 -0.000037  -0.000080  -0.000040
 -0.000164  -0.000304   0.000054
  0.000115   0.000039  -0.000113
  0.000542   0.000391   0.000060
  0.000055   0.000056  -0.000021
  0.004685   0.025424   0.035726
  0.000033   0.000004  -0.000027
  0.000412  -0.002876  -0.007731
  0.000025  -0.000011  -0.000047
  0.000005  -0.000039  -0.000009
  0.000173  -0.000003  -0.000026
 -0.000003  -0.000041  -0.000041
  0.000163   0.000275  -0.000152
 -0.000175   0.000060  -0.000024
 -0.000026   0.000218   0.000087
 -0.000220  -0.000068  -0.000334
  0.000156   0.000076   0.000068
 -0.000184   0.000192   0.000051
 -0.000547   0.000283   0.000748
   67    2  0.0000  0.0150  0.0000
  0.000246   0.000417  -0.000013
  0.000012   0.000005  -0.000024
  0.000035  -0.000620   0.000137
  0.000000   0.000012   0.000002
  0.000383   0.000175   0.000607
  0.000001  -0.000021   0.000020
  0.000004   0.000041  -0.000099
  0.000000  -0.000006  -0.000046
 -0.000040  -0.000422  -0.000353
  0.000003   0.000003  -0.000011
 -0.000246   0.000262   0.000502
  0.000002   0.000004  -0.000007
 -0.000402   0.001342  -0.000283
  0.000015  -0.000007  -0.000044
  0.001523  -0.002738   0.001290
  0.000026   0.000002  -0.000028
  0.004918   0.003062   0.000882
 -0.000005   0.000012  -0.000008
  0.065241   0.201352   0.217025
  0.000019   0.000000   0.000007
 -0.000062  -0.000022  -0.000052
 -0.000217   0.000320  -0.000148
 -0.000015   0.000033  -0.000016
 -0.000009   0.000445  -0.000234
 -0.000028  -0.000006  -0.000005
  0.000038   0.000125  -0.000275
  0.000003  -0.000001   0.000004
  0.000008  -0.000204   0.000124
 -0.000000  -0.000006  -0.000009
  0.000274  -0.000021   0.000245
 -0.000045   0.000027   0.000006
  0.000113   0.000167   0.000188
 -0.000003  -0.000009   0.000008
 -0.000300  -0.000086  -0.000039
 -0.000001   0.000001  -0.000013
  0.000197  -0.000164  -0.000145
  0.000009   0.000043   0.000026
  0.000176   0.000156   0.000214
 -0.000005  -0.000165  -0.000191
 -0.000120   0.000080  -0.000116
 -0.000031  -0.000016   0.000006
 -0.000017   0.000005  -0.000015
  0.000021  -0.000046  -0.000062
 -0.000006   0.000002  -0.000018
 -0.000219   0.000366  -0.000417
 -0.000011  -0.000009  -0.000022
 -0.000012   0.000027  -0.000026
 -0.000015  -0.000011  -0.000008
  0.000023  -0.000032   0.000017
 -0.000004  -0.000001   0.000006
 -0.000084  -0.000065   0.000028
 -0.000005   0.000003  -0.000006
 -0.000200   0.000254   0.000126
 -0.000001  -0.000012  -0.000008
 -0.000146  -0.000804  -0.000100
  0.000003  -0.000001  -0.000005
  0.000291   0.000308  -0.000099
  0.000004   0.000005  -0.000003
  0.000065   0.000106  -0.000134
 -0.000012   0.000001  -0.000011
 -0.000186   0.000093  -0.000015
 -0.000007   0.000006  -0.000004
  0.000330  -0.001435   0.001184
 -0.000014  -0.000009  -0.000010
 -0.000732   0.002194  -0.001317
 -0.000006  -0.000008  -0.000021
 -0.069897  -0.207387  -0.227998
 -0.000009  -0.000009  -0.000016
 -0.000001  -0.000002   0.000004
 -0.000436   0.000596  -0.000432
  0.000003  -0.000014  -0.000012
 -0.000003  -0.000161  -0.000032
 -0.000002  -0.000001  -0.000014
 -0.000116   0.000304   0.000111
 -0.000001  -0.000013   0.000004
 -0.000016  -0.000005  -0.000116
 -0.000003  -0.000003  -0.000016
 -0.000038  -0.000014  -0.000005
 -0.000010   0.000015  -0.000029
 -0.000015   0.000011   0.000003
  0.000001  -0.000006  -0.000000
 -0.000008  -0.000007  -0.000071
  0.000007  -0.000005  -0.000005
 -0.000305   0.000219  -0.000079
  0.000186   0.000468  -0.000043
 -0.000076  -0.000023   0.000061
 -0.000569  -0.000515   0.000236
 -0.000016  -0.000033   0.000026
 -0.000747   0.008099   0.004935
 -0.000036   0.000001   0.000030
  0.000624  -0.005166   0.004649
 -0.000020  -0.000005   0.000056
  0.000034  -0.000001   0.000053
  0.000212  -0.000163   0.000117
  0.000025   0.000008   0.000049
  0.000024  -0.000243   0.000031
  0.000076   0.000040   0.000302
  0.000000  -0.000088   0.000071
  0.000003   0.000082   0.000138
  0.000072  -0.000117  -0.000080
  0.000080  -0.000065  -0.000001
  0.000196  -0.000305  -0.000124
   67    3  0.0000 -0.0000  0.0150
 -0.000364  -0.000165   0.000211
  0.000046  -0.000024   0.000026
 -0.000728   0.000727   0.000166
 -0.000028   0.000024  -0.000051
  0.001137  -0.000379  -0.000185
 -0.000035  -0.000013  -0.000033
  0.000341  -0.000245  -0.000295
 -0.000011  -0.000023   0.000067
 -0.000127   0.000225  -0.000059
 -0.000009  -0.000003   0.000010
 -0.000635  -0.000257   0.000157
 -0.000004  -0.000004  -0.000003
  0.000410  -0.000503   0.000667
 -0.000027   0.000015   0.000078
 -0.002410   0.001216  -0.001491
 -0.000068  -0.000017   0.000042
  0.013087   0.007924   0.007150
  0.000007  -0.000042   0.000020
  0.070555   0.219875   0.315235
 -0.000034  -0.000016  -0.000009
  0.000020   0.000081   0.000040
  0.001066  -0.000625   0.000347
  0.000012  -0.000065   0.000022
 -0.000289   0.000512   0.000006
  0.000011   0.000016  -0.000014
 -0.000383   0.000151  -0.000252
 -0.000001  -0.000004  -0.000018
  0.000079  -0.000015  -0.000292
 -0.000008  -0.000011   0.000023
 -0.000065  -0.000037  -0.000120
  0.000017  -0.000020  -0.000010
 -0.000013  -0.000130  -0.000023
  0.000009   0.000013  -0.000038
  0.000128   0.000076   0.000012
 -0.000001  -0.000025   0.000057
 -0.000248   0.000206   0.000299
  0.000005  -0.000052  -0.000055
 -0.000070   0.000021   0.000067
 -0.000026   0.000239   0.000236
 -0.000348   0.000233  -0.000510
  0.000030   0.000063  -0.000056
  0.000015  -0.000005   0.000060
 -0.000080  -0.000044   0.000284
  0.000021   0.000014   0.000054
  0.000046  -0.000127   0.000042
  0.000006  -0.000005   0.000051
 -0.000043   0.000003   0.000067
  0.000033   0.000003   0.000024
 -0.000056   0.000064   0.000055
 -0.000003   0.000027   0.000012
 -0.000061  -0.000140  -0.000050
 -0.000001  -0.000007  -0.000001
 -0.000003   0.000087  -0.000054
 -0.000007   0.000015  -0.000004
 -0.001100   0.000025   0.000593
 -0.000002   0.000009   0.000006
  0.000079  -0.000075   0.000033
 -0.000004  -0.000016   0.000005
  0.000076  -0.000121   0.000135
  0.000019  -0.000000   0.000017
  0.000312  -0.000151  -0.000002
  0.000015  -0.000016   0.000001
 -0.000272   0.000830  -0.000969
  0.000023   0.000014   0.000008
  0.000001  -0.001564   0.001023
  0.000013   0.000014   0.000048
 -0.075968  -0.228174  -0.321249
  0.000013   0.000014   0.000032
  0.000000   0.000002  -0.000010
  0.000627  -0.000587  -0.000183
 -0.000021   0.000012   0.000011
  0.000005  -0.000024   0.000333
  0.000006   0.000003   0.000011
 -0.000025  -0.000008  -0.000088
 -0.000005   0.000019  -0.000009
  0.000037   0.000061   0.000081
  0.000003   0.000002   0.000019
  0.000067  -0.000009   0.000026
  0.000008  -0.000028   0.000037
 -0.000006  -0.000011   0.000054
 -0.000005   0.000005  -0.000006
  0.000023  -0.000000   0.000038
 -0.000011   0.000009   0.000014
  0.000116  -0.000023  -0.000072
  0.000317   0.000178  -0.000154
 -0.000068   0.000043  -0.000012
 -0.000085  -0.000154   0.000083
 -0.000009  -0.000022  -0.000045
 -0.001943  -0.005244  -0.001578
  0.000074   0.000015  -0.000084
 -0.002893   0.005514   0.000609
  0.000076  -0.000023  -0.000142
 -0.000031  -0.000063  -0.000064
 -0.000712   0.000348  -0.000255
 -0.000047  -0.000076  -0.000103
 -0.000252   0.000519  -0.000131
 -0.000002  -0.000164  -0.000319
  0.000166  -0.000266   0.000222
 -0.000029  -0.000003   0.000001
  0.000246  -0.000001   0.000303
 -0.000289   0.000455   0.000173
  0.000560  -0.000092  -0.000404
   69    1  0.0150  0.0000  0.0000
  0.000078  -0.000055  -0.000010
  0.000038  -0.000015   0.000009
  0.000003  -0.000081  -0.000062
 -0.000054   0.000015  -0.000016
 -0.000008   0.000103  -0.000032
  0.000023   0.000049  -0.000036
 -0.000020   0.000022   0.000026
  0.000030   0.000052  -0.000001
 -0.000007  -0.000007   0.000002
 -0.000028  -0.000136  -0.000025
 -0.000030   0.000013  -0.000016
  0.000030   0.000224  -0.000010
  0.000024  -0.000018  -0.000016
 -0.000616  -0.000594  -0.000044
  0.000025   0.000030   0.000032
 -0.000076  -0.000152   0.000553
  0.000017   0.000012  -0.000011
  0.000107   0.000132  -0.000415
  0.000056   0.000153   0.000095
 -0.000367   0.000034  -0.000417
 -0.009992   0.001743   0.015978
 -0.000051  -0.000001  -0.000033
  0.169104  -0.058394  -0.154129
 -0.000001  -0.000028   0.000005
  0.027128  -0.010358  -0.032556
 -0.000009  -0.000009   0.000005
 -0.002490   0.002545  -0.002262
 -0.000004   0.000002   0.000004
  0.000836   0.000307   0.000264
 -0.000015  -0.000013  -0.000022
 -0.000452  -0.000023   0.000087
 -0.000008  -0.000003   0.000009
  0.001784   0.001959  -0.001636
 -0.000006  -0.000000   0.000002
  0.005768  -0.003403   0.003963
 -0.000006  -0.000010  -0.000003
  0.000087   0.000066  -0.000057
  0.000002   0.000000  -0.000001
 -0.000325  -0.000090  -0.000205
 -0.000036  -0.000021  -0.000008
 -0.000007  -0.000022  -0.000010
 -0.000010  -0.000016  -0.000041
  0.000021   0.000002   0.000012
 -0.000010   0.000005   0.000026
  0.000014   0.000020   0.000053
 -0.000010   0.000023  -0.000014
 -0.000042   0.000050   0.000009
 -0.000010   0.000002   0.000010
 -0.000003  -0.000019   0.000007
 -0.000007  -0.000017  -0.000004
 -0.000005  -0.000000   0.000003
  0.000022  -0.000045  -0.000028
 -0.000006   0.000002   0.000001
  0.000033   0.000051   0.000021
 -0.000005  -0.000008   0.000004
 -0.000045  -0.000038   0.000090
 -0.000000  -0.000005  -0.000006
  0.000021   0.000019   0.000028
  0.000009   0.000005  -0.000002
  0.000172   0.000036   0.000114
  0.000003  -0.000008   0.000004
  0.000115   0.000058   0.000042
  0.000010   0.000009  -0.000004
  0.000076   0.000027   0.000032
 -0.000017  -0.000004   0.000004
 -0.000022  -0.000116   0.000008
 -0.000014  -0.000051  -0.000113
  0.000315   0.000447   0.000621
 -0.194446   0.062828   0.169940
 -0.000002  -0.000007   0.000011
  0.000141   0.000022   0.000819
 -0.000002   0.000002   0.000002
 -0.000551  -0.001011   0.000936
 -0.000001  -0.000003  -0.000004
 -0.000067  -0.000020   0.000092
  0.000005  -0.000005  -0.000012
  0.000877   0.000246   0.000785
 -0.000001   0.000000  -0.000001
 -0.000180  -0.000488   0.000042
 -0.000002   0.000004   0.000002
 -0.000217   0.000103  -0.000256
  0.000000  -0.000003  -0.000001
  0.000209  -0.000029   0.000117
  0.000001  -0.000007   0.000004
 -0.000003   0.000058   0.000075
  0.000027  -0.000045   0.000016
 -0.000067  -0.000016  -0.000002
 -0.000005  -0.000026   0.000020
 -0.000085  -0.000021  -0.000026
 -0.000310   0.000138  -0.000403
  0.000018   0.000048   0.000077
  0.000517  -0.000139   0.000252
  0.002077   0.001403  -0.000455
  0.000059  -0.000012   0.000063
  0.000670   0.002917  -0.001996
  0.000013  -0.000018   0.000031
  0.000171   0.000088   0.000149
  0.000010   0.000038   0.000019
  0.000312  -0.000024   0.000199
  0.000077  -0.000004   0.000041
 -0.000318  -0.000423  -0.000335
 -0.000065  -0.000053  -0.000077
   69    2  0.0000  0.0150  0.0000
  0.000163  -0.000036  -0.000046
 -0.000045  -0.000062   0.000041
 -0.000082  -0.000032  -0.000077
  0.000011  -0.000036  -0.000025
 -0.000082   0.000055   0.000008
 -0.000014   0.000069  -0.000029
 -0.000029  -0.000010   0.000004
  0.000016  -0.000003   0.000082
  0.000024   0.000002  -0.000011
 -0.000094  -0.000046  -0.000021
  0.000014  -0.000009  -0.000003
 -0.000034   0.000026   0.000071
  0.000002   0.000004  -0.000004
  0.000125   0.000438   0.000364
  0.000012  -0.000009  -0.000020
  0.000166   0.000163  -0.000007
 -0.000016  -0.000004   0.000005
  0.000006  -0.000122  -0.000631
  0.000005   0.000012   0.000012
  0.000391   0.000351   0.000227
 -0.021249   0.015784   0.035772
 -0.000032  -0.000003  -0.000022
 -0.063723   0.080140   0.083630
  0.000009   0.000002   0.000005
 -0.001499   0.002398   0.004839
 -0.000005  -0.000003   0.000001
 -0.000304  -0.000778   0.000847
  0.000002   0.000001   0.000003
 -0.000322   0.000244  -0.000041
  0.000004   0.000004   0.000004
  0.000225   0.000004  -0.000139
 -0.000016  -0.000008  -0.000001
  0.000807  -0.000248  -0.000030
  0.000001   0.000003  -0.000002
 -0.000639  -0.000288  -0.000401
  0.000001   0.000001   0.000004
  0.000862  -0.000215  -0.000677
  0.000001  -0.000017   0.000006
 -0.000487  -0.000557  -0.000734
  0.000004   0.000115  -0.000099
 -0.000025  -0.000005  -0.000037
  0.000021  -0.000013  -0.000012
  0.000120  -0.000088   0.000061
 -0.000002  -0.000015   0.000027
 -0.000011   0.000024   0.000030
  0.000009   0.000049  -0.000014
  0.000012  -0.000022  -0.000008
 -0.000010   0.000027  -0.000014
  0.000018   0.000004  -0.000038
  0.000004  -0.000028  -0.000011
 -0.000003   0.000001   0.000004
  0.000024  -0.000050   0.000015
  0.000002   0.000005   0.000010
  0.000039   0.000065   0.000019
  0.000004  -0.000009   0.000003
  0.000005  -0.000057   0.000070
  0.000003   0.000013   0.000009
 -0.000007  -0.000004  -0.000069
 -0.000000  -0.000000  -0.000001
  0.000001  -0.000077  -0.000017
 -0.000000   0.000001  -0.000000
 -0.000367  -0.000229  -0.000028
  0.000004   0.000002  -0.000012
  0.000035  -0.000054  -0.000069
  0.000001   0.000001   0.000000
 -0.000065  -0.000057   0.000100
 -0.000000   0.000001   0.000003
  0.000424   0.000604   0.000574
  0.062760  -0.094538  -0.090684
  0.000000   0.000001   0.000001
  0.018176  -0.009002  -0.025936
  0.000002  -0.000000   0.000003
 -0.000063   0.000168  -0.000570
  0.000004   0.000002  -0.000001
  0.000032   0.000034   0.000050
 -0.000008   0.000011   0.000003
  0.000444  -0.000122   0.000286
 -0.000000   0.000003  -0.000002
 -0.000222  -0.000155   0.000228
  0.000002   0.000007   0.000003
  0.000140   0.000968  -0.000254
  0.000002   0.000001   0.000001
 -0.000236   0.000008   0.000351
  0.000003   0.000001   0.000006
 -0.000057  -0.000035   0.000108
  0.000070   0.000016   0.000005
 -0.000007   0.000049   0.000006
  0.000029   0.000029  -0.000052
  0.000002   0.000004   0.000013
 -0.000583   0.000664  -0.000121
  0.000015   0.000013   0.000025
  0.000091  -0.000046   0.000325
 -0.000212  -0.001322  -0.004226
  0.000049  -0.000012   0.000020
  0.004992   0.005124  -0.002969
  0.000008   0.000014   0.000010
  0.000055   0.000382   0.000241
 -0.000011  -0.000042   0.000118
  0.000185   0.000053   0.000290
 -0.000076  -0.000066   0.000077
  0.000176   0.000436  -0.000711
 -0.000176  -0.000066  -0.000146
   69    3  0.0000 -0.0000  0.0150
 -0.000113  -0.000121  -0.000026
  0.000030   0.000021  -0.000015
  0.000069  -0.000001   0.000098
 -0.000022   0.000023   0.000008
  0.000124   0.000036  -0.000009
  0.000028  -0.000006   0.000012
  0.000083  -0.000026  -0.000029
  0.000007   0.000013  -0.000034
 -0.000052   0.000015   0.000014
  0.000040  -0.000010   0.000024
 -0.000020   0.000023   0.000007
 -0.000093   0.000143  -0.000109
  0.000017  -0.000003  -0.000017
  0.000042  -0.000041  -0.000272
  0.000017  -0.000003  -0.000010
 -0.000086  -0.000241   0.000038
 -0.000004  -0.000007  -0.000002
  0.000244  -0.000060   0.000438
  0.000009   0.000002   0.000007
 -0.000113   0.000926  -0.000007
 -0.011567   0.004852   0.015808
 -0.000048   0.000004  -0.000026
 -0.158268   0.079244   0.277209
  0.000003  -0.000011   0.000003
  0.007879  -0.005170  -0.010910
 -0.000005  -0.000002   0.000001
  0.001731  -0.000405  -0.000711
 -0.000005   0.000006   0.000014
 -0.000846  -0.000024  -0.000387
 -0.000004  -0.000015  -0.000044
  0.000160   0.000019  -0.000539
  0.000009   0.000006   0.000007
  0.000836  -0.000078  -0.000426
 -0.000004   0.000001   0.000006
  0.001107   0.000100   0.000495
  0.000003  -0.000001   0.000003
 -0.000319  -0.000161   0.000609
 -0.000003   0.000007  -0.000002
 -0.000245  -0.000291  -0.000199
 -0.000025  -0.000056   0.000005
  0.000016  -0.000028  -0.000020
 -0.000002   0.000004  -0.000007
 -0.000131   0.000114  -0.000064
 -0.000005   0.000004  -0.000007
  0.000028  -0.000017  -0.000069
 -0.000008  -0.000001  -0.000025
 -0.000012   0.000058   0.000059
 -0.000007  -0.000005   0.000001
 -0.000034  -0.000027   0.000061
  0.000000  -0.000000   0.000004
  0.000004  -0.000001  -0.000020
  0.000004   0.000014  -0.000013
  0.000001   0.000001  -0.000019
 -0.000006  -0.000008  -0.000007
 -0.000003   0.000017  -0.000004
  0.000031  -0.000010   0.000021
 -0.000006  -0.000022  -0.000014
  0.000045  -0.000033   0.000069
 -0.000003  -0.000000  -0.000001
  0.000110  -0.000010   0.000162
 -0.000001  -0.000002   0.000006
  0.000391  -0.000062  -0.000181
 -0.000003   0.000005  -0.000005
  0.000158  -0.000065  -0.000001
 -0.000000   0.000002  -0.000004
  0.000007   0.000010   0.000075
 -0.000004   0.000009  -0.000012
  0.000141   0.000430  -0.000186
  0.170227  -0.090898  -0.301864
 -0.000002   0.000001   0.000006
 -0.016030   0.009120   0.023741
  0.000002   0.000004   0.000000
 -0.000460   0.000563   0.000060
 -0.000004   0.000003  -0.000002
 -0.000080   0.000111   0.000039
 -0.000004  -0.000005  -0.000005
  0.000518   0.000245   0.000066
  0.000000   0.000004  -0.000003
  0.000309   0.000057  -0.000269
  0.000000   0.000002  -0.000002
 -0.000216  -0.000178   0.000016
 -0.000001   0.000006   0.000000
 -0.000029  -0.000052  -0.000001
  0.000001   0.000009  -0.000015
  0.000057   0.000041   0.000039
 -0.000013  -0.000038   0.000016
  0.000006  -0.000051  -0.000013
 -0.000025  -0.000006   0.000036
 -0.000013   0.000001   0.000016
  0.000270   0.000059   0.000325
 -0.000003   0.000012   0.000038
 -0.000066   0.000162  -0.000485
  0.002055   0.000274  -0.002189
  0.000045   0.000000   0.000049
  0.002191   0.001341  -0.000563
  0.000026   0.000014   0.000028
  0.000059   0.000143   0.000049
 -0.000006   0.000028  -0.000053
  0.000139   0.000027   0.000054
  0.000036   0.000042  -0.000011
 -0.000281  -0.000123   0.000125
 -0.000018  -0.000001  -0.000063
   71    1  0.0150  0.0000  0.0000
 -0.000112  -0.000141  -0.000030
 -0.000004  -0.000019   0.000007
 -0.000279   0.000039   0.000226
 -0.000000  -0.000005  -0.000004
  0.000368   0.000109  -0.000118
 -0.000005   0.000027  -0.000019
  0.000388   0.000003  -0.000019
 -0.000014   0.000015   0.000005
 -0.000137   0.000010   0.000060
  0.000017  -0.000052  -0.000030
 -0.000002  -0.000011   0.000011
  0.000019   0.000116   0.000010
 -0.000008   0.000010   0.000007
 -0.000022  -0.000130  -0.000053
  0.000016   0.000007   0.000001
  0.000263  -0.000144   0.000200
  0.000007  -0.000008  -0.000009
  0.000154  -0.000087  -0.000040
  0.000005  -0.000011   0.000006
 -0.000482   0.000223   0.000074
 -0.000372   0.009830  -0.015950
 -0.000055   0.000022  -0.000047
  0.061719  -0.009940   0.008916
  0.000009  -0.000012  -0.000000
  0.003014  -0.031318   0.029721
 -0.000014  -0.000007  -0.000008
  0.007192  -0.001151  -0.000068
  0.000004  -0.000005   0.000003
 -0.000006   0.000258   0.001999
  0.000002  -0.000015  -0.000016
 -0.000130  -0.000004  -0.000258
 -0.000003  -0.000008   0.000007
  0.000159  -0.000047   0.000222
  0.000003   0.000006   0.000003
 -0.002226  -0.000038   0.002234
  0.000007   0.000002   0.000006
 -0.000241   0.000187   0.000044
  0.000015   0.000002   0.000012
  0.000177   0.000073   0.000110
 -0.000152  -0.000119  -0.000047
  0.000053  -0.000037  -0.000085
 -0.000015  -0.000016  -0.000030
 -0.000293  -0.000020  -0.000017
  0.000001   0.000007   0.000001
  0.000011  -0.000011  -0.000061
 -0.000006   0.000007   0.000004
  0.000127   0.000247   0.000082
  0.000005   0.000003  -0.000008
 -0.000015  -0.000317   0.000171
 -0.000001  -0.000001  -0.000010
 -0.000004   0.000001  -0.000046
 -0.000003  -0.000034   0.000003
 -0.000008  -0.000001  -0.000058
  0.000010   0.000031   0.000017
 -0.000010  -0.000009   0.000013
 -0.000011  -0.000016  -0.000001
 -0.000001   0.000024   0.000015
  0.000003   0.000009   0.000004
  0.000001   0.000002  -0.000005
  0.000130  -0.000079   0.000108
  0.000002  -0.000002  -0.000005
  0.000118   0.000042  -0.000120
 -0.000005   0.000003  -0.000007
  0.000141  -0.000026  -0.000018
  0.000005   0.000001  -0.000002
  0.000131   0.000105   0.000105
 -0.000011   0.000008  -0.000023
  0.000064   0.000006   0.000009
  0.000230   0.018130  -0.016194
  0.000002  -0.000002   0.000005
 -0.071384   0.011936  -0.015042
  0.000004   0.000004  -0.000002
 -0.000007  -0.000289  -0.000052
 -0.000004   0.000006  -0.000010
  0.000557  -0.000173   0.000233
  0.000001   0.000022  -0.000011
 -0.000157   0.000189  -0.000070
  0.000003   0.000003  -0.000004
  0.000219   0.000252  -0.001131
  0.000002   0.000002  -0.000001
  0.000083  -0.000188   0.000017
  0.000004   0.000008   0.000000
  0.000112  -0.000017  -0.000036
  0.000005   0.000008  -0.000018
  0.000137   0.000168   0.000093
  0.000023   0.000012   0.000030
 -0.000117  -0.000127  -0.000085
  0.000008  -0.000018   0.000008
 -0.000016   0.000001   0.000013
  0.000253  -0.000031  -0.000081
  0.000007   0.000012   0.000029
 -0.000298   0.000191  -0.000264
  0.001376   0.000275   0.002657
  0.000034  -0.000010   0.000055
 -0.000541   0.002217   0.002741
  0.000019   0.000004   0.000032
  0.000034  -0.000034  -0.000035
  0.000041   0.000107   0.000004
 -0.000042  -0.000034   0.000064
  0.000166   0.000046   0.000085
 -0.000465  -0.000252  -0.000145
  0.000019  -0.000008  -0.000093
   71    2  0.0000  0.0150  0.0000
  0.000127   0.000040   0.000041
 -0.000013  -0.000012   0.000022
 -0.000049   0.000206  -0.000124
 -0.000001  -0.000014  -0.000022
  0.000109   0.000065  -0.000061
 -0.000013   0.000008  -0.000020
  0.000086  -0.000087   0.000053
 -0.000009  -0.000001   0.000047
 -0.000006   0.000039   0.000004
  0.000003  -0.000018   0.000007
  0.000034  -0.000071  -0.000000
  0.000025   0.000029   0.000015
 -0.000047   0.000026   0.000060
 -0.000086  -0.000101   0.000117
 -0.000031   0.000022   0.000040
  0.000051  -0.000046  -0.000237
  0.000019   0.000018   0.000001
  0.000211   0.000568   0.000074
 -0.000023  -0.000008  -0.000015
 -0.000138   0.000996   0.000820
 -0.001164   0.032183  -0.027244
  0.000109  -0.000002   0.000065
 -0.012284   0.258511  -0.191207
 -0.000002   0.000025  -0.000001
  0.000778   0.003759  -0.003247
  0.000015   0.000003   0.000001
 -0.000975  -0.000215   0.000565
  0.000005  -0.000013  -0.000026
  0.000807  -0.000284  -0.000242
  0.000007   0.000015   0.000077
 -0.000131  -0.000299   0.000452
 -0.000012  -0.000005  -0.000019
 -0.000457  -0.000027  -0.000094
  0.000004   0.000005  -0.000009
  0.001534  -0.000629  -0.000350
 -0.000005   0.000009   0.000000
 -0.000009  -0.000088   0.000055
 -0.000004  -0.000005  -0.000003
  0.000071   0.000017   0.000058
  0.000091   0.000151  -0.000017
  0.000056  -0.000000  -0.000123
  0.000008   0.000001   0.000024
  0.000103  -0.000174  -0.000282
  0.000008   0.000001   0.000020
 -0.000044   0.000054   0.000156
  0.000010   0.000008   0.000026
  0.000154   0.000068   0.000058
  0.000012   0.000006   0.000010
 -0.000019  -0.000129  -0.000005
  0.000001   0.000008   0.000001
 -0.000013   0.000009  -0.000016
  0.000007  -0.000001  -0.000003
 -0.000004  -0.000006   0.000002
 -0.000011   0.000017   0.000009
  0.000002  -0.000031   0.000013
 -0.000009  -0.000002  -0.000017
  0.000009   0.000074   0.000044
 -0.000004   0.000000   0.000018
  0.000012   0.000010   0.000005
  0.000060  -0.000128   0.000045
  0.000005   0.000006  -0.000019
 -0.000001   0.000033  -0.000029
  0.000010  -0.000003   0.000016
  0.000066   0.000051  -0.000080
  0.000003   0.000000   0.000014
  0.000016  -0.000018   0.000017
  0.000003  -0.000011   0.000013
 -0.000016  -0.000162   0.000028
  0.000145  -0.008992   0.009198
 -0.000002   0.000001  -0.000003
  0.012056  -0.286225   0.201860
 -0.000004  -0.000007  -0.000001
  0.000059   0.000073  -0.000043
  0.000005   0.000006   0.000004
 -0.000064   0.000092   0.000029
  0.000004   0.000042  -0.000013
  0.000054   0.000084  -0.000050
  0.000000  -0.000005   0.000009
 -0.000683  -0.000032   0.000613
  0.000001   0.000001   0.000006
  0.000020   0.000170  -0.000000
  0.000004  -0.000006   0.000000
 -0.000050   0.000021   0.000054
 -0.000001  -0.000013   0.000024
 -0.000026   0.000160   0.000081
  0.000009   0.000018  -0.000045
 -0.000152  -0.000022  -0.000098
  0.000019   0.000013  -0.000030
  0.000025  -0.000001  -0.000037
  0.000295  -0.000133   0.000341
  0.000017  -0.000014  -0.000071
 -0.000244  -0.000232   0.000118
 -0.002904  -0.004245   0.002255
 -0.000087   0.000009  -0.000095
  0.002448   0.004325   0.006412
 -0.000042  -0.000015  -0.000057
 -0.000029  -0.000029  -0.000070
 -0.000023  -0.000061   0.000097
 -0.000061   0.000008  -0.000097
 -0.000096  -0.000144  -0.000023
  0.000216   0.000709  -0.000126
  0.000040  -0.000008   0.000175
   71    3  0.0000 -0.0000  0.0150
  0.000224  -0.000046  -0.000027
 -0.000038  -0.000047   0.000026
 -0.000389  -0.000292   0.000203
  0.000009  -0.000042  -0.000016
 -0.000206   0.000108   0.000142
 -0.000025   0.000050  -0.000033
 -0.000050  -0.000011   0.000043
 -0.000003   0.000005   0.000061
  0.000047  -0.000007  -0.000021
 -0.000057  -0.000043  -0.000052
  0.000039  -0.000024  -0.000011
  0.000090  -0.000013   0.000061
 -0.000010   0.000007   0.000010
 -0.000319   0.000033   0.000409
  0.000010  -0.000008  -0.000013
  0.000391   0.000489   0.000228
 -0.000010  -0.000003   0.000004
  0.000097  -0.000196  -0.000988
  0.000003   0.000010   0.000010
  0.000016  -0.000907   0.000401
  0.002047   0.014622  -0.013443
 -0.000042   0.000007  -0.000029
  0.010758  -0.185841   0.220837
  0.000012  -0.000005   0.000002
  0.002317  -0.007982   0.010834
 -0.000005  -0.000002   0.000001
  0.002980  -0.001183  -0.000992
  0.000014  -0.000003  -0.000004
 -0.000004   0.000085   0.000709
  0.000005   0.000010   0.000031
 -0.000040   0.000094  -0.000093
 -0.000019  -0.000015   0.000002
  0.000581   0.000424   0.000238
  0.000009   0.000004  -0.000000
 -0.002538   0.001267  -0.000603
  0.000004   0.000002   0.000004
  0.000193  -0.000277  -0.000357
  0.000016  -0.000015   0.000016
 -0.000095  -0.000147  -0.000246
 -0.000055   0.000072  -0.000118
  0.000005  -0.000011  -0.000071
  0.000003  -0.000016  -0.000025
  0.000198  -0.000429   0.000461
 -0.000001  -0.000008   0.000008
 -0.000046   0.000031   0.000017
  0.000007   0.000034   0.000005
  0.000002   0.000057  -0.000066
 -0.000001   0.000018  -0.000013
  0.000062  -0.000036  -0.000076
  0.000003  -0.000017  -0.000018
 -0.000008  -0.000004   0.000011
  0.000022  -0.000061   0.000013
 -0.000001   0.000010   0.000012
  0.000027   0.000071   0.000030
  0.000006  -0.000035   0.000008
 -0.000029  -0.000056  -0.000025
  0.000017   0.000037   0.000023
 -0.000030   0.000040  -0.000047
  0.000001   0.000002  -0.000007
  0.000042   0.000004  -0.000026
  0.000000  -0.000000  -0.000008
 -0.000095  -0.000079   0.000097
  0.000003   0.000002  -0.000011
 -0.000071   0.000059  -0.000035
  0.000001   0.000001  -0.000005
  0.000084   0.000083   0.000050
  0.000002  -0.000004   0.000008
  0.000054   0.000020   0.000334
  0.000774  -0.025938   0.023615
  0.000006  -0.000003  -0.000003
 -0.015181   0.201751  -0.244353
  0.000003   0.000005   0.000002
 -0.000090   0.000102  -0.000577
  0.000003  -0.000001  -0.000008
  0.000286  -0.000036   0.000121
  0.000009   0.000029   0.000004
  0.000086  -0.000080   0.000089
  0.000000   0.000002  -0.000004
  0.000257  -0.000393  -0.000703
  0.000002   0.000005   0.000002
  0.000047   0.000241   0.000174
  0.000005  -0.000002  -0.000001
 -0.000001   0.000002   0.000208
  0.000004   0.000000   0.000009
 -0.000031   0.000004  -0.000032
  0.000045   0.000026   0.000017
  0.000082   0.000181   0.000011
  0.000036  -0.000003  -0.000037
 -0.000001   0.000007   0.000015
 -0.000725   0.000203  -0.000378
  0.000001   0.000004   0.000022
 -0.000217   0.000056   0.000163
 -0.001007   0.000255   0.000483
  0.000037  -0.000013   0.000035
 -0.000689   0.003674   0.003454
  0.000014  -0.000006   0.000019
  0.000037   0.000106   0.000060
  0.000011  -0.000007   0.000129
  0.000013  -0.000002   0.000137
  0.000050  -0.000042   0.000102
 -0.000004   0.000001  -0.000517
 -0.000075  -0.000025  -0.000129
   73    1  0.0150  0.0000  0.0000
 -0.000014   0.000007   0.000005
  0.000549   0.000182  -0.000173
  0.000003   0.000002  -0.000004
 -0.000197   0.000309  -0.000082
 -0.000021  -0.000002  -0.000002
 -0.000019  -0.000060   0.000107
  0.000001  -0.000004   0.000017
  0.000108  -0.000016  -0.000022
 -0.000010   0.000005   0.000013
 -0.000133  -0.000031   0.000018
 -0.000008   0.000004   0.000010
 -0.000191  -0.000196  -0.000057
  0.000001  -0.000002   0.000018
  0.000083   0.000008  -0.000114
 -0.000019  -0.000021  -0.000023
  0.000029   0.000021   0.000003
 -0.000031   0.000011   0.000027
 -0.000036   0.000002   0.000013
  0.000003   0.000021   0.000016
  0.000017   0.000052  -0.000106
 -0.000182   0.000388   0.000336
  0.000176   0.000008   0.000093
 -0.001431   0.000395   0.001202
 -0.000009   0.000028   0.000017
 -0.009554  -0.002456   0.007494
  0.000021   0.000008   0.000009
  0.281484   0.045186  -0.183917
 -0.000002   0.000004   0.000004
  0.025112   0.008548  -0.028954
 -0.000007   0.000003   0.000007
  0.005146  -0.004114   0.003644
  0.000005   0.000009  -0.000000
  0.000292  -0.000307   0.001195
 -0.000003   0.000001   0.000001
 -0.001337  -0.001951   0.002310
 -0.000004   0.000001   0.000003
  0.001554   0.000703  -0.002433
 -0.000005   0.000007  -0.000007
  0.000717  -0.000633  -0.001764
  0.000043   0.000002   0.000053
 -0.000004   0.000003   0.000014
  0.000085  -0.000023  -0.000023
  0.000001  -0.000011   0.000026
 -0.000012  -0.000044   0.000005
 -0.000002  -0.000002   0.000012
  0.000004   0.000060  -0.000042
  0.000010  -0.000002   0.000014
 -0.000073   0.000007   0.000064
 -0.000007  -0.000009   0.000005
 -0.000005  -0.000055  -0.000017
 -0.000003   0.000003   0.000003
  0.000054  -0.000028  -0.000027
 -0.000004   0.000000   0.000003
 -0.000073   0.000032   0.000031
 -0.000004   0.000001   0.000004
  0.000010   0.000070   0.000043
 -0.000004   0.000005   0.000007
  0.000275  -0.000090   0.000019
  0.000005   0.000008   0.000011
 -0.000049   0.000000  -0.000069
 -0.000002   0.000006   0.000006
 -0.000024   0.000010   0.000069
  0.000020   0.000003  -0.000025
 -0.000007   0.000019   0.000015
 -0.000001   0.000002   0.000019
 -0.000020   0.000011   0.000009
 -0.000002   0.000003   0.000011
 -0.000040   0.000128  -0.000037
 -0.000566  -0.000120  -0.000445
 -0.000007  -0.000001   0.000003
 -0.000028   0.000075  -0.000167
 -0.000008  -0.000000   0.000006
 -0.300828  -0.046704   0.199029
 -0.000002   0.000004   0.000008
 -0.001455   0.000875   0.000416
 -0.000004   0.000001   0.000006
  0.000099   0.000201  -0.000056
 -0.000010   0.000002   0.000011
 -0.000614  -0.000186   0.000480
  0.000000   0.000020   0.000012
  0.001152  -0.000084   0.000574
 -0.000005   0.000002   0.000004
 -0.000117  -0.000018   0.000081
 -0.000006   0.000001   0.000006
 -0.000011  -0.000023  -0.000025
 -0.000165  -0.000334  -0.000357
  0.000009  -0.000001   0.000003
 -0.000051  -0.000070   0.000056
  0.000019  -0.000003  -0.000012
 -0.000027   0.000040   0.000061
  0.000077   0.000041   0.000018
 -0.000020  -0.000051   0.000035
 -0.000047  -0.000131  -0.000234
 -0.000015   0.000020  -0.000157
  0.000088  -0.000274   0.000083
 -0.000063  -0.000022  -0.000047
 -0.000028   0.000502   0.000527
 -0.000017   0.000009  -0.000030
  0.001205   0.000194   0.000462
 -0.000048   0.000001  -0.000037
  0.000054   0.000065   0.000110
 -0.000823  -0.000263   0.000470
   73    2  0.0000  0.0150  0.0000
  0.000007   0.000012   0.000018
  0.000565   0.000118  -0.000188
 -0.000009  -0.000025  -0.000015
 -0.000239   0.000345  -0.000019
 -0.000009   0.000016  -0.000010
  0.000069  -0.000040   0.000030
 -0.000015   0.000005   0.000017
  0.000226   0.000119  -0.000093
 -0.000003   0.000001   0.000008
 -0.000191   0.000152  -0.000100
 -0.000008   0.000005   0.000006
  0.000169   0.000247   0.000095
 -0.000002  -0.000000   0.000010
 -0.000192   0.000027   0.000087
 -0.000015  -0.000006  -0.000009
 -0.000049  -0.000085   0.000169
 -0.000019   0.000009   0.000018
  0.000123  -0.000009  -0.000084
 -0.000004   0.000008   0.000008
 -0.000079   0.000075  -0.000203
  0.000459  -0.001220   0.000225
 -0.000165  -0.000086  -0.000054
  0.002065   0.003723   0.001786
  0.000009   0.000003   0.000004
  0.012285  -0.001229  -0.012515
 -0.000011  -0.000004   0.000002
  0.047698   0.066583  -0.053531
  0.000005  -0.000003   0.000002
 -0.010064  -0.006218   0.007212
 -0.000007  -0.000000  -0.000001
 -0.003435  -0.008059  -0.004321
 -0.000001  -0.000000   0.000006
  0.000068   0.001180   0.000756
  0.000008  -0.000002  -0.000006
 -0.002540  -0.006500  -0.005723
  0.000001   0.000005   0.000016
 -0.000173  -0.000318  -0.000161
  0.000007   0.000003   0.000003
  0.000607  -0.000986   0.000666
 -0.000006  -0.000008   0.000012
 -0.000005  -0.000000   0.000002
  0.000013  -0.000039   0.000001
 -0.000003   0.000002  -0.000002
 -0.000023   0.000005   0.000024
 -0.000001   0.000012   0.000022
  0.000017   0.000030  -0.000009
 -0.000014   0.000007   0.000002
 -0.000043   0.000043  -0.000098
 -0.000004   0.000001   0.000002
 -0.000030  -0.000032   0.000036
 -0.000004   0.000001   0.000005
  0.000041  -0.000116   0.000010
 -0.000004   0.000002   0.000004
  0.000270   0.000157   0.000027
 -0.000003   0.000002   0.000002
 -0.000053  -0.000134  -0.000006
 -0.000004   0.000001   0.000001
 -0.000422   0.000011  -0.000077
 -0.000002  -0.000004   0.000004
  0.000052   0.000098   0.000173
  0.000000   0.000004   0.000004
  0.000021  -0.000052  -0.000063
 -0.000002  -0.000005  -0.000005
 -0.000012   0.000004   0.000022
 -0.000001  -0.000002   0.000014
  0.000012   0.000023   0.000026
 -0.000003   0.000002   0.000006
 -0.000029   0.000323  -0.000002
 -0.001015   0.000162   0.000549
 -0.000001   0.000002   0.000001
 -0.000293   0.000078   0.000091
 -0.000009   0.000007   0.000006
 -0.046662  -0.055522   0.062331
 -0.000003   0.000001  -0.000001
  0.001055   0.004704   0.002349
 -0.000001   0.000003   0.000003
  0.000313   0.001188   0.000542
 -0.000002   0.000005  -0.000001
  0.000661  -0.000134  -0.000513
 -0.000000   0.000016   0.000015
  0.000067  -0.000231   0.000069
 -0.000004   0.000001   0.000002
  0.000152   0.000085  -0.000088
 -0.000003   0.000001   0.000005
  0.000018   0.000037   0.000022
 -0.000284  -0.000298  -0.000258
 -0.000032  -0.000013   0.000009
 -0.000063  -0.000057   0.000042
  0.000008  -0.000001  -0.000004
 -0.000141  -0.000010  -0.000006
  0.000035   0.000038   0.000005
  0.000146  -0.000017   0.000063
  0.000259   0.000403   0.000159
  0.000108   0.000064   0.000126
 -0.000203   0.000422  -0.000174
  0.000040   0.000082   0.000004
 -0.000216   0.000729  -0.000008
  0.000007   0.000009   0.000007
 -0.000557   0.000701   0.000230
  0.000044   0.000007   0.000026
 -0.000063  -0.000085  -0.000056
 -0.000257  -0.000560   0.000206
   73    3  0.0000 -0.0000  0.0150
 -0.000026   0.000017  -0.000017
  0.000304   0.000113  -0.000085
 -0.000024   0.000068   0.000060
 -0.000090   0.000150   0.000049
  0.000014  -0.000099   0.000065
 -0.000018  -0.000127   0.000072
  0.000022   0.000001   0.000024
  0.000020  -0.000071  -0.000175
 -0.000010   0.000012   0.000010
 -0.000068   0.000105  -0.000116
  0.000008  -0.000002   0.000006
  0.000098  -0.000004   0.000063
 -0.000026   0.000003   0.000049
 -0.000130   0.000126  -0.000057
 -0.000073   0.000031   0.000079
 -0.000021  -0.000039   0.000046
  0.000069   0.000030   0.000003
  0.000021  -0.000004   0.000011
 -0.000014  -0.000022  -0.000034
  0.000004   0.000050   0.000015
  0.001380  -0.000594   0.000850
  0.000350   0.000103   0.000150
 -0.001397   0.002802  -0.001000
 -0.000028   0.000025  -0.000009
 -0.029575  -0.005503   0.018003
  0.000038   0.000026   0.000015
 -0.185738  -0.054425   0.241369
 -0.000006  -0.000011  -0.000003
  0.009834   0.001726  -0.011418
  0.000011   0.000009   0.000021
  0.002376  -0.003808  -0.002269
  0.000024   0.000018  -0.000006
  0.001716   0.000119   0.000715
 -0.000004   0.000007   0.000008
  0.002574  -0.005990   0.004615
 -0.000005   0.000008  -0.000006
  0.000398   0.000145  -0.000490
 -0.000003   0.000015  -0.000025
 -0.004317   0.001693  -0.001336
  0.000093  -0.000024   0.000120
  0.000006   0.000020   0.000047
 -0.000037   0.000020   0.000004
  0.000004  -0.000005   0.000026
  0.000005   0.000016  -0.000039
 -0.000002  -0.000018  -0.000029
 -0.000065  -0.000061  -0.000027
  0.000041  -0.000011   0.000015
  0.000026  -0.000075   0.000051
  0.000000  -0.000011   0.000011
  0.000009   0.000057   0.000051
  0.000002   0.000008  -0.000003
  0.000014  -0.000013   0.000026
  0.000001  -0.000006  -0.000002
  0.000107   0.000039  -0.000085
 -0.000000   0.000004   0.000004
 -0.000010  -0.000041  -0.000060
 -0.000002   0.000011   0.000008
 -0.000146   0.000010  -0.000137
  0.000014   0.000016   0.000009
  0.000009   0.000206   0.000170
  0.000008   0.000004  -0.000005
  0.000103  -0.000049   0.000029
  0.000003   0.000006   0.000027
 -0.000051  -0.000004   0.000032
  0.000002   0.000007   0.000010
  0.000029   0.000093   0.000020
  0.000013  -0.000003   0.000011
 -0.000056  -0.000103  -0.000079
  0.000944  -0.000570   0.000065
 -0.000003   0.000004   0.000002
 -0.000049  -0.000061  -0.000564
 -0.000002  -0.000001  -0.000005
  0.198929   0.062244  -0.250700
  0.000005   0.000006   0.000015
  0.000063   0.002521  -0.000039
 -0.000002  -0.000005   0.000002
 -0.000006   0.000510   0.000177
  0.000001  -0.000007   0.000020
 -0.001606  -0.000355   0.000914
 -0.000001  -0.000008   0.000005
  0.000967  -0.000019   0.000250
  0.000001   0.000000   0.000001
 -0.000017  -0.000045  -0.000008
  0.000000  -0.000003   0.000009
 -0.000020  -0.000062  -0.000071
 -0.000076  -0.000014   0.000087
  0.000099   0.000053  -0.000017
 -0.000020  -0.000128   0.000069
  0.000028  -0.000019  -0.000063
 -0.000000  -0.000036   0.000061
 -0.000018  -0.000063  -0.000130
  0.000001  -0.000010  -0.000087
 -0.000455   0.000168  -0.000107
 -0.000320   0.000058  -0.000256
 -0.000287   0.000219  -0.000624
 -0.000111  -0.000105  -0.000060
  0.001033  -0.001148  -0.000062
 -0.000022   0.000019  -0.000079
  0.002453  -0.000520   0.000162
 -0.000097   0.000008  -0.000094
  0.000235   0.000118   0.000263
  0.000546   0.000454   0.001414
   75    1  0.0150  0.0000  0.0000
  0.000005  -0.000020  -0.000015
 -0.000296   0.000027   0.000081
  0.000009   0.000003   0.000014
  0.000076  -0.000100   0.000057
  0.000024   0.000011  -0.000003
 -0.000012  -0.000066  -0.000024
  0.000007  -0.000007  -0.000018
  0.000020   0.000154  -0.000010
  0.000004   0.000003  -0.000007
  0.000104  -0.000063  -0.000079
  0.000004   0.000004  -0.000002
  0.000327   0.000526   0.000129
  0.000006   0.000009  -0.000015
 -0.000114  -0.000179   0.000192
  0.000080   0.000038   0.000006
  0.000024  -0.000063   0.000114
  0.000001  -0.000016  -0.000023
  0.000037   0.000034  -0.000060
 -0.000010  -0.000011  -0.000002
 -0.000079   0.000024   0.000032
 -0.000412  -0.000607  -0.000342
 -0.000822  -0.000289  -0.000318
 -0.000186  -0.000717   0.001751
  0.000048  -0.000036  -0.000000
  0.006898  -0.002404   0.000012
 -0.000046  -0.000027  -0.000010
  0.002989  -0.017777   0.038334
  0.000018  -0.000003   0.000010
  0.089353  -0.033822   0.060152
 -0.000005   0.000001  -0.000004
 -0.010217   0.013643  -0.029259
 -0.000004  -0.000009   0.000004
  0.004372  -0.000503  -0.004751
  0.000024   0.000002  -0.000009
  0.001417   0.000016  -0.000230
  0.000017   0.000027   0.000036
 -0.001742   0.001062   0.000214
  0.000015  -0.000003   0.000008
  0.002008  -0.000647   0.000326
 -0.000038   0.000013  -0.000059
  0.000007   0.000001  -0.000018
 -0.000294   0.000357   0.000227
 -0.000014   0.000017  -0.000027
 -0.000009   0.000042  -0.000001
  0.000004   0.000002  -0.000020
  0.000181  -0.000135  -0.000027
 -0.000015   0.000007  -0.000003
  0.000098   0.000022  -0.000088
  0.000003   0.000016  -0.000005
 -0.000010   0.000056   0.000012
  0.000004  -0.000000  -0.000005
 -0.000079  -0.000021   0.000008
  0.000005   0.000006  -0.000004
  0.000025   0.000027   0.000002
  0.000003   0.000005  -0.000005
 -0.000058  -0.000128  -0.000077
  0.000004  -0.000003  -0.000005
 -0.000048   0.000707   0.000167
 -0.000011  -0.000012  -0.000010
  0.000033  -0.000029   0.000022
  0.000004   0.000002  -0.000002
 -0.000009  -0.000002  -0.000124
  0.000002   0.000027   0.000077
  0.000022  -0.000021  -0.000018
  0.000004  -0.000003  -0.000015
  0.000020  -0.000001   0.000002
 -0.000003   0.000008  -0.000008
 -0.000005   0.000027   0.000044
 -0.000062   0.000027  -0.000063
  0.000011   0.000010  -0.000005
  0.000569  -0.000081   0.000300
  0.000002   0.000003  -0.000000
 -0.001368   0.001043  -0.000073
  0.000001  -0.000000  -0.000010
 -0.092233   0.037592  -0.065581
  0.000006   0.000011   0.000004
 -0.000574   0.000929  -0.001365
  0.000015   0.000013  -0.000022
 -0.000141   0.000185   0.000244
  0.000013  -0.000027   0.000001
 -0.000227  -0.000061   0.000206
  0.000001   0.000005  -0.000004
 -0.000074  -0.000205  -0.000248
  0.000006   0.000005  -0.000008
  0.000010   0.000036   0.000021
 -0.000036   0.000098   0.000008
  0.000005   0.000008   0.000003
  0.000102   0.000027  -0.000002
 -0.000033   0.000018   0.000045
 -0.000050  -0.000009  -0.000084
 -0.000048   0.000015   0.000020
  0.000076   0.000029  -0.000039
  0.000574   0.000187   0.000089
  0.000304   0.000047   0.000621
  0.000117   0.000208   0.000137
  0.000287   0.000289   0.000015
 -0.000489   0.000335   0.000235
  0.000019  -0.000004   0.000032
 -0.001173   0.000365  -0.000322
  0.000062   0.000008   0.000036
 -0.000114  -0.000041  -0.000036
  0.000677  -0.000268  -0.000483
   75    2  0.0000  0.0150  0.0000
 -0.000006   0.000009   0.000036
 -0.000490   0.000931   0.000048
  0.000000   0.000011  -0.000036
 -0.000041  -0.000141   0.000042
 -0.000018   0.000003  -0.000022
  0.000311  -0.000273   0.000072
 -0.000015   0.000003   0.000063
  0.000199   0.000145  -0.000201
 -0.000009   0.000008   0.000018
  0.000071  -0.000004  -0.000095
 -0.000010   0.000001   0.000010
  0.000322   0.000410   0.000103
 -0.000023   0.000001   0.000066
 -0.000004  -0.000057   0.000040
 -0.000002   0.000042   0.000053
 -0.000003  -0.000088   0.000094
 -0.000000   0.000014   0.000010
  0.000018   0.000006   0.000015
 -0.000033  -0.000008  -0.000014
 -0.000073   0.000077   0.000004
  0.000101   0.000338   0.000177
 -0.000177  -0.000500   0.000066
  0.000392  -0.000044  -0.000776
 -0.000017   0.000039   0.000018
 -0.003505  -0.008529  -0.003595
  0.000035   0.000009   0.000021
  0.000511   0.000313  -0.010571
 -0.000004   0.000001  -0.000009
 -0.035646   0.116807  -0.146945
  0.000005  -0.000001   0.000020
 -0.002289  -0.001129  -0.007256
  0.000024   0.000018  -0.000004
  0.000329  -0.008374  -0.002388
  0.000005  -0.000004   0.000002
 -0.000669   0.001267   0.001009
 -0.000004  -0.000003  -0.000003
  0.001124   0.002930   0.002346
 -0.000004   0.000016  -0.000030
  0.001225  -0.001916  -0.001066
  0.000139  -0.000004   0.000148
  0.000001   0.000003   0.000031
  0.000518   0.000789   0.000944
  0.000017  -0.000008   0.000033
  0.000026   0.000017  -0.000048
  0.000008  -0.000003   0.000031
 -0.000083  -0.000009  -0.000017
  0.000020  -0.000007   0.000021
  0.000019  -0.000027  -0.000004
 -0.000001  -0.000016   0.000008
  0.000018   0.000058   0.000028
 -0.000001   0.000004   0.000004
 -0.000092  -0.000035  -0.000072
 -0.000005  -0.000011   0.000005
 -0.000004  -0.000016   0.000001
 -0.000002  -0.000004   0.000005
 -0.000032  -0.000023  -0.000057
 -0.000004   0.000010   0.000006
  0.000809   0.001355   0.000157
  0.000018   0.000012   0.000026
  0.000019   0.000032   0.000021
  0.000008   0.000008   0.000002
  0.000005   0.000012  -0.000039
  0.000063  -0.000009   0.000075
 -0.000002   0.000003   0.000027
  0.000001  -0.000000   0.000030
 -0.000011  -0.000016  -0.000012
  0.000008  -0.000009   0.000027
 -0.000031  -0.000011  -0.000063
 -0.000021   0.000035   0.000118
 -0.000002   0.000007   0.000006
 -0.000175   0.000097  -0.000044
 -0.000021   0.000031  -0.000017
  0.000885   0.004691   0.002494
  0.000003  -0.000000   0.000018
  0.037485  -0.111738   0.164142
 -0.000004  -0.000012  -0.000002
 -0.000105  -0.000143  -0.000276
 -0.000002  -0.000007   0.000018
  0.000151   0.001291   0.000539
 -0.000005   0.000011   0.000018
  0.000024   0.000303   0.000015
 -0.000003  -0.000008   0.000003
 -0.000040   0.000507  -0.000348
 -0.000003  -0.000011   0.000019
 -0.000016  -0.000029  -0.000039
 -0.000060  -0.000193  -0.000078
  0.000004  -0.000015  -0.000019
  0.000028   0.000011  -0.000143
  0.000033  -0.000005  -0.000049
 -0.000011  -0.000046   0.000007
  0.000051  -0.000004  -0.000098
  0.000016  -0.000021  -0.000025
 -0.000186  -0.000141  -0.000195
  0.000087   0.000198  -0.000006
 -0.000072  -0.000155  -0.000068
  0.000084   0.000246  -0.000302
 -0.000866   0.000404   0.000708
 -0.000034   0.000016  -0.000077
  0.000140   0.000445   0.000539
 -0.000110  -0.000018  -0.000115
  0.000111   0.000075   0.000204
 -0.000424  -0.000240   0.000415
   75    3  0.0000 -0.0000  0.0150
 -0.000011  -0.000015  -0.000020
  0.000295   0.000656   0.000533
 -0.000005   0.000014   0.000041
 -0.000103   0.000226  -0.000003
  0.000003  -0.000006   0.000027
 -0.000095   0.000200  -0.000029
  0.000010   0.000014  -0.000047
 -0.000007   0.000003  -0.000029
  0.000004  -0.000008  -0.000007
  0.000143  -0.000219  -0.000259
  0.000002  -0.000002   0.000003
  0.000154   0.000423   0.000370
  0.000027   0.000006  -0.000040
 -0.000064  -0.000054   0.000457
  0.000027  -0.000019  -0.000037
 -0.000069  -0.000134   0.000196
 -0.000015  -0.000015  -0.000007
  0.000026  -0.000078   0.000007
  0.000022   0.000012   0.000018
 -0.000203   0.000028  -0.000094
  0.000067  -0.000547  -0.000019
  0.000057  -0.000105   0.000166
 -0.000327  -0.000221   0.000302
 -0.000005  -0.000009   0.000005
  0.001498  -0.002719  -0.004222
  0.000008   0.000017   0.000008
 -0.000435  -0.004185   0.005866
 -0.000003   0.000001   0.000006
  0.059905  -0.148939   0.376310
  0.000002  -0.000006  -0.000006
  0.009376  -0.012558   0.020687
 -0.000010  -0.000013   0.000002
 -0.006197  -0.002827   0.000650
 -0.000010   0.000009   0.000021
 -0.000865   0.000976  -0.000436
 -0.000006  -0.000020  -0.000027
  0.002266   0.000987  -0.000457
  0.000008  -0.000008   0.000028
 -0.000992   0.000799   0.000496
 -0.000127  -0.000042  -0.000097
  0.000003  -0.000005  -0.000025
 -0.000065   0.000617   0.000052
 -0.000016   0.000015  -0.000026
 -0.000008   0.000028  -0.000073
 -0.000013  -0.000004  -0.000050
 -0.000264   0.000033  -0.000068
 -0.000019   0.000002  -0.000034
 -0.000024  -0.000031  -0.000076
  0.000002   0.000018  -0.000004
  0.000003   0.000001  -0.000043
 -0.000002  -0.000003  -0.000001
 -0.000201  -0.000010   0.000131
 -0.000001   0.000009  -0.000005
 -0.000038   0.000018   0.000020
 -0.000000   0.000006  -0.000006
 -0.000071  -0.000179  -0.000072
  0.000002  -0.000009  -0.000006
  0.000293   0.000197  -0.000370
 -0.000003   0.000011  -0.000004
  0.000036  -0.000083   0.000004
 -0.000011  -0.000008  -0.000002
 -0.000004   0.000027  -0.000216
  0.000013   0.000020  -0.000036
  0.000016  -0.000049  -0.000038
 -0.000004   0.000011  -0.000020
  0.000007   0.000019   0.000020
 -0.000008   0.000011  -0.000019
 -0.000017   0.000132   0.000091
  0.000085   0.000044   0.000030
 -0.000006  -0.000002  -0.000003
  0.000226   0.000017   0.000132
 -0.000007   0.000018  -0.000017
  0.000410   0.002355   0.000050
 -0.000005   0.000003  -0.000009
 -0.065564   0.164380  -0.400008
  0.000001   0.000012   0.000003
  0.000525  -0.000845   0.001010
 -0.000010  -0.000002  -0.000007
  0.000165   0.000484   0.000301
 -0.000006   0.000004  -0.000022
  0.000058   0.000260  -0.000115
  0.000000   0.000004   0.000001
 -0.000870   0.000777  -0.000024
  0.000001   0.000010  -0.000017
  0.000019   0.000013   0.000003
  0.000137  -0.000125  -0.000027
  0.000023   0.000020   0.000028
 -0.000052  -0.000166   0.000147
 -0.000028   0.000001   0.000038
  0.000137  -0.000105  -0.000143
 -0.000009  -0.000007   0.000075
  0.000129   0.000185  -0.000131
  0.000012   0.000269   0.000268
  0.000091  -0.000033  -0.000143
 -0.000026   0.000380  -0.000019
  0.000041  -0.000017  -0.000099
  0.000693  -0.000123  -0.000450
  0.000037   0.000008   0.000041
  0.000097  -0.000262  -0.000213
  0.000113   0.000052   0.000097
 -0.000169  -0.000227  -0.000084
 -0.000203   0.000204  -0.000180
   77    1  0.0150  0.0000  0.0000
  0.000036  -0.000197  -0.000048
  0.000007   0.000019   0.000000
 -0.000022  -0.000001   0.000035
 -0.000021   0.000003   0.000006
  0.000150   0.000034   0.000045
  0.000001  -0.000003  -0.000007
  0.000003  -0.000069   0.000093
 -0.000000   0.000020  -0.000012
 -0.000016   0.000034   0.000012
  0.000048  -0.000026   0.000008
 -0.000020   0.000019   0.000004
  0.000041   0.000113  -0.000084
  0.000001  -0.000007   0.000009
 -0.000300  -0.000254  -0.000054
 -0.000010   0.000004   0.000010
  0.000262  -0.000023  -0.000041
  0.000005   0.000004   0.000001
 -0.000091   0.000127  -0.000257
 -0.000005  -0.000002  -0.000002
 -0.000114   0.000005   0.000111
  0.002232  -0.001679  -0.001103
  0.000008   0.000005   0.000006
  0.001515   0.000122  -0.002216
 -0.000002  -0.000001   0.000002
  0.004857  -0.004325   0.003702
  0.000001  -0.000001   0.000003
 -0.000090  -0.000183   0.001110
 -0.000005   0.000001   0.000003
 -0.001443  -0.002768   0.001799
 -0.000013  -0.000018  -0.000026
 -0.008416  -0.002751   0.007876
  0.000021   0.000013   0.000008
  0.276746   0.031892  -0.188602
 -0.000008  -0.000002   0.000005
  0.025074   0.006288  -0.029281
 -0.000004   0.000001   0.000006
 -0.001663   0.000762   0.002335
 -0.000009   0.000013   0.000001
 -0.000037  -0.000016   0.000290
  0.000154   0.000066   0.000052
  0.000010  -0.000032  -0.000025
 -0.000011   0.000001   0.000008
 -0.000021   0.000031  -0.000025
 -0.000004   0.000008  -0.000003
  0.000038  -0.000003   0.000037
 -0.000008  -0.000010   0.000014
 -0.000148   0.000088   0.000055
  0.000005  -0.000008   0.000009
 -0.000015   0.000019  -0.000001
 -0.000003   0.000009   0.000002
  0.000001  -0.000006  -0.000012
  0.000027   0.000026  -0.000017
 -0.000003  -0.000002   0.000001
 -0.000010  -0.000006  -0.000003
 -0.000001   0.000001   0.000002
 -0.000009  -0.000016   0.000013
 -0.000000  -0.000007  -0.000008
  0.000033   0.000013   0.000098
 -0.000002   0.000001   0.000003
  0.000100  -0.000023   0.000087
 -0.000001   0.000001   0.000005
 -0.000107   0.000163   0.000027
 -0.000003  -0.000001   0.000007
  0.000114  -0.000041  -0.000021
 -0.000001  -0.000001   0.000004
  0.000024  -0.000044  -0.000007
  0.000001  -0.000002   0.000005
 -0.000002   0.000044   0.000067
  0.000873   0.000430   0.000501
 -0.000001  -0.000000   0.000001
 -0.000164   0.000044   0.000096
 -0.000002  -0.000002  -0.000000
  0.000091   0.000340   0.000008
 -0.000009  -0.000002   0.000001
 -0.000538  -0.000123   0.000511
  0.000010  -0.000001  -0.000012
 -0.297448  -0.030710   0.202941
 -0.000000  -0.000000   0.000004
 -0.001373   0.001379   0.000549
 -0.000003  -0.000001   0.000002
 -0.000368   0.000228  -0.000470
 -0.000005  -0.000003   0.000003
 -0.000122   0.000022  -0.000095
 -0.000003  -0.000003   0.000002
  0.000055   0.000179   0.000059
 -0.000017   0.000012  -0.000004
 -0.000047   0.000007  -0.000024
 -0.000005   0.000000   0.000012
  0.000001  -0.000000  -0.000007
  0.000028   0.000106   0.000025
 -0.000007  -0.000002  -0.000012
  0.000082  -0.000346  -0.000090
  0.001466   0.000616  -0.000278
 -0.000024  -0.000004   0.000005
 -0.000409   0.000857   0.000078
 -0.000004  -0.000004   0.000005
 -0.000028  -0.000084  -0.000079
 -0.000040  -0.000048   0.000003
 -0.000015  -0.000011  -0.000148
  0.000053  -0.000102  -0.000119
 -0.000972  -0.000204   0.000359
  0.000067   0.000006   0.000056
   77    2  0.0000  0.0150  0.0000
 -0.000111   0.000178   0.000047
 -0.000061  -0.000001   0.000009
  0.000056   0.000074  -0.000031
  0.000019  -0.000012  -0.000006
 -0.000123  -0.000135   0.000015
  0.000000  -0.000020   0.000006
 -0.000019  -0.000001  -0.000059
 -0.000007  -0.000058   0.000044
  0.000019  -0.000015  -0.000012
  0.000021   0.000100   0.000047
  0.000013  -0.000013   0.000006
 -0.000109  -0.000225   0.000055
 -0.000013   0.000004   0.000015
  0.000523   0.000625  -0.000001
 -0.000008   0.000000   0.000012
  0.000503   0.000111  -0.000611
 -0.000005   0.000004   0.000006
 -0.000320   0.000182  -0.000174
 -0.000009  -0.000000  -0.000002
  0.000216  -0.000128   0.000210
 -0.002921   0.000595  -0.000551
  0.000052  -0.000033   0.000059
  0.000043  -0.000501   0.000358
  0.000004   0.000012   0.000007
 -0.003845  -0.008399  -0.002955
  0.000019  -0.000001   0.000007
 -0.001230   0.001956  -0.000226
 -0.000007  -0.000002  -0.000001
 -0.002142  -0.005546  -0.007135
  0.000007   0.000005   0.000021
  0.013209  -0.002699  -0.011229
  0.000016   0.000021  -0.000012
  0.027099   0.062489  -0.042584
 -0.000001  -0.000010  -0.000001
 -0.007026  -0.005909   0.007619
 -0.000007  -0.000001  -0.000001
  0.003255   0.004156   0.002109
 -0.000033  -0.000005  -0.000017
 -0.000018  -0.000776   0.000013
  0.000276   0.000200   0.000084
  0.000003   0.000039   0.000017
  0.000032   0.000014   0.000032
  0.000005  -0.000002   0.000010
 -0.000000  -0.000011   0.000014
  0.000009  -0.000036  -0.000011
  0.000016   0.000002   0.000016
  0.000035  -0.000131  -0.000049
 -0.000005   0.000017  -0.000007
  0.000020   0.000053  -0.000039
  0.000005  -0.000009   0.000011
 -0.000000   0.000008   0.000016
 -0.000120  -0.000073   0.000052
  0.000002  -0.000008   0.000019
 -0.000006  -0.000030  -0.000024
 -0.000006   0.000005   0.000001
  0.000043   0.000033   0.000031
 -0.000009   0.000003   0.000008
 -0.000026  -0.000021  -0.000126
  0.000002   0.000003   0.000006
 -0.000170   0.000043  -0.000107
 -0.000002   0.000004  -0.000000
  0.000210   0.001010   0.000252
  0.000008  -0.000000   0.000008
 -0.000027   0.000037   0.000030
 -0.000002  -0.000001   0.000007
 -0.000035   0.000039   0.000009
 -0.000002  -0.000001   0.000006
  0.000003  -0.000010   0.000002
  0.000262  -0.000141   0.000222
 -0.000004   0.000001  -0.000000
  0.000187   0.000069  -0.000075
 -0.000003  -0.000006   0.000003
  0.000161   0.001184   0.000538
 -0.000000   0.000003   0.000016
  0.000938  -0.000138  -0.000865
 -0.000011  -0.000006   0.000008
 -0.030712  -0.052850   0.051617
 -0.000003  -0.000002   0.000006
  0.001166   0.004504   0.002459
 -0.000001   0.000000   0.000005
 -0.000692  -0.000099   0.000090
 -0.000007  -0.000004   0.000004
 -0.000573   0.000193  -0.000595
 -0.000007  -0.000010   0.000008
  0.000002  -0.000152  -0.000073
  0.000028   0.000017  -0.000013
  0.000087  -0.000053   0.000041
  0.000006   0.000031  -0.000032
  0.000003   0.000002  -0.000005
 -0.000129  -0.000126   0.000205
  0.000009   0.000003  -0.000004
 -0.000343  -0.000434   0.000143
  0.001671   0.000350  -0.000452
 -0.000003  -0.000006  -0.000042
  0.000624  -0.000788   0.000180
 -0.000013  -0.000004  -0.000033
 -0.000013   0.000262   0.000072
 -0.000081  -0.000121  -0.000002
  0.000279   0.000028   0.000232
 -0.000288  -0.000112  -0.000222
  0.000240   0.001231   0.001215
 -0.000102  -0.000027   0.000022
   77    3  0.0000 -0.0000  0.0150
 -0.000026  -0.000029   0.000013
  0.000001  -0.000062   0.000021
  0.000046  -0.000021  -0.000055
  0.000008   0.000006  -0.000035
  0.000064   0.000016  -0.000088
 -0.000029   0.000024  -0.000040
  0.000057  -0.000198   0.000066
 -0.000041  -0.000055   0.000071
 -0.000034   0.000096   0.000025
  0.000053   0.000063   0.000042
 -0.000008  -0.000008   0.000015
 -0.000053  -0.000002   0.000100
 -0.000022   0.000002   0.000064
  0.000548   0.000289   0.000162
 -0.000045   0.000024   0.000058
  0.000078   0.000084  -0.000246
  0.000035   0.000023   0.000000
 -0.000050  -0.000006   0.000134
 -0.000024  -0.000014  -0.000022
  0.000150  -0.000095   0.000069
 -0.005247   0.000315  -0.002217
  0.000127   0.000008   0.000052
  0.000544   0.000527  -0.000283
  0.000005   0.000028  -0.000003
  0.002546  -0.003132  -0.001672
  0.000034   0.000003   0.000008
  0.001216   0.000213   0.000291
 -0.000008   0.000001  -0.000001
  0.002446  -0.005869   0.003799
  0.000012   0.000010   0.000030
 -0.028093  -0.004754   0.019982
  0.000022   0.000023  -0.000017
 -0.191534  -0.045243   0.249309
 -0.000002  -0.000008  -0.000004
  0.011099   0.001062  -0.012103
  0.000003   0.000012   0.000003
 -0.001775   0.003079  -0.000535
 -0.000024  -0.000000  -0.000033
  0.000838   0.000092   0.000552
  0.000392   0.000280   0.000074
 -0.000023   0.000025   0.000007
 -0.000037  -0.000034   0.000004
 -0.000018  -0.000008  -0.000016
  0.000022   0.000020   0.000034
  0.000042  -0.000004   0.000037
 -0.000009  -0.000015   0.000063
  0.000062  -0.000043   0.000275
  0.000038   0.000009  -0.000005
 -0.000022  -0.000018  -0.000014
 -0.000001   0.000027   0.000019
 -0.000000   0.000004  -0.000041
 -0.000132  -0.000081   0.000063
  0.000006  -0.000013   0.000002
  0.000009  -0.000024  -0.000030
  0.000001   0.000000   0.000001
  0.000066   0.000042   0.000066
 -0.000007   0.000013   0.000016
  0.000004  -0.000005  -0.000103
  0.000014   0.000007   0.000010
 -0.000195  -0.000029  -0.000188
  0.000010   0.000006  -0.000004
 -0.000065   0.000490  -0.000331
  0.000004  -0.000010   0.000026
 -0.000108   0.000041  -0.000024
  0.000005  -0.000001   0.000016
 -0.000009   0.000015  -0.000054
  0.000012  -0.000008   0.000017
  0.000033   0.000010   0.000020
  0.000806   0.000280   0.000055
  0.000001   0.000003  -0.000003
 -0.000068  -0.000037   0.000062
  0.000002  -0.000005  -0.000003
 -0.000035   0.000523   0.000152
  0.000009   0.000006   0.000018
 -0.001411  -0.000257   0.001011
 -0.000014  -0.000007   0.000006
  0.202942   0.051599  -0.259757
  0.000002  -0.000002   0.000015
  0.000057   0.002082  -0.000052
  0.000001   0.000002   0.000008
  0.001525  -0.000592  -0.000390
 -0.000002  -0.000004   0.000003
 -0.000098   0.000220  -0.000571
  0.000003  -0.000014   0.000016
 -0.000118  -0.000080   0.000066
  0.000009   0.000013  -0.000059
 -0.000055  -0.000075  -0.000079
 -0.000008  -0.000011  -0.000012
  0.000033  -0.000006  -0.000055
 -0.000117  -0.000148   0.000026
  0.000005  -0.000020  -0.000097
 -0.000210   0.000154   0.000306
  0.002116  -0.000450   0.001549
 -0.000122   0.000023  -0.000077
  0.001729  -0.001431   0.000807
 -0.000046  -0.000029  -0.000048
 -0.000070  -0.000130  -0.000375
 -0.000104  -0.000132   0.000060
 -0.000370   0.000001  -0.000164
 -0.000385  -0.000246  -0.000218
  0.000758   0.001582   0.000087
  0.000226  -0.000012   0.000257
   79    1  0.0150  0.0000  0.0000
  0.000283   0.000477  -0.000117
  0.000045  -0.000003  -0.000015
  0.000289  -0.000399   0.000227
  0.000002   0.000028  -0.000005
 -0.000824  -0.000262   0.000574
  0.000003   0.000012   0.000020
  0.000048   0.000169  -0.000204
  0.000008  -0.000005   0.000013
  0.000015  -0.000070  -0.000026
 -0.000022   0.000022  -0.000000
  0.000039  -0.000006   0.000005
 -0.000044  -0.000076   0.000024
  0.000001   0.000004  -0.000011
  0.000108   0.000202   0.000010
  0.000015  -0.000011  -0.000020
  0.000022  -0.000005  -0.000025
 -0.000008  -0.000002   0.000006
 -0.000128   0.000003   0.000046
  0.000012   0.000017   0.000008
  0.000073   0.000038  -0.000052
  0.000829   0.000471   0.000276
 -0.000011   0.000003  -0.000014
 -0.002187   0.001906  -0.001212
  0.000012   0.000004  -0.000002
 -0.009672   0.013166  -0.029229
 -0.000001   0.000004   0.000001
  0.004659   0.000300  -0.004846
  0.000016   0.000003  -0.000006
  0.001721   0.000130  -0.000223
  0.000011   0.000022   0.000038
  0.006610  -0.002984   0.000113
 -0.000011  -0.000015   0.000000
  0.002624  -0.017046   0.038331
  0.000014  -0.000002   0.000002
  0.091496  -0.032533   0.062585
  0.000000   0.000002   0.000006
 -0.000122  -0.000683   0.001671
  0.000028   0.000002   0.000008
 -0.000289  -0.000377  -0.000528
 -0.000281  -0.000171  -0.000053
  0.000015  -0.000010   0.000033
  0.000017  -0.000005  -0.000016
  0.000188  -0.000121   0.000180
  0.000003  -0.000006  -0.000005
 -0.000161  -0.000022   0.000169
 -0.000001   0.000017  -0.000034
  0.000125  -0.000063  -0.000126
 -0.000006   0.000009  -0.000001
  0.000038  -0.000025  -0.000002
  0.000006  -0.000012  -0.000010
  0.000001   0.000006   0.000029
  0.000024  -0.000048   0.000000
  0.000005   0.000012  -0.000001
 -0.000012   0.000023   0.000016
  0.000012  -0.000016   0.000003
  0.000000   0.000010  -0.000008
  0.000017   0.000017   0.000007
  0.000027   0.000009  -0.000023
  0.000002   0.000001  -0.000007
 -0.000014   0.000073  -0.000004
  0.000003   0.000002  -0.000005
  0.000125  -0.000069   0.000110
  0.000008   0.000006  -0.000013
 -0.000030   0.000035  -0.000004
  0.000004   0.000004  -0.000008
 -0.000022   0.000068   0.000035
  0.000006  -0.000001   0.000007
 -0.000004   0.000020  -0.000012
 -0.000182  -0.000224   0.000245
  0.000006   0.000001  -0.000002
  0.000206  -0.000667   0.000226
  0.000006   0.000005  -0.000001
 -0.000649   0.000648  -0.001563
  0.000008  -0.000000  -0.000007
 -0.000135   0.000122   0.000228
  0.000017   0.000016   0.000008
 -0.001289   0.001168  -0.000081
  0.000003   0.000003  -0.000005
 -0.094948   0.036512  -0.066740
  0.000005   0.000008   0.000003
 -0.000052   0.000072  -0.000047
  0.000008   0.000002  -0.000005
  0.000334  -0.000154   0.000121
  0.000004   0.000005   0.000006
 -0.000074  -0.000210  -0.000267
  0.000004  -0.000029  -0.000022
  0.000537   0.000471  -0.000080
 -0.000015   0.000000  -0.000000
  0.000006   0.000005   0.000020
  0.000044  -0.000021  -0.000044
  0.000009   0.000007   0.000021
  0.000011   0.000012  -0.000007
 -0.000541  -0.000060  -0.000176
  0.000057   0.000004   0.000012
 -0.000207  -0.000129  -0.000096
  0.000018   0.000012   0.000009
  0.000109   0.000071   0.000196
  0.000077   0.000121  -0.000046
  0.000652   0.000051   0.000250
  0.000133   0.000187   0.000173
  0.000179  -0.000232  -0.000000
 -0.000103  -0.000024  -0.000018
   79    2  0.0000  0.0150  0.0000
 -0.000009   0.000292   0.000030
  0.000049  -0.000009  -0.000009
 -0.000568   0.000892  -0.000414
 -0.000011   0.000021  -0.000002
  0.000390  -0.000743  -0.000836
 -0.000010  -0.000009   0.000006
  0.000191  -0.000183  -0.000017
 -0.000012  -0.000017   0.000023
 -0.000067   0.000049   0.000010
  0.000034   0.000035   0.000010
  0.000021  -0.000039   0.000032
 -0.000000  -0.000045  -0.000003
 -0.000013   0.000015  -0.000002
  0.000022   0.000100   0.000001
 -0.000003   0.000005   0.000019
 -0.000073   0.000099  -0.000207
  0.000008  -0.000000  -0.000004
 -0.000162  -0.000074   0.000022
 -0.000002  -0.000031  -0.000013
  0.000073  -0.000134   0.000157
  0.001017  -0.000358  -0.000272
  0.000033  -0.000001   0.000023
 -0.000070   0.003834   0.002907
  0.000007   0.000002  -0.000004
 -0.004061  -0.001877  -0.005865
  0.000001  -0.000005  -0.000002
  0.000511  -0.007778  -0.003599
  0.000006  -0.000017  -0.000008
  0.000789   0.001028   0.001011
 -0.000000   0.000009   0.000064
 -0.003509  -0.008601  -0.002606
  0.000042   0.000025  -0.000012
 -0.001740  -0.000158  -0.009175
  0.000001  -0.000003   0.000003
 -0.030823   0.120294  -0.151475
  0.000002  -0.000004  -0.000002
  0.000250  -0.000107  -0.000279
 -0.000008   0.000022   0.000013
 -0.000161   0.000008   0.000003
  0.000404   0.000353   0.000264
  0.000063   0.000083   0.000043
 -0.000010  -0.000002  -0.000002
 -0.000002  -0.000032  -0.000009
  0.000002   0.000000   0.000005
  0.000031   0.000088   0.000437
  0.000005  -0.000002   0.000009
 -0.000079  -0.000021   0.000062
  0.000006   0.000002   0.000005
 -0.000025   0.000049  -0.000003
  0.000004  -0.000000   0.000003
  0.000012   0.000015  -0.000020
  0.000001  -0.000061   0.000004
  0.000010  -0.000017   0.000011
 -0.000001   0.000021   0.000008
 -0.000013   0.000023  -0.000000
 -0.000000  -0.000005  -0.000000
  0.000001  -0.000001   0.000012
 -0.000018  -0.000016  -0.000009
  0.000003  -0.000003   0.000006
  0.000020   0.000097   0.000001
  0.000003   0.000002  -0.000001
  0.000083  -0.000139   0.000044
 -0.000000  -0.000001   0.000006
  0.000084   0.000322  -0.000065
  0.000003  -0.000002   0.000002
  0.000056   0.000225   0.000135
 -0.000013   0.000015  -0.000024
  0.000009   0.000014   0.000018
 -0.000480  -0.000161   0.000042
 -0.000001   0.000005   0.000001
  0.000268  -0.000040  -0.000398
  0.000001  -0.000002  -0.000000
 -0.000185  -0.000138  -0.000367
 -0.000012   0.000014   0.000015
  0.000206   0.001295   0.000495
  0.000040   0.000018   0.000013
  0.001375   0.004502   0.002087
  0.000002  -0.000001   0.000006
  0.036433  -0.113143   0.167890
  0.000001   0.000001   0.000003
 -0.000008   0.000076   0.000011
 -0.000009  -0.000010   0.000000
  0.000015   0.000004  -0.000062
 -0.000008  -0.000030   0.000019
  0.000131   0.000019   0.000053
 -0.000022  -0.000026  -0.000016
 -0.000101   0.000021  -0.000436
  0.000001  -0.000003   0.000013
 -0.000009  -0.000001   0.000013
  0.000134  -0.000081  -0.000017
  0.000010   0.000011   0.000006
  0.000006  -0.000066  -0.000050
  0.000302   0.000213   0.000277
 -0.000020   0.000003  -0.000012
 -0.000280  -0.000022   0.000221
 -0.000004  -0.000008  -0.000006
  0.000008  -0.000006  -0.000031
 -0.000057  -0.000231  -0.000024
 -0.000021   0.000011  -0.000061
 -0.000044  -0.000378  -0.000362
 -0.000476   0.000613   0.000155
  0.000025   0.000000   0.000053
   79    3  0.0000 -0.0000  0.0150
 -0.000347   0.000767  -0.000161
 -0.000039  -0.000042   0.000024
  0.000789  -0.002404   0.001094
  0.000013  -0.000028  -0.000022
 -0.000392   0.000051   0.001162
 -0.000022   0.000035  -0.000026
 -0.000097   0.000059  -0.000014
 -0.000037  -0.000026   0.000063
  0.000069  -0.000017  -0.000011
  0.000000   0.000054  -0.000024
 -0.000007   0.000041  -0.000014
  0.000007  -0.000033   0.000028
  0.000005  -0.000017   0.000023
  0.000005   0.000168   0.000128
 -0.000014  -0.000002  -0.000002
  0.000320   0.000051  -0.000072
 -0.000005   0.000011   0.000010
 -0.000306  -0.000091  -0.000133
 -0.000006   0.000028   0.000002
 -0.000130  -0.000133   0.000115
 -0.000505  -0.000299  -0.000434
  0.000033  -0.000001   0.000016
  0.002206   0.001876   0.000125
  0.000004   0.000016   0.000002
  0.007240  -0.011985   0.020123
  0.000016   0.000008   0.000007
 -0.005390  -0.003377  -0.000281
  0.000002   0.000018   0.000002
 -0.000407   0.000975  -0.000430
 -0.000007   0.000008  -0.000019
  0.000753  -0.002977  -0.003893
 -0.000000  -0.000002   0.000019
 -0.000946  -0.003335   0.004016
 -0.000008   0.000000  -0.000004
  0.062403  -0.151206   0.378239
  0.000003   0.000009   0.000008
 -0.000205  -0.000130   0.000288
  0.000032   0.000017  -0.000012
  0.000103  -0.000354  -0.000103
  0.000008   0.000038  -0.000075
 -0.000049  -0.000028  -0.000034
  0.000001  -0.000008  -0.000001
 -0.000161   0.000083  -0.000289
  0.000003  -0.000002   0.000014
  0.000280  -0.000166   0.001266
  0.000007   0.000022   0.000006
 -0.000041   0.000023  -0.000058
  0.000004   0.000019  -0.000019
  0.000041   0.000003  -0.000057
 -0.000002  -0.000003  -0.000014
 -0.000008  -0.000005   0.000012
  0.000008  -0.000107   0.000028
 -0.000007   0.000012   0.000016
  0.000013   0.000064   0.000024
  0.000013  -0.000028  -0.000003
 -0.000013  -0.000019  -0.000007
  0.000009   0.000006  -0.000008
 -0.000041   0.000004  -0.000029
  0.000002   0.000007  -0.000002
  0.000031   0.000105   0.000009
  0.000001   0.000004   0.000001
  0.000145  -0.000138   0.000027
  0.000007  -0.000000  -0.000001
 -0.000027  -0.000060  -0.000025
 -0.000001   0.000002   0.000005
  0.000158   0.000351   0.000120
  0.000014  -0.000020   0.000030
  0.000014  -0.000007   0.000053
  0.000037   0.000229  -0.000270
  0.000001  -0.000001  -0.000003
 -0.001161   0.000613  -0.000700
  0.000001  -0.000001   0.000001
  0.000492  -0.000494   0.000889
  0.000008  -0.000009  -0.000003
  0.000194   0.000523   0.000304
 -0.000002  -0.000004  -0.000013
  0.000579   0.002460  -0.000030
 -0.000002   0.000002   0.000004
 -0.066768   0.168135  -0.401803
  0.000000   0.000006   0.000004
  0.000035   0.000045   0.000023
  0.000001  -0.000005  -0.000003
  0.000143  -0.000035   0.000070
  0.000009  -0.000008   0.000022
  0.000948   0.001257   0.000049
  0.000032   0.000024  -0.000018
 -0.000527  -0.000655   0.000618
  0.000013   0.000016  -0.000029
  0.000025   0.000003  -0.000026
  0.000057  -0.000116   0.000013
 -0.000001  -0.000013  -0.000036
 -0.000156   0.000084   0.000007
  0.000372   0.000053   0.000302
 -0.000013   0.000001  -0.000029
  0.000161   0.000127   0.000095
 -0.000014  -0.000009  -0.000021
 -0.000040   0.000153   0.000027
 -0.000013   0.000054   0.000094
 -0.000026   0.000045   0.000138
  0.000048  -0.000029   0.000102
  0.000065  -0.000307  -0.000603
 -0.000041  -0.000030  -0.000004
   81    1  0.0150  0.0000  0.0000
 -0.000030  -0.000004  -0.000012
 -0.000039   0.000027   0.000052
 -0.000006   0.000025   0.000013
 -0.000007  -0.000013   0.000005
  0.000007  -0.000008  -0.000009
  0.000022  -0.000041  -0.000008
  0.000008  -0.000011  -0.000007
  0.000020  -0.000009   0.000077
 -0.000004   0.000002   0.000001
  0.000053   0.000053   0.000102
 -0.000004   0.000000   0.000006
 -0.000027  -0.000123  -0.000074
  0.000015   0.000002  -0.000014
  0.000023  -0.000034  -0.000049
  0.000035  -0.000024  -0.000053
  0.000208   0.000003  -0.000088
 -0.000034  -0.000018  -0.000004
 -0.000177   0.000163  -0.000181
  0.000009   0.000024   0.000029
  0.000176  -0.000024  -0.000020
 -0.001358   0.000154  -0.000423
 -0.000071  -0.000030  -0.000005
  0.000246   0.000253  -0.000405
  0.000012  -0.000006   0.000012
 -0.000513  -0.000121   0.000116
 -0.000001  -0.000004   0.000002
  0.001352   0.000994  -0.002851
 -0.000004   0.000003   0.000009
  0.006547  -0.004219   0.004005
 -0.000001   0.000002   0.000005
  0.026763   0.006102  -0.032240
 -0.000007  -0.000003   0.000004
 -0.001970   0.001615  -0.002980
 -0.000002  -0.000000   0.000005
  0.000427  -0.000248   0.000613
 -0.000003  -0.000006   0.000011
  0.182040   0.028196  -0.164872
 -0.000002  -0.000002   0.000009
 -0.013058  -0.007041   0.016182
  0.000000   0.000021  -0.000026
  0.000001  -0.000002  -0.000008
  0.000099   0.000011   0.000011
 -0.000012   0.000008  -0.000003
 -0.000047  -0.000073   0.000003
 -0.000002  -0.000009  -0.000011
  0.000050   0.000195   0.000008
  0.000001  -0.000002   0.000008
 -0.000050   0.000046  -0.000002
 -0.000003   0.000003   0.000003
  0.000027  -0.000072  -0.000055
 -0.000003  -0.000002   0.000000
  0.000034   0.000051  -0.000014
 -0.000002   0.000004   0.000002
 -0.000052  -0.000061  -0.000023
 -0.000003   0.000001   0.000002
 -0.000023   0.000000   0.000035
 -0.000003  -0.000000   0.000003
 -0.000003  -0.000028   0.000067
 -0.000006  -0.000000   0.000002
 -0.000015  -0.000050  -0.000033
 -0.000007   0.000001   0.000006
  0.000011  -0.000002   0.000044
  0.000008   0.000003  -0.000022
 -0.000007  -0.000053  -0.000024
 -0.000002   0.000001   0.000001
 -0.000058   0.000104   0.000057
 -0.000007   0.000005  -0.000001
 -0.000032   0.000010   0.000020
 -0.000232   0.000132  -0.000209
 -0.000002  -0.000001   0.000002
  0.000075   0.000017   0.000045
 -0.000002  -0.000001   0.000007
  0.001133   0.000048   0.000959
 -0.000004   0.000001   0.000002
 -0.000230   0.000019   0.000071
 -0.000005   0.000004   0.000005
 -0.000326  -0.000682   0.001500
 -0.000008   0.000005  -0.000003
 -0.000081   0.000026  -0.000093
  0.000002   0.000014   0.000005
 -0.208632  -0.030569   0.183666
 -0.000004   0.000003   0.000002
  0.002834   0.000593  -0.003594
 -0.000003   0.000004  -0.000003
  0.000005   0.000004  -0.000016
  0.000087   0.000137  -0.000023
  0.000027  -0.000006  -0.000009
  0.000044   0.000083  -0.000077
 -0.000016   0.000011   0.000036
 -0.000223   0.000098   0.000140
 -0.000000   0.000001   0.000056
  0.000009  -0.000256   0.000028
  0.000816   0.000068  -0.000033
  0.000116  -0.000040   0.000047
  0.000375  -0.000102   0.000231
  0.000032   0.000025   0.000019
  0.001566   0.003661   0.000032
 -0.000010  -0.000011   0.000011
  0.002640   0.001098   0.000402
 -0.000018   0.000005  -0.000008
  0.000022   0.000063   0.000296
 -0.000528  -0.000194  -0.000510
   81    2  0.0000  0.0150  0.0000
 -0.000044   0.000030   0.000015
  0.000033   0.000231  -0.000010
  0.000014   0.000033   0.000009
 -0.000147  -0.000032   0.000067
 -0.000005  -0.000028  -0.000001
 -0.000056  -0.000231  -0.000214
 -0.000015   0.000007   0.000014
  0.000223  -0.000070  -0.000130
  0.000001  -0.000001   0.000003
 -0.000464   0.000313  -0.000089
 -0.000004   0.000003   0.000000
 -0.000120  -0.000125   0.000001
 -0.000008   0.000000   0.000014
  0.000050   0.000216  -0.000100
 -0.000006   0.000007  -0.000001
 -0.000166  -0.000043   0.000157
  0.000011   0.000000  -0.000006
 -0.000199  -0.000237  -0.000281
 -0.000010   0.000006  -0.000006
  0.000330  -0.000171  -0.000425
  0.000267  -0.002016  -0.000032
  0.000022   0.000018   0.000036
  0.000817  -0.000450  -0.000797
 -0.000003   0.000004  -0.000003
  0.000104  -0.000085   0.000386
  0.000001   0.000004   0.000004
 -0.000445  -0.000479   0.000270
 -0.000001   0.000001  -0.000003
 -0.002472  -0.000106  -0.001568
 -0.000002   0.000001   0.000005
 -0.011112  -0.000901   0.014172
  0.000009   0.000009  -0.000001
 -0.000576  -0.000490   0.001568
  0.000001   0.000001  -0.000004
  0.000131   0.000149   0.000082
 -0.000002   0.000014   0.000014
  0.027879   0.057988  -0.041267
 -0.000001   0.000003  -0.000015
 -0.011130  -0.001715   0.020139
  0.000048  -0.000019   0.000066
  0.000002   0.000009   0.000028
  0.000028   0.000024  -0.000050
 -0.000006   0.000011   0.000005
 -0.000055  -0.000061   0.000004
  0.000001  -0.000004  -0.000001
  0.000238  -0.000158   0.000416
  0.000005  -0.000010  -0.000003
 -0.000023  -0.000006  -0.000015
  0.000000   0.000009   0.000003
  0.000017  -0.000060   0.000071
 -0.000001   0.000002   0.000005
  0.000095  -0.000091   0.000065
 -0.000002  -0.000001   0.000004
  0.000141   0.000146  -0.000092
 -0.000002   0.000001   0.000004
  0.000108  -0.000009   0.000062
 -0.000003   0.000003   0.000003
 -0.000051   0.000024   0.000001
  0.000002   0.000005   0.000005
 -0.000108   0.000017   0.000092
  0.000000   0.000002   0.000000
 -0.000064   0.000011  -0.000016
 -0.000002   0.000011   0.000012
 -0.000026  -0.000020   0.000039
 -0.000000  -0.000001   0.000010
 -0.000067   0.000362   0.000244
  0.000002  -0.000002   0.000008
  0.000016  -0.000002  -0.000010
  0.000117   0.000961  -0.000206
 -0.000002   0.000000  -0.000001
 -0.000187   0.000172   0.000227
 -0.000010  -0.000007   0.000007
 -0.000074  -0.000225  -0.000022
 -0.000001   0.000001   0.000007
 -0.000084   0.000316   0.000266
 -0.000002  -0.000005   0.000001
  0.000233  -0.000092  -0.000585
  0.000001  -0.000002   0.000008
  0.000081   0.000079   0.000045
  0.000002  -0.000009   0.000014
 -0.030689  -0.067559   0.046049
 -0.000003   0.000000   0.000001
  0.025400   0.008403  -0.036541
 -0.000005  -0.000001   0.000007
  0.000017  -0.000013  -0.000052
 -0.000107   0.000191   0.000002
  0.000023  -0.000013  -0.000005
  0.000143   0.000033  -0.000085
  0.000001  -0.000004  -0.000017
 -0.000396   0.000288  -0.000009
 -0.000009  -0.000052  -0.000015
  0.000358  -0.000354   0.000208
 -0.000165   0.000421   0.000050
 -0.000071   0.000013  -0.000009
  0.000006   0.001054  -0.000554
 -0.000011  -0.000007  -0.000011
  0.003316   0.003613   0.000269
 -0.000020   0.000008  -0.000049
 -0.001221   0.000563  -0.002308
 -0.000048   0.000017  -0.000065
  0.000079  -0.000073   0.000357
  0.000129   0.000231   0.000048
   81    3  0.0000 -0.0000  0.0150
  0.000006   0.000008  -0.000002
  0.000031  -0.000081   0.000060
  0.000012  -0.000003   0.000001
  0.000009   0.000053  -0.000016
  0.000004  -0.000007   0.000007
 -0.000015   0.000118  -0.000006
  0.000002  -0.000014  -0.000005
 -0.000055  -0.000023   0.000153
  0.000002   0.000008   0.000005
  0.000224  -0.000125   0.000114
  0.000001  -0.000001   0.000004
 -0.000021   0.000046  -0.000074
  0.000013   0.000002  -0.000013
  0.000062   0.000028   0.000016
  0.000010  -0.000014  -0.000039
  0.000106   0.000028  -0.000110
 -0.000003  -0.000017  -0.000011
  0.000011   0.000156   0.000045
  0.000007   0.000016   0.000010
 -0.000135  -0.000062  -0.000041
 -0.000537  -0.000437   0.000681
  0.000033   0.000042  -0.000003
 -0.000512  -0.000436   0.000718
  0.000000  -0.000003  -0.000009
 -0.000175   0.000140  -0.000209
 -0.000005   0.000003  -0.000002
  0.000648   0.000149  -0.000895
  0.000003   0.000001   0.000001
  0.001448  -0.001059  -0.000024
  0.000004   0.000004   0.000005
  0.005397   0.000529  -0.005980
 -0.000004   0.000001   0.000004
  0.002871  -0.000307  -0.000976
 -0.000005   0.000002   0.000002
 -0.000065   0.000173  -0.000136
  0.000002  -0.000003  -0.000005
 -0.175347  -0.043921   0.293026
  0.000001  -0.000006   0.000010
 -0.022189  -0.005990   0.033146
  0.000003   0.000041  -0.000038
 -0.000008   0.000010   0.000003
  0.000065  -0.000030  -0.000065
 -0.000004   0.000001  -0.000011
 -0.000039  -0.000081   0.000014
 -0.000001   0.000002  -0.000004
 -0.000054   0.000129  -0.000056
  0.000008  -0.000003   0.000010
 -0.000003   0.000011   0.000002
 -0.000001   0.000005  -0.000002
  0.000040  -0.000072  -0.000092
 -0.000000   0.000001  -0.000000
 -0.000064   0.000051  -0.000006
  0.000002   0.000005   0.000003
 -0.000097  -0.000111  -0.000026
  0.000001   0.000004  -0.000000
 -0.000011   0.000054   0.000122
  0.000000   0.000001   0.000002
  0.000062  -0.000037   0.000015
 -0.000002   0.000002  -0.000001
 -0.000036   0.000019  -0.000086
 -0.000002   0.000002   0.000002
 -0.000048   0.000022  -0.000057
 -0.000002   0.000006  -0.000020
 -0.000039   0.000011  -0.000005
  0.000001   0.000002  -0.000001
  0.000036  -0.000016  -0.000053
 -0.000002   0.000006  -0.000006
  0.000044   0.000083   0.000042
 -0.000260  -0.000246   0.000003
  0.000001   0.000001   0.000001
  0.000007   0.000001   0.000168
  0.000001   0.000003   0.000000
  0.000591   0.000081   0.000266
  0.000000   0.000003  -0.000000
  0.000257   0.000026  -0.000115
 -0.000001   0.000006   0.000006
 -0.000469   0.000098  -0.000396
  0.000000   0.000003   0.000001
 -0.000067   0.000007   0.000030
 -0.000004   0.000010  -0.000001
  0.183948   0.046021  -0.321083
 -0.000001   0.000005   0.000005
 -0.003487  -0.000880   0.005338
  0.000001   0.000002  -0.000001
 -0.000019  -0.000014   0.000022
  0.000178   0.000096  -0.000039
 -0.000010   0.000006   0.000010
  0.000028   0.000032  -0.000037
 -0.000007   0.000001   0.000010
  0.000102  -0.000071   0.000080
 -0.000003  -0.000049   0.000027
 -0.000047   0.000038   0.000101
  0.000112  -0.000011  -0.000016
 -0.000025  -0.000035   0.000009
  0.000067   0.000081  -0.000030
 -0.000023  -0.000027   0.000022
  0.004937   0.003399   0.000012
  0.000007  -0.000019   0.000043
  0.002341   0.001863  -0.003382
 -0.000019  -0.000017   0.000021
  0.000150   0.000175  -0.000046
  0.000024   0.000293  -0.000169
   83    1  0.0150  0.0000  0.0000
 -0.000032  -0.000016  -0.000020
 -0.000005  -0.000139   0.000035
 -0.000011   0.000033   0.000054
 -0.000105   0.000008  -0.000029
  0.000009  -0.000021   0.000039
  0.000099  -0.000132  -0.000049
  0.000019   0.000010  -0.000026
 -0.000080  -0.000059   0.000238
  0.000002  -0.000010  -0.000001
  0.000800  -0.000724   0.000400
 -0.000002   0.000005   0.000002
 -0.000019   0.000392  -0.000047
  0.000031  -0.000010  -0.000031
  0.000277   0.000052  -0.000143
 -0.000015  -0.000060  -0.000048
  0.000308   0.000290  -0.000064
 -0.000024  -0.000011   0.000015
 -0.000244  -0.000101   0.000829
  0.000042   0.000037   0.000035
 -0.000217   0.000301  -0.000553
 -0.000189  -0.000082  -0.000022
 -0.000017   0.000009  -0.000024
 -0.000287   0.000438  -0.000092
  0.000008  -0.000003   0.000004
 -0.000170  -0.000755   0.000245
 -0.000009  -0.000007  -0.000008
 -0.000226   0.000791   0.000675
  0.000004   0.000001   0.000004
 -0.000803  -0.000277   0.001417
 -0.000001  -0.000003  -0.000009
  0.003666  -0.042063   0.007347
 -0.000003  -0.000008   0.000004
  0.002996  -0.000958  -0.001446
 -0.000003  -0.000002  -0.000002
  0.001102   0.001372   0.001176
  0.000007   0.000001   0.000012
  0.058095   0.017194  -0.002313
  0.000012   0.000001   0.000010
  0.001128   0.018581  -0.007895
 -0.000081  -0.000065  -0.000027
  0.000014  -0.000008  -0.000012
  0.000136  -0.000013  -0.000028
 -0.000006   0.000017  -0.000001
 -0.000003  -0.000033  -0.000036
 -0.000005  -0.000009  -0.000042
 -0.000497  -0.000146   0.000525
 -0.000008   0.000001  -0.000019
  0.000038   0.000051   0.000032
  0.000004   0.000011   0.000006
  0.000019  -0.000085  -0.000167
  0.000002  -0.000002   0.000003
 -0.000171   0.000176   0.000009
  0.000002   0.000005  -0.000002
  0.000147  -0.000196  -0.000460
  0.000001   0.000002  -0.000001
 -0.000174  -0.000008   0.000061
  0.000002  -0.000005  -0.000004
  0.000075  -0.000152  -0.000058
 -0.000001  -0.000003  -0.000003
 -0.000009  -0.000048  -0.000046
 -0.000003   0.000000   0.000008
 -0.000031   0.000011  -0.000004
  0.000035   0.000030  -0.000072
  0.000053  -0.000091  -0.000063
  0.000004   0.000000   0.000001
  0.000018  -0.000139  -0.000220
 -0.000003   0.000010  -0.000012
 -0.000039   0.000300   0.000123
  0.000207  -0.000243  -0.000024
  0.000004  -0.000004   0.000001
  0.000110  -0.000050  -0.000005
  0.000004   0.000001   0.000004
 -0.000116   0.000160  -0.000014
 -0.000002  -0.000000  -0.000005
 -0.000058  -0.000040  -0.000844
  0.000002   0.000005   0.000002
 -0.000111  -0.000569  -0.000100
 -0.000001   0.000008  -0.000002
  0.000321   0.000015   0.000144
 -0.000001   0.000013   0.000009
  0.002889   0.025389  -0.003572
 -0.000001   0.000005   0.000004
 -0.070729  -0.017705  -0.002147
 -0.000001   0.000003  -0.000013
  0.000041  -0.000009  -0.000038
  0.000100   0.000281  -0.000025
  0.000056   0.000006   0.000019
  0.000115  -0.000030   0.000066
  0.000007  -0.000010   0.000024
  0.000786  -0.000457   0.000290
  0.000022   0.000024   0.000053
 -0.000293   0.000352  -0.000259
  0.000306   0.000167   0.000173
  0.000076  -0.000041   0.000007
  0.000084   0.000056   0.000120
 -0.000008  -0.000007   0.000025
 -0.000391   0.000682   0.004398
  0.000010   0.000027  -0.000028
  0.001601  -0.001366   0.002645
  0.000066   0.000058   0.000032
 -0.000221  -0.000252   0.000160
 -0.000538  -0.000153  -0.000313
   83    2  0.0000  0.0150  0.0000
 -0.000012   0.000012   0.000021
 -0.000017   0.000007   0.000009
  0.000003   0.000007  -0.000024
 -0.000010   0.000310   0.000079
 -0.000011   0.000007  -0.000016
 -0.000329   0.000217  -0.000743
 -0.000010   0.000006   0.000036
  0.000042  -0.000025  -0.000053
 -0.000001   0.000002   0.000007
 -0.000122   0.000221   0.000050
 -0.000004   0.000004  -0.000003
  0.000061  -0.000083   0.000023
 -0.000009  -0.000008   0.000026
  0.000016  -0.000044  -0.000129
 -0.000052  -0.000010   0.000039
  0.000273   0.000305  -0.000264
  0.000029   0.000012   0.000017
  0.000688   0.001032   0.001818
  0.000010   0.000013  -0.000009
  0.000721   0.001225   0.000664
  0.000076   0.000350   0.000075
  0.000185   0.000065   0.000110
 -0.000186   0.000086   0.000115
 -0.000022   0.000022  -0.000004
  0.000138  -0.000028   0.000824
  0.000013   0.000012   0.000005
 -0.001361  -0.000140  -0.001016
 -0.000008   0.000000  -0.000007
  0.002590  -0.001757  -0.001366
 -0.000005   0.000001   0.000007
 -0.004156   0.013952  -0.004114
  0.000015   0.000014  -0.000005
 -0.001512   0.000026   0.001157
 -0.000006   0.000003  -0.000006
 -0.000179  -0.000350  -0.000382
 -0.000004   0.000031   0.000016
  0.020981   0.415332  -0.047084
 -0.000009   0.000017  -0.000025
  0.001044   0.022507  -0.000099
  0.000089  -0.000012   0.000110
  0.000003   0.000002   0.000020
  0.000058   0.000040  -0.000032
  0.000009  -0.000000   0.000023
 -0.000014  -0.000028  -0.000005
  0.000007   0.000003   0.000027
 -0.000017  -0.000579  -0.000160
  0.000009  -0.000001   0.000012
  0.000046  -0.000031   0.000058
 -0.000002  -0.000008   0.000005
  0.000005  -0.000034  -0.000014
 -0.000001   0.000003   0.000002
 -0.000025   0.000073  -0.000019
 -0.000003  -0.000004   0.000002
 -0.000077  -0.000193  -0.000087
 -0.000002  -0.000003   0.000004
 -0.000066  -0.000017  -0.000017
 -0.000003   0.000009   0.000004
 -0.000049   0.000014   0.000006
  0.000009   0.000013   0.000007
 -0.000007   0.000012  -0.000008
  0.000002   0.000003  -0.000001
 -0.000008  -0.000004   0.000047
  0.000031   0.000046  -0.000019
  0.000024   0.000006   0.000003
  0.000000   0.000003   0.000015
  0.000013  -0.000134  -0.000098
  0.000007  -0.000001   0.000011
  0.000068   0.000196   0.000033
 -0.000034  -0.000003  -0.000050
 -0.000004  -0.000000  -0.000004
 -0.000019   0.000020  -0.000010
 -0.000008  -0.000015   0.000006
 -0.000026   0.000100  -0.000061
  0.000001   0.000000   0.000010
 -0.000215   0.000529   0.000782
 -0.000004  -0.000008  -0.000005
  0.000037   0.000193   0.000236
  0.000001  -0.000005   0.000017
 -0.000137  -0.000007  -0.000023
 -0.000001  -0.000028   0.000015
  0.000805   0.008359  -0.000879
 -0.000005  -0.000001   0.000003
 -0.017633  -0.457226   0.049262
 -0.000007  -0.000008   0.000008
  0.000004  -0.000014  -0.000039
 -0.000096  -0.000006  -0.000098
  0.000004  -0.000016  -0.000016
 -0.000059   0.000139   0.000032
  0.000031  -0.000036  -0.000061
 -0.000042  -0.000194  -0.000075
 -0.000030  -0.000025  -0.000029
 -0.000795   0.000239  -0.000469
 -0.000041  -0.000081  -0.000102
 -0.000206   0.000023  -0.000160
  0.000003  -0.000160   0.000042
 -0.000075  -0.000067  -0.000056
  0.002390  -0.001267   0.003071
 -0.000036   0.000023  -0.000080
 -0.003121  -0.003482  -0.001706
 -0.000077  -0.000007  -0.000097
  0.000004   0.000009   0.000165
  0.000424   0.000303   0.000694
   83    3  0.0000 -0.0000  0.0150
 -0.000080   0.000023   0.000026
  0.000078   0.000420  -0.000145
  0.000005   0.000062   0.000019
 -0.000460  -0.000110   0.000114
 -0.000014  -0.000024   0.000005
  0.000283  -0.001360   0.000248
 -0.000008   0.000028   0.000045
  0.000353  -0.000091  -0.000227
 -0.000003  -0.000006   0.000014
 -0.000331   0.000384  -0.000068
 -0.000011   0.000014   0.000003
 -0.000071  -0.000217   0.000034
 -0.000001  -0.000014   0.000036
  0.000299   0.000220  -0.000347
 -0.000074  -0.000032   0.000030
 -0.000311   0.000334   0.000146
  0.000019   0.000021   0.000033
 -0.000508  -0.000214   0.000574
  0.000023   0.000037   0.000007
  0.000759   0.000341  -0.000954
  0.000034  -0.000790  -0.000185
  0.000127   0.000026   0.000113
  0.000078  -0.000396  -0.000118
 -0.000008   0.000038   0.000008
  0.000014   0.000222  -0.000248
  0.000019   0.000007   0.000003
  0.000632   0.000052   0.000587
 -0.000003   0.000002  -0.000005
 -0.001725   0.000734  -0.000395
 -0.000008  -0.000004   0.000004
  0.002415  -0.008382   0.002182
  0.000028   0.000021  -0.000005
  0.001826  -0.000487   0.000274
  0.000005  -0.000003  -0.000015
  0.000274   0.000874   0.000669
 -0.000002   0.000036   0.000044
 -0.002588  -0.043663   0.053895
 -0.000003   0.000027  -0.000031
  0.006166   0.040397  -0.003202
  0.000094  -0.000084   0.000188
  0.000022  -0.000005   0.000033
  0.000138   0.000065  -0.000007
  0.000007   0.000021   0.000037
 -0.000040  -0.000039  -0.000010
  0.000006  -0.000005   0.000004
  0.000545  -0.000732   0.001821
  0.000006  -0.000006  -0.000007
 -0.000023   0.000018   0.000056
  0.000004   0.000007   0.000016
 -0.000008  -0.000121   0.000097
  0.000001   0.000005   0.000009
  0.000079   0.000003   0.000054
 -0.000004  -0.000005   0.000003
 -0.000140  -0.000001  -0.000166
 -0.000003  -0.000000   0.000007
  0.000048  -0.000011  -0.000013
 -0.000004   0.000009   0.000003
 -0.000035   0.000079  -0.000015
  0.000014   0.000013   0.000014
 -0.000086  -0.000080   0.000082
  0.000004   0.000008   0.000004
 -0.000094   0.000014   0.000055
  0.000061   0.000063  -0.000035
  0.000064  -0.000087   0.000020
  0.000006   0.000000   0.000032
 -0.000125   0.000384   0.000328
  0.000010   0.000003   0.000016
 -0.000040   0.000093  -0.000071
  0.000115   0.000355   0.000001
 -0.000001  -0.000003  -0.000008
 -0.000042   0.000061   0.000207
 -0.000017  -0.000020   0.000019
  0.000086  -0.000089   0.000000
  0.000000   0.000001   0.000014
 -0.000242  -0.000328  -0.000052
 -0.000002  -0.000011  -0.000004
 -0.000097  -0.000592  -0.000574
 -0.000001  -0.000001   0.000021
  0.000117  -0.000055   0.000069
  0.000012  -0.000011   0.000036
 -0.003466  -0.036461   0.005153
 -0.000006  -0.000001   0.000005
 -0.002169   0.048961  -0.069477
 -0.000010  -0.000007   0.000007
  0.000065  -0.000030  -0.000131
 -0.000395   0.000421  -0.000049
  0.000072  -0.000027  -0.000012
  0.000364   0.000042  -0.000171
  0.000043  -0.000042  -0.000063
 -0.000086   0.000123   0.000146
  0.000000  -0.000009  -0.000052
  0.000408  -0.000458   0.000085
  0.000009   0.000267   0.000039
 -0.000154   0.000042  -0.000158
  0.000019   0.000464  -0.000134
 -0.000058  -0.000017  -0.000078
  0.001180   0.001348   0.008740
 -0.000047   0.000050  -0.000162
 -0.003090  -0.001788  -0.000068
 -0.000072   0.000055  -0.000154
 -0.000168  -0.000327   0.000603
 -0.000098  -0.000046   0.000481
   85    1  0.0150  0.0000  0.0000
  0.477974  -0.058098  -0.129098
 -0.000031  -0.000017   0.000022
  0.181704   0.103044  -0.005904
 -0.000001  -0.000047  -0.000003
 -0.014290   0.034416   0.006316
 -0.000002   0.000019  -0.000023
 -0.011677  -0.002354  -0.002778
  0.000002  -0.000011   0.000054
  0.006268  -0.000881   0.000954
 -0.000038  -0.000028  -0.000052
 -0.001781  -0.000004  -0.002251
  0.000100   0.000061   0.000009
  0.000897  -0.000159   0.000668
 -0.000328   0.000187   0.000217
 -0.000048   0.000335   0.000324
 -0.002379  -0.000168  -0.000093
  0.000153  -0.000087  -0.000257
  0.001286  -0.000998   0.000695
 -0.000036  -0.000169   0.000036
  0.000494   0.000432  -0.000461
 -0.001876  -0.000071  -0.000691
  0.000077   0.000290  -0.000086
  0.000273   0.000323   0.000204
 -0.000038  -0.000042   0.000014
 -0.000425   0.000175  -0.000065
 -0.000072  -0.000239  -0.000316
  0.000113   0.000045  -0.000007
  0.000316  -0.000364   0.000359
 -0.000008  -0.000045   0.000028
  0.000138  -0.000056   0.000262
 -0.000012   0.000050   0.000056
 -0.000302  -0.000342   0.000033
  0.000190  -0.000031  -0.000037
  0.000189   0.000273   0.000108
  0.000127  -0.000210  -0.000697
 -0.000111   0.000190   0.000213
 -0.000002  -0.000012  -0.000054
  0.000192   0.000584   0.000902
  0.000044  -0.000023   0.000051
 -0.005356  -0.005472  -0.000014
  0.019053  -0.010418  -0.004922
  0.000009  -0.000000   0.000014
  0.011326   0.039967   0.007921
 -0.000003  -0.000009   0.000023
  0.001551  -0.001128  -0.003790
  0.000013   0.000011   0.000011
  0.002838   0.000424  -0.001422
  0.000005   0.000007  -0.000004
  0.000273  -0.000590   0.000597
  0.000000  -0.000003   0.000002
 -0.000212  -0.000085  -0.000246
  0.000009  -0.000030   0.000001
 -0.000426  -0.000053  -0.000183
  0.000014   0.000043   0.000005
  0.000232   0.000200  -0.000095
 -0.000018  -0.000023   0.000006
 -0.000054  -0.000140   0.000101
 -0.000025   0.000007   0.000007
  0.000097   0.000129   0.000109
 -0.000029   0.000242  -0.000039
  0.000032  -0.000024  -0.000034
  0.000237  -0.000004  -0.000157
  0.000019   0.000039  -0.000001
 -0.000314  -0.000145  -0.000191
  0.000065   0.000008   0.000103
 -0.000242   0.000007   0.000024
 -0.000151   0.000176   0.000315
  0.000102   0.000073  -0.000063
 -0.000011  -0.000062   0.000049
  0.000023  -0.000081  -0.000008
  0.000124  -0.000019  -0.000052
  0.000017  -0.000012   0.000052
 -0.000010   0.000020  -0.000022
 -0.000157   0.000309  -0.000104
  0.000009  -0.000006   0.000018
 -0.000051   0.000050   0.000139
  0.000058   0.000029  -0.000129
 -0.000017  -0.000036   0.000007
 -0.000076   0.000152   0.000953
  0.000006   0.000018   0.000039
  0.000023   0.000022  -0.000035
  0.000096   0.000113   0.000163
  0.000042  -0.000006   0.000053
  0.000105   0.000105  -0.000400
 -0.786420   0.024239   0.202247
  0.000032   0.000004  -0.000045
  0.073402  -0.098832  -0.046682
  0.000053  -0.000016  -0.000035
  0.000027  -0.000148  -0.000960
  0.000717   0.001196  -0.001576
  0.000313  -0.000177  -0.000258
  0.004745  -0.003517  -0.009320
  0.002718   0.003390   0.002239
 -0.000019  -0.000109   0.000027
  0.002460   0.000351   0.000887
 -0.000023  -0.000239  -0.000037
  0.000001  -0.000003  -0.000061
  0.002558   0.002907  -0.002218
 -0.000035  -0.000005  -0.000035
  0.009409  -0.005849   0.001605
  0.023792  -0.023058  -0.013379
 -0.000037   0.000094   0.000148
   85    2  0.0000  0.0150  0.0000
 -0.035238   0.145315   0.021017
  0.000047   0.000012  -0.000033
  0.087139   0.328548   0.027627
  0.000009   0.000021   0.000033
 -0.044996   0.112317   0.044327
  0.000019  -0.000021   0.000035
  0.005481   0.007113  -0.001220
  0.000016   0.000006  -0.000075
 -0.001347   0.000499  -0.000228
 -0.000012   0.000034  -0.000002
  0.000403  -0.000185   0.000453
 -0.000071  -0.000071   0.000007
 -0.000312  -0.000065  -0.000246
  0.000209   0.000004  -0.000174
  0.000116  -0.000026  -0.000087
  0.000654   0.000076   0.000324
 -0.000180  -0.000142  -0.000093
 -0.000015   0.000360  -0.000467
  0.000314   0.000003   0.000166
 -0.000033  -0.000054   0.000140
 -0.001798  -0.000639  -0.001001
 -0.000177  -0.000197  -0.000060
  0.000547   0.000358   0.000089
 -0.000007  -0.000005   0.000007
 -0.000636   0.000396  -0.000215
  0.000094   0.000163   0.000108
  0.000184   0.000053  -0.000059
 -0.000314   0.000380  -0.000139
 -0.000010   0.000009  -0.000094
 -0.000002   0.000059  -0.000257
 -0.000009   0.000068   0.000058
 -0.000107   0.000261  -0.000153
  0.000151   0.000010  -0.000115
  0.000052  -0.000119  -0.000147
  0.000358  -0.000448  -0.000070
  0.000096  -0.000159  -0.000081
  0.000069   0.000050   0.000004
 -0.000149  -0.000807  -0.000639
 -0.000219  -0.000078  -0.000288
  0.002667   0.001726   0.000659
  0.025067  -0.014881  -0.011127
 -0.000011  -0.000005  -0.000042
  0.001341   0.001474  -0.001253
 -0.000008  -0.000003  -0.000040
 -0.006224   0.000160   0.004143
 -0.000014  -0.000005  -0.000038
 -0.001374  -0.000191   0.001854
 -0.000024  -0.000008  -0.000011
 -0.000067   0.000081  -0.000176
  0.000001  -0.000016  -0.000005
  0.000204   0.000089   0.000012
 -0.000002   0.000004   0.000008
 -0.000125  -0.000333  -0.000455
  0.000007  -0.000025  -0.000007
 -0.000015  -0.000032   0.000090
  0.000004  -0.000000  -0.000015
 -0.000064  -0.000104  -0.000027
 -0.000005   0.000009  -0.000039
 -0.000026  -0.000079  -0.000110
 -0.000103   0.000267  -0.000028
  0.000012   0.000011   0.000018
  0.000029  -0.000139   0.000144
 -0.000037  -0.000008  -0.000037
 -0.000148   0.000058   0.000051
  0.000000   0.000008  -0.000127
 -0.000036   0.000056   0.000004
 -0.000334   0.000510   0.000176
 -0.000028  -0.000027  -0.000050
  0.000055  -0.000027   0.000038
  0.000033   0.000032   0.000044
  0.000163   0.000171   0.000049
 -0.000012   0.000019  -0.000043
 -0.000017   0.000031  -0.000085
  0.000328  -0.000321   0.000060
  0.000018  -0.000037   0.000010
 -0.000115  -0.000222   0.000163
  0.000192  -0.000180  -0.000076
  0.000005   0.000017  -0.000027
 -0.000222  -0.000003   0.001287
  0.000017  -0.000025  -0.000037
 -0.000006  -0.000028  -0.000017
 -0.000133   0.000177  -0.000088
 -0.000009  -0.000015  -0.000040
 -0.000285  -0.000021  -0.000439
  0.023888  -0.718522  -0.150809
 -0.000042  -0.000027   0.000113
 -0.024133   0.061850   0.031644
 -0.000034  -0.000024   0.000050
 -0.000151  -0.000033   0.000348
 -0.000326  -0.000378   0.000418
 -0.000023   0.000057   0.000183
 -0.002954   0.002158   0.001266
 -0.000653   0.005355   0.003573
  0.000119   0.000063   0.000132
  0.003010   0.001192   0.001940
  0.000062   0.000185   0.000105
  0.000055   0.000057   0.000183
 -0.000086  -0.000543  -0.000184
  0.000154   0.000001   0.000212
 -0.008590   0.004849   0.001034
 -0.021259   0.062572   0.027390
 -0.000059  -0.000076  -0.000422
   85    3  0.0000 -0.0000  0.0150
 -0.120459   0.029354   0.146058
  0.000118   0.000112  -0.000133
 -0.008246   0.026786   0.101786
 -0.000007   0.000081   0.000157
 -0.011703   0.021737  -0.015112
  0.000077  -0.000045   0.000144
  0.001166   0.006605  -0.007857
  0.000072   0.000033  -0.000304
 -0.000296  -0.001305  -0.000774
  0.000033   0.000092   0.000016
  0.000316  -0.000123   0.000242
 -0.000132  -0.000092  -0.000028
  0.000036   0.000073  -0.000311
  0.000460  -0.000234  -0.000558
  0.000198  -0.000132  -0.000241
  0.002822  -0.000343   0.001261
 -0.000104  -0.000081  -0.000007
 -0.000730   0.001343  -0.000606
 -0.000021   0.000046  -0.000016
 -0.000144   0.000215   0.000163
  0.002375  -0.002092   0.000768
 -0.000757   0.000112  -0.000452
 -0.000301   0.000232   0.000243
  0.000005  -0.000201  -0.000044
 -0.000309   0.000050  -0.000172
 -0.000342  -0.000274  -0.000375
  0.000119   0.000030  -0.000044
  0.000148  -0.000702   0.000473
 -0.000005   0.000100  -0.000154
  0.000293  -0.000036   0.000791
 -0.000050   0.000078   0.000032
  0.000236  -0.000132  -0.000257
 -0.000021  -0.000009  -0.000035
  0.000141   0.000105   0.000268
  0.000286  -0.000139   0.000282
 -0.000254  -0.000001   0.000063
  0.000096   0.000089   0.000138
  0.000065   0.000195   0.000093
 -0.000640  -0.000015  -0.000726
 -0.001675  -0.001864   0.000304
  0.001374  -0.001059   0.003906
 -0.000022   0.000013  -0.000145
 -0.001330  -0.013814   0.003843
 -0.000054  -0.000012  -0.000150
 -0.004823   0.002341  -0.006404
 -0.000052  -0.000026  -0.000166
 -0.002232   0.000091   0.002167
 -0.000084  -0.000030  -0.000055
 -0.000117  -0.000481   0.000305
  0.000006  -0.000050  -0.000014
  0.000135   0.000002   0.000182
 -0.000017   0.000073  -0.000004
  0.000107   0.000142  -0.000240
 -0.000002  -0.000116  -0.000033
 -0.000023   0.000136   0.000066
  0.000031   0.000012  -0.000018
 -0.000003  -0.000030   0.000024
  0.000034   0.000034  -0.000025
 -0.000065  -0.000030  -0.000053
 -0.000114  -0.000131  -0.000023
 -0.000032  -0.000028  -0.000005
 -0.000278  -0.000008   0.000207
 -0.000051   0.000039  -0.000111
 -0.000038   0.000033   0.000376
 -0.000017   0.000001  -0.000097
 -0.000291  -0.000067  -0.000488
  0.000039  -0.000058  -0.000162
 -0.000122  -0.000063  -0.000032
  0.000073   0.000132   0.000042
 -0.000005  -0.000000   0.000008
  0.000098   0.000098   0.000022
  0.000024   0.000053   0.000011
 -0.000021   0.000011  -0.000099
 -0.000391   0.000323   0.000066
  0.000013  -0.000064  -0.000004
  0.000024   0.000085  -0.000013
  0.000060  -0.000084   0.000093
 -0.000004   0.000027  -0.000079
 -0.000258   0.000067   0.000131
 -0.000032   0.000021  -0.000032
 -0.000003  -0.000069   0.000019
 -0.000045   0.000014  -0.000048
 -0.000041  -0.000045  -0.000163
 -0.000031   0.000097  -0.000061
  0.201883  -0.150829  -0.257277
 -0.000062  -0.000102   0.000283
 -0.035088   0.048654  -0.004451
 -0.000079  -0.000069   0.000177
 -0.000156   0.000046   0.000301
 -0.001962  -0.001095   0.001929
 -0.000085   0.000083   0.000462
 -0.009787   0.003816   0.010336
 -0.002852   0.002132  -0.001515
  0.000604  -0.000093   0.000623
  0.001172   0.003237  -0.000143
  0.000295   0.000072   0.000349
  0.000169   0.000066   0.000479
  0.000043   0.000614  -0.000840
  0.000517  -0.000066   0.000605
  0.003027  -0.000221   0.000363
 -0.011568   0.026415   0.021671
 -0.000359   0.000112  -0.001172
   87    1  0.0150  0.0000  0.0000
  0.148073  -0.024961  -0.026927
 -0.000048  -0.000039   0.000034
  0.114585  -0.052108  -0.050465
  0.000002  -0.000045  -0.000039
  0.316175   0.113030  -0.044256
 -0.000026   0.000034  -0.000051
  0.235206  -0.035896  -0.064228
 -0.000009  -0.000003   0.000079
  0.010000  -0.003792  -0.019997
 -0.000032  -0.000058  -0.000043
 -0.002393  -0.000709  -0.002204
  0.000093   0.000066   0.000011
  0.000699  -0.000164   0.000585
 -0.000302  -0.000055   0.000267
 -0.000127   0.000021  -0.000004
 -0.001233  -0.000027   0.000249
  0.000043   0.000115   0.000086
  0.000578  -0.000614   0.000415
 -0.000419   0.000253  -0.000020
 -0.000096   0.000037  -0.000075
  0.000864  -0.000612   0.000079
  0.000120   0.000126   0.000041
  0.000117   0.000016  -0.000098
 -0.000020   0.000013  -0.000011
  0.000608  -0.000244   0.000400
 -0.000096  -0.000027  -0.000110
 -0.000258  -0.000024   0.000094
  0.000099  -0.000256  -0.000130
  0.000010  -0.000074   0.000094
  0.000047   0.000069   0.000495
  0.000069  -0.000025  -0.000044
  0.000066  -0.000243  -0.000081
 -0.000174  -0.000040   0.000281
  0.000058   0.000059   0.000061
 -0.000507   0.000299  -0.000335
 -0.000070   0.000060   0.000089
 -0.000066  -0.000040  -0.000009
 -0.000015   0.000242   0.000354
  0.000142  -0.000009   0.000155
 -0.000690   0.001333  -0.001120
 -0.012460   0.029510   0.010333
  0.000013  -0.000002   0.000032
 -0.000781  -0.004683  -0.003227
  0.000016  -0.000004   0.000050
  0.000110  -0.002905   0.001489
  0.000018   0.000019   0.000040
  0.016614  -0.005523  -0.008509
  0.000023   0.000007   0.000008
  0.044163  -0.020989  -0.023021
 -0.000000   0.000010   0.000003
 -0.001135   0.000148   0.002256
  0.000012  -0.000029  -0.000007
 -0.001119   0.000132   0.001725
  0.000015   0.000053   0.000012
 -0.000589   0.000130  -0.000008
 -0.000017  -0.000019   0.000011
 -0.000028   0.000083   0.000180
 -0.000010   0.000005   0.000010
  0.000012   0.000051   0.000020
  0.000036   0.000078  -0.000023
 -0.000002  -0.000005  -0.000125
  0.000066   0.000029  -0.000095
  0.000050  -0.000009   0.000021
 -0.000190   0.000107  -0.000173
 -0.000013  -0.000018   0.000070
  0.000114   0.000049   0.000120
  0.000547  -0.000574  -0.000108
  0.000068   0.000010   0.000007
 -0.000076  -0.000008  -0.000002
 -0.000007  -0.000034  -0.000031
 -0.000162  -0.000177   0.000088
  0.000004  -0.000023   0.000045
  0.000019  -0.000023   0.000099
 -0.000044   0.000118  -0.000070
 -0.000000   0.000017   0.000026
  0.000081   0.000007  -0.000052
 -0.000057   0.000106  -0.000064
 -0.000000  -0.000015   0.000005
  0.000574  -0.000088  -0.000547
 -0.000004  -0.000004   0.000025
  0.000021   0.000033  -0.000010
  0.000052  -0.000115   0.000026
  0.000058   0.000012   0.000084
  0.000130   0.000075   0.000321
  0.073430  -0.024237  -0.035171
  0.000057   0.000038  -0.000105
 -0.943670   0.030972   0.260930
  0.000052   0.000018  -0.000059
  0.000284  -0.000068  -0.000766
  0.000625   0.000377  -0.000626
  0.000033  -0.000164  -0.000272
  0.001016  -0.000984  -0.001981
 -0.000799  -0.000882  -0.000135
 -0.000085  -0.000056  -0.000119
 -0.000545   0.000534   0.001179
 -0.000067  -0.000116  -0.000070
 -0.000026  -0.000010  -0.000157
  0.001006  -0.001318   0.000261
 -0.000101  -0.000007  -0.000135
  0.001875  -0.001955   0.000252
 -0.000288   0.006539   0.001931
  0.000008   0.000070   0.000387
   87    2  0.0000  0.0150  0.0000
 -0.013193   0.447071   0.084304
  0.000017   0.000001  -0.000028
  0.024196  -0.011928  -0.004111
  0.000016   0.000015   0.000028
  0.096511   0.219908   0.003221
  0.000018  -0.000004   0.000032
 -0.038926   0.161607   0.034491
  0.000013   0.000009  -0.000054
 -0.011662   0.004604   0.010498
 -0.000023   0.000013   0.000022
  0.001952  -0.000537   0.001722
 -0.000191  -0.000068   0.000063
 -0.000416  -0.000627  -0.000631
  0.000369  -0.000024  -0.000237
 -0.000033  -0.000355  -0.000394
  0.001307  -0.000032  -0.000116
 -0.000149   0.000137   0.000225
 -0.000569   0.000572  -0.000529
 -0.000086   0.000460   0.000006
 -0.000122  -0.000141   0.000293
 -0.000530  -0.000394  -0.000553
 -0.000196  -0.000037  -0.000063
  0.000324  -0.000123   0.000145
 -0.000014  -0.000030  -0.000003
  0.000412  -0.000062   0.000347
  0.000026  -0.000148  -0.000215
 -0.000171  -0.000012   0.000052
 -0.000321   0.000019   0.000355
  0.000009  -0.000012  -0.000025
 -0.000070  -0.000034  -0.000065
  0.000066   0.000035  -0.000021
  0.000489   0.000057  -0.000094
 -0.000163  -0.000014   0.000217
 -0.000083  -0.000091  -0.000036
 -0.000298  -0.000007   0.000189
 -0.000065  -0.000006   0.000019
  0.000005   0.000022   0.000076
 -0.000195  -0.000047  -0.000311
 -0.000167  -0.000040  -0.000219
  0.002918   0.002364   0.000296
 -0.012930   0.022591   0.007889
 -0.000002   0.000000  -0.000042
 -0.002832   0.004656   0.002848
 -0.000006  -0.000004  -0.000026
  0.043596   0.011510  -0.009868
 -0.000009  -0.000003  -0.000043
 -0.047055   0.015286   0.028535
 -0.000015  -0.000001  -0.000015
  0.026181  -0.011980  -0.014694
  0.000007  -0.000014  -0.000005
  0.001677  -0.001825  -0.002141
 -0.000005   0.000003   0.000007
 -0.000345   0.000245  -0.000895
 -0.000001  -0.000018   0.000003
 -0.000722  -0.000096   0.000084
  0.000001   0.000005  -0.000056
  0.000537  -0.000328  -0.000296
  0.000005   0.000011  -0.000078
 -0.000122  -0.000015  -0.000060
 -0.000018   0.000229   0.000175
 -0.000025   0.000024   0.000214
 -0.000012  -0.000262   0.000255
  0.000007  -0.000016  -0.000028
  0.000102   0.000240   0.000059
 -0.000038  -0.000023   0.000000
 -0.000149   0.000072  -0.000113
  0.000407  -0.000500  -0.000139
 -0.000055  -0.000032   0.000020
 -0.000001   0.000056  -0.000044
  0.000027   0.000036   0.000008
 -0.000100  -0.000015   0.000212
  0.000021   0.000014  -0.000006
  0.000005  -0.000010   0.000039
  0.000077  -0.000088   0.000159
  0.000006  -0.000014   0.000011
 -0.000014  -0.000046   0.000197
  0.000013  -0.000067  -0.000076
  0.000013   0.000037  -0.000000
  0.000465   0.000021  -0.000657
 -0.000006   0.000000  -0.000025
 -0.000003  -0.000018   0.000002
 -0.000078   0.000030  -0.000031
  0.000006  -0.000013  -0.000040
  0.000032   0.000154  -0.000042
 -0.098884   0.061920   0.048669
  0.000007  -0.000021   0.000063
  0.031059  -0.916603  -0.187787
 -0.000023   0.000012   0.000033
 -0.000044   0.000121   0.000504
 -0.000468  -0.000499   0.000854
 -0.000322   0.000017   0.000134
 -0.001858   0.000591   0.001862
  0.000476   0.002085  -0.000588
  0.000165  -0.000000   0.000131
  0.000587  -0.000110   0.000211
  0.000101   0.000099   0.000094
  0.000054   0.000045   0.000124
 -0.001526  -0.000862   0.000571
  0.000136  -0.000011   0.000160
 -0.003248   0.000304  -0.001085
  0.004243  -0.009070  -0.003898
 -0.000097   0.000029  -0.000243
   87    3  0.0000 -0.0000  0.0150
 -0.027160   0.092999   0.124201
  0.000060   0.000034  -0.000056
 -0.033219   0.010377  -0.005351
 -0.000005   0.000036   0.000057
 -0.052815  -0.001150   0.101014
  0.000031  -0.000016   0.000050
 -0.063671   0.031097   0.112344
  0.000027   0.000038  -0.000131
 -0.055202   0.019575   0.032558
  0.000018  -0.000000  -0.000029
  0.004245   0.001652   0.010964
  0.000029   0.000068  -0.000009
 -0.002821   0.000502  -0.001198
  0.000030  -0.000168  -0.000093
 -0.000035  -0.000519  -0.000437
  0.000381   0.000004  -0.000063
 -0.000186  -0.000032   0.000091
 -0.000108   0.000088  -0.000108
  0.000434   0.000099   0.000037
 -0.000082  -0.000063   0.000080
 -0.001194   0.000365  -0.000338
 -0.000352  -0.000176  -0.000116
  0.000044   0.000168   0.000015
  0.000027  -0.000038  -0.000018
 -0.000047  -0.000062   0.000041
  0.000028  -0.000087  -0.000243
 -0.000022  -0.000007   0.000028
 -0.000339  -0.000017   0.000254
  0.000008   0.000007  -0.000020
  0.000084  -0.000212   0.000088
 -0.000083   0.000048  -0.000001
  0.000356   0.000123  -0.000159
  0.000076  -0.000031  -0.000013
  0.000036   0.000012   0.000130
 -0.000109   0.000289  -0.000276
 -0.000145  -0.000057   0.000009
  0.000017   0.000051   0.000090
 -0.000048   0.000034  -0.000235
 -0.000329  -0.000080  -0.000426
  0.001653   0.000173   0.001176
  0.000654  -0.003478  -0.001626
 -0.000021  -0.000005  -0.000086
 -0.003016   0.004400  -0.005199
 -0.000026   0.000001  -0.000071
  0.010169   0.002367   0.001553
 -0.000024  -0.000004  -0.000067
  0.007649   0.000326  -0.005668
 -0.000039  -0.000008  -0.000021
  0.002913  -0.003103  -0.001257
  0.000004  -0.000029  -0.000019
 -0.001205   0.001307  -0.003955
  0.000001   0.000009  -0.000003
  0.000690   0.000076  -0.002355
  0.000008  -0.000020   0.000005
  0.000298  -0.000167  -0.000081
  0.000001  -0.000014  -0.000010
 -0.000147   0.000088   0.000055
  0.000010   0.000025   0.000018
 -0.000155  -0.000033  -0.000122
 -0.000012   0.000013  -0.000007
 -0.000023  -0.000118   0.000142
 -0.000032   0.000079  -0.000082
 -0.000054  -0.000013  -0.000044
  0.000031   0.000018   0.000066
 -0.000034  -0.000001   0.000003
  0.000042   0.000043   0.000039
  0.000048   0.000242   0.000113
 -0.000036  -0.000033  -0.000049
 -0.000006   0.000010  -0.000015
  0.000012   0.000066   0.000037
 -0.000084  -0.000094   0.000021
  0.000010   0.000038  -0.000049
 -0.000001  -0.000002  -0.000024
  0.000050  -0.000068   0.000108
  0.000006  -0.000035   0.000030
  0.000014   0.000106   0.000171
 -0.000044   0.000062  -0.000081
  0.000014   0.000046  -0.000024
 -0.000024  -0.000413   0.000653
 -0.000013  -0.000002  -0.000040
  0.000004  -0.000006   0.000004
 -0.000085   0.000074  -0.000033
  0.000016  -0.000022  -0.000025
  0.000064  -0.000037  -0.000144
 -0.046641   0.031661  -0.004468
 -0.000036  -0.000048   0.000182
  0.260629  -0.187694  -0.353108
 -0.000049  -0.000024   0.000074
 -0.000266   0.000135   0.002083
 -0.000095  -0.000107   0.000252
 -0.000483   0.000345   0.000532
 -0.000388   0.000294   0.000460
  0.000878  -0.000123   0.000752
  0.000261   0.000074   0.000265
  0.000726  -0.000346   0.000205
  0.000187   0.000254   0.000175
  0.000102   0.000066   0.000290
 -0.000783   0.000554  -0.000320
  0.000272  -0.000010   0.000363
 -0.002013   0.000537  -0.000806
  0.000564  -0.002303  -0.001980
 -0.000109  -0.000084  -0.000717
   89    1  0.0150  0.0000  0.0000
 -0.000106   0.000039   0.000103
 -0.001017  -0.000046   0.000118
 -0.000077   0.000200  -0.000087
  0.000326  -0.000726  -0.000081
 -0.000095  -0.000080  -0.000230
 -0.000053   0.000110  -0.000033
  0.000038  -0.000039   0.000867
 -0.000131  -0.000101   0.000185
 -0.001615   0.000026   0.000018
  0.000027   0.000045   0.000032
  0.000420   0.000963  -0.011419
 -0.000028  -0.000049  -0.000026
  0.242207  -0.021810  -0.053351
 -0.000049   0.000035   0.000153
  0.150050   0.017771  -0.000691
 -0.000113  -0.000041   0.000103
  0.110945  -0.024732  -0.079739
  0.000047  -0.000063   0.000019
  0.345366   0.090117   0.032898
 -0.000056  -0.000009  -0.000040
  0.000315   0.000055   0.000203
 -0.001781   0.001944  -0.001036
 -0.000002  -0.000088   0.000017
  0.000332  -0.001096   0.000875
  0.000092  -0.000012   0.000025
  0.000180  -0.000036   0.000186
 -0.000033  -0.000025  -0.000011
  0.000025  -0.000040  -0.000060
 -0.000009   0.000005  -0.000015
  0.000134  -0.000065  -0.000043
  0.000046  -0.000051  -0.000028
 -0.000333  -0.000407  -0.000071
 -0.000018   0.000012  -0.000032
 -0.000059  -0.000546   0.000220
 -0.000003  -0.000030   0.000022
  0.000469  -0.000086  -0.000181
 -0.000031   0.000016  -0.000163
 -0.000207  -0.000152  -0.000145
  0.000833  -0.000576   0.000081
 -0.000014   0.000253   0.000410
  0.000031   0.000025   0.000044
 -0.000144   0.000201  -0.000023
  0.000005   0.000010   0.000113
  0.000073  -0.000019   0.000134
  0.000130  -0.000178   0.000196
  0.000051  -0.000004  -0.000024
  0.000031  -0.000064  -0.000085
  0.000068   0.000015  -0.000059
 -0.000066   0.000009  -0.000095
  0.000029   0.000024   0.000110
 -0.000138   0.000155   0.000186
 -0.000004  -0.000003   0.000017
 -0.000403   0.000060  -0.000047
 -0.000012   0.000016  -0.000012
 -0.000678   0.000744   0.001400
  0.000012   0.000031   0.000017
 -0.001347  -0.000113   0.001310
 -0.000002  -0.000030   0.000003
  0.044699  -0.014845  -0.024889
  0.000036  -0.000020   0.000025
  0.027337  -0.008587  -0.016274
  0.000020  -0.000023  -0.000004
 -0.009824   0.018306   0.030909
  0.000039   0.000019   0.000048
 -0.001282  -0.001508  -0.004828
  0.000008   0.000009   0.000062
  0.004723  -0.000703  -0.001950
  0.000043   0.000031   0.000083
  0.000001  -0.000002  -0.000013
 -0.000272   0.000584   0.000256
 -0.000012   0.000027   0.000005
  0.000277  -0.000301  -0.000715
  0.000030   0.000015   0.000039
 -0.000028   0.000102   0.000012
 -0.000035   0.000040  -0.000028
 -0.000029  -0.000001   0.000146
  0.000005   0.000009   0.000041
  0.000051   0.000202  -0.000191
  0.000008  -0.000013   0.000034
 -0.000013  -0.000139   0.000054
 -0.000008   0.000004  -0.000005
 -0.000232   0.000430   0.000089
  0.000009   0.000032   0.000054
  0.000779   0.000024  -0.000125
  0.000062  -0.000144  -0.000144
  0.000719   0.000346  -0.001973
  0.000287  -0.000082  -0.000394
  0.000646   0.000484  -0.000103
 -0.972024  -0.052575   0.160967
  0.000111   0.000015  -0.000169
  0.058252  -0.002770  -0.036168
  0.000057   0.000038  -0.000251
 -0.000249  -0.000050  -0.000260
  0.001319  -0.001389   0.000010
 -0.000134   0.000032  -0.000188
  0.000912  -0.001810  -0.000376
 -0.000396  -0.000152   0.000453
  0.000055  -0.000132  -0.000174
 -0.000751  -0.000085  -0.000668
 -0.000107  -0.000031  -0.000104
  0.000030   0.000199   0.000543
  0.001223   0.002849   0.003926
   89    2  0.0000  0.0150  0.0000
  0.000027  -0.000254  -0.000072
  0.000817  -0.000100  -0.000063
 -0.000031   0.000089  -0.000005
 -0.000307   0.000572  -0.000005
  0.000070   0.000105  -0.000012
 -0.000095  -0.000208   0.000091
 -0.000373  -0.000910  -0.000162
  0.000292  -0.000235  -0.000088
  0.001042  -0.000324   0.001440
 -0.000122   0.000064   0.000046
 -0.006476   0.003424   0.006207
 -0.000027  -0.000007   0.000013
 -0.023284   0.116869   0.043747
  0.000014   0.000001  -0.000018
  0.019752   0.225805   0.176996
  0.000026   0.000005  -0.000014
  0.020910  -0.019939  -0.009967
  0.000001   0.000011  -0.000003
  0.077147   0.143274   0.054232
  0.000017   0.000000   0.000008
 -0.000119  -0.000014  -0.000067
  0.000907   0.000539   0.000715
  0.000006   0.000024  -0.000002
  0.000200  -0.000230   0.000087
 -0.000028   0.000009  -0.000009
  0.000700   0.000243  -0.000041
  0.000030   0.000014  -0.000007
 -0.000313   0.000268  -0.000510
  0.000004   0.000006  -0.000005
  0.000262   0.000433  -0.000224
 -0.000012   0.000041   0.000037
 -0.000460   0.000106  -0.000178
  0.000022  -0.000012   0.000002
 -0.000463  -0.000130  -0.000105
  0.000004  -0.000000   0.000008
  0.000174   0.000241   0.000240
  0.000096  -0.000125   0.000074
 -0.000051  -0.000059   0.000249
 -0.001186   0.000916  -0.000248
 -0.000092  -0.000062   0.000074
 -0.000001  -0.000005  -0.000024
  0.000095   0.000119   0.000134
 -0.000025   0.000011   0.000036
 -0.000086   0.000093  -0.000021
  0.000056  -0.000091   0.000069
 -0.000045  -0.000055   0.000020
 -0.000005   0.000073   0.000226
 -0.000057  -0.000081   0.000044
 -0.000041   0.000043  -0.000081
 -0.000050   0.000027   0.000286
  0.000743  -0.000479  -0.000369
  0.000001   0.000005  -0.000017
 -0.000576  -0.000277   0.000039
 -0.000012  -0.000008  -0.000074
 -0.000419   0.000136  -0.000302
 -0.000004   0.000003   0.000007
  0.001209  -0.000946  -0.000521
  0.000007   0.000001   0.000001
  0.027118  -0.010018  -0.017568
 -0.000003   0.000003  -0.000005
 -0.041562   0.005745   0.027659
  0.000000   0.000007  -0.000002
 -0.005873   0.008200   0.016599
 -0.000004  -0.000005  -0.000012
 -0.000470  -0.002833   0.006153
  0.000003   0.000000  -0.000007
  0.025410   0.008046  -0.005321
 -0.000005  -0.000001  -0.000015
  0.000003   0.000006   0.000001
 -0.000125   0.000658  -0.000084
  0.000001  -0.000003   0.000005
  0.000004  -0.000131  -0.000172
 -0.000005  -0.000003  -0.000030
 -0.000002  -0.000021   0.000042
  0.000012  -0.000008  -0.000004
  0.000001  -0.000064   0.000105
  0.000001   0.000001  -0.000012
 -0.000106  -0.000175   0.000182
  0.000007   0.000000   0.000001
  0.000057  -0.000119   0.000139
  0.000012  -0.000008  -0.000001
 -0.000089   0.000287   0.000069
 -0.000004  -0.000035  -0.000047
  0.000471  -0.000200  -0.000123
 -0.000164  -0.000015   0.000056
 -0.001185  -0.000367   0.001101
 -0.000064   0.000126   0.000134
 -0.000370  -0.000508   0.000123
 -0.052528  -0.481110  -0.355882
 -0.000031   0.000012   0.000016
 -0.042354   0.006482   0.058551
 -0.000000  -0.000011   0.000060
  0.000101  -0.000004   0.000102
 -0.001314   0.000673  -0.000185
  0.000050  -0.000016   0.000049
 -0.000653  -0.000175   0.000341
  0.000581  -0.000590  -0.000653
  0.000105  -0.000019   0.000025
  0.000899  -0.000008   0.000802
  0.000056   0.000033   0.000066
 -0.000031   0.000001  -0.000143
  0.002176  -0.002852  -0.004026
   89    3  0.0000 -0.0000  0.0150
  0.000388  -0.001093  -0.000287
  0.001346  -0.000036  -0.000129
 -0.000262   0.000149   0.000336
 -0.000378   0.000874  -0.000001
  0.000671   0.000531   0.000271
 -0.000171  -0.000363   0.000121
 -0.003168   0.000198  -0.001421
  0.000257  -0.000184  -0.000266
  0.006305   0.000658   0.012052
 -0.000086   0.000056   0.000011
 -0.055368   0.014397   0.030866
 -0.000015   0.000026  -0.000001
 -0.059895   0.045165   0.148635
  0.000081  -0.000038  -0.000204
  0.012375   0.177021   0.335227
  0.000170   0.000043  -0.000141
 -0.015909   0.010073   0.004467
 -0.000052   0.000084  -0.000028
  0.022236   0.052124   0.142996
  0.000084   0.000002   0.000056
 -0.000631  -0.000082  -0.000361
  0.002572   0.000828   0.001317
  0.000004   0.000155  -0.000039
  0.000387  -0.000431  -0.000024
 -0.000148   0.000005  -0.000028
  0.001008   0.000342   0.000132
  0.000076   0.000026   0.000004
  0.000410   0.000086   0.000094
  0.000013  -0.000003  -0.000023
 -0.000131  -0.000792  -0.000098
 -0.000149   0.000148   0.000078
 -0.000318  -0.001000  -0.000188
  0.000059  -0.000033   0.000022
  0.000104  -0.000158   0.000996
  0.000008   0.000029  -0.000024
 -0.000109   0.000158  -0.000048
  0.000179  -0.000003   0.000247
 -0.000636   0.000191  -0.000227
 -0.001853   0.000832  -0.000888
  0.000368  -0.000424   0.000850
 -0.000050  -0.000079  -0.000031
  0.000075   0.000081   0.000137
 -0.000111   0.000018  -0.000086
 -0.000076   0.000122  -0.000064
  0.000016   0.000048  -0.000029
 -0.000105  -0.000089   0.000005
 -0.000085   0.000073   0.000093
 -0.000126  -0.000114   0.000032
 -0.000067   0.000055  -0.000085
 -0.000028  -0.000024   0.000245
  0.000189  -0.000006  -0.000026
 -0.000012   0.000024  -0.000024
  0.000113  -0.000385  -0.000169
 -0.000007  -0.000048  -0.000073
  0.000459   0.000555  -0.002267
  0.000005  -0.000003  -0.000011
 -0.000289  -0.000026  -0.004046
  0.000023   0.000028  -0.000004
  0.006287  -0.003018  -0.004033
 -0.000049   0.000017  -0.000041
 -0.001901   0.005766  -0.001534
 -0.000027   0.000042  -0.000008
 -0.004773   0.004301   0.009984
 -0.000053  -0.000044  -0.000066
 -0.002481   0.005973   0.003076
 -0.000011  -0.000015  -0.000087
  0.035733   0.004855  -0.001666
 -0.000041  -0.000034  -0.000086
  0.000006   0.000015   0.000012
 -0.000424   0.000141   0.000348
  0.000001  -0.000039   0.000001
 -0.000061  -0.000351  -0.000399
 -0.000020  -0.000006  -0.000088
  0.000057   0.000016   0.000067
  0.000032  -0.000061   0.000026
 -0.000103   0.000018  -0.000159
 -0.000008  -0.000006  -0.000075
  0.000010  -0.000253   0.000088
  0.000010   0.000020  -0.000039
 -0.000007   0.000001   0.000035
  0.000028  -0.000023   0.000005
  0.000152  -0.000012   0.000102
  0.000021  -0.000062  -0.000075
  0.000301   0.000081   0.000174
 -0.000977   0.000339   0.000303
 -0.001559  -0.000411   0.001930
 -0.000749   0.000515   0.002079
 -0.000632  -0.000842   0.000266
  0.160930  -0.356220  -0.741216
 -0.000174  -0.000007   0.000193
 -0.099775   0.042501   0.069854
 -0.000105  -0.000030   0.000361
  0.000483  -0.000006   0.000522
 -0.003434   0.001859   0.000042
  0.000270  -0.000086   0.000292
 -0.001690  -0.000661   0.000415
  0.000983  -0.000541   0.000155
 -0.000017   0.000603  -0.000264
  0.001540   0.000208   0.001699
 -0.000123  -0.000003  -0.000106
  0.000080  -0.000293  -0.000768
  0.002525  -0.004035  -0.009271
   91    1  0.0150  0.0000  0.0000
 -0.000171   0.000480   0.000043
 -0.002413   0.000337  -0.000170
  0.000332  -0.000254  -0.000063
  0.001018  -0.001423  -0.000250
 -0.000171  -0.000086   0.000218
  0.000688   0.000469  -0.000121
  0.000582   0.000035   0.000370
 -0.000192   0.000165   0.000318
 -0.001314  -0.000309  -0.001524
  0.000066   0.000011   0.000083
  0.004387  -0.000219   0.000555
 -0.000054  -0.000018  -0.000068
 -0.009620  -0.002307   0.001897
 -0.000018   0.000019   0.000118
  0.469053  -0.010465  -0.153873
 -0.000058  -0.000027   0.000048
  0.215405   0.087350   0.078718
  0.000039  -0.000023   0.000010
 -0.015962   0.029622   0.045259
 -0.000028  -0.000011   0.000005
  0.000258  -0.000054   0.000102
 -0.005754  -0.003411  -0.002541
 -0.000000  -0.000044   0.000000
  0.000131   0.000133   0.001019
  0.000066  -0.000031   0.000033
 -0.000406  -0.000250   0.000118
  0.000030  -0.000033  -0.000052
 -0.000025   0.000365  -0.000355
  0.000022  -0.000098   0.000064
  0.000454   0.000186  -0.000193
 -0.000180   0.000170   0.000107
 -0.000315  -0.000392   0.000316
  0.000076  -0.000038  -0.000033
 -0.000151  -0.000610   0.000245
  0.000003  -0.000027   0.000002
  0.000315  -0.000439   0.000406
  0.000493  -0.000078   0.000170
  0.000095  -0.000170  -0.000839
 -0.001562   0.001268  -0.000352
  0.000190   0.000518  -0.000186
 -0.000016   0.000016   0.000015
 -0.000188   0.000114  -0.000232
  0.000060   0.000022   0.000073
 -0.000241   0.000045   0.000099
 -0.000051   0.000124  -0.000076
  0.000054  -0.000024   0.000059
  0.000046  -0.000049   0.000014
  0.000336   0.000002  -0.000025
  0.000037   0.000006   0.000093
  0.000111   0.000085   0.000230
 -0.000154  -0.000156  -0.000009
 -0.000055   0.000030  -0.000015
  0.000049   0.000458   0.000011
 -0.000036  -0.000027  -0.000069
  0.000114  -0.000114  -0.000293
  0.000036   0.000072   0.000018
 -0.000223   0.000161   0.000050
  0.000017  -0.000053   0.000030
 -0.000376  -0.000315  -0.000649
  0.000023  -0.000029   0.000007
  0.003988  -0.001230  -0.002078
  0.000004   0.000001  -0.000012
  0.019661  -0.008955  -0.014138
  0.000014   0.000011   0.000020
  0.015932   0.024726   0.030418
  0.000002  -0.000007   0.000024
  0.000378   0.000665  -0.002817
  0.000043   0.000022   0.000081
  0.000006   0.000016  -0.000004
  0.000527  -0.000076  -0.000071
  0.000007   0.000019   0.000006
 -0.000299   0.000253  -0.000252
  0.000096   0.000050  -0.000010
 -0.000027  -0.000156   0.000007
 -0.000065   0.000048  -0.000001
  0.000088  -0.000031   0.000145
 -0.000005   0.000016   0.000007
  0.000093   0.000364  -0.000240
  0.000009   0.000010   0.000004
 -0.000005  -0.000011  -0.000155
  0.000010  -0.000002  -0.000003
 -0.000002  -0.000358  -0.000047
  0.000023  -0.000029   0.000011
 -0.000292   0.000787   0.000413
  0.000330  -0.000024  -0.000097
  0.004743   0.002951  -0.009799
  0.000001  -0.000317  -0.000473
  0.001031   0.001873  -0.000395
  0.058209  -0.042377  -0.099941
  0.000060  -0.000002  -0.000107
 -0.793533  -0.068502   0.148746
  0.000019   0.000057  -0.000130
 -0.000174   0.000050  -0.000186
  0.007811  -0.005929  -0.002160
 -0.000103   0.000088  -0.000069
  0.003328   0.003587  -0.000390
  0.001460  -0.000903   0.000523
 -0.000013  -0.000198  -0.000156
  0.002939   0.001765   0.004831
 -0.000055  -0.000020   0.000005
  0.000062  -0.000074   0.000202
  0.018845  -0.008836  -0.020645
   91    2  0.0000  0.0150  0.0000
  0.000175  -0.000042  -0.000152
 -0.000992   0.000671  -0.000197
  0.000166  -0.000220   0.000249
  0.000227  -0.000365  -0.000309
  0.000031   0.000235   0.000388
  0.000016  -0.000210  -0.000084
 -0.000520   0.000022  -0.000169
 -0.000014  -0.000232   0.000153
  0.000623   0.000111   0.000664
  0.000043   0.000127   0.000050
 -0.002909   0.001129   0.000890
 -0.000044  -0.000077  -0.000049
  0.006350  -0.004152   0.007716
  0.000033   0.000022  -0.000027
  0.001487   0.116034   0.018809
  0.000053   0.000006  -0.000040
  0.079569   0.187410   0.105599
  0.000002   0.000026  -0.000007
 -0.016600   0.025910   0.077282
  0.000024  -0.000010   0.000034
 -0.000148  -0.000056  -0.000117
  0.005434   0.002092   0.002022
 -0.000004   0.000062  -0.000019
 -0.000430  -0.000118  -0.000763
 -0.000038  -0.000020   0.000014
  0.000297   0.000171  -0.000043
  0.000062  -0.000017  -0.000023
  0.000328  -0.000008  -0.000297
  0.000001  -0.000023  -0.000028
 -0.000125  -0.000213   0.000282
 -0.000116   0.000196   0.000140
 -0.000169   0.000811  -0.000039
  0.000061  -0.000034   0.000009
  0.000138   0.002106  -0.000864
  0.000009  -0.000001  -0.000004
 -0.001025   0.000355  -0.000430
  0.000581  -0.000038  -0.000044
  0.000147   0.000509  -0.000398
 -0.002534   0.002454  -0.000236
  0.000639  -0.000433   0.000750
 -0.000032  -0.000041   0.000019
  0.000047   0.000194  -0.000082
  0.000003  -0.000016  -0.000178
  0.000171  -0.000191   0.000257
 -0.000089   0.000183  -0.000081
 -0.000030  -0.000063  -0.000057
  0.000010   0.000043  -0.000028
 -0.000014  -0.000147  -0.000176
  0.000009  -0.000056  -0.000097
  0.000074   0.000087   0.000192
 -0.000148  -0.000045   0.000069
 -0.000031   0.000039   0.000024
 -0.000164  -0.000134   0.000137
 -0.000040  -0.000051  -0.000085
 -0.000022  -0.000376  -0.000288
  0.000028   0.000053   0.000029
  0.000088   0.000273  -0.000260
  0.000033  -0.000004  -0.000011
 -0.000097   0.000380  -0.000176
 -0.000015  -0.000006  -0.000025
  0.000825  -0.000811  -0.001340
 -0.000012   0.000019  -0.000002
  0.014281  -0.003108  -0.014794
 -0.000020  -0.000013  -0.000011
  0.000609   0.006223  -0.001123
 -0.000004  -0.000012  -0.000032
 -0.002910  -0.005147   0.005589
  0.000010   0.000001   0.000022
  0.000008   0.000019   0.000010
  0.000170  -0.000094  -0.000161
  0.000008  -0.000014  -0.000004
 -0.000201  -0.000250   0.000001
  0.000039   0.000046  -0.000075
  0.000081  -0.000029   0.000023
  0.000010   0.000001  -0.000020
 -0.000028  -0.000002  -0.000200
 -0.000007   0.000005  -0.000025
  0.000344  -0.000495  -0.000098
  0.000001   0.000020  -0.000019
  0.000009  -0.000117  -0.000050
 -0.000003  -0.000051  -0.000058
  0.000271  -0.000361  -0.000022
  0.000018  -0.000032  -0.000017
 -0.000367   0.000248   0.000453
 -0.000202   0.000050   0.000089
  0.003504   0.002174  -0.003820
 -0.000181   0.000017   0.000354
  0.000989   0.000573  -0.000282
 -0.002700   0.006475   0.042450
 -0.000041  -0.000016   0.000040
 -0.068484  -0.363448  -0.275153
 -0.000078   0.000044   0.000084
  0.000092   0.000022   0.000151
 -0.009123   0.004409   0.002709
  0.000077   0.000010   0.000103
 -0.000664  -0.001493  -0.000168
  0.000612  -0.001971  -0.000094
 -0.000271   0.000584  -0.000412
  0.001326  -0.000644   0.004337
 -0.000317   0.000011  -0.000329
  0.000199  -0.000250  -0.000154
 -0.008479   0.023095   0.032150
   91    3  0.0000 -0.0000  0.0150
  0.000302  -0.000272  -0.000292
  0.002812  -0.001143   0.000791
  0.000087  -0.000243   0.000384
 -0.000497   0.001786   0.000155
  0.000136   0.000252   0.000457
 -0.000241  -0.000353   0.000239
 -0.000357  -0.000060  -0.000543
  0.000260  -0.000176  -0.000568
  0.000680  -0.000298   0.000805
 -0.000072  -0.000047   0.000044
 -0.002923   0.000995   0.000239
 -0.000046   0.000109  -0.000016
  0.006817   0.007153   0.000027
  0.000166  -0.000081  -0.000349
 -0.131754   0.026175   0.184038
  0.000319   0.000104  -0.000294
  0.067165   0.103017   0.213189
 -0.000118   0.000173  -0.000041
 -0.024922   0.059416   0.070842
  0.000141  -0.000008   0.000143
 -0.001064  -0.000132  -0.000683
  0.003641   0.000277   0.001337
  0.000036   0.000264  -0.000063
 -0.000470   0.000956  -0.000010
 -0.000252   0.000010  -0.000045
  0.000215   0.000204   0.000044
  0.000168   0.000063  -0.000034
 -0.000055   0.000063  -0.000046
  0.000082  -0.000071   0.000069
  0.000003  -0.000177  -0.000328
 -0.000396   0.000372   0.000122
 -0.000198  -0.000423   0.000005
  0.000156  -0.000072   0.000028
 -0.000039  -0.000630   0.000105
  0.000035   0.000051  -0.000019
  0.000517   0.000171   0.000383
  0.000462   0.000203   0.000419
 -0.000109  -0.000087  -0.000296
 -0.002005   0.000164  -0.001650
 -0.000459  -0.000364  -0.000238
 -0.000043  -0.000053  -0.000170
 -0.000113  -0.000046   0.000359
 -0.000074   0.000006  -0.000355
 -0.000153   0.000296  -0.000231
 -0.000111   0.000166  -0.000261
 -0.000149  -0.000187   0.000129
 -0.000105   0.000085  -0.000086
 -0.000030  -0.000137   0.000377
  0.000018   0.000023  -0.000091
 -0.000152   0.000166   0.000232
  0.000015  -0.000065   0.000076
 -0.000056   0.000051  -0.000099
 -0.000177   0.000043   0.000137
 -0.000013  -0.000096  -0.000102
 -0.000007  -0.000342  -0.000552
  0.000028   0.000006  -0.000037
  0.000164   0.000018  -0.000188
  0.000034   0.000013   0.000023
  0.000607   0.000169   0.001024
 -0.000085   0.000041  -0.000074
 -0.001944   0.000362   0.001862
 -0.000051   0.000061  -0.000019
  0.014161  -0.007715  -0.009620
 -0.000080  -0.000064  -0.000149
 -0.002504  -0.009474  -0.006182
 -0.000006  -0.000028  -0.000152
 -0.007722   0.004687   0.000674
 -0.000072  -0.000062  -0.000148
  0.000020   0.000035   0.000031
  0.000252  -0.000374  -0.000474
  0.000022  -0.000075   0.000001
 -0.000264  -0.000137   0.000260
  0.000006  -0.000004  -0.000158
  0.000057  -0.000059  -0.000100
  0.000016  -0.000111   0.000078
 -0.000057   0.000067  -0.000160
 -0.000014  -0.000018  -0.000132
 -0.000102  -0.000167   0.000393
  0.000008   0.000012  -0.000057
  0.000048   0.000033   0.000087
  0.000037  -0.000026   0.000016
  0.000039  -0.000188   0.000119
  0.000039  -0.000042  -0.000080
 -0.000264   0.000479   0.000059
 -0.000291   0.000178   0.000478
 -0.009310  -0.001223   0.010314
 -0.000246   0.000142   0.000530
 -0.002025  -0.001854   0.000491
 -0.036172   0.058545   0.069853
 -0.000274  -0.000049   0.000383
  0.148404  -0.275265  -0.615909
 -0.000130  -0.000080   0.000663
  0.000836   0.000115   0.000924
 -0.004302   0.001295   0.000611
  0.000430  -0.000124   0.000545
 -0.001100  -0.000422  -0.001229
  0.002634   0.000076   0.001947
  0.000078   0.000427   0.000352
 -0.000342   0.002201   0.005209
  0.000475   0.000123   0.000497
 -0.000317  -0.000331  -0.001674
 -0.017790   0.031556   0.071407
   93    1  0.0150  0.0000  0.0000
  0.001892   0.001479  -0.000337
  0.000152   0.000211  -0.000166
 -0.000936  -0.000675  -0.000639
 -0.000048   0.000035   0.000298
 -0.001437  -0.000211   0.000112
  0.000128  -0.000027   0.000154
 -0.000205   0.001469   0.001075
  0.000261   0.000022  -0.000488
  0.000554  -0.001283  -0.000132
 -0.000245   0.000223  -0.000343
  0.000018   0.000155  -0.000159
  0.001020  -0.000476  -0.000275
  0.000234  -0.000032  -0.000465
 -0.001638   0.000104   0.000061
  0.000394  -0.000238  -0.000492
 -0.006482   0.000910   0.001597
 -0.000265  -0.000186   0.000077
  0.004913  -0.002440   0.002471
  0.000212   0.000117   0.000182
  0.000618   0.001493  -0.002253
  0.464476  -0.036450   0.158592
 -0.001530   0.000137  -0.000970
  0.046716   0.008628   0.032206
  0.000111  -0.000362  -0.000065
 -0.004711   0.008782   0.002541
 -0.000376  -0.000013   0.000005
  0.002792   0.000093  -0.000092
  0.000439  -0.000011  -0.000226
 -0.000755   0.000089  -0.000894
 -0.000001   0.000337   0.000292
  0.002507  -0.000088   0.000092
 -0.000502  -0.000712   0.000599
 -0.001559  -0.002923  -0.001636
  0.000377   0.000096   0.000050
  0.001331  -0.000198   0.000647
  0.000039  -0.000042   0.000012
 -0.000145   0.000008   0.000118
  0.001840   0.000808   0.000748
 -0.000840  -0.000084  -0.001362
 -0.008710  -0.010024   0.001834
 -0.000379   0.000737   0.002314
 -0.000045   0.000003  -0.000348
  0.000401  -0.000434   0.000414
 -0.000118  -0.000032  -0.000283
 -0.000584   0.000270   0.000534
 -0.000058   0.000033  -0.000275
 -0.000921   0.000897  -0.001357
 -0.000176  -0.000028  -0.000148
  0.000136  -0.000467   0.000304
  0.000014  -0.000126  -0.000030
 -0.000022  -0.000151   0.000618
  0.000036  -0.000087   0.000059
 -0.000127   0.000276  -0.000169
  0.000273  -0.000029  -0.000128
  0.000097  -0.000167   0.000049
  0.000067  -0.000147   0.000390
  0.000248  -0.000033  -0.000097
 -0.000143   0.000200  -0.000108
 -0.000122  -0.000054  -0.000141
 -0.001680   0.003456  -0.001974
 -0.000069  -0.000059   0.000014
  0.000880  -0.000379   0.000209
 -0.000066   0.000091  -0.000231
 -0.003273   0.001477   0.001868
 -0.000029   0.000038  -0.000201
  0.000311   0.001008  -0.000193
 -0.000010   0.000055  -0.000006
  0.000175  -0.000229  -0.000750
  0.002151  -0.000162   0.002090
  0.000047  -0.000061   0.000056
  0.001488  -0.002832  -0.000929
  0.000039   0.000104   0.000025
  0.000029   0.000231  -0.000562
 -0.000004  -0.000129  -0.000323
  0.000524  -0.000205  -0.000012
  0.000325  -0.000105   0.000131
  0.001540   0.001738   0.002246
 -0.000015   0.000018  -0.000181
 -0.000565   0.000287   0.000455
  0.000027   0.000030  -0.000036
  0.000889  -0.000160   0.000136
  0.000104   0.000071  -0.000051
  0.000330  -0.000034  -0.000001
  0.000050   0.000229  -0.000159
  0.002788  -0.000745  -0.002943
 -0.000049  -0.000184   0.000694
 -0.000869   0.000478   0.000884
 -0.000048  -0.000196   0.000280
 -0.000266   0.000094   0.000502
  0.001364   0.001319  -0.003467
 -0.000225   0.000118   0.000848
  0.007839   0.009096  -0.004366
 -0.634308   0.080226  -0.237717
  0.001329  -0.000161   0.001423
  0.076320  -0.100148   0.031298
  0.000655   0.000213   0.000843
  0.000376   0.000144   0.000945
  0.003322   0.004531  -0.002601
  0.000873  -0.000144   0.001471
  0.018574   0.008953   0.009329
  0.020752   0.022386   0.009257
 -0.000843   0.000160  -0.002667
   93    2  0.0000  0.0150  0.0000
  0.002544  -0.002142  -0.001238
 -0.000081  -0.000120   0.000026
 -0.002925  -0.000310   0.000909
  0.000047  -0.000043  -0.000050
  0.000633   0.002074   0.000109
 -0.000069   0.000105  -0.000051
  0.000037  -0.001724  -0.000869
 -0.000036   0.000083   0.000110
 -0.000607   0.000968   0.000188
 -0.000082  -0.000304  -0.000218
 -0.000043  -0.000282   0.000022
  0.000134   0.000529   0.000246
 -0.000059   0.000115   0.000086
 -0.000550  -0.000341  -0.000182
  0.000025   0.000054   0.000027
 -0.002091   0.000884   0.001019
  0.000044  -0.000024  -0.000048
  0.000201  -0.000604   0.001027
 -0.000030  -0.000055   0.000009
  0.000050   0.000416  -0.000696
 -0.060949   0.150314  -0.018556
 -0.000085   0.000118  -0.000116
  0.039485  -0.003421   0.020921
 -0.000011  -0.000015  -0.000007
 -0.001411   0.007525   0.003206
 -0.000071  -0.000004  -0.000036
  0.001637  -0.000910  -0.000262
  0.000071  -0.000073  -0.000024
  0.000483  -0.001045   0.000293
  0.000054  -0.000072   0.000039
 -0.000564   0.000259   0.000460
 -0.000166  -0.000169   0.000081
  0.000990  -0.000282  -0.000634
  0.000051   0.000059  -0.000014
  0.001290  -0.001083   0.001068
  0.000024   0.000039   0.000026
 -0.000123  -0.000059   0.000078
  0.000164   0.000160   0.000088
 -0.000213  -0.000197  -0.000577
 -0.001116  -0.001027  -0.000350
 -0.000034  -0.000365  -0.000636
 -0.000007  -0.000027  -0.000064
  0.000063  -0.000371   0.000228
  0.000001  -0.000013   0.000028
 -0.000234   0.000253   0.000144
 -0.000002   0.000064  -0.000005
  0.000129   0.003233  -0.000789
 -0.000001   0.000027  -0.000010
 -0.000163  -0.000852   0.000357
  0.000004  -0.000036  -0.000060
 -0.000085   0.000021  -0.000538
  0.000022  -0.000092  -0.000019
  0.000002  -0.000036  -0.000135
 -0.000048   0.000155   0.000149
 -0.000007  -0.000044   0.000009
 -0.000136  -0.000089  -0.000325
 -0.000038   0.000196   0.000170
  0.000008   0.000062   0.000019
  0.000010   0.000023   0.000004
  0.000883  -0.001673   0.001323
 -0.000003  -0.000014  -0.000062
  0.000170   0.000168  -0.000285
 -0.000009   0.000010  -0.000023
  0.001844  -0.000380  -0.000858
  0.000018   0.000005   0.000010
 -0.000219  -0.000378   0.000269
 -0.000037  -0.000010  -0.000072
  0.000006  -0.000183  -0.000327
  0.001414  -0.001378   0.000114
  0.000001  -0.000021  -0.000004
  0.000132  -0.004391   0.000298
  0.000008   0.000004   0.000015
 -0.000144   0.000430   0.000197
 -0.000008   0.000078  -0.000086
  0.000206  -0.000130   0.000275
 -0.000067   0.000251   0.000013
  0.000598   0.000422  -0.000459
  0.000000  -0.000005  -0.000019
 -0.000040   0.000217   0.000064
  0.000006   0.000004   0.000003
  0.000082   0.000476   0.000002
  0.000043   0.000025   0.000035
  0.000168  -0.000065   0.000293
  0.000048   0.000025  -0.000049
  0.003346   0.005407   0.002218
  0.000130   0.000062   0.000031
 -0.000864   0.002064  -0.000097
  0.000073  -0.000001  -0.000093
 -0.000030  -0.000010  -0.000036
  0.001365   0.000646  -0.001848
  0.000073   0.000013   0.000028
  0.005902   0.004435  -0.001222
  0.079874  -0.248431   0.016031
  0.000083  -0.000050   0.000088
 -0.102264   0.021987  -0.033540
  0.000019  -0.000026   0.000042
  0.000150   0.000151   0.000150
  0.000402   0.000249   0.000653
  0.000250  -0.000077   0.000355
  0.002208   0.001289   0.000125
  0.028163   0.067329   0.012082
 -0.000146  -0.000029  -0.000271
   93    3  0.0000 -0.0000  0.0150
  0.001486   0.000416  -0.000166
  0.000160   0.000126  -0.000175
 -0.001106  -0.000253  -0.000390
 -0.000011   0.000091   0.000295
 -0.000731   0.000699   0.000063
  0.000102   0.000034   0.000221
  0.000682   0.001839   0.000219
  0.000173   0.000113  -0.000443
  0.000228  -0.000951  -0.000070
 -0.000120  -0.000038  -0.000178
 -0.000264   0.000699  -0.000004
  0.000148  -0.000021   0.000136
  0.000400  -0.000237  -0.000602
 -0.000295   0.000269  -0.000052
  0.000453  -0.000297  -0.000582
 -0.000442  -0.000745   0.000076
 -0.000315  -0.000220   0.000020
  0.000609  -0.000131   0.000131
  0.000280   0.000180   0.000223
 -0.000016   0.000545  -0.000310
  0.155496  -0.007454   0.164422
 -0.001636   0.000152  -0.001013
  0.037920   0.006531   0.000172
  0.000057  -0.000369  -0.000038
 -0.001093   0.006620  -0.002011
 -0.000358  -0.000035  -0.000058
  0.000409   0.000316  -0.000152
  0.000224   0.000080   0.000043
  0.000163  -0.000393  -0.000363
 -0.000438  -0.000244  -0.000573
 -0.000782   0.000300   0.000485
  0.000135  -0.000124   0.000577
  0.000672   0.001098  -0.000724
  0.000028   0.000034   0.000151
  0.001579  -0.001261   0.002688
  0.000050  -0.000067   0.000045
  0.000406   0.000385   0.000229
  0.000786   0.000522   0.000542
 -0.001626  -0.000423  -0.002027
 -0.004201  -0.005536   0.000712
  0.000247  -0.000075   0.001044
 -0.000047  -0.000013  -0.000391
  0.000382   0.000126   0.000377
 -0.000127  -0.000045  -0.000281
 -0.000176   0.000194   0.000473
 -0.000092   0.000039  -0.000338
 -0.001215  -0.000881   0.000555
 -0.000188  -0.000017  -0.000135
  0.000068  -0.000009   0.000220
  0.000016  -0.000160  -0.000078
  0.000087  -0.000165   0.000460
  0.000023  -0.000052   0.000019
 -0.000098   0.000220  -0.000113
  0.000081  -0.000004   0.000030
  0.000071  -0.000094   0.000056
 -0.000034  -0.000130  -0.000056
  0.000273  -0.000309  -0.000330
 -0.000018   0.000146  -0.000114
 -0.000148  -0.000071  -0.000140
 -0.000340   0.000638  -0.000405
 -0.000063  -0.000070   0.000143
  0.000186  -0.000190   0.000150
 -0.000092   0.000090  -0.000266
 -0.001419   0.000758   0.001182
 -0.000028   0.000019  -0.000205
  0.000263   0.000370  -0.000020
 -0.000030   0.000079  -0.000050
 -0.000013  -0.000129  -0.000304
 -0.000470  -0.004213  -0.002207
  0.000053  -0.000030   0.000048
  0.002718   0.002336   0.000599
  0.000060   0.000109   0.000019
 -0.000197   0.000139  -0.000152
 -0.000187  -0.000146  -0.000265
  0.000081  -0.000230   0.000255
  0.000694  -0.000030  -0.000104
 -0.000293  -0.000442   0.001690
 -0.000002   0.000078  -0.000124
 -0.000092   0.000281   0.000398
 -0.000001   0.000026  -0.000054
 -0.000005   0.000051   0.000012
  0.000012   0.000025  -0.000002
  0.000182  -0.000101   0.000033
 -0.000009   0.000177  -0.000187
  0.002315   0.003456  -0.001646
  0.000002  -0.000186   0.000701
 -0.000187  -0.000654   0.000753
 -0.000089  -0.000172   0.000298
 -0.000328   0.000102   0.000599
  0.000084   0.000203  -0.000014
 -0.000209   0.000164   0.001036
 -0.002111  -0.002719   0.000480
 -0.237278   0.016045  -0.151392
  0.001399  -0.000196   0.001460
  0.028341  -0.031806  -0.032151
  0.000670   0.000212   0.000851
  0.000583   0.000437   0.001297
  0.001580   0.002356  -0.001775
  0.001444  -0.000192   0.001787
  0.010997   0.004613   0.003162
  0.004466   0.007658   0.014428
 -0.001005   0.000136  -0.002833
   95    1  0.0150  0.0000  0.0000
  0.002704   0.000419  -0.001265
  0.000101   0.000121  -0.000118
 -0.001020  -0.001248   0.000417
 -0.000041   0.000040   0.000137
 -0.001131   0.000271   0.000244
  0.000054  -0.000036   0.000069
 -0.000044   0.001310   0.000208
  0.000046   0.000035  -0.000285
  0.000279  -0.000690  -0.000113
  0.000122   0.000030  -0.000147
 -0.000022   0.000193  -0.000035
  0.000643  -0.000520  -0.000200
  0.000158  -0.000071  -0.000327
 -0.000582  -0.000717   0.001004
  0.000199  -0.000121  -0.000261
 -0.001923   0.000629  -0.001958
 -0.000137  -0.000094   0.000004
  0.002008  -0.001013   0.001442
  0.000122   0.000061   0.000077
  0.001081   0.000260  -0.000200
  0.234737  -0.244900   0.009327
 -0.000704   0.000034  -0.000431
 -0.016402   0.002459   0.007057
  0.000017  -0.000151  -0.000040
  0.000370   0.000678  -0.000124
 -0.000215  -0.000037  -0.000048
  0.000780   0.002287   0.000060
  0.000162  -0.000024  -0.000096
 -0.001119   0.000587  -0.000373
 -0.000118   0.000084   0.000044
  0.000603   0.000029  -0.000538
 -0.000046  -0.000125   0.000164
 -0.000564  -0.000614   0.000329
  0.000075   0.000018   0.000045
 -0.001400   0.001180   0.000957
 -0.000009  -0.000043  -0.000010
 -0.000221  -0.000076   0.000109
  0.000356   0.000185   0.000316
 -0.000213   0.000159  -0.000447
 -0.003342  -0.003125   0.000277
 -0.000069   0.000658   0.001509
 -0.000040   0.000010  -0.000156
  0.000191   0.000035   0.000112
 -0.000054  -0.000002  -0.000150
 -0.000390   0.000056   0.000221
 -0.000041  -0.000008  -0.000118
 -0.001522   0.000741  -0.001395
 -0.000073  -0.000030  -0.000064
  0.000060   0.000255   0.000047
 -0.000001  -0.000037  -0.000035
  0.000048  -0.000060   0.000370
 -0.000024  -0.000011   0.000013
 -0.000045   0.000100  -0.000027
  0.000076  -0.000017  -0.000008
  0.000014  -0.000004   0.000004
  0.000053  -0.000071   0.000399
  0.000123  -0.000142  -0.000153
 -0.000074   0.000066  -0.000080
 -0.000070  -0.000050  -0.000065
  0.001451  -0.001330   0.000867
 -0.000029  -0.000026   0.000050
  0.000477  -0.000395   0.000218
 -0.000050   0.000029  -0.000104
 -0.000479   0.001055   0.001441
 -0.000015   0.000010  -0.000105
  0.000800  -0.000328   0.000216
 -0.000026   0.000039  -0.000052
  0.000186  -0.000024  -0.000253
  0.000635   0.004995   0.002179
  0.000011  -0.000008   0.000021
 -0.000558   0.002444  -0.000640
  0.000013   0.000049  -0.000001
  0.000052  -0.000225  -0.000326
 -0.000079  -0.000047  -0.000135
  0.000075  -0.000076  -0.000051
  0.000327  -0.000096   0.000047
 -0.000412   0.000661   0.001815
 -0.000001   0.000021  -0.000075
 -0.000214  -0.000316   0.000198
 -0.000005   0.000007  -0.000032
  0.000417   0.000020   0.000089
  0.000021   0.000012  -0.000025
  0.000084   0.000005   0.000019
 -0.000021   0.000082  -0.000070
  0.002505   0.003009   0.001176
 -0.000049  -0.000075   0.000297
 -0.000624   0.000616   0.000783
 -0.000043  -0.000109   0.000178
 -0.000141   0.000041   0.000285
  0.000935   0.000682  -0.001743
 -0.000103   0.000076   0.000421
  0.003311   0.000657  -0.001081
  0.076498  -0.102442   0.028467
  0.000545  -0.000055   0.000581
 -0.292646   0.341206  -0.047417
  0.000263   0.000135   0.000345
  0.000128  -0.000090   0.000317
  0.001541   0.001342  -0.001439
  0.000312  -0.000086   0.000544
  0.004095   0.001759   0.001653
 -0.012426  -0.012255  -0.003237
 -0.000283   0.000072  -0.001115
   95    2  0.0000  0.0150  0.0000
  0.000149  -0.001400   0.002055
 -0.000237  -0.000369   0.000130
 -0.000476  -0.000140   0.000800
  0.000197  -0.000049  -0.000190
  0.001268   0.002206  -0.000306
 -0.000206   0.000205  -0.000074
  0.001071  -0.001470  -0.000176
 -0.000279   0.000162   0.000429
 -0.000474   0.000631   0.000119
  0.000036  -0.000814  -0.000135
  0.000121  -0.000307   0.000073
 -0.001278   0.001645   0.000974
 -0.000147   0.000129   0.000133
 -0.000204   0.001440  -0.002780
 -0.000056   0.000069   0.000116
  0.001151  -0.000547  -0.000141
  0.000067   0.000013  -0.000038
 -0.004124   0.002653  -0.000087
 -0.000056  -0.000091  -0.000040
 -0.000093  -0.000002   0.001682
 -0.224242   0.683440   0.019612
  0.000274   0.000045   0.000125
 -0.017545   0.066366   0.012545
 -0.000017   0.000069   0.000023
 -0.010863   0.002909  -0.003181
  0.000071  -0.000008  -0.000034
  0.001588  -0.001074  -0.000096
 -0.000149  -0.000050   0.000110
  0.000653  -0.000890   0.000472
  0.000145  -0.000172  -0.000036
 -0.000493   0.000302   0.000330
  0.000038   0.000099  -0.000204
  0.001229   0.000896  -0.000780
 -0.000067  -0.000001  -0.000032
  0.001954  -0.000973   0.001119
  0.000012   0.000010  -0.000002
 -0.000156  -0.000320   0.000043
 -0.000439  -0.000277  -0.000187
 -0.000049  -0.000289  -0.000757
  0.002978   0.003703  -0.000795
  0.001076   0.000525  -0.001977
 -0.000005  -0.000060  -0.000027
  0.000208  -0.000122   0.000298
  0.000049  -0.000027   0.000146
  0.000200   0.000108  -0.000317
  0.000004   0.000088   0.000048
  0.001287  -0.000760   0.001391
  0.000059   0.000072   0.000023
 -0.000058  -0.000355   0.000022
  0.000009  -0.000048  -0.000135
 -0.000039   0.000081  -0.000411
 -0.000021  -0.000140  -0.000016
  0.000060  -0.000102  -0.000007
 -0.000277   0.000338   0.000420
 -0.000044   0.000035  -0.000008
 -0.000392  -0.000090  -0.001408
 -0.000138   0.000150   0.000197
  0.000079  -0.000022  -0.000160
  0.000034   0.000012   0.000029
  0.000561  -0.001485   0.001210
  0.000016   0.000007  -0.000065
 -0.000415   0.000563  -0.000131
  0.000010  -0.000019   0.000022
  0.004174  -0.000334  -0.001631
  0.000017  -0.000013   0.000043
 -0.000485  -0.002121   0.000953
 -0.000051   0.000002  -0.000086
 -0.000266  -0.000303  -0.000535
  0.003006   0.005099   0.001292
 -0.000008   0.000007  -0.000010
  0.002219   0.004287   0.003698
  0.000008  -0.000022   0.000005
 -0.000189   0.000487   0.000229
  0.000029   0.000106   0.000100
  0.000234  -0.000137   0.000397
 -0.000309   0.000294   0.000005
  0.000868  -0.000810  -0.001459
  0.000007  -0.000001   0.000028
 -0.000134  -0.000085   0.000122
 -0.000000  -0.000003   0.000008
 -0.000094   0.001152   0.000117
 -0.000018  -0.000005   0.000028
  0.000051  -0.000154   0.000513
  0.000015  -0.000076   0.000016
  0.000273   0.001148   0.003218
  0.000293   0.000175  -0.000105
  0.000539  -0.000213  -0.000388
  0.000115   0.000083  -0.000257
  0.000028  -0.000026  -0.000082
  0.001869  -0.000224   0.000690
  0.000112   0.000017  -0.000132
 -0.003645  -0.001504   0.000486
 -0.100316   0.022192  -0.031787
 -0.000208  -0.000046  -0.000233
  0.341850  -0.800422  -0.004329
 -0.000142  -0.000076  -0.000121
  0.000177   0.000293   0.000070
 -0.001512  -0.001703   0.001752
  0.000192  -0.000126   0.000265
 -0.004452  -0.002896  -0.001606
  0.002167   0.019565  -0.001411
 -0.000029  -0.000104   0.000174
   95    3  0.0000 -0.0000  0.0150
 -0.001371  -0.000034   0.002390
  0.000127   0.000173  -0.000138
 -0.000381   0.000460   0.000549
 -0.000069   0.000029   0.000184
  0.000517   0.001697   0.000131
  0.000111  -0.000031   0.000094
  0.000435  -0.000074  -0.000090
  0.000235  -0.000039  -0.000359
 -0.000108  -0.000074   0.000009
 -0.000352   0.000375  -0.000143
  0.000003   0.000037  -0.000001
  0.000423  -0.000341  -0.000151
  0.000123   0.000023  -0.000276
 -0.001418  -0.000065  -0.000278
  0.000260  -0.000111  -0.000263
 -0.000986  -0.001030   0.002276
 -0.000134  -0.000131  -0.000029
  0.000494  -0.000600   0.000246
  0.000127   0.000036   0.000108
 -0.000810   0.001190  -0.001328
  0.013546   0.009599   0.110389
 -0.000914   0.000098  -0.000561
  0.002253   0.023625  -0.026305
  0.000016  -0.000208  -0.000013
 -0.001692   0.001201  -0.000453
 -0.000165  -0.000000  -0.000051
  0.000559   0.000938   0.000587
 -0.000018   0.000029   0.000163
 -0.000763   0.000763  -0.000367
 -0.000065  -0.000346  -0.000463
  0.000697  -0.000107  -0.000041
  0.000059  -0.000027   0.000123
  0.000113  -0.000571  -0.000312
 -0.000037   0.000026   0.000048
 -0.000120  -0.000049   0.000406
  0.000054  -0.000038   0.000017
  0.000394   0.000423  -0.000094
  0.000038  -0.000062   0.000128
 -0.000886  -0.000341  -0.000924
 -0.000254   0.000400  -0.000917
  0.001452   0.000125  -0.000902
 -0.000017   0.000008  -0.000192
  0.000229   0.000069   0.000222
 -0.000079  -0.000021  -0.000177
  0.000089   0.000229  -0.000295
 -0.000036   0.000016  -0.000185
 -0.000078   0.000282  -0.000186
 -0.000122  -0.000019  -0.000099
  0.000074  -0.000166   0.000120
  0.000008  -0.000077   0.000023
 -0.000008  -0.000031  -0.000054
  0.000055  -0.000067   0.000047
 -0.000002   0.000059  -0.000053
  0.000262  -0.000075  -0.000167
  0.000008  -0.000009   0.000003
  0.000085  -0.000070   0.000321
  0.000005  -0.000015  -0.000014
 -0.000137   0.000110  -0.000075
 -0.000070  -0.000030  -0.000069
  0.002059  -0.002241   0.002811
 -0.000036  -0.000041   0.000003
  0.000823  -0.000672   0.000224
 -0.000057   0.000057  -0.000143
  0.002102  -0.000884   0.000073
 -0.000007   0.000010  -0.000112
 -0.000053   0.001201  -0.000167
 -0.000065   0.000061  -0.000115
 -0.000125  -0.000033  -0.000143
 -0.002005  -0.002963  -0.000591
  0.000023  -0.000016   0.000020
  0.002732   0.006430   0.003515
  0.000029   0.000062   0.000007
  0.000087  -0.000223  -0.000718
 -0.000061   0.000005  -0.000090
  0.000090  -0.000078  -0.000046
 -0.000016   0.000342  -0.000135
  0.000079   0.000206   0.000876
 -0.000003   0.000048  -0.000075
 -0.000045   0.000262   0.000160
  0.000000   0.000007  -0.000038
  0.000253  -0.000601  -0.000020
 -0.000000   0.000029   0.000014
  0.000141   0.000064  -0.000166
  0.000023   0.000064  -0.000118
  0.000884   0.001883  -0.000215
 -0.000082  -0.000146   0.000368
  0.001177   0.000162   0.000194
 -0.000059  -0.000115   0.000181
 -0.000216   0.000043   0.000318
 -0.000337  -0.000335   0.000381
 -0.000069   0.000102   0.000561
 -0.000344   0.000164  -0.001276
  0.031370  -0.033528  -0.032036
  0.000768  -0.000097   0.000805
 -0.047481  -0.004293  -0.062765
  0.000367   0.000100   0.000442
  0.000229   0.000263   0.000658
 -0.000375  -0.000019   0.000698
  0.000586   0.000003   0.000880
  0.000516   0.000029   0.000201
 -0.004132  -0.002537   0.004551
 -0.000528   0.000068  -0.001529
   97    1  0.0150  0.0000  0.0000
  0.000054  -0.000075  -0.000079
 -0.001838   0.002011  -0.000642
 -0.000006  -0.000028   0.000132
  0.001206  -0.001215   0.000278
  0.000054   0.000006   0.000104
  0.000270  -0.000168  -0.000111
  0.000047  -0.000015  -0.000183
  0.000203  -0.000769   0.000263
  0.000009  -0.000029  -0.000031
  0.000653   0.000430   0.000413
 -0.000047   0.000000   0.000014
  0.000510  -0.000226  -0.000135
  0.000173   0.000112  -0.000169
 -0.000104   0.000168   0.000234
  0.002312   0.000212  -0.001272
  0.000035   0.000004  -0.000112
 -0.001238  -0.000887  -0.000208
  0.000032   0.000031   0.000090
 -0.000342   0.000265   0.000549
  0.000036  -0.000097   0.000155
 -0.000331  -0.000288  -0.000452
 -0.003089  -0.001934  -0.000826
 -0.000036   0.000179   0.000095
  0.000283  -0.000023   0.000228
  0.000211  -0.000755   0.000729
 -0.000084  -0.000163  -0.000007
 -0.001495   0.000531   0.000080
  0.000040   0.000024   0.000050
  0.001217   0.001638   0.000295
 -0.000022  -0.000001  -0.000069
 -0.001301   0.000758  -0.000296
 -0.000097  -0.000100  -0.000005
 -0.000864   0.001106  -0.001028
  0.000097  -0.000014  -0.000036
  0.001021  -0.000076  -0.000205
  0.000019  -0.000026   0.000055
 -0.018616   0.003570   0.012259
  0.000040  -0.000071   0.000105
  0.179012  -0.162227  -0.081817
 -0.000468   0.000016  -0.000517
 -0.000010  -0.000018  -0.000106
 -0.000599  -0.000006   0.001744
 -0.000045   0.000018  -0.000093
  0.000781  -0.000712  -0.000213
 -0.000029   0.000003  -0.000131
  0.001429   0.000616  -0.000107
 -0.000058   0.000014  -0.000056
 -0.000238   0.000567  -0.000525
  0.000009   0.000046  -0.000016
  0.000079  -0.000722  -0.000284
  0.000003  -0.000015   0.000003
 -0.000491  -0.000256  -0.000609
  0.000008   0.000035  -0.000002
  0.000104  -0.000212   0.000584
  0.000006   0.000006  -0.000038
  0.000121   0.000120   0.000013
  0.000015  -0.000029  -0.000033
 -0.000399  -0.000089   0.000177
 -0.000061  -0.000055   0.000053
 -0.000005  -0.000073  -0.000072
 -0.000050   0.000032   0.000070
  0.000009   0.000019  -0.000155
  0.000059  -0.000340   0.000946
 -0.000006  -0.000080  -0.000090
  0.000018  -0.000048  -0.000025
  0.000049  -0.000001  -0.000034
 -0.000179   0.000079  -0.000012
 -0.000031  -0.000004   0.000199
  0.000189   0.000053   0.000070
  0.000031   0.000003  -0.000007
  0.000038  -0.000037   0.000030
  0.000037   0.000017   0.000024
 -0.000039  -0.000216   0.001089
 -0.000010  -0.000007  -0.000043
 -0.000563  -0.000917   0.000681
  0.000005   0.000037   0.000008
 -0.000024  -0.000019  -0.000081
 -0.000035   0.000094  -0.000123
  0.000090   0.000013  -0.000050
  0.000083   0.000068  -0.000015
  0.001528   0.003283   0.004933
 -0.000003   0.000022  -0.000000
 -0.000398   0.002364   0.001165
  0.000006   0.000036  -0.000061
 -0.000021   0.000080   0.000210
  0.002529   0.000124   0.000018
 -0.000013   0.000053   0.000104
  0.001016   0.001614  -0.000830
 -0.000367   0.000580   0.000987
  0.000014  -0.000131   0.000030
  0.001491   0.000603   0.002583
 -0.000025   0.000250   0.000147
  0.000403   0.000181   0.000643
  0.003283  -0.000408   0.001545
  0.000158   0.000155   0.000221
  0.001478   0.001503  -0.000399
 -0.197191   0.252788   0.094329
  0.000152  -0.000051   0.000319
  0.039644  -0.100550  -0.027175
  0.000410   0.000068   0.000473
 -0.000335  -0.000211  -0.000881
 -0.011601  -0.002214  -0.009061
   97    2  0.0000  0.0150  0.0000
  0.000028  -0.000066  -0.000054
  0.002264   0.000496  -0.000362
 -0.000017  -0.000016   0.000076
 -0.003220   0.003050   0.001346
  0.000033   0.000021   0.000058
  0.000306  -0.002511   0.000698
  0.000021   0.000020  -0.000100
  0.001778   0.001534   0.002308
  0.000048  -0.000031   0.000002
  0.000627  -0.000545   0.000397
  0.000002  -0.000013  -0.000037
  0.002050  -0.000609  -0.000177
  0.000175  -0.000053  -0.000269
 -0.001046   0.000761   0.001360
 -0.000176  -0.000521   0.000135
 -0.000081  -0.000436   0.000350
  0.000612  -0.000147  -0.000092
  0.000458   0.000309  -0.000043
  0.000439   0.000230  -0.000199
 -0.000273   0.000147   0.000663
 -0.000049  -0.000209  -0.000683
  0.003353   0.002175   0.001203
 -0.000031  -0.000023   0.000061
 -0.000574  -0.000152  -0.000452
 -0.000260   0.000184  -0.000395
 -0.000082   0.000330   0.000032
  0.001874  -0.000351  -0.000242
  0.000000  -0.000046  -0.000048
  0.000472  -0.001482  -0.000014
  0.000048  -0.000073  -0.000046
 -0.006239   0.002713  -0.001967
  0.000033   0.000024   0.000058
  0.001745  -0.002018   0.000768
 -0.000095   0.000082   0.000069
 -0.000541  -0.000259   0.000550
 -0.000005   0.000087  -0.000092
 -0.011468   0.023427   0.041533
  0.000007   0.000005   0.000062
 -0.146607   0.564686   0.295822
 -0.000206  -0.000097  -0.000164
  0.000006  -0.000025  -0.000033
  0.001888   0.000702  -0.001364
 -0.000025   0.000014  -0.000050
 -0.000746  -0.002332  -0.000923
 -0.000020   0.000012  -0.000070
 -0.001172  -0.001328   0.000613
 -0.000038   0.000026  -0.000036
 -0.001004  -0.000334   0.000193
 -0.000002   0.000014   0.000005
 -0.001956   0.002337  -0.001969
 -0.000005  -0.000027   0.000000
  0.001069   0.000347   0.000861
 -0.000009   0.000037  -0.000009
 -0.000747   0.000376  -0.001007
  0.000013  -0.000007   0.000001
 -0.002400  -0.000433   0.000877
  0.000017  -0.000005   0.000017
 -0.000343   0.000786  -0.000396
  0.000039   0.000145  -0.000011
  0.000186  -0.000309  -0.000574
 -0.000040  -0.000086  -0.000058
  0.000219  -0.000018   0.000165
  0.000122   0.000883  -0.000489
  0.000051  -0.000065  -0.000050
 -0.000012   0.000069  -0.000003
  0.000141  -0.000201  -0.000041
  0.000049   0.000042  -0.000158
 -0.000223  -0.000077   0.000294
  0.000092   0.000435   0.000168
 -0.000016  -0.000051  -0.000034
 -0.000037  -0.000021   0.000125
 -0.000139  -0.000067  -0.000006
  0.000526   0.000780  -0.001110
 -0.000001   0.000005  -0.000020
  0.000345   0.000422  -0.000124
  0.000008   0.000015  -0.000020
 -0.000094   0.000305  -0.000107
  0.000046  -0.000144   0.000136
  0.000081   0.000006   0.000150
 -0.000116  -0.000291  -0.000040
  0.003761   0.003741   0.003388
  0.000012   0.000009   0.000024
  0.000691  -0.001303   0.001408
 -0.000032   0.000022  -0.000060
  0.000008   0.000061   0.000049
 -0.002993  -0.000500  -0.000590
  0.000003   0.000050   0.000056
  0.001363  -0.000930  -0.000541
 -0.000161  -0.000626  -0.000612
  0.000099  -0.000053  -0.000582
 -0.000967  -0.001982   0.000023
  0.000193   0.000582  -0.000466
  0.000123   0.000178   0.000395
 -0.004604   0.000254  -0.002399
 -0.000074   0.000265   0.000295
 -0.001352  -0.001682   0.000001
  0.253212  -0.675391  -0.361686
  0.000038   0.000033   0.000102
 -0.100365   0.070881   0.014184
  0.000190   0.000053   0.000174
 -0.000304  -0.000318  -0.000397
  0.009998   0.014093   0.010220
   97    3  0.0000 -0.0000  0.0150
  0.000199  -0.000182  -0.000199
  0.000781  -0.001974   0.001158
 -0.000011  -0.000145   0.000286
 -0.002163   0.001268  -0.000019
  0.000127   0.000070   0.000259
 -0.000345  -0.000101  -0.000447
  0.000104  -0.000046  -0.000453
  0.000747   0.000617   0.001743
  0.000083  -0.000086   0.000005
  0.000472  -0.000153   0.001114
 -0.000129   0.000060   0.000010
 -0.000611  -0.000148  -0.000531
  0.000722  -0.000247  -0.000757
  0.000020   0.000112   0.000412
 -0.000797  -0.001893   0.000515
  0.000294  -0.000165  -0.000228
 -0.000088  -0.000354   0.000775
  0.000403   0.000653   0.000029
  0.001241   0.001065   0.000846
 -0.000062   0.000126   0.000965
 -0.001050  -0.000324  -0.001055
  0.002519   0.002597   0.000594
  0.000224   0.000276  -0.000154
 -0.000332  -0.000064  -0.000201
  0.000212  -0.000147   0.000169
 -0.000135   0.000117  -0.000159
  0.000622   0.000228  -0.000858
  0.000066  -0.000054  -0.000027
  0.000815  -0.001775   0.001878
  0.000044  -0.000128  -0.000193
 -0.006900   0.003232  -0.001731
 -0.000151  -0.000146   0.000092
  0.000963  -0.000688  -0.000192
 -0.000087  -0.000002   0.000015
 -0.000049   0.000223  -0.000126
  0.000095   0.000037   0.000212
 -0.001452   0.056864   0.017883
  0.000137  -0.000157   0.000316
 -0.068263   0.281175   0.298310
 -0.001122   0.000016  -0.001264
 -0.000036  -0.000021  -0.000265
  0.002746  -0.000081  -0.001520
 -0.000100   0.000027  -0.000262
 -0.000121  -0.000446   0.000477
 -0.000090   0.000039  -0.000289
 -0.000506  -0.000281   0.001073
 -0.000154   0.000053  -0.000107
 -0.000257   0.000201  -0.000124
  0.000012   0.000098  -0.000035
 -0.000946  -0.000025  -0.001012
 -0.000020  -0.000068   0.000013
 -0.000245  -0.000114   0.000145
 -0.000002   0.000133  -0.000005
 -0.000124  -0.000133  -0.000680
  0.000037   0.000008  -0.000037
  0.000293  -0.000275   0.000819
  0.000042  -0.000064  -0.000036
  0.000175  -0.000304   0.000232
 -0.000011   0.000064  -0.000060
  0.000021  -0.000125  -0.000147
 -0.000143  -0.000006   0.000103
 -0.000055   0.000099  -0.000238
  0.001268   0.001407  -0.001481
 -0.000047  -0.000067  -0.000204
  0.000101   0.000084   0.000054
  0.000095  -0.000205  -0.000163
 -0.000033   0.000322  -0.000340
  0.000109  -0.000055   0.000268
  0.000132   0.000253   0.000061
  0.000049  -0.000150  -0.000050
 -0.000043  -0.000078   0.000049
 -0.000003  -0.000114   0.000172
  0.000550   0.000003   0.000032
 -0.000029   0.000004  -0.000119
  0.000326   0.000789  -0.000393
  0.000025   0.000114   0.000026
 -0.000084   0.000076  -0.000420
 -0.000001   0.000016   0.000064
  0.000164  -0.000023  -0.000008
 -0.000042   0.000051   0.000126
  0.000077   0.000331  -0.000050
  0.000023   0.000070   0.000043
  0.004392   0.003022   0.008808
 -0.000032   0.000088  -0.000207
 -0.000074   0.000221   0.000539
 -0.002211   0.000233  -0.000902
 -0.000139   0.000146   0.000319
  0.000272  -0.000570  -0.000357
  0.000465  -0.000685   0.000124
 -0.000234  -0.000036  -0.000253
  0.000482  -0.000120   0.001883
 -0.000181   0.000412   0.000400
  0.000940   0.000237   0.001270
 -0.002593  -0.000620  -0.001776
  0.000383   0.000089   0.000710
 -0.001499  -0.001757   0.000720
  0.094422  -0.361171  -0.286322
  0.000358  -0.000119   0.000901
 -0.024911   0.013446  -0.046837
  0.000994   0.000135   0.001169
 -0.000749  -0.000313  -0.002215
 -0.000388   0.006001   0.007325
   99    1  0.0150  0.0000  0.0000
  0.000167  -0.000164  -0.000199
 -0.006362   0.001457   0.001941
 -0.000024  -0.000101   0.000305
  0.003496  -0.003964  -0.000477
  0.000113   0.000013   0.000245
  0.001316   0.001858  -0.001614
  0.000151  -0.000066  -0.000461
 -0.000665   0.000465   0.000861
 -0.000040  -0.000042  -0.000086
  0.000326   0.000321   0.000696
  0.000012   0.000005   0.000064
 -0.000920   0.000505  -0.000422
  0.000104   0.000177  -0.000323
  0.000337  -0.000327   0.000204
  0.001911   0.000477  -0.000813
  0.000167   0.000017  -0.000291
 -0.001411  -0.000272  -0.000143
  0.000099   0.000272  -0.000015
 -0.000375  -0.000122   0.000374
  0.000018  -0.000115   0.000569
 -0.000877  -0.000566  -0.001041
 -0.010215  -0.007616  -0.002816
  0.000270   0.000389  -0.000085
  0.001988  -0.000022   0.000865
  0.002204  -0.000605  -0.000009
 -0.000646  -0.000880  -0.000054
 -0.001758  -0.000242  -0.000470
  0.000262   0.000010   0.000139
  0.000432  -0.000769   0.000555
 -0.000036   0.000021  -0.000186
 -0.004797   0.005781   0.008707
 -0.000260  -0.000259   0.000106
  0.004064  -0.001047  -0.000563
  0.000399  -0.000056  -0.000204
 -0.000229  -0.000503  -0.000301
  0.000230   0.000151   0.000440
  0.045214  -0.021026   0.034247
  0.000204  -0.000247   0.000304
  0.395622  -0.152488   0.109988
 -0.001392   0.000174  -0.001585
 -0.000039  -0.000010  -0.000325
 -0.001949   0.000239   0.002206
 -0.000118   0.000041  -0.000275
  0.000511   0.001036   0.000814
 -0.000095  -0.000003  -0.000328
  0.000971   0.000080   0.000683
 -0.000175   0.000037  -0.000134
  0.000070   0.001047  -0.000876
  0.000011   0.000128  -0.000052
 -0.000416   0.001577   0.001346
  0.000002  -0.000020   0.000008
 -0.000774  -0.000006  -0.000672
  0.000043   0.000082  -0.000006
  0.000644  -0.000061   0.000403
 -0.000000   0.000063  -0.000051
  0.001166   0.000707  -0.000443
  0.000008  -0.000106  -0.000063
 -0.000366  -0.000604   0.000588
 -0.000248  -0.000316  -0.000093
 -0.000016  -0.000059   0.000139
 -0.000010   0.000054   0.000085
 -0.000085   0.000121  -0.000388
 -0.000519  -0.000683   0.001396
 -0.000055  -0.000099  -0.000241
 -0.000056  -0.000171  -0.000240
  0.000065  -0.000090  -0.000099
 -0.000252   0.000033  -0.000069
  0.000170  -0.000061   0.000303
  0.000307   0.000200   0.000150
  0.000092   0.000083   0.000024
 -0.000051  -0.000069  -0.000007
  0.000154   0.000102   0.000064
  0.001312  -0.000545   0.002537
 -0.000065  -0.000028  -0.000162
 -0.001265   0.000128   0.000136
  0.000046   0.000158   0.000110
 -0.000019   0.000289  -0.000416
  0.000068   0.000297  -0.000405
  0.000614  -0.000010  -0.000070
  0.000133   0.000040   0.000086
  0.002694  -0.001152   0.002327
  0.000001   0.000059  -0.000021
  0.001672  -0.003091  -0.003005
  0.000074   0.000088  -0.000108
 -0.000034   0.000206   0.000573
  0.009392   0.008646   0.002980
 -0.000090   0.000168   0.000303
  0.001851   0.003289  -0.002061
 -0.000753   0.000894   0.001573
 -0.000145  -0.000060  -0.000135
  0.002942   0.001364  -0.000359
 -0.000067   0.000334   0.000518
  0.000902   0.000346   0.001438
  0.018595  -0.002088   0.011012
  0.000371   0.000233   0.000632
  0.004079   0.004473   0.000496
  0.039556  -0.100383  -0.024870
  0.000458  -0.000234   0.001023
 -0.542621   0.243650  -0.175069
  0.001211   0.000190   0.001432
 -0.000939  -0.000397  -0.002475
  0.031937   0.019270   0.029682
   99    2  0.0000  0.0150  0.0000
 -0.000002   0.000008   0.000004
 -0.000755   0.000384   0.001136
  0.000007  -0.000005  -0.000048
 -0.001433  -0.000075   0.000758
 -0.000006   0.000028  -0.000027
  0.001987  -0.000396   0.000063
 -0.000025   0.000031   0.000025
 -0.001510  -0.000926  -0.000563
  0.000048  -0.000046   0.000040
  0.000867  -0.000328  -0.000007
 -0.000073   0.000047  -0.000047
  0.000619  -0.000223  -0.000088
  0.000249  -0.000084  -0.000164
 -0.000211   0.000216   0.000033
  0.000396  -0.000398  -0.000494
 -0.000002  -0.000046   0.000052
 -0.000556  -0.000326   0.000376
 -0.000059   0.000003  -0.000004
  0.000301   0.000548   0.000264
 -0.000014  -0.000037   0.000034
  0.000187   0.000288   0.000102
  0.004483   0.003848   0.001390
 -0.000018  -0.000135   0.000025
 -0.000868   0.000039  -0.000495
 -0.000070   0.000232  -0.000265
 -0.000005   0.000363  -0.000036
  0.000501  -0.000468  -0.000065
 -0.000057  -0.000078  -0.000121
 -0.000498  -0.000329  -0.000146
  0.000045  -0.000083  -0.000059
  0.000687  -0.002024   0.002688
  0.000132   0.000106   0.000012
  0.001113  -0.000614   0.000296
 -0.000166   0.000065   0.000038
 -0.000316   0.000006   0.000380
  0.000041   0.000264   0.000069
 -0.000242  -0.013270   0.004015
 -0.000016   0.000058  -0.000065
 -0.169708   0.214603  -0.037514
  0.000227  -0.000086   0.000292
  0.000012  -0.000005   0.000064
  0.001975   0.000173  -0.001788
  0.000025  -0.000008   0.000035
 -0.000463  -0.000792  -0.000215
  0.000014   0.000022   0.000048
 -0.002566  -0.001177   0.000047
  0.000030   0.000009   0.000019
  0.000827   0.000939   0.000995
  0.000002  -0.000027   0.000015
  0.000447  -0.000879  -0.000946
 -0.000006  -0.000028  -0.000002
  0.000300   0.000264   0.000652
 -0.000020   0.000034  -0.000017
 -0.000754   0.000119  -0.001235
  0.000021  -0.000040   0.000005
 -0.000852  -0.000542   0.000524
  0.000017   0.000037   0.000016
  0.000159   0.000348  -0.000268
  0.000046   0.000180   0.000024
  0.000041   0.000015  -0.000206
 -0.000091  -0.000030   0.000023
  0.000065  -0.000020   0.000166
  0.000086   0.000638  -0.000643
  0.000015   0.000030   0.000036
  0.000008  -0.000011   0.000029
 -0.000001  -0.000053  -0.000070
 -0.000058   0.000076   0.000002
 -0.000090  -0.000137  -0.000005
 -0.000016   0.000045   0.000029
  0.000014  -0.000082  -0.000033
 -0.000026   0.000010  -0.000009
 -0.000040  -0.000157   0.000057
  0.000171   0.000788  -0.000492
  0.000019   0.000000   0.000005
  0.000413   0.000505  -0.000238
 -0.000004  -0.000028  -0.000060
 -0.000003   0.000031   0.000015
  0.000113  -0.000115   0.000266
  0.000056   0.000008   0.000051
 -0.000197  -0.000418   0.000060
  0.001051   0.000558   0.001840
 -0.000009   0.000026   0.000015
 -0.001465  -0.003542  -0.001874
 -0.000066  -0.000008  -0.000056
 -0.000015  -0.000017  -0.000101
  0.005886   0.004859   0.000241
 -0.000001  -0.000031  -0.000039
  0.001978   0.000228  -0.000498
 -0.000088  -0.000007   0.000191
  0.000035   0.000040   0.000013
  0.001776  -0.000626   0.002234
  0.000021   0.000009  -0.000155
 -0.000209  -0.000109  -0.000245
 -0.008889   0.001251  -0.004565
 -0.000110  -0.000166  -0.000041
 -0.001745  -0.002890   0.000021
 -0.100574   0.071016   0.013517
 -0.000105   0.000071  -0.000186
  0.243368  -0.303035  -0.008775
 -0.000244  -0.000043  -0.000291
  0.000170   0.000056   0.000382
  0.024265   0.031476   0.029530
   99    3  0.0000 -0.0000  0.0150
  0.000200  -0.000218  -0.000252
 -0.001150   0.000145   0.000400
 -0.000013  -0.000133   0.000397
  0.000517  -0.000784  -0.000573
  0.000154   0.000033   0.000336
 -0.000610   0.000459  -0.000995
  0.000163  -0.000071  -0.000571
  0.000434   0.000068   0.001525
  0.000014  -0.000074  -0.000051
  0.000917  -0.000226   0.001070
 -0.000135   0.000038   0.000081
 -0.000246  -0.000096  -0.000461
  0.000566   0.000060  -0.000626
  0.000105   0.000038   0.000405
  0.002466  -0.000450  -0.001984
  0.000281   0.000015  -0.000270
 -0.002855  -0.000273   0.000727
 -0.000015   0.000267  -0.000062
  0.000417   0.000804   0.001238
  0.000002  -0.000193   0.000457
 -0.001593  -0.000700  -0.001414
 -0.003941  -0.003197  -0.001381
  0.000092   0.000530  -0.000091
  0.000747   0.000150   0.000523
 -0.000598  -0.000125   0.000100
 -0.000146  -0.000415  -0.000102
  0.001634  -0.000564  -0.000855
  0.000151   0.000028   0.000129
  0.000762  -0.001920   0.001988
 -0.000031  -0.000042  -0.000190
 -0.001676   0.007365   0.005936
 -0.000302  -0.000308   0.000039
  0.002668  -0.001167  -0.000253
  0.000162  -0.000078  -0.000072
  0.000056  -0.000680   0.000432
  0.000086  -0.000175   0.000289
  0.055828  -0.012303   0.013858
  0.000188  -0.000252   0.000403
  0.096467  -0.023385   0.151475
 -0.001579   0.000090  -0.001765
 -0.000039  -0.000025  -0.000368
 -0.000162   0.000028   0.000928
 -0.000136   0.000052  -0.000329
  0.000305   0.000226   0.000499
 -0.000115   0.000014  -0.000402
  0.001452   0.000675   0.001545
 -0.000203   0.000052  -0.000153
 -0.000504   0.000635   0.000006
  0.000017   0.000146  -0.000051
 -0.000291   0.000004  -0.000279
 -0.000009  -0.000057   0.000010
 -0.000213   0.000284  -0.000223
  0.000024   0.000134  -0.000006
 -0.000495   0.000005  -0.000411
  0.000017   0.000040  -0.000083
 -0.000109   0.000224   0.000261
  0.000035  -0.000106  -0.000082
  0.000080  -0.000257   0.000271
 -0.000140  -0.000128   0.000001
 -0.000012  -0.000191  -0.000241
 -0.000135   0.000061   0.000155
 -0.000036   0.000118  -0.000160
  0.000161  -0.000431  -0.000005
 -0.000039  -0.000151  -0.000294
  0.000062  -0.000060  -0.000088
  0.000058  -0.000109  -0.000128
 -0.000350   0.000162  -0.000041
  0.000082   0.000109   0.000359
  0.000183   0.000312   0.000061
  0.000064  -0.000086  -0.000011
  0.000057  -0.000104   0.000128
  0.000086   0.000019   0.000130
  0.000465   0.000253   0.000282
 -0.000053  -0.000003  -0.000147
 -0.000250   0.000602  -0.000173
  0.000035   0.000164   0.000092
 -0.000148   0.000228  -0.000195
 -0.000130   0.000255  -0.000243
  0.000234  -0.000061   0.000099
  0.000196   0.000427   0.000117
  0.000352  -0.002280  -0.003420
  0.000010   0.000081   0.000017
  0.002633  -0.001717  -0.000036
  0.000035   0.000110  -0.000201
 -0.000037   0.000256   0.000659
  0.001604  -0.000997   0.000302
 -0.000108   0.000198   0.000389
  0.000233   0.001127  -0.000857
 -0.000650   0.000796   0.001707
 -0.000147  -0.000079  -0.000106
  0.004834   0.004360   0.005178
 -0.000000   0.000345   0.000530
  0.001463   0.000475   0.001742
  0.009357  -0.000029   0.003191
  0.000611   0.000311   0.000934
  0.001608   0.001613   0.000219
 -0.027177   0.014090  -0.046849
  0.000520  -0.000220   0.001178
 -0.174813  -0.008917  -0.178117
  0.001391   0.000237   0.001611
 -0.001136  -0.000553  -0.002702
  0.029192   0.025071   0.043963
  101    1  0.0150  0.0000  0.0000
  0.010752  -0.010775  -0.006189
 -0.000051  -0.000088   0.000092
 -0.007794  -0.001641   0.002626
  0.000050   0.000033  -0.000140
 -0.001236   0.004835   0.001064
 -0.000054  -0.000063  -0.000026
  0.002447   0.000076  -0.000563
 -0.000184  -0.000046   0.000265
 -0.000945  -0.000229  -0.000411
  0.000190  -0.000006   0.000267
  0.000448   0.000317   0.000583
 -0.000646  -0.000054   0.000106
 -0.000231  -0.000125  -0.000118
  0.001452   0.000027  -0.000500
 -0.000160   0.000052   0.000250
  0.007775   0.006254  -0.012139
  0.000018   0.000164  -0.000030
 -0.008661   0.000130   0.003033
  0.000016  -0.000178  -0.000324
  0.000322  -0.003597   0.004105
  0.031954   0.017220   0.015409
  0.000920  -0.000305   0.000818
 -0.002299  -0.003319  -0.001863
 -0.000165   0.000183   0.000119
  0.002277  -0.001161   0.000304
  0.000166  -0.000242  -0.000272
 -0.000500  -0.000088  -0.000053
 -0.000627  -0.000010   0.000583
  0.000016   0.000053   0.000190
 -0.000739  -0.001247  -0.001246
  0.000115   0.000074  -0.000411
  0.002075   0.001786  -0.000426
 -0.000570  -0.000092   0.000417
 -0.000838  -0.000260   0.000281
 -0.000367   0.000603  -0.000592
 -0.000180  -0.000073   0.000017
 -0.000338  -0.000273  -0.000008
 -0.003062   0.000699  -0.002901
  0.001102   0.000415   0.001303
  0.035136   0.007249   0.020474
  0.001746  -0.000271  -0.001463
  0.000009   0.000005   0.000228
  0.000137   0.001866  -0.000065
  0.000075   0.000036   0.000134
  0.000212  -0.000836  -0.000434
  0.000026  -0.000076   0.000166
 -0.002541  -0.000280  -0.000949
  0.000119   0.000008   0.000096
  0.000068   0.001631  -0.000595
 -0.000005   0.000104   0.000033
  0.000536   0.000301   0.000227
 -0.000067   0.000076   0.000004
  0.000248  -0.000404   0.000443
 -0.000168  -0.000050   0.000043
 -0.000389   0.000540   0.000002
  0.000015   0.000166  -0.000145
 -0.000209  -0.000421  -0.000303
  0.000069  -0.000149  -0.000023
  0.000018  -0.000078   0.000070
  0.000722  -0.001174   0.000840
  0.000073   0.000073   0.000178
 -0.000591  -0.000041   0.000249
  0.000009  -0.000062   0.000165
  0.002335  -0.000463  -0.001348
 -0.000030  -0.000091   0.000092
  0.000610  -0.000966   0.001323
 -0.000199   0.000093  -0.000321
 -0.000525  -0.000175   0.000586
 -0.000319   0.000208  -0.000278
 -0.000064   0.000204  -0.000022
 -0.000464   0.000234   0.000017
  0.000016  -0.000043  -0.000084
  0.000078  -0.000042   0.000286
 -0.000878   0.000282   0.000502
 -0.000114   0.000131  -0.000178
  0.000713   0.000424  -0.000238
 -0.001000   0.000213   0.000747
  0.000075   0.000093   0.000251
  0.000184  -0.000487   0.000025
 -0.000103  -0.000023  -0.000031
 -0.000002   0.000074   0.000153
 -0.000523  -0.000136   0.000045
 -0.000240   0.000009  -0.000162
 -0.000534  -0.000434  -0.000114
  0.023826  -0.021224  -0.011573
 -0.000059   0.000078  -0.000349
 -0.000233   0.004227   0.000530
 -0.000035   0.000123  -0.000106
  0.000041  -0.000040   0.000080
  0.001237  -0.002174   0.002509
  0.000058   0.000215  -0.000298
  0.018852   0.008510  -0.017791
  0.020736   0.028252   0.004393
 -0.000814   0.000227  -0.000923
 -0.012421   0.002183  -0.004140
 -0.000307   0.000048  -0.000535
 -0.000347  -0.000354  -0.000726
 -0.011614  -0.010016  -0.000396
 -0.000850   0.000107  -0.001092
  0.031870  -0.024354   0.029135
 -0.137410  -0.002003  -0.024541
  0.000757  -0.000175   0.001580
  101    2  0.0000  0.0150  0.0000
 -0.015558   0.001964   0.005331
  0.000052   0.000094  -0.000043
  0.001803   0.017147   0.004032
 -0.000005   0.000079   0.000058
  0.002091  -0.002749  -0.000990
  0.000046  -0.000113   0.000109
 -0.003479   0.001828   0.000340
 -0.000026  -0.000042  -0.000085
  0.001351  -0.000925  -0.000098
  0.000172   0.000169   0.000304
 -0.000279   0.000808  -0.000533
 -0.000532  -0.000141  -0.000055
  0.000114  -0.000346   0.000204
  0.001431  -0.000256  -0.000954
 -0.000124  -0.000030  -0.000034
  0.007847  -0.000055  -0.002874
 -0.000022   0.000047   0.000096
 -0.001182   0.006129  -0.008283
 -0.000010   0.000248   0.000127
 -0.001260  -0.001259   0.000707
  0.043221  -0.014340   0.016879
  0.000156   0.000054   0.000017
 -0.004188  -0.001432  -0.002878
 -0.000036   0.000024   0.000027
  0.001309  -0.001836   0.000191
  0.000035   0.000181   0.000208
 -0.000460   0.000169  -0.000300
  0.000257   0.000428  -0.000197
  0.000163   0.000390  -0.000079
 -0.000253   0.000134  -0.000435
  0.000619  -0.000308  -0.000025
 -0.000091  -0.000686   0.000824
 -0.001338  -0.000610   0.000753
  0.000200   0.000105  -0.000023
 -0.000517   0.000175  -0.001234
  0.000058   0.000095   0.000081
 -0.000160  -0.000221   0.000130
  0.003089   0.000629   0.000303
  0.000442   0.000486   0.000657
 -0.015609  -0.022929   0.003548
  0.000426  -0.001110  -0.000606
  0.000001   0.000035   0.000073
  0.000009   0.000684   0.000217
  0.000000   0.000011  -0.000030
 -0.000008   0.000212  -0.000335
 -0.000025  -0.000095  -0.000023
  0.000202   0.002341  -0.001689
  0.000006  -0.000034   0.000021
  0.000656  -0.000512   0.000056
 -0.000005   0.000045   0.000048
 -0.000124  -0.000252   0.000551
 -0.000080   0.000191  -0.000003
 -0.000303   0.000251  -0.000147
 -0.000122  -0.000234  -0.000052
  0.000214  -0.000402   0.000171
  0.000076   0.000142  -0.000056
  0.000321   0.000003  -0.000224
  0.000092  -0.000092   0.000028
  0.000008   0.000078  -0.000076
  0.000261  -0.001217   0.000451
 -0.000006  -0.000004   0.000058
 -0.000837   0.000157   0.000299
  0.000037   0.000007   0.000014
  0.000674  -0.000583   0.000356
 -0.000009   0.000028   0.000028
 -0.000336   0.000058  -0.000400
  0.000207  -0.000062   0.000477
 -0.000299  -0.000275   0.000074
 -0.000393   0.000478  -0.000111
  0.000057  -0.000082   0.000009
 -0.000235   0.000748   0.000020
 -0.000000  -0.000011   0.000032
  0.000067  -0.000083   0.000140
  0.000270  -0.000607  -0.000430
 -0.000041   0.000068  -0.000237
  0.000278  -0.000279  -0.000249
 -0.000227   0.001245   0.001616
 -0.000023  -0.000030   0.000018
 -0.000235   0.000685  -0.000303
  0.000023  -0.000002   0.000036
  0.000051  -0.000095   0.000178
  0.000186   0.000222  -0.000299
 -0.000269  -0.000010  -0.000348
  0.000138   0.000313   0.000054
 -0.023098   0.062456   0.026359
 -0.000111  -0.000053  -0.000073
  0.006469  -0.008989  -0.002293
 -0.000088   0.000028   0.000091
  0.000204   0.000017  -0.000294
 -0.002824  -0.002833   0.003988
 -0.000099  -0.000247  -0.000283
  0.008831   0.023017  -0.031522
  0.022292   0.067388   0.007574
 -0.000099  -0.000038  -0.000057
 -0.012179   0.019380  -0.002526
 -0.000051  -0.000095  -0.000017
 -0.000192  -0.000290  -0.000239
  0.002165   0.014038  -0.006030
 -0.000303   0.000005  -0.000450
 -0.019404   0.031421  -0.025168
 -0.001633  -0.190442   0.015315
  0.000116   0.000205   0.000412
  101    3  0.0000 -0.0000  0.0150
 -0.008108   0.003079   0.003654
 -0.000476  -0.000437   0.000466
  0.004214   0.005288   0.001343
  0.000003  -0.000348  -0.000726
  0.000429  -0.003034  -0.001241
 -0.000336   0.000165  -0.000690
 -0.000757  -0.000551  -0.000280
 -0.000261  -0.000114   0.001069
  0.000425  -0.000295  -0.000462
 -0.000128  -0.000318  -0.000270
  0.000404   0.000069   0.000178
  0.001088   0.000356  -0.000299
 -0.000446  -0.000113   0.000618
 -0.002621  -0.000289   0.001055
 -0.000810   0.000347   0.000791
 -0.014942  -0.000404   0.008452
  0.000350   0.000435   0.000078
  0.005882  -0.008724   0.011694
 -0.000316  -0.000177  -0.000397
  0.001621   0.001373  -0.003819
  0.008114   0.008558   0.000926
  0.003073  -0.000574   0.002018
  0.001426   0.000434  -0.002541
 -0.000189   0.000752   0.000136
  0.000539  -0.000014   0.000356
  0.001155   0.000124   0.000005
 -0.000079  -0.000087  -0.000104
 -0.001509   0.000410   0.000400
  0.000021  -0.000357   0.000673
 -0.000078  -0.000279  -0.000606
  0.000433  -0.000598  -0.000058
  0.000759   0.000797  -0.000607
 -0.000601  -0.000562   0.000564
 -0.000407  -0.000303  -0.000251
 -0.000544   0.000652  -0.001667
 -0.000177  -0.000021  -0.000154
 -0.000640  -0.000644  -0.000731
 -0.000820  -0.001097  -0.003647
  0.002913   0.000199   0.003127
  0.030391   0.014769   0.008819
  0.000338  -0.000269  -0.001203
  0.000077  -0.000037   0.000638
 -0.000897  -0.000049  -0.000792
  0.000240   0.000069   0.000630
  0.000732  -0.000948  -0.001503
  0.000218   0.000094   0.000725
 -0.001084  -0.000894  -0.001673
  0.000359   0.000094   0.000232
  0.000105   0.001027  -0.000919
 -0.000040   0.000239   0.000064
  0.000241   0.000249   0.000352
  0.000057  -0.000178  -0.000062
  0.000214  -0.000327   0.000588
  0.000021   0.000381   0.000027
 -0.000158   0.000328  -0.000126
 -0.000092  -0.000033   0.000224
 -0.000318  -0.000209  -0.000162
 -0.000107  -0.000131   0.000216
  0.000203   0.000012   0.000231
  0.000252   0.000009  -0.000473
  0.000144   0.000165   0.000063
  0.000583   0.000426  -0.000703
  0.000158  -0.000209   0.000475
  0.000081   0.000180  -0.001485
  0.000005  -0.000075   0.000342
 -0.000361  -0.000192  -0.000114
  0.000076  -0.000009   0.000138
  0.000730   0.000126  -0.000333
 -0.000351  -0.000754   0.000132
 -0.000057   0.000165  -0.000073
 -0.000142  -0.000180  -0.000649
 -0.000095  -0.000203  -0.000102
  0.000092  -0.000037   0.000337
  0.000471  -0.000213   0.001392
 -0.000005   0.000275  -0.000051
 -0.000491  -0.000404  -0.000237
  0.000340   0.001215  -0.000005
  0.000062  -0.000050   0.000335
 -0.000051   0.000135  -0.000722
  0.000015  -0.000056   0.000044
  0.000246   0.000391  -0.000077
 -0.000464  -0.000074  -0.000145
  0.000145   0.000170   0.000658
 -0.000289  -0.000706   0.000501
 -0.013469   0.027582   0.021852
  0.000223   0.000528  -0.001299
  0.001987  -0.003852  -0.001971
  0.000355   0.000310  -0.000804
  0.000645  -0.000146  -0.000871
  0.003837   0.004001  -0.009235
  0.000235  -0.000153  -0.001822
 -0.020778  -0.032216   0.071631
  0.009375   0.012217   0.014417
 -0.002647   0.000452  -0.002833
 -0.003049  -0.001402   0.004647
 -0.001269  -0.000108  -0.001626
 -0.000884  -0.000426  -0.002300
 -0.009065  -0.010194   0.007388
 -0.002470   0.000295  -0.002815
  0.029695  -0.029641   0.044083
 -0.024618   0.015344  -0.168085
  0.001695  -0.000574   0.005035
