    7  112  168
 12.011 35.453  1.000 14.001 16.000 32.066 65.390
    1    1  0.0150  0.0000  0.0000
 -0.854862   0.068019   0.073606
  0.000025  -0.000003   0.000401
  0.272086  -0.187951  -0.018165
 -0.000013  -0.000039   0.000438
  0.059133  -0.038504  -0.007852
 -0.000655   0.000656   0.000241
  0.023048   0.050672  -0.005016
 -0.000171  -0.000534  -0.000073
  0.009851  -0.002055  -0.002018
  0.000034  -0.000088  -0.000041
  0.001077  -0.001752  -0.000157
  0.000025  -0.000010  -0.000001
  0.002347  -0.005533  -0.000705
 -0.000360  -0.000372  -0.000082
 -0.023368  -0.015365   0.002569
  0.000176   0.000180   0.000080
  0.208425   0.110057  -0.018690
 -0.000487   0.000060   0.000154
 -0.002094   0.000007   0.000493
 -0.000010   0.000000  -0.000082
  0.249357   0.012441  -0.007707
 -0.000188   0.000193  -0.000339
  0.025219  -0.010722  -0.024966
  0.000256   0.000025  -0.000103
 -0.003041   0.001095   0.002083
 -0.000259   0.000009   0.000002
  0.001760  -0.001088   0.001170
  0.000177   0.000247   0.000489
  0.000077  -0.000084  -0.000378
  0.000003  -0.000030   0.000048
 -0.000993  -0.000484  -0.000574
  0.000045  -0.000027   0.000035
  0.000195   0.000944  -0.000264
 -0.000075   0.000023   0.000017
  0.000125   0.000065  -0.000121
  0.000119  -0.000042  -0.000190
 -0.000360  -0.000064   0.000032
  0.000221   0.000081  -0.000184
  0.000082   0.000072   0.000124
 -0.000022   0.000012  -0.000167
 -0.000430   0.000171  -0.000198
 -0.000190  -0.000051  -0.000015
 -0.018187   0.012666   0.001429
 -0.000029  -0.000059  -0.000240
  0.007223   0.002804  -0.001233
  0.000018   0.000025  -0.000029
  0.001014   0.002338  -0.000234
  0.000034  -0.000038   0.000056
  0.000301   0.000176   0.000051
 -0.000033   0.000023  -0.000043
  0.000514  -0.000013   0.000298
  0.000058   0.000028  -0.000112
  0.000250   0.000010   0.000033
  0.000127  -0.000008  -0.000092
 -0.000043   0.000331  -0.000045
  0.000072  -0.000039  -0.000037
  0.000137   0.000039  -0.000120
  0.000061   0.000016   0.000051
  0.027871  -0.006268  -0.004584
  0.000233   0.000064  -0.000120
  0.003035   0.000580  -0.003467
  0.000775  -0.000090   0.000076
 -0.000297  -0.000083   0.000673
 -0.000028  -0.000014   0.000055
 -0.000525   0.000138   0.000051
  0.000022   0.000006  -0.000036
  0.000332   0.000366   0.000233
 -0.000053  -0.000047  -0.000016
 -0.000546  -0.000094   0.000683
  0.000003  -0.000178   0.000014
  0.000134   0.000092   0.000032
  0.000159   0.000023   0.000010
 -0.000085   0.000233   0.000457
 -0.000032   0.000042  -0.000045
  0.000069  -0.000290   0.000002
  0.000049   0.000036  -0.000011
  0.000641  -0.000773   0.000629
  0.000086   0.000101   0.000068
 -0.000162  -0.000230   0.000120
 -0.000020  -0.000028  -0.000021
  0.000099   0.000111   0.000123
  0.000072  -0.000043   0.000004
  0.000060   0.000032   0.000081
  0.000048  -0.000012   0.000002
 -0.000056  -0.000019   0.000008
  0.000010  -0.000060   0.000025
  0.000055  -0.000013  -0.000020
 -0.000051   0.000233   0.000716
  0.000039  -0.000073   0.000014
  0.000022  -0.000060   0.000025
  0.000007   0.000066   0.000044
 -0.000082  -0.000060   0.000149
 -0.011690  -0.011435   0.002979
  0.000478  -0.000113  -0.000506
 -0.001613   0.000774   0.001491
 -0.000022  -0.000013  -0.000041
  0.000860  -0.002991  -0.000152
  0.000165   0.000337   0.000166
  0.022337   0.021011   0.006335
 -0.000413  -0.000106   0.000663
 -0.000981   0.001008  -0.000459
 -0.000623  -0.000849  -0.000257
 -0.000849  -0.000295  -0.000184
 -0.000103  -0.000251  -0.000113
 -0.000540   0.000044  -0.000470
 -0.000347  -0.000459   0.000084
 -0.002804   0.001180  -0.000705
 -0.000640  -0.000298  -0.000094
  0.003579  -0.000424   0.001396
  0.000956   0.001330   0.000216
  0.002301  -0.000686  -0.000390
  0.000267   0.000016   0.000443
    1    2  0.0000  0.0150 -0.0000
  0.067996  -0.946296  -0.000447
  0.000014  -0.000132   0.000176
 -0.125741   0.400467   0.008752
 -0.000187  -0.000128   0.000072
 -0.084814  -0.047850   0.011636
  0.000298   0.000163  -0.000275
  0.063280  -0.030322  -0.006131
 -0.000020  -0.000074   0.000111
 -0.000115   0.007326  -0.000538
  0.000028   0.000266   0.000018
  0.011609  -0.006204  -0.001791
  0.000014   0.000000  -0.000215
 -0.031229  -0.017426   0.005042
 -0.000426   0.000230  -0.000174
  0.006113   0.086321  -0.001632
  0.000230   0.000240   0.000296
  0.087880   0.318160  -0.017747
 -0.000304  -0.000440  -0.000084
  0.001806  -0.000317  -0.000471
 -0.000197   0.000206  -0.000142
 -0.010684   0.115460  -0.001673
  0.000354  -0.000805   0.000302
 -0.006199  -0.003105  -0.005788
 -0.000228   0.000021   0.000008
  0.000918  -0.000528   0.000025
  0.000164   0.000170   0.000076
 -0.000147   0.000152  -0.000028
 -0.000379  -0.000639  -0.000572
 -0.000088  -0.000021   0.000048
  0.000072  -0.000264   0.000187
 -0.000580  -0.000468  -0.000264
 -0.000129   0.000104   0.000030
  0.000311   0.000999   0.000042
  0.000113  -0.000164  -0.000020
  0.000004  -0.000110   0.000030
  0.000060   0.000229   0.000139
 -0.000018  -0.000101   0.000072
  0.000423   0.000120  -0.000824
 -0.000035   0.000061  -0.000034
 -0.000019   0.000342   0.000053
  0.000113   0.000105   0.000095
  0.000008  -0.000077   0.000036
 -0.022416   0.025840   0.002276
  0.000089   0.000139   0.000101
  0.002066  -0.000584  -0.000324
  0.000012   0.000007  -0.000047
 -0.000930  -0.000615   0.000130
 -0.000002  -0.000006   0.000044
  0.000791   0.000409  -0.000192
  0.000039  -0.000026   0.000004
  0.001612  -0.001609  -0.000445
  0.000060  -0.000023  -0.000221
  0.000058  -0.000411  -0.000095
  0.000187  -0.000018  -0.000087
  0.000114  -0.000302   0.000040
  0.000052   0.000079   0.000094
  0.000190  -0.000517   0.000162
  0.000061  -0.000052   0.000075
 -0.027232  -0.005456   0.005271
  0.000049  -0.000196  -0.000078
  0.000998   0.007168  -0.004847
 -0.000416  -0.000036   0.000214
 -0.001175   0.000506   0.000090
  0.000026   0.000028  -0.000043
  0.000330   0.000164   0.000225
  0.000008   0.000032   0.000011
  0.000014  -0.000352  -0.000167
 -0.000030  -0.000038  -0.000040
  0.000042  -0.000044  -0.000017
  0.000037   0.000272   0.000114
  0.000064   0.000036   0.000036
 -0.000079  -0.000019  -0.000045
 -0.000014   0.000295   0.000215
 -0.000015   0.000006  -0.000048
 -0.000019  -0.000032  -0.000011
  0.000064   0.000018   0.000060
  0.000974  -0.000303  -0.000119
 -0.000063  -0.000193  -0.000195
 -0.000009  -0.000168  -0.000021
  0.000019   0.000029   0.000010
 -0.000320  -0.000011   0.000284
 -0.000023   0.000057   0.000047
 -0.000011  -0.000018   0.000061
 -0.000029   0.000049  -0.000034
 -0.000004   0.000000  -0.000013
 -0.000010  -0.000030  -0.000017
  0.000034  -0.000022  -0.000021
  0.000079  -0.000609   0.000556
  0.000032  -0.000015   0.000002
 -0.000021  -0.000079   0.000124
 -0.000010   0.000028   0.000015
 -0.000053   0.000052   0.000042
  0.004996   0.071116  -0.002967
 -0.000111  -0.000104  -0.000035
 -0.002686  -0.000427   0.003818
  0.000017   0.000078   0.000113
  0.002085   0.005483  -0.000404
  0.000075  -0.000101   0.000067
  0.060593   0.023406   0.007541
  0.000372   0.000523  -0.001194
 -0.000312   0.000300  -0.000170
  0.001521   0.000032   0.001329
  0.000016  -0.000807  -0.000275
 -0.000135   0.000288   0.000206
 -0.000116  -0.000325  -0.000629
  0.000355   0.000726  -0.000128
 -0.001591   0.001003  -0.000312
  0.000127   0.000440   0.000281
  0.001131   0.000373   0.001245
 -0.000193  -0.001335  -0.000397
 -0.001674  -0.000443   0.000318
  0.000041   0.000669   0.000024
    1    3  0.0000  0.0000  0.0150
  0.073551  -0.000577  -0.259035
  0.000416  -0.000185   0.001062
 -0.020437   0.014986   0.085568
  0.000031  -0.000161   0.000645
 -0.004160   0.006246  -0.008239
 -0.000012   0.000042   0.000037
 -0.006159  -0.005695  -0.003514
 -0.000117   0.000060   0.000057
 -0.002206   0.000273  -0.005977
  0.000023  -0.000056  -0.000077
  0.000288   0.000269   0.001009
 -0.000027  -0.000040   0.000048
 -0.000928   0.000437  -0.008458
  0.000102  -0.000093   0.000053
  0.002051   0.000231  -0.006252
 -0.000070   0.000103  -0.000217
 -0.015535  -0.017849   0.092768
  0.000006   0.000266   0.000638
  0.000217  -0.000035   0.000193
 -0.000019  -0.000006  -0.000030
 -0.021851  -0.009135   0.103584
 -0.000039   0.000068  -0.000070
 -0.042911  -0.000310   0.007054
 -0.000022  -0.000049  -0.000042
 -0.001148  -0.000572   0.001029
  0.000025   0.000025  -0.000018
  0.000001   0.000238  -0.000549
 -0.000068  -0.000100  -0.000193
 -0.000087   0.000059  -0.000214
  0.000115   0.000193   0.000213
 -0.002298  -0.000587  -0.000531
  0.000059  -0.000033  -0.000087
  0.000431   0.001057  -0.000140
 -0.000002  -0.000024  -0.000031
 -0.000039  -0.000080  -0.000102
  0.000005   0.000015   0.000032
 -0.000094  -0.000064   0.000003
 -0.000495  -0.000362   0.000028
  0.000071   0.000060   0.000035
  0.000075   0.000162   0.000149
  0.000026   0.000008  -0.000071
  0.000070   0.000005   0.000188
  0.001724  -0.001405  -0.005574
 -0.000004  -0.000018  -0.000105
 -0.002066  -0.000361  -0.007794
  0.000017  -0.000004  -0.000044
 -0.000176  -0.000258  -0.000265
 -0.000005   0.000016  -0.000033
  0.000099  -0.000034   0.000821
  0.000014  -0.000014  -0.000011
  0.000143   0.000047   0.004113
 -0.000013   0.000007   0.000002
  0.000013  -0.000046  -0.000063
 -0.000019  -0.000007   0.000032
  0.000008  -0.000242   0.000004
 -0.000008   0.000003  -0.000014
 -0.000093   0.000115  -0.000048
 -0.000003   0.000013  -0.000000
  0.025248   0.003821  -0.006322
 -0.000026  -0.000048   0.000034
 -0.000720   0.002328  -0.001557
 -0.000156   0.000013  -0.000021
 -0.000403   0.000544  -0.000958
  0.000004  -0.000005  -0.000030
  0.000296  -0.000168   0.000138
 -0.000000  -0.000007  -0.000005
 -0.000206  -0.000294   0.000466
  0.000011   0.000006  -0.000005
  0.000069  -0.000020  -0.000041
  0.000010   0.000015   0.000111
  0.000059   0.000007   0.000032
 -0.000016   0.000016   0.000017
 -0.000168   0.000558   0.000706
  0.000020   0.000009   0.000037
  0.000022  -0.000050   0.000042
 -0.000019  -0.000005  -0.000018
  0.000513  -0.000720   0.001419
 -0.000039  -0.000080  -0.000105
 -0.000118  -0.000248   0.000034
  0.000006  -0.000000  -0.000007
 -0.000168  -0.000104   0.000219
 -0.000003   0.000014  -0.000017
 -0.000001  -0.000038   0.000072
  0.000017   0.000002  -0.000021
 -0.000001  -0.000008  -0.000012
 -0.000009  -0.000034   0.000017
  0.000068   0.000015   0.000027
  0.000795   0.000396   0.000838
  0.000001  -0.000038  -0.000020
  0.000065   0.000089  -0.000100
  0.000007   0.000002   0.000005
  0.000012  -0.000032   0.000114
  0.001897  -0.000961   0.007921
 -0.000057   0.000021  -0.000012
 -0.003203   0.002900   0.008929
  0.000011   0.000020   0.000106
 -0.000014   0.000173   0.000237
 -0.000004   0.000051  -0.000031
  0.015699   0.006155  -0.003630
  0.000076  -0.000080  -0.000013
  0.000615  -0.000248   0.000155
  0.000787   0.000317   0.000566
  0.000370   0.000272  -0.000170
  0.000025   0.000202   0.000147
  0.000194   0.000021   0.000203
  0.000171   0.000172  -0.000043
  0.001907  -0.000783  -0.000311
  0.000344   0.000193   0.000125
 -0.001669  -0.000144  -0.000371
 -0.000634  -0.000975  -0.000318
 -0.000005   0.000044   0.000446
 -0.000147   0.000110  -0.000598
    3    1  0.0150  0.0000  0.0000
  0.272102  -0.125390  -0.020431
  0.000012   0.000184   0.000038
 -0.947646  -0.019049   0.083127
  0.000020  -0.000165   0.000185
  0.441661  -0.026773  -0.038266
  0.000175  -0.000090   0.000048
  0.038536  -0.047392  -0.001611
  0.000247   0.000276   0.000058
  0.002871   0.018791  -0.000998
  0.000032   0.000146  -0.000021
  0.014765  -0.008842  -0.001913
  0.000048  -0.000001  -0.000145
 -0.023947  -0.011520   0.003681
 -0.000333   0.000262  -0.000147
 -0.000569   0.029245  -0.001075
  0.000080  -0.000167   0.000180
 -0.051847  -0.035353   0.005227
 -0.000122  -0.000143  -0.000202
  0.001155   0.000022  -0.000391
 -0.000065   0.000129  -0.000026
  0.039651  -0.039356  -0.002913
  0.000340  -0.000314   0.000043
  0.001267   0.002138   0.006169
 -0.000222   0.000048  -0.000006
  0.000177  -0.001032  -0.000663
  0.000178   0.000059   0.000051
 -0.000223   0.000152  -0.000067
 -0.000321  -0.000314  -0.000585
  0.000092   0.000019   0.000082
  0.000169   0.000068   0.000199
  0.000647   0.000444   0.000321
 -0.000068   0.000009   0.000029
 -0.000095  -0.000588   0.000117
  0.000024  -0.000079   0.000001
  0.000052  -0.000063   0.000013
  0.000014   0.000066   0.000077
  0.000163   0.000031   0.000004
  0.000151  -0.000244  -0.000122
 -0.000066  -0.000010  -0.000072
  0.000060   0.000222   0.000032
  0.000752  -0.000159   0.000542
  0.000052  -0.000012  -0.000032
  0.140389   0.148006  -0.008591
  0.000061   0.000031   0.000116
  0.016230   0.006740  -0.002936
 -0.000032  -0.000035  -0.000025
 -0.000686  -0.000102  -0.000012
 -0.000035   0.000026  -0.000009
  0.000386   0.000394  -0.000172
  0.000007  -0.000011   0.000005
  0.000329   0.000559  -0.000170
  0.000044  -0.000034  -0.000117
  0.000074  -0.000271  -0.000040
  0.000109  -0.000003  -0.000075
  0.000169  -0.000206   0.000001
  0.000006   0.000046   0.000090
  0.000192  -0.000340  -0.000033
  0.000013  -0.000046   0.000042
  0.004334   0.002829  -0.001498
  0.000018  -0.000146   0.000050
 -0.000758  -0.001390  -0.001794
 -0.000174  -0.000001   0.000202
  0.000221   0.000084  -0.000426
  0.000023   0.000007  -0.000049
 -0.000009   0.000125   0.000070
  0.000000   0.000004   0.000023
  0.000250   0.000253  -0.000353
 -0.000024   0.000016  -0.000001
  0.000092   0.000025  -0.000127
  0.000157   0.000032   0.000384
 -0.000075  -0.000037  -0.000047
 -0.000085  -0.000014  -0.000124
  0.000051  -0.000148  -0.000337
 -0.000005  -0.000021  -0.000009
 -0.000085   0.000173  -0.000014
  0.000008  -0.000010   0.000034
 -0.000816   0.000650  -0.000252
 -0.000039  -0.000078  -0.000008
  0.000098   0.000102  -0.000077
  0.000001   0.000020   0.000001
 -0.000213  -0.000164   0.000038
 -0.000021   0.000051   0.000027
 -0.000075  -0.000046  -0.000058
 -0.000045   0.000024  -0.000013
  0.000017   0.000029  -0.000018
 -0.000023   0.000039  -0.000056
 -0.000023  -0.000018  -0.000005
 -0.000004  -0.000032   0.000032
 -0.000022   0.000042  -0.000016
  0.000023   0.000003   0.000018
 -0.000001  -0.000017  -0.000000
 -0.000066   0.000016   0.000004
  0.046596   0.111580  -0.011899
 -0.000204  -0.000037   0.000249
  0.000460  -0.000614  -0.002028
 -0.000005   0.000023   0.000059
  0.002320   0.000079  -0.000126
 -0.000030  -0.000189   0.000059
  0.003860  -0.003039  -0.000005
  0.000160   0.000387  -0.000592
  0.001177  -0.001328  -0.000221
  0.000833   0.000975   0.000412
  0.001483  -0.000868  -0.000587
  0.000068   0.000259  -0.000125
  0.000486  -0.000431  -0.000416
  0.000707   0.000994  -0.000953
  0.002586  -0.001069   0.000369
  0.000239   0.000436  -0.000087
 -0.004033   0.000976   0.000253
 -0.000492  -0.001803   0.001023
 -0.005850   0.001020   0.000602
 -0.000321   0.000235  -0.000201
    3    2  0.0000  0.0150 -0.0000
 -0.188197   0.400484   0.015003
  0.000049  -0.000126   0.000165
 -0.019119  -1.042114   0.011026
  0.000156  -0.000238   0.000132
  0.055024   0.172788  -0.008803
 -0.000269  -0.000130   0.000102
 -0.009998   0.007064   0.001348
 -0.000195   0.000067   0.000020
 -0.001251  -0.000803   0.000538
  0.000080   0.000007  -0.000011
 -0.003235   0.002375   0.000397
 -0.000074  -0.000022   0.000047
  0.008050   0.008319  -0.001492
  0.000296   0.000265   0.000118
  0.008556  -0.011653  -0.000906
 -0.000062  -0.000118  -0.000144
 -0.012216   0.079445  -0.001473
  0.000232   0.000528   0.000168
 -0.000420   0.000405   0.000140
  0.000003  -0.000121   0.000114
 -0.011364  -0.012364   0.000723
 -0.000226   0.000521  -0.000247
  0.001431  -0.000374  -0.001313
  0.000207  -0.000004  -0.000077
  0.000112  -0.000876  -0.000309
 -0.000125  -0.000122  -0.000027
  0.000217   0.000183   0.000152
  0.000249   0.000414   0.000477
  0.000011  -0.000053   0.000086
 -0.000073  -0.000024  -0.000195
  0.000126   0.000058  -0.000065
  0.000010  -0.000028  -0.000014
 -0.000078  -0.000237  -0.000076
 -0.000056   0.000124  -0.000001
  0.000069   0.000004  -0.000077
 -0.000028  -0.000154  -0.000112
 -0.000035   0.000050  -0.000049
  0.000173   0.000271   0.000208
  0.000015  -0.000031   0.000008
 -0.000220  -0.000208  -0.000146
  0.000121  -0.000418   0.000117
  0.000005   0.000057   0.000043
  0.147691   0.413662  -0.012150
 -0.000103  -0.000075   0.000048
 -0.032087  -0.011538   0.003267
  0.000044  -0.000021   0.000044
 -0.000066  -0.000222   0.000074
  0.000032  -0.000003  -0.000028
 -0.000478  -0.000403   0.000130
  0.000024   0.000016   0.000047
 -0.000136  -0.000443   0.000184
 -0.000012   0.000034   0.000117
  0.000047   0.000059   0.000053
 -0.000125  -0.000011   0.000099
  0.000414   0.000143  -0.000042
 -0.000060  -0.000065  -0.000067
 -0.000013   0.000125  -0.000089
 -0.000026   0.000036  -0.000054
  0.003368  -0.000574  -0.000331
  0.000100   0.000168   0.000011
  0.000469   0.000421  -0.000362
  0.000208   0.000082  -0.000603
  0.000158   0.000111   0.000272
 -0.000019  -0.000008   0.000059
  0.000006   0.000256  -0.000198
 -0.000012  -0.000011  -0.000043
  0.000060   0.000166   0.000336
 -0.000009   0.000010   0.000025
 -0.000027   0.000014   0.000010
 -0.000122  -0.000263  -0.000071
 -0.000007   0.000009  -0.000021
  0.000123   0.000055   0.000005
  0.000015  -0.000111   0.000010
 -0.000009  -0.000001  -0.000008
  0.000050   0.000016   0.000006
 -0.000021   0.000002  -0.000026
  0.000045  -0.000097   0.000150
  0.000080   0.000185   0.000150
 -0.000032  -0.000021   0.000008
 -0.000006  -0.000012  -0.000013
  0.000047  -0.000006  -0.000022
  0.000005  -0.000038  -0.000055
  0.000025   0.000025  -0.000034
  0.000007  -0.000026   0.000018
  0.000013   0.000029  -0.000005
  0.000043   0.000030   0.000021
  0.000004  -0.000013   0.000015
 -0.000164   0.000235  -0.000010
  0.000015   0.000016  -0.000025
 -0.000021  -0.000077   0.000002
  0.000001   0.000009  -0.000015
  0.000087  -0.000001  -0.000119
  0.053498  -0.009949  -0.007622
  0.000157   0.000022  -0.000050
  0.000935   0.000114  -0.000896
 -0.000041  -0.000062  -0.000074
 -0.000119  -0.001266   0.000057
 -0.000101  -0.000211  -0.000142
 -0.000918   0.002502   0.001110
 -0.000109  -0.000349   0.000948
 -0.001227  -0.000340   0.000606
 -0.000083   0.000305  -0.000191
 -0.001932   0.001475   0.001434
 -0.000004  -0.000041  -0.000223
 -0.000249   0.000266   0.000895
  0.000419   0.000155  -0.000668
 -0.001019  -0.000179   0.000029
 -0.000061  -0.000103  -0.000291
  0.002778  -0.000281  -0.002181
  0.000123  -0.000327   0.000809
  0.000290   0.003645   0.000223
  0.000089  -0.000457  -0.000135
    3    3  0.0000  0.0000  0.0150
 -0.018219   0.008714   0.085594
  0.000465  -0.000076   0.000635
  0.082962   0.010899  -0.184161
  0.000159  -0.000104   0.000808
 -0.038171   0.001384   0.094322
 -0.000344   0.000186   0.000210
 -0.002910   0.005500   0.011691
  0.000037  -0.000011  -0.000057
 -0.000026  -0.002032   0.000927
 -0.000024   0.000061  -0.000023
 -0.001639   0.000779   0.000097
 -0.000022  -0.000044  -0.000004
  0.002129   0.001377  -0.001304
 -0.000123  -0.000017   0.000041
 -0.001171  -0.003088  -0.007398
  0.000034  -0.000135   0.000049
  0.004260   0.001806  -0.008354
 -0.000136   0.000333  -0.000082
 -0.000293   0.000056  -0.000033
  0.000145  -0.000042  -0.000039
 -0.004541   0.007954  -0.010924
 -0.000005   0.000507  -0.000256
  0.001571  -0.000315   0.000522
 -0.000043  -0.000167  -0.000029
 -0.000060   0.000474   0.000976
  0.000031   0.000126   0.000035
 -0.000254   0.000223  -0.000402
 -0.000108  -0.000428  -0.000332
 -0.000120  -0.000046   0.000063
 -0.000068  -0.000045   0.000108
  0.000143  -0.000019   0.000099
  0.000035   0.000074  -0.000045
  0.000035   0.000048   0.000041
  0.000039  -0.000053  -0.000032
 -0.000074   0.000038   0.000118
 -0.000040   0.000128   0.000120
 -0.000061   0.000016  -0.000007
 -0.000146   0.000028  -0.000290
  0.000031  -0.000017   0.000026
  0.000091   0.000070   0.000077
 -0.000756   0.000267  -0.000461
  0.000024   0.000001   0.000045
 -0.009741  -0.014917   0.052515
  0.000016  -0.000065  -0.000149
 -0.002285  -0.000526  -0.009114
 -0.000041  -0.000012  -0.000024
  0.000111  -0.000021   0.000107
  0.000005  -0.000002  -0.000001
 -0.000042  -0.000017  -0.000208
 -0.000031  -0.000005  -0.000011
  0.000006  -0.000016   0.000275
  0.000002  -0.000015  -0.000017
  0.000030  -0.000052  -0.000021
  0.000001   0.000010  -0.000032
  0.000041   0.000043   0.000147
  0.000018  -0.000018  -0.000032
  0.000029   0.000143  -0.000049
 -0.000002   0.000025   0.000005
 -0.000665  -0.001147   0.000738
 -0.000011  -0.000050   0.000037
  0.000268   0.000105  -0.000010
  0.000270   0.000078   0.000028
 -0.000225   0.000004   0.000007
  0.000005  -0.000001   0.000012
  0.000295   0.000150   0.000057
  0.000003  -0.000007  -0.000049
 -0.000671  -0.000467   0.000016
  0.000005  -0.000043  -0.000075
  0.000059  -0.000025  -0.000005
 -0.000002   0.000188   0.000360
 -0.000020   0.000071   0.000012
  0.000045  -0.000011   0.000094
 -0.000019  -0.000004  -0.000016
  0.000004   0.000012   0.000022
  0.000012  -0.000032   0.000001
  0.000014   0.000004   0.000010
  0.000045  -0.000012  -0.000013
  0.000000  -0.000000  -0.000030
 -0.000012   0.000009   0.000002
  0.000003   0.000012   0.000034
  0.000037   0.000015  -0.000011
  0.000035   0.000005  -0.000012
  0.000043   0.000036   0.000002
 -0.000009   0.000005  -0.000025
 -0.000062  -0.000028  -0.000019
  0.000013  -0.000022   0.000019
  0.000007   0.000004  -0.000037
  0.000020  -0.000126   0.000002
  0.000019  -0.000007   0.000001
 -0.000037   0.000033   0.000021
 -0.000005   0.000023  -0.000021
  0.000018   0.000041   0.000014
 -0.010670  -0.014449  -0.025702
  0.000089  -0.000116  -0.000119
 -0.000400  -0.000316  -0.000164
 -0.000003   0.000024   0.000042
  0.000136  -0.000191   0.001015
 -0.000080  -0.000012   0.000108
  0.000767  -0.002177  -0.000774
 -0.000395  -0.000149   0.000849
 -0.000387  -0.000226   0.000084
 -0.000062  -0.000010  -0.000089
 -0.000139  -0.000028   0.000032
  0.000084  -0.000036  -0.000038
 -0.000056  -0.000008  -0.000060
  0.000176   0.000133  -0.000068
 -0.000496   0.000207  -0.000035
  0.000014   0.000019  -0.000006
  0.000611  -0.000118   0.000147
 -0.000058   0.000127   0.000131
  0.000546  -0.000419  -0.002307
 -0.000114  -0.000035   0.000031
    5    1  0.0150  0.0000  0.0000
  0.059044  -0.084721  -0.004088
 -0.000654  -0.000289  -0.000017
  0.441541   0.055098  -0.038244
  0.000159   0.000258  -0.000334
 -0.977285   0.056947   0.091476
  0.000112  -0.000005  -0.000106
 -0.050582   0.019053   0.004924
  0.000012  -0.000171  -0.000042
  0.000890  -0.023362  -0.000403
  0.000097  -0.000212   0.000023
 -0.013437   0.008167   0.001626
  0.000060   0.000129   0.000128
  0.018255   0.012684  -0.003066
  0.000217  -0.000238   0.000054
  0.002989  -0.020614  -0.000018
 -0.000137   0.000119  -0.000109
  0.028912   0.034533  -0.002560
  0.000128  -0.000086   0.000056
 -0.000984  -0.000016   0.000304
 -0.000219  -0.000158   0.000042
 -0.002858  -0.001595  -0.001791
 -0.000974   0.000845  -0.000142
  0.001251  -0.001264  -0.001424
  0.000344  -0.000005   0.000084
  0.000042   0.000569   0.000694
 -0.000345  -0.000103  -0.000044
  0.000066   0.000016  -0.000305
  0.000390   0.000030   0.000397
 -0.000144  -0.000074   0.000114
 -0.000277   0.000072   0.000017
  0.000001  -0.000137  -0.000100
  0.000223   0.000006  -0.000068
  0.000032   0.000035  -0.000020
  0.000049   0.000107  -0.000050
 -0.000111   0.000097   0.000136
 -0.000057  -0.000007   0.000068
 -0.000087   0.000017  -0.000010
 -0.000666   0.000240  -0.000257
  0.000049  -0.000001   0.000063
  0.000181  -0.000049   0.000115
 -0.000793  -0.000783  -0.000324
 -0.000071   0.000058   0.000036
  0.010324  -0.001893  -0.001904
 -0.000190   0.000034   0.000091
  0.222523  -0.182345  -0.016716
  0.000067   0.000031   0.000041
  0.000278  -0.000242   0.000179
  0.000055  -0.000003  -0.000047
 -0.000201  -0.001171   0.000156
  0.000023   0.000027   0.000006
 -0.000126  -0.000420   0.000217
 -0.000029   0.000054   0.000092
 -0.000032   0.000268   0.000031
 -0.000100  -0.000060   0.000097
  0.000059   0.000187  -0.000009
 -0.000061  -0.000088  -0.000150
 -0.000139   0.000356  -0.000008
  0.000023   0.000050  -0.000038
  0.000465  -0.000943  -0.000016
  0.000103   0.000401  -0.000162
  0.000728   0.000126   0.000909
  0.000479  -0.000177  -0.002110
 -0.000111  -0.000021   0.000311
 -0.000051  -0.000029   0.000104
  0.000425   0.000203  -0.000346
 -0.000023  -0.000010  -0.000078
 -0.000500  -0.000396  -0.000220
  0.000075  -0.000079  -0.000040
 -0.000065  -0.000002   0.000065
 -0.000588   0.000014   0.000064
  0.000021   0.000090   0.000026
  0.000372   0.000194   0.000230
 -0.000040  -0.000068   0.000187
  0.000019   0.000036   0.000042
  0.000106  -0.000107   0.000022
 -0.000023   0.000002  -0.000049
  0.000322  -0.000500   0.000424
  0.000111   0.000197   0.000056
 -0.000074  -0.000029   0.000065
  0.000006  -0.000020   0.000019
  0.000156   0.000077  -0.000058
  0.000030  -0.000052  -0.000100
  0.000096   0.000091   0.000013
  0.000028  -0.000042   0.000025
 -0.000085  -0.000049  -0.000008
  0.000127  -0.000019   0.000096
 -0.000029   0.000008  -0.000024
  0.000091  -0.000181  -0.000071
  0.000046  -0.000028   0.000019
 -0.000033   0.000060   0.000006
 -0.000013   0.000020  -0.000014
  0.000071  -0.000019   0.000023
  0.243421   0.120834  -0.025427
  0.000057   0.000016  -0.000064
  0.000099   0.000292  -0.000022
  0.000000  -0.000052  -0.000175
 -0.000498  -0.003187   0.000065
  0.000211   0.000260  -0.000125
 -0.002376  -0.000652   0.000178
  0.000527  -0.000863   0.001545
 -0.001150   0.002340   0.000438
 -0.000712   0.000023  -0.000574
 -0.000986   0.000569  -0.000154
 -0.000161  -0.000207  -0.000337
 -0.000546   0.001195   0.001408
  0.001000   0.000635  -0.001530
 -0.002473   0.000934  -0.000338
 -0.000550  -0.000307  -0.000225
  0.004251  -0.003748  -0.001120
  0.001221   0.000395   0.001185
  0.018017   0.013464  -0.002871
  0.000567  -0.000664  -0.000138
    5    2  0.0000  0.0150 -0.0000
 -0.038515  -0.047806   0.006299
 -0.000668   0.000173  -0.000035
 -0.026812   0.172765   0.001417
  0.000085  -0.000125  -0.000167
  0.056760  -1.033518   0.016740
  0.000005  -0.000085  -0.000105
 -0.019246   0.133853  -0.004195
 -0.000240  -0.000090  -0.000001
 -0.010210  -0.023544   0.001852
  0.000014   0.000096  -0.000023
 -0.013745   0.011031   0.001649
 -0.000105  -0.000113  -0.000018
  0.016820   0.004117  -0.002254
  0.000460   0.000445   0.000159
  0.001695  -0.007140   0.000004
 -0.000134  -0.000145  -0.000150
  0.031703   0.019246  -0.004042
  0.000307   0.000340  -0.000027
  0.001876  -0.000842  -0.000344
  0.000075  -0.000077   0.000136
 -0.002685   0.008449  -0.000243
 -0.000400  -0.000447  -0.000540
  0.000066   0.000005  -0.001101
  0.000128   0.000427  -0.000066
 -0.000076   0.000268   0.000168
 -0.000243  -0.000000   0.000130
  0.000065  -0.000078   0.000009
  0.000172   0.000011   0.000129
 -0.000013   0.000027  -0.000042
 -0.000270   0.000122   0.000135
 -0.000303  -0.000115   0.000034
  0.000192   0.000075   0.000007
 -0.000208   0.000226  -0.000008
 -0.000015  -0.000006   0.000013
 -0.000019   0.000052  -0.000018
 -0.000013  -0.000082  -0.000074
 -0.000080  -0.000007  -0.000034
 -0.000193   0.000438   0.000167
  0.000057  -0.000035   0.000081
 -0.000272  -0.000162  -0.000009
 -0.003333   0.000970  -0.001823
  0.000025  -0.000047   0.000054
  0.039669  -0.003563  -0.005360
 -0.000027  -0.000070   0.000054
 -0.190980   0.321410   0.019716
  0.000095   0.000032  -0.000020
  0.000781   0.000089   0.000044
  0.000019  -0.000038   0.000023
 -0.000888   0.000451   0.000311
  0.000093  -0.000043   0.000046
  0.000046  -0.000567  -0.000082
 -0.000092   0.000111   0.000133
 -0.000430   0.000096   0.000066
 -0.000169   0.000148   0.000165
 -0.000333  -0.000125   0.000096
 -0.000018  -0.000117   0.000070
 -0.000323   0.000056   0.000235
 -0.000098   0.000015  -0.000119
 -0.001250  -0.000550   0.000332
  0.000086   0.000828  -0.000602
  0.000464  -0.000250   0.000146
  0.000252  -0.001266   0.000042
 -0.000086  -0.000048   0.000056
 -0.000025   0.000017   0.000008
  0.000080  -0.000058   0.000041
  0.000024  -0.000012  -0.000062
 -0.000131  -0.000109  -0.000011
  0.000032   0.000003   0.000009
 -0.000011   0.000006   0.000021
 -0.000179  -0.000450   0.000159
  0.000016   0.000009   0.000008
  0.000550   0.000098   0.000453
 -0.000027   0.000038  -0.000034
  0.000000   0.000026   0.000035
  0.000110  -0.000241  -0.000039
 -0.000033   0.000032  -0.000089
 -0.000029  -0.000031  -0.000031
  0.000042   0.000006  -0.000189
 -0.000054   0.000034  -0.000030
  0.000002  -0.000028   0.000004
  0.000103   0.000124   0.000044
  0.000028  -0.000067  -0.000013
  0.000115   0.000088   0.000051
  0.000019   0.000017  -0.000071
 -0.000025   0.000023  -0.000000
 -0.000026  -0.000112   0.000067
  0.000010   0.000046   0.000004
 -0.000227   0.000134   0.000020
  0.000129  -0.000088   0.000030
  0.000015  -0.000026  -0.000031
 -0.000040   0.000033  -0.000038
  0.000168  -0.000041  -0.000087
  0.148729   0.443238  -0.031032
  0.000152   0.000084  -0.000038
 -0.000118   0.000051   0.000248
  0.000001  -0.000024  -0.000134
 -0.004672   0.004232   0.000450
 -0.000192  -0.000372  -0.000205
  0.002290  -0.001381   0.000330
 -0.000157   0.000564   0.001246
 -0.000914   0.006016   0.000518
 -0.000259  -0.001162   0.000394
  0.001250   0.000008  -0.001224
 -0.000331   0.000050   0.000719
  0.000059   0.000989  -0.000556
 -0.001720  -0.001721   0.002403
 -0.000128   0.000950  -0.000370
 -0.000099  -0.000596   0.000575
 -0.002182  -0.003511   0.003895
  0.000450   0.001797  -0.002986
  0.017673  -0.004349  -0.003604
  0.000016   0.000397  -0.000067
    5    3  0.0000  0.0000  0.0150
 -0.007813   0.011622  -0.008248
  0.000268   0.000263   0.000040
 -0.038074  -0.008875   0.094269
  0.000045  -0.000076   0.000211
  0.091360   0.016414  -0.217336
 -0.000098   0.000111   0.000063
  0.006479  -0.008700  -0.008629
  0.000130   0.000091  -0.000025
 -0.001039   0.004244  -0.010241
 -0.000029  -0.000043   0.000028
  0.002798  -0.001614  -0.000567
  0.000084   0.000036  -0.000017
 -0.003244  -0.001421  -0.000067
 -0.000149  -0.000067  -0.000078
 -0.000451   0.002726   0.001041
  0.000027  -0.000001   0.000033
 -0.003945  -0.004676   0.010963
 -0.000181  -0.000108  -0.000100
 -0.000139   0.000097   0.000052
  0.000028   0.000061  -0.000014
 -0.001188   0.001187  -0.013663
  0.000369  -0.000849   0.000621
  0.002474   0.000475   0.001232
 -0.000200   0.000136  -0.000044
 -0.000067   0.000020   0.000089
  0.000042   0.000024  -0.000004
 -0.000059   0.000076  -0.000002
  0.000094   0.000036   0.000431
  0.000002  -0.000004   0.000037
 -0.000006  -0.000223   0.000089
  0.000263   0.000077   0.000123
 -0.000060  -0.000036   0.000077
  0.000017  -0.000170   0.000011
  0.000051  -0.000024   0.000043
  0.000016   0.000005   0.000017
 -0.000020   0.000043  -0.000063
  0.000038  -0.000035   0.000001
  0.000586   0.000140  -0.000079
 -0.000013   0.000019  -0.000044
 -0.000083  -0.000054  -0.000191
  0.000275   0.000017   0.000061
 -0.000004  -0.000003  -0.000006
 -0.001711   0.000058  -0.000818
  0.000090   0.000004  -0.000045
 -0.014414   0.015479   0.057595
 -0.000026   0.000004  -0.000031
  0.000063   0.000057   0.000468
 -0.000005   0.000010  -0.000009
  0.000274   0.000191   0.001223
 -0.000010   0.000000  -0.000021
  0.000120   0.000103   0.000492
 -0.000009  -0.000030  -0.000020
  0.000047  -0.000062  -0.000035
  0.000022  -0.000031  -0.000030
  0.000022  -0.000001   0.000003
  0.000004   0.000106   0.000008
  0.000040  -0.000006  -0.000026
  0.000006  -0.000008   0.000025
 -0.002285  -0.000706   0.000581
 -0.000153  -0.000174   0.000149
 -0.000035   0.000091  -0.000228
 -0.000886   0.000426   0.000648
 -0.000003   0.000004   0.000091
  0.000035   0.000012  -0.000051
  0.000081   0.000044  -0.000066
  0.000022   0.000005   0.000034
  0.000030  -0.000065  -0.000020
 -0.000025   0.000021   0.000001
  0.000018   0.000002  -0.000023
  0.000203  -0.000040   0.000023
 -0.000016   0.000011  -0.000002
 -0.000021   0.000006  -0.000049
  0.000004  -0.000023  -0.000146
 -0.000011  -0.000003  -0.000041
 -0.000045   0.000048  -0.000004
  0.000011   0.000001   0.000015
 -0.000069   0.000153  -0.000187
 -0.000048  -0.000076  -0.000055
  0.000019   0.000061  -0.000010
  0.000003   0.000027  -0.000025
 -0.000032  -0.000014   0.000011
 -0.000078   0.000032   0.000021
 -0.000023  -0.000002  -0.000016
 -0.000035   0.000012  -0.000023
  0.000005   0.000011  -0.000006
 -0.000029  -0.000007  -0.000033
 -0.000009  -0.000001  -0.000000
 -0.000354  -0.000139  -0.000201
 -0.000010   0.000014   0.000009
 -0.000056  -0.000043   0.000082
  0.000005   0.000005   0.000013
 -0.000022   0.000057  -0.000073
 -0.025315  -0.024425   0.092134
 -0.000096  -0.000108  -0.000005
  0.000309  -0.000285  -0.001034
 -0.000017   0.000010   0.000036
  0.000524  -0.000336  -0.000288
  0.000039   0.000059   0.000073
  0.000550  -0.000215  -0.000098
  0.000069   0.000231   0.000217
 -0.001609  -0.000702   0.000875
  0.000123   0.000008   0.000150
 -0.001024   0.000294  -0.000062
  0.000040   0.000040   0.000087
  0.000097  -0.000136  -0.000063
 -0.000267  -0.000189   0.000300
 -0.000033  -0.000070   0.000213
  0.000093   0.000090   0.000138
  0.000048   0.000728  -0.000597
 -0.000132  -0.000020  -0.000399
 -0.002682  -0.001608  -0.000964
 -0.000006   0.000066  -0.000028
    7    1  0.0150  0.0000  0.0000
  0.023038   0.063203  -0.006211
 -0.000166   0.000017  -0.000121
  0.038514  -0.010034  -0.002919
  0.000246   0.000196   0.000025
 -0.050545  -0.019260   0.006399
 -0.000002   0.000247   0.000113
 -0.870095  -0.015197   0.085412
  0.000155  -0.000247  -0.000240
  0.228954   0.101334  -0.023917
 -0.000070  -0.000522   0.000248
 -0.046751  -0.004079   0.005852
  0.000296   0.000276   0.000287
  0.027857   0.024658  -0.002667
  0.000049  -0.000317  -0.000223
  0.037645  -0.056709  -0.005826
 -0.000095   0.000077   0.000066
  0.335822   0.012662  -0.030553
 -0.000141  -0.000426   0.000074
 -0.002340  -0.000224   0.000485
 -0.000345   0.000171  -0.000142
 -0.004501   0.004287   0.001411
 -0.000326  -0.000620   0.000239
 -0.000301  -0.001233  -0.001377
 -0.000007   0.000126   0.000070
 -0.000084   0.000390   0.000273
  0.000029   0.000104   0.000048
  0.000224  -0.000217   0.000112
 -0.000232  -0.000341  -0.000057
  0.000003  -0.000015  -0.000100
 -0.000038   0.000102   0.000255
 -0.000197  -0.000161  -0.000228
  0.000179   0.000042  -0.000009
 -0.000135   0.000340   0.000076
  0.000035  -0.000101  -0.000013
  0.000063   0.000092  -0.000042
  0.000064   0.000094   0.000018
 -0.000094  -0.000101   0.000040
 -0.000218  -0.000520  -0.000099
  0.000048   0.000094  -0.000022
  0.000340   0.000318  -0.000151
  0.001317   0.000013   0.001074
 -0.000081  -0.000019  -0.000079
  0.001081  -0.000668   0.000240
  0.000034   0.000062   0.000013
  0.000388   0.005388  -0.002342
 -0.000016   0.000033  -0.000005
  0.015058   0.038128  -0.003377
 -0.000042   0.000009   0.000003
  0.002488  -0.004494  -0.002291
 -0.000054   0.000053  -0.000078
 -0.002431  -0.001213  -0.000588
  0.000040   0.000008  -0.000156
 -0.000110   0.000444  -0.000009
  0.000199  -0.000011   0.000005
  0.000001   0.000149  -0.000009
  0.000062   0.000033   0.000084
 -0.000244   0.000584  -0.000054
  0.000074  -0.000062   0.000079
 -0.000337  -0.001517   0.000542
  0.000022   0.000080  -0.000446
  0.000382  -0.000039   0.000161
  0.000056  -0.000262   0.000295
 -0.000047  -0.000669  -0.000223
  0.000005   0.000022  -0.000036
 -0.000065  -0.000000  -0.000025
  0.000023   0.000019   0.000006
  0.000021   0.000015  -0.000079
  0.000007  -0.000028  -0.000011
 -0.000052  -0.000002   0.000120
  0.000073   0.000092  -0.000001
  0.000039   0.000038   0.000031
  0.000387  -0.000172   0.000201
 -0.000010   0.000098   0.000102
  0.000018   0.000016   0.000000
 -0.000058  -0.000009   0.000042
  0.000032   0.000010   0.000010
  0.000179  -0.000267   0.000156
  0.000035  -0.000010  -0.000048
  0.000129  -0.000259  -0.000246
 -0.000003   0.000022   0.000007
 -0.000168   0.000102   0.000025
  0.000008   0.000022   0.000043
  0.000009  -0.000012   0.000033
 -0.000008   0.000020  -0.000014
 -0.000002  -0.000010   0.000032
 -0.000001  -0.000017  -0.000023
 -0.000005   0.000000  -0.000008
 -0.000147   0.000114  -0.000666
 -0.000087   0.000030   0.000034
 -0.000070   0.000160   0.000048
  0.000019   0.000017   0.000045
 -0.000061   0.000045   0.000216
  0.257237  -0.119866  -0.016510
 -0.000002   0.000059  -0.000065
 -0.000249  -0.000139   0.000789
  0.000015  -0.000015  -0.000054
  0.000937  -0.004408   0.000039
  0.000235   0.000379   0.000003
 -0.000107  -0.001200  -0.000805
  0.000196   0.000249  -0.000686
  0.000913  -0.002379  -0.001235
 -0.000294  -0.000341  -0.000384
 -0.000267  -0.000552   0.000206
 -0.000056  -0.000145  -0.000290
  0.000103  -0.000719  -0.000509
  0.000651  -0.000427  -0.000734
  0.000062   0.000226   0.000119
 -0.000689  -0.000214  -0.000075
 -0.000675   0.001909  -0.000399
  0.000886   0.000699   0.001148
  0.006121  -0.007738  -0.000271
  0.000017   0.000027   0.000302
    7    2  0.0000  0.0150 -0.0000
  0.050620  -0.030343  -0.005705
  0.000540  -0.000081  -0.000065
 -0.047369   0.007019   0.005482
 -0.000266   0.000064   0.000007
  0.019026   0.133732  -0.008606
  0.000157  -0.000099  -0.000085
 -0.015164  -0.973716   0.030172
  0.000237  -0.000098  -0.000196
  0.146705   0.312109  -0.029105
 -0.000020  -0.000054   0.000183
 -0.040677   0.081073   0.003303
 -0.000018   0.000190   0.000093
  0.040040   0.017415  -0.005182
  0.000089   0.000187  -0.000004
 -0.039287  -0.032351   0.003875
  0.000071   0.000229   0.000289
  0.018176   0.173586  -0.003681
 -0.000253  -0.000431   0.000087
  0.001066  -0.001012  -0.000076
 -0.000785   0.000197  -0.000218
 -0.001638   0.004749  -0.001800
  0.000318   0.000173   0.000241
 -0.000114   0.000060   0.001295
 -0.000039  -0.000327  -0.000049
  0.000210  -0.000001   0.000140
  0.000051  -0.000050  -0.000133
 -0.000262   0.000228  -0.000090
  0.000110   0.000236  -0.000069
 -0.000001  -0.000026   0.000064
  0.000375  -0.000025  -0.000190
  0.000323   0.000187   0.000214
 -0.000146  -0.000083   0.000004
  0.000582  -0.000352  -0.000002
 -0.000066  -0.000007   0.000036
 -0.000026  -0.000207   0.000106
  0.000078  -0.000007  -0.000060
  0.000136  -0.000056   0.000045
  0.000157  -0.000743  -0.000319
 -0.000097   0.000114  -0.000147
 -0.000030   0.000630  -0.000402
  0.003421  -0.000571   0.002434
 -0.000017  -0.000019  -0.000100
 -0.001701   0.000062   0.000008
  0.000009   0.000029  -0.000024
  0.005539   0.000624  -0.001046
 -0.000061  -0.000035  -0.000005
 -0.002397  -0.002711   0.000541
 -0.000044   0.000048   0.000037
 -0.004304   0.001498   0.000163
 -0.000016   0.000000   0.000055
 -0.003165   0.006341   0.000283
  0.000054  -0.000171  -0.000257
 -0.000702   0.000326   0.000266
  0.000174   0.000059   0.000074
  0.000031  -0.000246   0.000107
  0.000116   0.000055   0.000118
 -0.000840   0.000337   0.000203
  0.000133  -0.000107   0.000125
 -0.000556  -0.000001   0.000231
 -0.000095  -0.000623   0.000920
 -0.000567   0.000484  -0.000827
  0.000745   0.000791   0.000759
 -0.000295  -0.000171   0.000086
  0.000023  -0.000015  -0.000005
  0.000080   0.000027  -0.000057
 -0.000023   0.000022   0.000040
 -0.000086  -0.000047  -0.000043
 -0.000023   0.000011   0.000007
  0.000013  -0.000032  -0.000111
 -0.000016   0.000095  -0.000063
 -0.000022  -0.000005  -0.000014
 -0.000344  -0.000164  -0.000369
  0.000058   0.000027  -0.000080
 -0.000000  -0.000045  -0.000049
 -0.000190   0.000294  -0.000049
  0.000007  -0.000016   0.000064
 -0.000124   0.000491  -0.000379
 -0.000065  -0.000169   0.000029
  0.000123   0.000429   0.000200
 -0.000017   0.000026  -0.000024
 -0.000018  -0.000240  -0.000035
  0.000009   0.000049   0.000064
 -0.000145  -0.000128  -0.000101
 -0.000040   0.000003   0.000063
  0.000034   0.000015   0.000010
 -0.000001   0.000129  -0.000110
 -0.000014  -0.000056   0.000015
  0.000306  -0.000233   0.000081
 -0.000149   0.000142  -0.000066
 -0.000020   0.000084   0.000003
  0.000036  -0.000036   0.000025
 -0.000079   0.000161   0.000337
 -0.110520   0.293441   0.005527
 -0.000093   0.000023   0.000040
 -0.000186  -0.000335  -0.000457
  0.000030   0.000098   0.000193
 -0.005823   0.006027   0.000274
  0.000247   0.000029  -0.000175
  0.003183   0.002738   0.001705
 -0.000777  -0.000079  -0.000156
  0.002437  -0.006651  -0.001815
  0.000389   0.001243   0.000058
 -0.001247  -0.001478   0.001323
 -0.000112   0.000313  -0.000400
  0.000167  -0.001778  -0.000708
  0.001169   0.002762  -0.002186
  0.000778  -0.001473   0.000559
 -0.000260   0.001106  -0.000123
 -0.000361   0.006879  -0.002322
  0.000757  -0.002655   0.002167
 -0.017190   0.000621   0.003399
 -0.000180   0.000240   0.000115
    7    3  0.0000  0.0000  0.0150
 -0.005019  -0.006052  -0.003517
 -0.000057  -0.000123   0.000065
 -0.001597   0.001299   0.011670
  0.000058  -0.000010  -0.000053
  0.004909  -0.004250  -0.008649
 -0.000024   0.000004  -0.000022
  0.085293   0.029938  -0.241258
 -0.000236   0.000194  -0.000003
 -0.023942  -0.022280   0.093289
  0.000023  -0.000196   0.000008
  0.006683  -0.002069  -0.008151
  0.000284   0.000042  -0.000054
 -0.003617  -0.003398   0.010152
 -0.000195  -0.000005  -0.000190
 -0.005274   0.008220  -0.006825
  0.000009  -0.000061   0.000011
 -0.032269  -0.004490   0.103455
  0.000215   0.000127   0.000244
  0.000219   0.000030  -0.000303
  0.000003  -0.000032  -0.000003
  0.000739  -0.000488  -0.009514
  0.000192   0.000058   0.000597
  0.001572   0.000384   0.000308
  0.000078   0.000046   0.000125
 -0.000036  -0.000035   0.000002
 -0.000062  -0.000059  -0.000020
 -0.000019   0.000009   0.000022
  0.000103   0.000107   0.000196
 -0.000000   0.000002   0.000018
 -0.000063  -0.000016   0.000064
  0.000206   0.000031   0.000029
  0.000070   0.000034   0.000044
 -0.000003  -0.000050   0.000047
 -0.000002   0.000048   0.000028
  0.000010   0.000004  -0.000013
  0.000016  -0.000021  -0.000032
  0.000005   0.000021  -0.000011
 -0.000543  -0.000686   0.001121
  0.000009  -0.000005  -0.000019
 -0.000389   0.000477   0.000527
  0.000020   0.000122   0.000082
 -0.000006   0.000007  -0.000004
  0.000022   0.000047   0.000625
  0.000012   0.000003   0.000015
 -0.002332  -0.000744  -0.012652
  0.000011   0.000010   0.000014
 -0.003171  -0.006015  -0.004468
  0.000014  -0.000007   0.000001
 -0.002261   0.000079  -0.012164
  0.000012  -0.000010   0.000007
  0.000305   0.000130  -0.006579
 -0.000008   0.000008   0.000114
  0.000021   0.000005  -0.000021
 -0.000091   0.000077   0.000002
 -0.000029   0.000023   0.000008
 -0.000012   0.000003   0.000022
  0.000100  -0.000134   0.000004
 -0.000040   0.000011  -0.000036
 -0.000984  -0.000030   0.000291
  0.000024   0.000101   0.000618
  0.000043  -0.000196   0.000319
 -0.000252  -0.000018  -0.000032
  0.000092   0.000049   0.000028
 -0.000003   0.000020   0.000002
 -0.000003   0.000004  -0.000016
  0.000010   0.000007  -0.000002
 -0.000013   0.000023   0.000018
  0.000002   0.000005   0.000011
  0.000006   0.000016  -0.000006
 -0.000123  -0.000109  -0.000085
 -0.000006   0.000002   0.000003
  0.000189  -0.000050   0.000107
  0.000010  -0.000045  -0.000064
  0.000005  -0.000000  -0.000008
  0.000014   0.000018  -0.000001
  0.000009   0.000004  -0.000016
 -0.000072   0.000037  -0.000078
 -0.000003   0.000054   0.000068
 -0.000033  -0.000012  -0.000034
  0.000005  -0.000006  -0.000012
  0.000051   0.000004  -0.000035
 -0.000025  -0.000004  -0.000001
  0.000019  -0.000002  -0.000003
 -0.000000   0.000001   0.000011
  0.000003   0.000007   0.000007
  0.000020   0.000005   0.000007
 -0.000012   0.000010   0.000015
  0.000174   0.000161   0.002153
 -0.000016   0.000014  -0.000011
  0.000152   0.000029  -0.000267
 -0.000005   0.000003   0.000005
 -0.000137  -0.000014   0.000222
 -0.017056   0.007904   0.088230
 -0.000053  -0.000059   0.000012
  0.000345  -0.000111  -0.000607
 -0.000035  -0.000034  -0.000096
  0.000050   0.000490   0.000968
  0.000093  -0.000058   0.000032
 -0.001328  -0.000328  -0.000108
 -0.000038   0.000041  -0.000317
 -0.000617   0.001096   0.000528
 -0.000065   0.000015  -0.000024
  0.000329   0.000181  -0.000067
 -0.000012  -0.000015   0.000011
  0.000011   0.000310   0.000177
  0.000003  -0.000092   0.000127
 -0.000177   0.000153  -0.000073
 -0.000027   0.000028   0.000042
 -0.000042  -0.000787   0.000433
 -0.000201  -0.000019   0.000022
 -0.000306   0.000870  -0.000846
  0.000070  -0.000033  -0.000013
    9    1  0.0150  0.0000  0.0000
  0.009838  -0.000004  -0.002214
  0.000051  -0.000042   0.000031
  0.002940  -0.001299  -0.000021
  0.000051  -0.000059  -0.000018
  0.000828  -0.010258  -0.001044
  0.000112  -0.000003  -0.000040
  0.228973   0.146479  -0.024049
 -0.000044   0.000001   0.000023
 -1.017380   0.074731   0.127344
 -0.000117  -0.000106   0.000112
  0.277652  -0.209518  -0.023789
  0.000194   0.000059   0.000017
  0.040407  -0.043294  -0.004992
  0.000307   0.000356  -0.000093
 -0.000264   0.001705  -0.000505
 -0.000062  -0.000190  -0.000145
  0.028644   0.038343  -0.006890
  0.000140   0.000270  -0.000104
  0.001255  -0.002466  -0.000448
  0.000306  -0.000013  -0.000083
 -0.000526   0.002334   0.000290
  0.000196  -0.000128   0.000079
 -0.000051  -0.000515  -0.000275
 -0.000246  -0.000000   0.000018
  0.000126   0.000036   0.000109
  0.000096   0.000009   0.000003
  0.000032   0.000098  -0.000082
 -0.000056  -0.000065  -0.000124
  0.000020   0.000017   0.000006
 -0.000170   0.000129  -0.000150
 -0.000178  -0.000069   0.000196
 -0.000036   0.000064  -0.000077
  0.000061   0.000116   0.000047
  0.000044  -0.000081   0.000010
 -0.000064  -0.000074   0.000075
 -0.000059  -0.000014   0.000046
  0.000027  -0.000036   0.000017
 -0.000399   0.000286   0.000620
  0.000072   0.000011   0.000004
 -0.000178  -0.000565   0.000407
 -0.000201   0.000576  -0.000445
  0.000089  -0.000058   0.000140
  0.000093   0.000154   0.000210
  0.000042  -0.000011   0.000045
 -0.001294  -0.001303  -0.000017
  0.000082   0.000052  -0.000049
  0.459761   0.015352  -0.069595
 -0.000014  -0.000023  -0.000014
 -0.016742   0.017054   0.001214
  0.000060  -0.000034  -0.000034
 -0.000898  -0.000521   0.000191
 -0.000165   0.000060   0.000268
 -0.000242  -0.000123  -0.000068
 -0.000398   0.000088   0.000349
  0.000695   0.000138  -0.000118
 -0.000058  -0.000025   0.000012
 -0.000157  -0.000119   0.000220
 -0.000157   0.000063  -0.000159
 -0.000287  -0.000122  -0.000013
 -0.000303  -0.000032   0.000103
  0.000330   0.000297  -0.000160
 -0.000297  -0.000084   0.000119
 -0.000047   0.000091   0.000135
  0.000004   0.000007  -0.000060
  0.000064   0.000061  -0.000014
  0.000005  -0.000011   0.000022
 -0.000035  -0.000057  -0.000031
  0.000034   0.000024  -0.000004
 -0.000026  -0.000012  -0.000036
  0.000063   0.000026   0.000000
 -0.000020   0.000012   0.000004
 -0.000105   0.000009   0.000010
 -0.000030   0.000034  -0.000026
  0.000020  -0.000022   0.000025
  0.000018  -0.000053  -0.000041
 -0.000051   0.000002  -0.000045
 -0.000136   0.000201  -0.000156
 -0.000185  -0.000515  -0.000563
  0.000266   0.000697   0.000759
  0.000011  -0.000011  -0.000009
  0.000426  -0.000058  -0.000058
 -0.000030  -0.000004   0.000013
  0.000027  -0.000003   0.000030
 -0.000001   0.000006  -0.000015
 -0.000057   0.000020  -0.000033
 -0.000031  -0.000020   0.000024
 -0.000001   0.000027  -0.000001
  0.000239  -0.000007   0.000000
 -0.000019  -0.000002   0.000023
 -0.000040   0.000046  -0.000108
  0.000007  -0.000008  -0.000017
  0.000293   0.000059  -0.000046
 -0.021777  -0.027567   0.004275
 -0.000144  -0.000079   0.000105
 -0.000046   0.000028  -0.000117
  0.000087   0.000170   0.000261
  0.006791   0.004435  -0.002043
 -0.000152  -0.000295  -0.000061
  0.000606   0.000429   0.000247
  0.000080   0.000125  -0.000264
  0.000347   0.000533  -0.000148
 -0.000450  -0.000664   0.000752
  0.001535   0.000325  -0.000819
 -0.000638   0.000330   0.000881
  0.000245  -0.000055  -0.000337
 -0.002065   0.000056   0.002241
  0.000951   0.000144  -0.000018
 -0.000190   0.000382   0.001491
 -0.001374  -0.000766   0.001113
  0.002272   0.000007  -0.003468
  0.000806  -0.006371   0.000074
 -0.000028   0.000674  -0.000456
    9    2  0.0000  0.0150 -0.0000
 -0.002051   0.007364   0.000283
  0.000087   0.000262   0.000064
  0.018801  -0.000885  -0.002049
 -0.000129   0.000008  -0.000056
 -0.023390  -0.023611   0.004206
  0.000218   0.000106   0.000042
  0.101646   0.312174  -0.022468
  0.000524  -0.000057   0.000203
  0.074695  -0.963643   0.011986
  0.000119   0.000618  -0.000133
 -0.145931   0.460324   0.012404
 -0.000434  -0.000314  -0.000201
 -0.083469  -0.035595   0.012091
 -0.000260  -0.000640   0.000075
 -0.002139   0.055766   0.000147
 -0.000028   0.000261   0.000147
  0.055616  -0.024446  -0.008463
 -0.000235  -0.000338  -0.000097
 -0.000579   0.000240  -0.000201
  0.000125  -0.000049   0.000162
  0.000212   0.000621   0.000626
  0.000054  -0.000028  -0.000074
  0.000125  -0.000110  -0.000837
 -0.000165  -0.000079   0.000011
  0.000020  -0.000035  -0.000066
  0.000089   0.000091  -0.000026
  0.000094  -0.000098   0.000036
 -0.000175  -0.000198  -0.000149
 -0.000008   0.000015  -0.000035
 -0.000073  -0.000024   0.000320
 -0.000127  -0.000079  -0.000126
  0.000054  -0.000009   0.000020
 -0.000221   0.000387   0.000306
  0.000043  -0.000053   0.000002
  0.000148   0.000105  -0.000058
 -0.000007   0.000082   0.000029
 -0.000018   0.000045  -0.000006
 -0.000266  -0.000388  -0.000812
 -0.000013  -0.000074   0.000053
  0.000378   0.000521   0.000235
 -0.000256   0.000208  -0.000346
 -0.000053  -0.000033   0.000012
  0.000589  -0.000226   0.000077
  0.000028   0.000032   0.000012
  0.000108   0.001168  -0.000357
  0.000020   0.000040  -0.000021
  0.014889   0.078550  -0.004317
  0.000014  -0.000009   0.000023
 -0.023779   0.025766   0.002719
  0.000012  -0.000021  -0.000059
  0.000658   0.000998   0.000084
  0.000051  -0.000108  -0.000147
  0.000972  -0.000584  -0.000012
  0.000182   0.000343  -0.000608
  0.000628   0.000327  -0.000216
  0.000032   0.000006   0.000055
  0.001026  -0.000681  -0.000445
  0.000015  -0.000019   0.000075
 -0.000084   0.000115  -0.000011
 -0.000281  -0.000033   0.000077
  0.000249   0.000023   0.000275
 -0.000320  -0.000146   0.000018
  0.000155   0.000302  -0.000102
 -0.000004   0.000021  -0.000019
 -0.000046  -0.000015   0.000093
  0.000010   0.000008   0.000012
  0.000007  -0.000030   0.000017
 -0.000010  -0.000013  -0.000010
  0.000013   0.000014   0.000043
  0.000111   0.000096   0.000018
  0.000025   0.000002  -0.000000
 -0.000166  -0.000003   0.000053
 -0.000014   0.000023   0.000037
  0.000008   0.000013   0.000007
  0.000057  -0.000091   0.000005
  0.000018   0.000013  -0.000006
  0.000035  -0.000090   0.000037
 -0.000074  -0.000162  -0.000169
  0.000471  -0.000140  -0.000270
  0.000006  -0.000013  -0.000002
 -0.000074   0.000166   0.000025
 -0.000009   0.000003   0.000012
  0.000059   0.000017   0.000067
  0.000008   0.000011  -0.000015
 -0.000001  -0.000005   0.000030
 -0.000010  -0.000046   0.000021
  0.000010   0.000004  -0.000007
  0.000457   0.000174   0.000135
  0.000048  -0.000051   0.000011
  0.000090   0.000018  -0.000041
  0.000003   0.000008  -0.000003
 -0.000406  -0.000079  -0.000032
 -0.000633   0.112244  -0.003866
 -0.000079  -0.000067  -0.000032
  0.000143   0.000214   0.000329
  0.000000   0.000041   0.000027
  0.012265  -0.005384  -0.001417
  0.000124   0.000470   0.000100
 -0.000490  -0.000878  -0.000612
  0.000232   0.000061  -0.000331
 -0.000214   0.001191   0.000069
 -0.000167  -0.000978  -0.000037
  0.000311   0.000373  -0.000439
 -0.000132  -0.000151   0.000635
 -0.000063   0.000153  -0.000287
 -0.001733  -0.000694   0.002335
 -0.000330   0.000387  -0.000268
 -0.000324  -0.000257   0.000836
  0.000064  -0.001542   0.001140
  0.000054   0.002332  -0.002295
  0.002138  -0.001825  -0.000391
  0.000025   0.000201   0.000083
    9    3  0.0000  0.0000  0.0150
 -0.001992  -0.000539  -0.005978
 -0.000030  -0.000022  -0.000076
 -0.000988   0.000545   0.000937
 -0.000028   0.000029  -0.000026
 -0.000424   0.001854  -0.010221
  0.000039   0.000038   0.000022
 -0.023864  -0.028969   0.093344
  0.000255  -0.000182   0.000005
  0.127132   0.011873  -0.201557
  0.000113   0.000121   0.000173
 -0.025538   0.021169   0.078759
  0.000060   0.000064  -0.000065
 -0.004846   0.007336  -0.004196
 -0.000153  -0.000111  -0.000100
  0.000647  -0.001411   0.002563
  0.000144   0.000186   0.000387
 -0.005899  -0.005501  -0.010678
 -0.000146  -0.000223  -0.000012
 -0.000519   0.000214  -0.001570
 -0.000751   0.000168  -0.000094
  0.000008  -0.000155   0.000984
 -0.000139  -0.000160  -0.000121
 -0.000400   0.000134   0.000062
  0.000090   0.000027  -0.000012
  0.000019  -0.000007  -0.000004
 -0.000039  -0.000033  -0.000003
 -0.000050  -0.000084   0.000029
  0.000056   0.000081   0.000026
  0.000005  -0.000023  -0.000040
 -0.000142   0.000111  -0.000160
 -0.000002   0.000019  -0.000107
 -0.000006   0.000046  -0.000128
 -0.000533   0.000355   0.000108
 -0.000015  -0.000016  -0.000015
  0.000056   0.000058  -0.000096
 -0.000004  -0.000029  -0.000025
 -0.000036  -0.000016   0.000014
 -0.000282   0.000386   0.001446
  0.000000   0.000042  -0.000013
 -0.000266  -0.000939   0.001028
  0.000314  -0.000287   0.000157
  0.000036   0.000015   0.000101
  0.000082  -0.000019   0.001319
 -0.000011   0.000019  -0.000017
 -0.000098   0.000090  -0.001547
 -0.000009   0.000001  -0.000011
 -0.065729  -0.003615   0.059808
 -0.000004   0.000006   0.000002
  0.002192  -0.003520  -0.006410
 -0.000009  -0.000003  -0.000015
  0.000155   0.000100   0.001088
  0.000161  -0.000070  -0.000039
 -0.000309   0.000036   0.000111
  0.000336  -0.000241   0.000538
 -0.000075   0.000003   0.000050
  0.000079  -0.000010   0.000087
  0.000281  -0.000015  -0.000044
  0.000128  -0.000091   0.000153
  0.000166   0.000065  -0.000068
  0.000090   0.000044   0.000067
  0.000033   0.000028   0.000147
  0.000118  -0.000028   0.000004
  0.000038  -0.000022   0.000006
 -0.000009   0.000002  -0.000068
 -0.000016  -0.000006   0.000014
 -0.000005  -0.000002  -0.000003
  0.000016   0.000005  -0.000005
  0.000009   0.000014  -0.000002
  0.000046   0.000013   0.000015
 -0.000016  -0.000012   0.000003
  0.000013  -0.000006  -0.000016
  0.000052   0.000117  -0.000143
  0.000013  -0.000033  -0.000007
  0.000004  -0.000003  -0.000014
 -0.000013   0.000035   0.000030
 -0.000020  -0.000010  -0.000036
  0.000050  -0.000143   0.000202
 -0.000035  -0.000142  -0.000168
  0.000511  -0.000463  -0.000088
 -0.000004   0.000010  -0.000013
 -0.000208   0.000059   0.000119
  0.000014   0.000002  -0.000010
 -0.000019   0.000005   0.000010
  0.000010  -0.000004   0.000000
 -0.000016  -0.000034  -0.000058
 -0.000000   0.000015  -0.000010
  0.000012  -0.000005  -0.000018
  0.000032  -0.000000  -0.000135
 -0.000017   0.000001  -0.000013
  0.000050   0.000002  -0.000206
  0.000019  -0.000010  -0.000024
  0.000031   0.000048  -0.000097
  0.002845  -0.000333   0.002587
  0.000039   0.000033  -0.000014
  0.000366   0.000008   0.000104
  0.000031   0.000048   0.000136
 -0.001843  -0.000497  -0.004211
  0.000252   0.000262  -0.000258
 -0.000024  -0.000212  -0.000080
 -0.000068   0.000072   0.000098
 -0.000145   0.000141  -0.000055
 -0.000099   0.000006  -0.000115
 -0.000185   0.000001  -0.000016
 -0.000164   0.000057  -0.000135
 -0.000055  -0.000006  -0.000027
 -0.000596   0.000349  -0.000423
 -0.000204   0.000030  -0.000148
 -0.001210   0.000547   0.001524
  0.000291   0.000018   0.000185
  0.000934  -0.000010   0.000238
 -0.000142   0.001107   0.001395
 -0.000019   0.000003  -0.000116
   11    1  0.0150  0.0000  0.0000
  0.001088   0.011613   0.000291
  0.000031  -0.000018  -0.000030
  0.014780  -0.003174  -0.001621
  0.000046   0.000091  -0.000034
 -0.013408  -0.013732   0.002807
  0.000046   0.000126   0.000065
 -0.046707  -0.040650   0.006654
  0.000294   0.000001   0.000282
  0.277676  -0.145619  -0.025596
  0.000158   0.000440   0.000046
 -0.900110   0.024466   0.107801
 -0.000049  -0.000171  -0.000460
  0.381811   0.002398  -0.042080
 -0.000388  -0.000787   0.000144
  0.031114   0.067554  -0.006533
 -0.000187   0.000182  -0.000103
  0.028381  -0.026386  -0.003164
  0.000032  -0.000022  -0.000065
 -0.008075   0.000394   0.000623
 -0.000196   0.000143  -0.000159
  0.000110   0.001159   0.000724
 -0.000073  -0.000193  -0.000038
  0.000045  -0.000203  -0.000860
 -0.000022   0.000006   0.000027
  0.000072   0.000075  -0.000000
  0.000030   0.000061  -0.000001
  0.000015  -0.000072   0.000015
 -0.000075  -0.000102  -0.000040
 -0.000012   0.000015  -0.000021
  0.000117  -0.000053  -0.000022
 -0.000101  -0.000050  -0.000092
  0.000016  -0.000017   0.000014
 -0.000050   0.000063  -0.000091
  0.000016  -0.000009   0.000003
 -0.000002   0.000055  -0.000015
  0.000005   0.000043   0.000022
 -0.000033   0.000089   0.000005
 -0.000280  -0.000270  -0.000413
 -0.000017  -0.000091   0.000068
 -0.000005   0.000504   0.000052
  0.000230  -0.000099  -0.000009
 -0.000033  -0.000000  -0.000024
 -0.000008   0.000224   0.000026
  0.000010   0.000059  -0.000066
  0.000105   0.001073  -0.000094
 -0.000049   0.000003  -0.000009
  0.015439  -0.039070  -0.001765
 -0.000005  -0.000009   0.000011
  0.161371   0.158419  -0.022344
 -0.000070   0.000014  -0.000087
  0.000108   0.002178  -0.000927
  0.000077  -0.000046  -0.000104
  0.001693  -0.000062   0.000045
  0.000201  -0.000150  -0.000338
  0.000755   0.000448  -0.000387
  0.000056   0.000089  -0.000060
  0.001997  -0.000221  -0.000907
  0.000130  -0.000027   0.000119
 -0.000189   0.000047  -0.000046
  0.000014  -0.000102  -0.000073
 -0.000081  -0.000037   0.000080
 -0.000084   0.000011   0.000136
  0.000101   0.000203   0.000022
 -0.000001   0.000001  -0.000027
 -0.000071   0.000014   0.000096
  0.000009   0.000009   0.000014
  0.000007  -0.000008   0.000012
  0.000014   0.000007  -0.000002
 -0.000002   0.000007   0.000033
  0.000072   0.000123  -0.000021
  0.000014  -0.000010  -0.000004
  0.000013  -0.000066   0.000104
  0.000007   0.000033   0.000041
  0.000010   0.000010   0.000016
  0.000003  -0.000036   0.000027
  0.000003  -0.000002  -0.000006
  0.000032  -0.000044   0.000009
  0.000026   0.000065   0.000083
  0.000158  -0.000113  -0.000069
  0.000001   0.000007   0.000006
 -0.000172   0.000026   0.000012
  0.000011   0.000018   0.000005
 -0.000017   0.000004   0.000033
  0.000019   0.000001   0.000006
 -0.000002  -0.000020   0.000011
 -0.000005  -0.000010   0.000002
  0.000006   0.000014  -0.000013
  0.000036  -0.000030   0.000035
 -0.000000  -0.000039   0.000020
  0.000155  -0.000038   0.000073
 -0.000000  -0.000009  -0.000011
  0.000083  -0.000236  -0.000145
 -0.004231   0.032318  -0.001725
 -0.000017  -0.000079  -0.000062
 -0.000006   0.000225   0.000394
  0.000004  -0.000021  -0.000044
  0.053490  -0.035466  -0.008196
  0.000123   0.000568   0.000164
 -0.000108  -0.000655  -0.000490
  0.000156   0.000039  -0.000355
 -0.000011   0.000377  -0.000238
  0.000022   0.000173  -0.000268
  0.001040   0.001345  -0.001121
  0.000185  -0.000078  -0.000513
 -0.000055  -0.000058  -0.000242
  0.001366  -0.000352  -0.001720
 -0.000010   0.000180  -0.000195
 -0.000323  -0.000054  -0.000304
 -0.000058   0.000085   0.001131
 -0.000096  -0.000428   0.002191
  0.000231   0.001449  -0.000330
  0.000027  -0.000047   0.000182
   11    2  0.0000  0.0150 -0.0000
 -0.001733  -0.006129   0.000274
 -0.000006   0.000006   0.000032
 -0.008878   0.002377   0.000790
 -0.000003  -0.000034   0.000028
  0.008177   0.010994  -0.001623
 -0.000126  -0.000121  -0.000033
 -0.004119   0.081146  -0.001967
 -0.000274   0.000190  -0.000044
 -0.209866   0.460273   0.021229
 -0.000067  -0.000292  -0.000085
  0.024509  -1.082605   0.021124
  0.000151   0.000151   0.000067
  0.072186   0.157218  -0.012829
  0.000026  -0.000274   0.000116
  0.041160  -0.027302  -0.004104
 -0.000002  -0.000073  -0.000140
 -0.016698   0.012987   0.002374
  0.000213   0.000389  -0.000077
  0.000964   0.006659  -0.000667
 -0.000009   0.000231  -0.000422
  0.000117  -0.001153  -0.000324
 -0.000035   0.000442  -0.000066
 -0.000149   0.000233   0.000439
  0.000092   0.000013  -0.000029
  0.000098  -0.000020  -0.000044
 -0.000065  -0.000069  -0.000002
 -0.000114   0.000008   0.000006
  0.000166   0.000231   0.000183
  0.000019  -0.000009   0.000057
 -0.000091   0.000096  -0.000257
  0.000163   0.000091   0.000052
 -0.000016  -0.000014  -0.000047
  0.000007  -0.000076   0.000029
 -0.000025   0.000092  -0.000017
 -0.000015  -0.000016  -0.000001
 -0.000013  -0.000093  -0.000025
  0.000061   0.000058   0.000003
  0.000022   0.000418   0.000771
 -0.000028   0.000002   0.000015
 -0.000385  -0.000644   0.000153
 -0.000409  -0.000183   0.000063
  0.000036   0.000058   0.000038
 -0.000493  -0.000125   0.000013
 -0.000060  -0.000030  -0.000044
  0.000678   0.000465  -0.000049
 -0.000014  -0.000041   0.000027
  0.001943  -0.005484   0.000257
  0.000030   0.000027  -0.000034
  0.161208   0.383817  -0.035810
 -0.000002  -0.000013   0.000103
  0.003401   0.007458  -0.000939
 -0.000049   0.000053   0.000314
 -0.001180   0.000226  -0.000095
 -0.000127  -0.000642  -0.000257
 -0.002484  -0.000728   0.000600
 -0.000072   0.000063  -0.000184
 -0.000826   0.000124   0.000667
  0.000070   0.000041   0.000018
 -0.000005   0.000141  -0.000265
  0.000061   0.000148  -0.000014
 -0.000301  -0.000181  -0.000175
  0.000082   0.000111  -0.000271
  0.000081   0.000043   0.000240
 -0.000004  -0.000022   0.000011
 -0.000056  -0.000025  -0.000046
 -0.000015  -0.000016  -0.000003
  0.000005   0.000074   0.000040
  0.000017   0.000017   0.000009
  0.000031   0.000013  -0.000029
 -0.000065  -0.000054   0.000018
 -0.000012  -0.000018  -0.000013
  0.000073   0.000101  -0.000033
  0.000040  -0.000053   0.000021
  0.000007  -0.000005   0.000006
  0.000001   0.000085   0.000028
 -0.000028  -0.000029  -0.000018
  0.000085  -0.000124   0.000176
  0.000067   0.000193   0.000206
  0.000138  -0.000371   0.000107
  0.000001  -0.000002   0.000001
 -0.000122  -0.000087  -0.000016
  0.000010   0.000007  -0.000048
 -0.000014   0.000007  -0.000044
  0.000016  -0.000021   0.000031
 -0.000006  -0.000005  -0.000028
  0.000018   0.000038   0.000002
 -0.000004   0.000003  -0.000005
 -0.000070   0.000066  -0.000002
  0.000029   0.000028  -0.000027
  0.000015  -0.000044  -0.000068
  0.000005  -0.000015  -0.000026
  0.000230  -0.000025  -0.000122
  0.008176  -0.012918  -0.000842
  0.000024   0.000007   0.000027
  0.000189  -0.000024  -0.000199
 -0.000016  -0.000062  -0.000057
 -0.077094   0.011651   0.011413
  0.000103  -0.000033   0.000212
  0.000546   0.001088   0.000268
 -0.000016  -0.000345   0.000437
 -0.000212  -0.000905   0.000420
  0.000319   0.000676  -0.000045
 -0.000958  -0.000460   0.000236
  0.000192   0.000069  -0.000384
 -0.000212   0.000106   0.000916
  0.000206  -0.000002  -0.000923
 -0.000378  -0.000318   0.000247
  0.000413  -0.000062  -0.000674
  0.001110   0.001029  -0.001505
 -0.000772  -0.001114   0.001277
  0.000875   0.001634   0.000068
  0.000127  -0.000459  -0.000162
   11    3  0.0000  0.0000  0.0150
 -0.000151  -0.001769   0.001009
  0.000011   0.000210   0.000056
 -0.001924   0.000391   0.000102
 -0.000164  -0.000017  -0.000008
  0.001626   0.001637  -0.000561
  0.000137   0.000035  -0.000012
  0.005865   0.003293  -0.008121
  0.000306  -0.000092  -0.000058
 -0.023824   0.012405   0.078737
  0.000023   0.000194  -0.000056
  0.107678   0.020970  -0.197201
 -0.000440  -0.000073   0.000170
 -0.045006  -0.002934   0.099311
  0.000307   0.000047   0.000516
 -0.006108  -0.008162  -0.010051
  0.000346   0.000222   0.000667
 -0.002905   0.003737   0.005413
 -0.000245  -0.000341  -0.000046
  0.000156  -0.000145  -0.005939
 -0.000505  -0.000005   0.000915
  0.000161  -0.000290   0.000262
  0.000018  -0.000013  -0.000116
 -0.000156  -0.000005  -0.000036
  0.000007   0.000013  -0.000035
  0.000025   0.000041   0.000053
 -0.000015  -0.000002   0.000008
 -0.000035  -0.000007  -0.000018
  0.000051   0.000043  -0.000012
  0.000026  -0.000001  -0.000020
  0.000032   0.000127  -0.000352
 -0.000091   0.000006   0.000045
 -0.000047   0.000033  -0.000098
 -0.000193  -0.000046  -0.000012
 -0.000022  -0.000013  -0.000032
 -0.000009   0.000005   0.000001
 -0.000027  -0.000056   0.000008
 -0.000014  -0.000005   0.000014
 -0.000382   0.000182   0.000803
 -0.000000   0.000011   0.000034
 -0.000423  -0.000598   0.000584
  0.000045   0.000023  -0.000104
  0.000046   0.000005   0.000120
  0.000029  -0.000045  -0.000062
 -0.000014   0.000024   0.000006
  0.000061  -0.000199   0.000795
 -0.000008  -0.000004   0.000002
 -0.003515   0.006012  -0.005638
  0.000010   0.000019   0.000010
 -0.021353  -0.034098   0.057596
 -0.000011   0.000000   0.000006
 -0.000719  -0.000746  -0.007680
  0.000108  -0.000081  -0.000135
 -0.001371   0.000482   0.000478
  0.000319  -0.000397   0.000504
 -0.000229  -0.000042  -0.000430
  0.000029   0.000005  -0.000037
  0.001010  -0.000447   0.000267
  0.000219  -0.000102   0.000233
  0.000135   0.000203   0.000009
 -0.000001  -0.000038   0.000004
  0.000063   0.000018   0.000050
  0.000071   0.000021   0.000011
  0.000025   0.000027   0.000088
  0.000012  -0.000027  -0.000071
  0.000017   0.000019  -0.000025
  0.000001  -0.000003  -0.000012
  0.000019   0.000006  -0.000017
  0.000019   0.000020  -0.000009
  0.000023  -0.000002  -0.000010
  0.000010  -0.000024   0.000037
 -0.000007   0.000004  -0.000012
  0.000075   0.000028   0.000028
 -0.000010  -0.000023  -0.000038
  0.000008  -0.000007   0.000011
  0.000006   0.000006   0.000004
 -0.000031  -0.000007  -0.000029
 -0.000007  -0.000047   0.000082
 -0.000027  -0.000118  -0.000140
 -0.000022   0.000049   0.000097
 -0.000002   0.000008   0.000001
  0.000067   0.000002   0.000036
  0.000016   0.000007  -0.000010
  0.000004  -0.000001   0.000005
  0.000008   0.000001  -0.000030
 -0.000027  -0.000004  -0.000041
 -0.000016   0.000002   0.000001
  0.000012  -0.000001  -0.000029
 -0.000063  -0.000081   0.000049
  0.000005   0.000008  -0.000007
 -0.000018   0.000042  -0.000063
  0.000022  -0.000006  -0.000051
  0.000373  -0.000087   0.000242
 -0.000772  -0.004688  -0.007114
  0.000014   0.000043  -0.000001
  0.000067   0.000020  -0.000039
  0.000036   0.000053   0.000112
 -0.007717   0.005368  -0.004569
 -0.000033   0.000124  -0.000341
  0.000089   0.000097   0.000014
 -0.000059  -0.000049   0.000103
 -0.000014  -0.000059  -0.000009
 -0.000071  -0.000070  -0.000044
 -0.000795  -0.000676  -0.000156
 -0.000180   0.000065   0.000048
 -0.000020  -0.000048  -0.000136
 -0.000346   0.000166  -0.000041
 -0.000185  -0.000008   0.000037
 -0.000441   0.000110   0.000218
  0.000354   0.000263  -0.000445
  0.000651   0.000025   0.000129
 -0.000015  -0.000189   0.000338
 -0.000066   0.000018  -0.000120
   13    1  0.0150  0.0000  0.0000
  0.002355  -0.031247  -0.000938
 -0.000373   0.000442   0.000105
 -0.024021   0.007975   0.002120
 -0.000336  -0.000316  -0.000113
  0.018229   0.016799  -0.003257
  0.000228  -0.000481  -0.000117
  0.027833   0.040022  -0.003635
  0.000050  -0.000073  -0.000190
  0.040378  -0.083492  -0.004849
  0.000328   0.000269  -0.000146
  0.381580   0.072185  -0.045122
 -0.000408   0.000020   0.000331
 -0.930856  -0.035651   0.101930
  0.000310   0.000944   0.000595
  0.260929   0.108342  -0.021215
  0.000106   0.000265   0.000434
 -0.049618   0.028945   0.007132
  0.000034  -0.000532  -0.000173
  0.052041  -0.060559  -0.006774
 -0.001434   0.000041   0.000144
  0.001397  -0.002181  -0.000790
 -0.000141   0.000256  -0.000150
 -0.000259   0.000071   0.000726
  0.000108  -0.000003   0.000002
 -0.000005  -0.000218  -0.000127
 -0.000079  -0.000060  -0.000007
 -0.000060   0.000243  -0.000064
  0.000059   0.000079   0.000074
 -0.000044  -0.000056   0.000169
 -0.000068  -0.000101   0.000237
  0.000202   0.000168   0.000193
  0.000046  -0.000035   0.000021
  0.000462  -0.000306  -0.000009
  0.000055   0.000027  -0.000020
 -0.000019  -0.000203   0.000026
  0.000021   0.000001  -0.000059
  0.000196   0.000083  -0.000011
  0.000890  -0.000040  -0.000493
 -0.000190  -0.000040   0.000017
 -0.000321   0.000358  -0.000338
 -0.001086   0.000174   0.000013
 -0.000092  -0.000011  -0.000027
 -0.000156  -0.002531   0.000121
 -0.000159  -0.000088   0.000161
  0.000441  -0.000092   0.000054
  0.000126  -0.000061   0.000061
 -0.001871  -0.001630  -0.001097
  0.000056   0.000060  -0.000009
  0.013053  -0.002573  -0.001945
  0.000329  -0.000169   0.000405
  0.014834   0.039049  -0.004631
  0.000108  -0.000149  -0.000259
 -0.004550  -0.001449   0.000074
  0.000380   0.000054  -0.000441
  0.007518   0.001998  -0.001409
  0.000079  -0.000055   0.000108
 -0.005037  -0.000980   0.001725
  0.000279  -0.000137   0.000163
 -0.000217   0.000364  -0.000586
  0.000092   0.000031  -0.000029
  0.000144  -0.000079  -0.000056
  0.000139   0.000022  -0.000243
  0.000146   0.000298   0.000447
 -0.000035   0.000007   0.000083
  0.000163   0.000005  -0.000208
 -0.000030   0.000018  -0.000054
 -0.000048   0.000049   0.000047
 -0.000030  -0.000033   0.000023
 -0.000006  -0.000024  -0.000087
 -0.000099  -0.000137   0.000053
 -0.000012   0.000017  -0.000044
  0.000087  -0.000058  -0.000097
  0.000004  -0.000026  -0.000018
 -0.000011  -0.000008  -0.000029
  0.000018   0.000121  -0.000031
  0.000007   0.000002   0.000013
 -0.000053  -0.000000   0.000026
  0.000055  -0.000053  -0.000096
  0.000070   0.000214   0.000096
  0.000001  -0.000014   0.000008
  0.000096  -0.000113  -0.000048
 -0.000001   0.000013  -0.000028
  0.000022   0.000001  -0.000104
 -0.000041   0.000009   0.000006
  0.000030   0.000050   0.000033
  0.000032   0.000036  -0.000014
 -0.000025  -0.000061   0.000023
 -0.000200   0.000122   0.000095
  0.000200   0.000079  -0.000104
  0.000029  -0.000106   0.000102
 -0.000049   0.000033  -0.000064
 -0.000330   0.000219   0.000036
  0.004440  -0.023237   0.000047
  0.000046   0.000241   0.000009
 -0.000137  -0.000025  -0.000378
 -0.000014   0.000023   0.000003
  0.190650  -0.071501  -0.019000
  0.000369  -0.000663  -0.000742
 -0.000053   0.001872   0.000649
 -0.000047  -0.000181   0.000522
 -0.000253  -0.000665   0.000378
 -0.000318   0.000364   0.000158
 -0.000929  -0.000750   0.000790
 -0.000943   0.000558   0.000267
 -0.000208   0.000033   0.000720
 -0.000996   0.000308   0.000468
 -0.000094  -0.000751   0.000355
 -0.000878   0.000410   0.000170
  0.001261   0.001207  -0.001648
  0.001943  -0.001109  -0.000581
  0.001750  -0.000340   0.000206
  0.000410  -0.000150  -0.000269
   13    2  0.0000  0.0150 -0.0000
 -0.005528  -0.017454   0.000421
  0.000396   0.000198   0.000082
 -0.011488   0.008431   0.001409
 -0.000264   0.000286   0.000002
  0.012762   0.004155  -0.001456
  0.000235   0.000480   0.000015
  0.024608   0.017453  -0.003320
  0.000332   0.000137  -0.000004
 -0.043266  -0.035588   0.007372
 -0.000434  -0.000640   0.000123
  0.002444   0.157232  -0.002928
  0.000832  -0.000341  -0.000063
 -0.035608  -0.966984   0.009668
 -0.000926  -0.004003  -0.000751
  0.172942   0.381749  -0.022049
 -0.000541   0.000283  -0.000769
 -0.016194   0.089902   0.001515
 -0.000289   0.000577  -0.000054
 -0.035852   0.014297   0.005207
  0.001746  -0.000065  -0.000267
  0.003100   0.002352   0.000440
  0.000313   0.000135   0.000295
  0.000036  -0.000199  -0.000070
 -0.000258  -0.000158   0.000021
 -0.000431   0.000845   0.000321
  0.000102   0.000107  -0.000048
  0.000218  -0.000347  -0.000057
 -0.000056   0.000027  -0.000034
  0.000027   0.000122  -0.000212
  0.000155   0.000306  -0.000030
 -0.000281  -0.000382  -0.000287
  0.000026  -0.000068  -0.000035
 -0.000628   0.000669   0.000097
 -0.000072   0.000015   0.000040
 -0.000011   0.000387   0.000036
 -0.000063   0.000026   0.000059
 -0.000275   0.000088   0.000001
 -0.000646  -0.000114  -0.000533
  0.000262  -0.000088   0.000148
  0.000696  -0.000156   0.000942
  0.002991  -0.000073  -0.000236
  0.000050  -0.000030   0.000043
 -0.000067   0.002500  -0.000021
  0.000186   0.000172  -0.000238
  0.000048   0.000192  -0.000094
 -0.000118   0.000162  -0.000134
 -0.003034   0.005828  -0.000038
 -0.000086  -0.000098  -0.000026
  0.037619  -0.004244  -0.005473
 -0.000507   0.000294  -0.000777
  0.000611  -0.007969  -0.001009
 -0.000112   0.000010   0.000343
  0.010057  -0.001443  -0.000233
 -0.000191   0.000045   0.000179
  0.002648  -0.000756  -0.000812
 -0.000016   0.000110  -0.000066
  0.009464  -0.001535  -0.003567
 -0.000319   0.000085  -0.000057
  0.000550  -0.000038   0.000238
 -0.000286  -0.000089   0.000339
  0.000115   0.000511   0.000330
 -0.000215   0.000159   0.000493
  0.000895  -0.000134  -0.001392
  0.000016  -0.000017  -0.000098
  0.000101  -0.000056   0.000101
  0.000036  -0.000031   0.000115
 -0.000077  -0.000062  -0.000221
  0.000051   0.000055  -0.000059
 -0.000050   0.000042   0.000196
  0.000088   0.000239  -0.000117
  0.000021   0.000010   0.000067
 -0.000461   0.000135   0.000012
 -0.000051   0.000075   0.000081
  0.000061   0.000012   0.000086
  0.000018  -0.000287   0.000080
 -0.000049  -0.000029  -0.000059
  0.000082  -0.000132   0.000072
 -0.000227  -0.000155  -0.000070
 -0.000177  -0.000257  -0.000111
  0.000015  -0.000023  -0.000035
 -0.000138   0.000376   0.000066
 -0.000002  -0.000024   0.000035
 -0.000069  -0.000021   0.000244
  0.000101  -0.000030   0.000017
 -0.000055  -0.000145  -0.000047
 -0.000031  -0.000079   0.000046
  0.000015   0.000143  -0.000031
  0.000125   0.000720  -0.000480
 -0.000319  -0.000212   0.000200
  0.000158   0.000038  -0.000052
  0.000079  -0.000103   0.000067
 -0.000096  -0.001033  -0.000244
  0.001995  -0.010412   0.000277
 -0.000163   0.000016  -0.000065
 -0.000027  -0.000358   0.000441
  0.000120   0.000019   0.000125
 -0.126603   0.365287   0.016635
  0.000205   0.002134   0.001835
 -0.001784  -0.004749  -0.000381
 -0.000039  -0.000274  -0.000586
  0.001080   0.000758  -0.000796
  0.000220  -0.001218   0.000016
  0.002201   0.001588  -0.001619
  0.001718  -0.001208   0.000183
  0.000369  -0.000237  -0.001121
  0.002459  -0.000947   0.000834
  0.001147   0.001494  -0.000375
  0.002246  -0.000309   0.000123
 -0.002573  -0.001375   0.002642
 -0.003812   0.003223  -0.001312
 -0.006123  -0.000460   0.000071
 -0.000206   0.000551   0.000172
   13    3  0.0000  0.0000  0.0150
 -0.000711   0.005035  -0.008462
 -0.000071   0.000174   0.000054
  0.003668  -0.001472  -0.001316
 -0.000157  -0.000103   0.000032
 -0.003034  -0.002249  -0.000078
  0.000063  -0.000147  -0.000087
 -0.002631  -0.005178   0.010155
 -0.000213   0.000011  -0.000193
 -0.004976   0.012084  -0.004226
 -0.000099  -0.000072  -0.000108
 -0.041937  -0.012844   0.099300
  0.000147  -0.000115   0.000490
  0.101755   0.009687  -0.237915
  0.000579   0.000711   0.001466
 -0.023298  -0.015595   0.088530
  0.000125   0.000185   0.000795
  0.007481  -0.006912   0.000470
  0.000055  -0.000178   0.000008
 -0.008372   0.010785   0.006538
 -0.000236  -0.000011   0.000178
 -0.000354   0.000383   0.000888
  0.000068   0.000092  -0.000025
 -0.000228  -0.000171   0.000243
 -0.000043   0.000014   0.000060
 -0.000091   0.000074  -0.000053
  0.000017   0.000016   0.000014
  0.000037  -0.000040   0.000044
 -0.000069  -0.000046   0.000027
  0.000006   0.000031  -0.000028
  0.000154  -0.000022  -0.000005
 -0.000008  -0.000054  -0.000045
 -0.000001  -0.000017   0.000073
 -0.000097   0.000018  -0.000016
  0.000019   0.000016   0.000027
  0.000001   0.000036  -0.000009
  0.000020   0.000028   0.000013
 -0.000037  -0.000067  -0.000010
 -0.000199  -0.000085  -0.000360
  0.000078   0.000031  -0.000057
  0.000219   0.000091   0.000553
  0.000085  -0.000038   0.000105
 -0.000027   0.000000  -0.000058
  0.000110   0.000310   0.001173
  0.000004  -0.000023  -0.000005
 -0.000061  -0.000008  -0.000220
  0.000014   0.000012  -0.000004
 -0.002005  -0.000286  -0.012212
  0.000007  -0.000009  -0.000006
 -0.004208   0.000382  -0.006206
  0.000045  -0.000048   0.000000
 -0.002098  -0.003827  -0.005937
 -0.000061   0.000024   0.000037
  0.002297  -0.001491  -0.001497
 -0.000119   0.000005   0.000063
 -0.001738  -0.000391  -0.000273
  0.000007  -0.000015  -0.000024
 -0.001666   0.002605  -0.001357
  0.000028   0.000031  -0.000019
 -0.000204  -0.000091   0.000069
 -0.000027  -0.000002  -0.000037
 -0.000161  -0.000031  -0.000054
 -0.000066  -0.000016  -0.000022
  0.000043  -0.000149  -0.000275
  0.000011  -0.000016   0.000028
  0.000013  -0.000043  -0.000001
 -0.000002   0.000001   0.000021
  0.000037   0.000023   0.000019
 -0.000002  -0.000003   0.000003
 -0.000008   0.000013   0.000023
  0.000016   0.000036  -0.000013
  0.000010   0.000010   0.000031
 -0.000026  -0.000024   0.000050
  0.000000   0.000011   0.000008
 -0.000002   0.000012  -0.000006
 -0.000019  -0.000020   0.000011
  0.000017   0.000007   0.000018
 -0.000013   0.000001   0.000011
  0.000015   0.000072   0.000096
 -0.000086   0.000016  -0.000008
  0.000003  -0.000010   0.000010
  0.000011   0.000001   0.000000
 -0.000002   0.000000   0.000004
 -0.000001   0.000007   0.000016
  0.000004  -0.000000   0.000009
 -0.000002   0.000005   0.000013
  0.000004  -0.000006   0.000004
 -0.000005   0.000023   0.000023
 -0.000111  -0.000032   0.000008
 -0.000083  -0.000014   0.000054
  0.000051   0.000047  -0.000001
  0.000013  -0.000005   0.000071
  0.000301  -0.000396   0.000900
 -0.000350   0.003107   0.001012
 -0.000015   0.000029   0.000006
 -0.000021  -0.000088   0.000047
 -0.000004  -0.000018  -0.000074
 -0.017923   0.006515   0.068280
 -0.000052  -0.000431  -0.000319
  0.000152   0.000187  -0.000163
  0.000060  -0.000007  -0.000027
  0.000016   0.000056   0.000019
  0.000101   0.000060   0.000036
  0.000085   0.000036  -0.000053
  0.000102  -0.000006  -0.000016
  0.000019   0.000024   0.000018
  0.000225  -0.000104  -0.000018
  0.000077  -0.000015   0.000021
  0.000347  -0.000085  -0.000229
 -0.000191  -0.000096  -0.000015
 -0.000576  -0.000050  -0.000020
 -0.000113   0.000089  -0.000160
  0.000082   0.000012   0.000047
   15    1  0.0150  0.0000  0.0000
 -0.023367   0.006121   0.002081
  0.000198  -0.000240  -0.000066
 -0.000588   0.008613  -0.001168
  0.000075   0.000072   0.000035
  0.003037   0.001712  -0.000466
 -0.000139   0.000138   0.000030
  0.037651  -0.039327  -0.005353
 -0.000097  -0.000082   0.000009
 -0.000246  -0.002087   0.000609
 -0.000079   0.000024   0.000160
  0.031168   0.041230  -0.006085
 -0.000186   0.000002   0.000350
  0.260951   0.172685  -0.023375
  0.000128   0.000565   0.000113
 -1.004855  -0.028613   0.085064
  0.000449  -0.000088   0.000208
  0.237657  -0.142390  -0.015621
 -0.000177  -0.000155   0.000085
 -0.007549  -0.005992   0.002726
  0.000385  -0.000051   0.000019
 -0.000383   0.001067   0.000475
  0.000069  -0.000083   0.000028
  0.000330   0.000641  -0.000181
  0.000080  -0.000001  -0.000039
  0.000044  -0.000177  -0.000107
 -0.000006  -0.000014   0.000017
 -0.000060  -0.000025   0.000049
  0.000018   0.000016   0.000062
 -0.000017  -0.000017  -0.000076
 -0.000008  -0.000097  -0.000048
 -0.000002   0.000101  -0.000104
 -0.000072   0.000018   0.000016
 -0.000130   0.000069  -0.000031
 -0.000051  -0.000013   0.000012
  0.000032   0.000002  -0.000052
  0.000051  -0.000004  -0.000032
 -0.000042  -0.000149   0.000062
  0.000189   0.000083  -0.000052
 -0.000003   0.000176  -0.000079
 -0.000018  -0.000127  -0.000127
  0.000151  -0.000081   0.000389
  0.000021   0.000007  -0.000063
 -0.001199   0.001513   0.000026
  0.000037   0.000007  -0.000033
 -0.000122  -0.000364   0.000217
 -0.000064  -0.000028   0.000014
 -0.000739  -0.000507   0.000373
  0.000002   0.000002   0.000043
  0.007275  -0.000917  -0.001767
 -0.000056   0.000008   0.000004
  0.472595   0.010291  -0.035012
  0.000059   0.000023   0.000009
 -0.000948   0.000761   0.001273
  0.000004   0.000041   0.000137
  0.000809   0.000481  -0.000234
  0.000003  -0.000017   0.000009
 -0.001575   0.001619  -0.001057
 -0.000044   0.000036  -0.000024
  0.000104   0.001879   0.000607
  0.000098   0.000091   0.000055
 -0.000263  -0.000021  -0.000027
  0.000369  -0.000008   0.000190
 -0.000307   0.000589  -0.001117
  0.000015   0.000009   0.000007
 -0.000078  -0.000039   0.000158
  0.000009   0.000002  -0.000000
  0.000051  -0.000064   0.000090
 -0.000031  -0.000006   0.000001
  0.000032  -0.000013  -0.000009
  0.000014  -0.000033  -0.000011
  0.000024  -0.000014   0.000009
  0.000033   0.000044  -0.000102
  0.000014  -0.000040  -0.000016
 -0.000024   0.000001  -0.000039
 -0.000015  -0.000023  -0.000064
  0.000039   0.000012   0.000031
  0.000057   0.000272  -0.000205
  0.000067   0.000156   0.000197
 -0.000005  -0.000072  -0.000109
 -0.000017   0.000017   0.000007
 -0.000085  -0.000022   0.000032
  0.000030  -0.000013   0.000033
 -0.000014  -0.000023  -0.000000
 -0.000005   0.000003  -0.000002
  0.000015   0.000000  -0.000013
 -0.000004   0.000014  -0.000034
  0.000029  -0.000027  -0.000006
  0.000128  -0.000340   0.000285
 -0.000024   0.000010  -0.000010
 -0.000072   0.000026  -0.000067
  0.000022   0.000008   0.000046
  0.000093   0.000185   0.000319
  0.008717   0.000128  -0.001787
  0.000106  -0.000114  -0.000041
  0.000016  -0.000017   0.000093
 -0.000044  -0.000045  -0.000033
 -0.019626  -0.028832  -0.000756
 -0.000303  -0.000212  -0.000027
  0.000699  -0.000130  -0.000195
 -0.000276   0.000088  -0.000024
 -0.000134  -0.000030  -0.000467
  0.000278   0.000268  -0.000158
  0.000356   0.000515  -0.000372
  0.000270  -0.000036  -0.000345
 -0.000036  -0.000281  -0.000814
  0.000314   0.000270  -0.000633
  0.000147  -0.000223  -0.000195
  0.000291  -0.000078  -0.000465
 -0.000160  -0.000068   0.001052
 -0.000593  -0.000402   0.000922
 -0.000591   0.000130   0.000182
 -0.000372   0.000030   0.000370
   15    2  0.0000  0.0150 -0.0000
 -0.015340   0.086264   0.000209
 -0.000190   0.000250  -0.000102
  0.029233  -0.011685  -0.003128
  0.000162  -0.000139   0.000145
 -0.020635  -0.007139   0.002702
 -0.000118  -0.000175   0.000026
 -0.056697  -0.032309   0.008237
 -0.000089   0.000255   0.000063
  0.001654   0.055779  -0.001438
  0.000217   0.000272  -0.000187
  0.067630  -0.027277  -0.008151
 -0.000210  -0.000044  -0.000198
  0.108662   0.381771  -0.015631
 -0.000268   0.000304  -0.000174
 -0.028742  -0.945018   0.015810
  0.000078   0.000118   0.000160
 -0.110658   0.319468   0.007066
  0.000230  -0.000174   0.000208
  0.012804   0.003286  -0.002909
 -0.000315   0.000063  -0.000101
 -0.004990  -0.000161   0.001773
 -0.000251   0.000040  -0.000211
  0.000209   0.000634  -0.000706
  0.000129   0.000105   0.000010
  0.000393  -0.000215   0.000017
 -0.000056  -0.000064   0.000001
 -0.000143   0.000071   0.000107
  0.000137   0.000070   0.000087
  0.000042  -0.000016   0.000108
 -0.000114   0.000106   0.000156
  0.000142   0.000218   0.000115
  0.000112  -0.000003  -0.000001
  0.000078  -0.000240   0.000001
  0.000036   0.000020   0.000002
  0.000039  -0.000136  -0.000047
  0.000005  -0.000041  -0.000007
  0.000168   0.000114   0.000009
 -0.000076  -0.000092   0.000784
 -0.000191  -0.000092   0.000023
  0.000308  -0.000028  -0.000346
 -0.000924   0.000048  -0.000019
  0.000019   0.000008   0.000021
 -0.000892  -0.000403  -0.000190
 -0.000074  -0.000077   0.000031
 -0.000175  -0.000480   0.000060
  0.000040  -0.000066   0.000029
 -0.000159   0.000762  -0.000228
  0.000053   0.000039   0.000020
 -0.001244  -0.000722  -0.000061
  0.000148  -0.000102   0.000239
  0.011766   0.077313  -0.001194
  0.000019   0.000027  -0.000115
 -0.001595  -0.000372   0.001201
  0.000117  -0.000091   0.000056
  0.001417  -0.000246  -0.000104
 -0.000008  -0.000038  -0.000018
 -0.001440  -0.000988  -0.000064
  0.000066   0.000004   0.000029
  0.000241   0.000268  -0.000359
  0.000069   0.000024  -0.000239
 -0.000421  -0.000460  -0.000354
  0.000158  -0.000118  -0.000389
  0.000616   0.001053  -0.000135
 -0.000011  -0.000013   0.000023
 -0.000202   0.000015   0.000047
 -0.000006  -0.000006  -0.000031
  0.000099   0.000130   0.000045
  0.000002   0.000010   0.000035
  0.000033   0.000005  -0.000088
 -0.000055  -0.000095   0.000049
 -0.000013  -0.000051  -0.000058
  0.000231  -0.000031   0.000050
  0.000035  -0.000103  -0.000075
  0.000011  -0.000016   0.000005
  0.000060   0.000081  -0.000049
 -0.000013  -0.000005  -0.000012
 -0.000138   0.000122  -0.000063
  0.000064   0.000024  -0.000029
  0.000026   0.000039  -0.000020
  0.000000  -0.000011   0.000010
  0.000009  -0.000142  -0.000010
  0.000010  -0.000009  -0.000023
  0.000020  -0.000009  -0.000068
 -0.000012  -0.000008   0.000009
  0.000030   0.000049  -0.000002
  0.000030   0.000022   0.000003
 -0.000013  -0.000039   0.000001
 -0.000034   0.000202  -0.000248
  0.000160   0.000030  -0.000098
 -0.000045  -0.000041   0.000070
 -0.000021   0.000005  -0.000037
 -0.000237   0.000106  -0.000144
  0.004758   0.012781  -0.001214
  0.000005  -0.000015   0.000074
  0.000032  -0.000094  -0.000273
 -0.000030  -0.000020  -0.000051
  0.001690   0.086055  -0.000788
  0.000149  -0.000159  -0.000192
  0.000594   0.002220  -0.000554
  0.000088   0.000075   0.000453
 -0.000565   0.000064   0.000266
  0.000113   0.000318   0.000173
 -0.000599   0.000008   0.000473
 -0.000536   0.000417   0.000095
 -0.000136   0.000174   0.000420
 -0.000752   0.000218   0.000031
 -0.000339  -0.000640   0.000139
 -0.000621  -0.000036   0.000108
  0.001095  -0.000191  -0.000798
  0.001096  -0.000960  -0.000001
  0.002689   0.000065  -0.000154
  0.000063  -0.000082  -0.000199
   15    3  0.0000  0.0000  0.0150
  0.002597  -0.001592  -0.006248
  0.000098  -0.000316  -0.000206
 -0.001064  -0.000904  -0.007407
  0.000164   0.000166   0.000049
 -0.000056   0.000019   0.001057
 -0.000100   0.000170   0.000032
 -0.005889   0.003848  -0.006786
  0.000078  -0.000310  -0.000000
 -0.000526   0.000206   0.002568
 -0.000162  -0.000143   0.000384
 -0.006480  -0.004125  -0.010058
 -0.000097   0.000138   0.000659
 -0.021180  -0.022027   0.088568
  0.000435   0.000760   0.000798
  0.084946   0.015732  -0.170553
  0.000205  -0.000159   0.001109
 -0.014474   0.010815   0.080882
 -0.000225  -0.000309   0.000435
  0.001611   0.001736   0.002328
  0.000131  -0.000051  -0.000117
  0.000404   0.000123   0.004246
  0.000005  -0.000108  -0.000055
 -0.000688   0.000083   0.001575
  0.000018  -0.000003  -0.000101
 -0.000141  -0.000228  -0.000508
 -0.000074   0.000013  -0.000009
  0.000077   0.000020  -0.000134
  0.000089   0.000080  -0.000001
 -0.000041   0.000005   0.000036
  0.000001   0.000137   0.000088
  0.000019   0.000072  -0.000131
  0.000055  -0.000035  -0.000113
 -0.000116   0.000225  -0.000016
 -0.000051  -0.000029  -0.000027
  0.000004  -0.000013   0.000007
 -0.000015  -0.000046  -0.000012
 -0.000017   0.000272   0.000055
  0.000027   0.000019  -0.000070
 -0.000208  -0.000163   0.000296
  0.000100   0.000181   0.000297
 -0.000120   0.000053  -0.000243
  0.000082   0.000018   0.000177
  0.000073  -0.000223  -0.000294
  0.000021   0.000020  -0.000005
  0.000229   0.000068   0.001295
 -0.000027   0.000009  -0.000007
  0.000449   0.000118   0.001535
 -0.000058   0.000006  -0.000089
 -0.001651  -0.000171  -0.005166
 -0.000026   0.000035  -0.000066
 -0.038254  -0.001420   0.043451
 -0.000015   0.000015  -0.000073
  0.000189  -0.000809   0.000081
 -0.000032   0.000061   0.000014
  0.000044   0.000008  -0.000597
 -0.000012  -0.000005   0.000004
  0.000575  -0.000186   0.000154
 -0.000008   0.000024  -0.000013
  0.000247   0.000119  -0.000163
  0.000024   0.000013   0.000029
  0.000024  -0.000035   0.000026
 -0.000000   0.000002  -0.000013
 -0.000346  -0.001181  -0.000011
  0.000016   0.000000  -0.000101
  0.000062  -0.000265   0.000174
  0.000011  -0.000013  -0.000002
 -0.000005   0.000112  -0.000039
  0.000017   0.000015  -0.000037
 -0.000020  -0.000030   0.000030
 -0.000023   0.000016   0.000022
 -0.000014  -0.000030  -0.000063
  0.000009  -0.000058   0.000073
 -0.000031  -0.000028   0.000071
  0.000033  -0.000018   0.000040
  0.000115  -0.000099   0.000007
 -0.000050  -0.000023  -0.000051
  0.000148  -0.000204   0.000436
 -0.000033  -0.000106  -0.000137
 -0.000047  -0.000093   0.000083
 -0.000006   0.000020  -0.000025
  0.000016   0.000013   0.000051
 -0.000001  -0.000005  -0.000018
  0.000007  -0.000005   0.000010
  0.000020  -0.000010   0.000004
 -0.000019  -0.000009  -0.000011
 -0.000002  -0.000006   0.000010
  0.000040  -0.000046  -0.000111
  0.000017   0.000391   0.000002
  0.000185  -0.000087  -0.000070
  0.000198  -0.000166   0.000101
  0.000047   0.000004  -0.000144
 -0.000028  -0.000467  -0.000308
 -0.001862  -0.000423  -0.006652
  0.000041  -0.000113   0.000065
 -0.000116  -0.000375  -0.000039
  0.000045   0.000038   0.000157
  0.000224   0.001190  -0.015550
 -0.000297  -0.000101  -0.000278
  0.000047   0.000090  -0.000408
 -0.000063   0.000058   0.000043
  0.000129  -0.000075   0.000009
 -0.000008  -0.000046  -0.000019
  0.000177   0.000059  -0.000055
  0.000041  -0.000050   0.000036
  0.000061  -0.000001   0.000042
 -0.000046  -0.000017  -0.000003
  0.000578   0.000157  -0.000163
 -0.000092   0.000058   0.000159
 -0.000425   0.000050  -0.000225
  0.000111   0.000111  -0.000025
  0.000197  -0.000121   0.000174
 -0.000274  -0.000095  -0.000210
   17    1  0.0150  0.0000  0.0000
  0.208473   0.087570  -0.015539
 -0.000486   0.000302   0.000006
 -0.051877  -0.012087   0.004274
 -0.000126  -0.000227  -0.000127
  0.028979   0.031802  -0.003987
  0.000138  -0.000318  -0.000181
  0.335743   0.018179  -0.032305
 -0.000137   0.000257   0.000213
  0.028703   0.055726  -0.005943
  0.000139   0.000239  -0.000143
  0.028442  -0.016675  -0.002879
  0.000039  -0.000206  -0.000231
 -0.049629  -0.016264   0.007522
  0.000027   0.000268   0.000056
  0.237640  -0.110331  -0.014473
 -0.000175  -0.000220  -0.000215
 -0.860243   0.018075   0.078578
  0.000462   0.000407   0.000023
  0.006496  -0.001283  -0.001250
  0.000124  -0.000156   0.000169
  0.013955   0.032606  -0.006014
 -0.000159   0.000096  -0.000179
  0.001743   0.002848   0.002603
  0.000253   0.000170   0.000017
  0.000199  -0.000587  -0.000174
 -0.000188  -0.000148   0.000017
 -0.000372   0.000153  -0.000138
  0.000336   0.000310   0.000168
  0.000055   0.000028   0.000162
 -0.000053   0.000085   0.000052
  0.000594   0.000249   0.000258
  0.000086  -0.000038  -0.000004
 -0.000349  -0.000328   0.000135
 -0.000027   0.000064   0.000014
  0.000054  -0.000061  -0.000007
 -0.000034  -0.000122  -0.000044
  0.000163   0.000195  -0.000034
  0.000168   0.000299   0.000895
 -0.000105  -0.000182   0.000049
 -0.000076  -0.000153  -0.000246
 -0.000036   0.000002   0.000022
  0.000075  -0.000003   0.000042
  0.003762  -0.005046  -0.001497
 -0.000071  -0.000102  -0.000002
  0.000690  -0.000463   0.000141
  0.000028  -0.000054  -0.000023
 -0.001087   0.001276  -0.000606
  0.000010  -0.000007  -0.000029
  0.000472  -0.000801  -0.000016
  0.000082  -0.000065   0.000069
  0.015292  -0.037249  -0.002233
  0.000008   0.000111   0.000053
 -0.000450  -0.000490  -0.000702
 -0.000143  -0.000025   0.000117
 -0.000668  -0.000748   0.000136
 -0.000059  -0.000076  -0.000094
  0.000097  -0.000787   0.000874
 -0.000065   0.000051  -0.000096
 -0.000576   0.001915  -0.000155
  0.000257   0.000049  -0.000248
 -0.001000   0.001644  -0.002488
  0.000465  -0.000006  -0.000214
  0.001033   0.000250  -0.000635
 -0.000038  -0.000012   0.000047
  0.000052  -0.000117   0.000168
 -0.000007  -0.000021  -0.000035
 -0.000028   0.000134  -0.000132
  0.000018   0.000035   0.000032
  0.000113   0.000035  -0.000160
 -0.000131  -0.000171   0.000042
 -0.000052  -0.000069  -0.000060
  0.000221  -0.000060   0.000018
  0.000059  -0.000196  -0.000257
 -0.000000  -0.000023   0.000012
  0.000031   0.000101   0.000007
 -0.000062  -0.000013  -0.000056
 -0.000382   0.000302  -0.000118
  0.000034   0.000051   0.000012
  0.000002  -0.000100  -0.000167
 -0.000004  -0.000029  -0.000008
 -0.000290  -0.000089   0.000135
  0.000017  -0.000039  -0.000028
 -0.000023  -0.000020  -0.000033
 -0.000004  -0.000027   0.000019
 -0.000002   0.000028  -0.000044
  0.000027   0.000034   0.000002
 -0.000030   0.000001   0.000013
 -0.000249   0.000300   0.000493
  0.000083   0.000009  -0.000048
  0.000088  -0.000164   0.000053
 -0.000019  -0.000026  -0.000057
 -0.000015  -0.000189  -0.000527
  0.042379  -0.069167  -0.004426
  0.000024   0.000135   0.000129
  0.000344  -0.000778  -0.001616
 -0.000024  -0.000049  -0.000073
  0.000685   0.016634  -0.001274
 -0.000131  -0.000400  -0.000108
  0.010097   0.004602   0.003207
 -0.000305  -0.000036   0.000780
  0.000286  -0.000692  -0.000103
  0.001142   0.000511   0.000737
  0.000122   0.000589   0.000198
 -0.000085   0.000324   0.000032
  0.000190  -0.000006   0.000311
  0.000357   0.000272  -0.000363
  0.001084  -0.000591   0.000399
  0.000110  -0.000051  -0.000029
 -0.000839   0.000252  -0.000807
 -0.000469  -0.001465   0.000329
 -0.001352   0.000173   0.000206
 -0.000114   0.000155  -0.000367
   17    2  0.0000  0.0150 -0.0000
  0.110269   0.318200  -0.017908
 -0.000058  -0.000446  -0.000251
 -0.035291   0.079500   0.001808
  0.000148   0.000527  -0.000323
  0.034550   0.019247  -0.004641
  0.000074   0.000334   0.000111
  0.012623   0.173505  -0.004482
  0.000425  -0.000433  -0.000127
  0.038395  -0.024405  -0.005521
 -0.000257  -0.000343   0.000215
 -0.026323   0.012968   0.003747
  0.000036   0.000373   0.000333
  0.028888   0.089917  -0.006937
  0.000533   0.000569   0.000178
 -0.142543   0.319495   0.010854
  0.000163  -0.000170   0.000310
  0.018092  -0.952345   0.017830
 -0.000407  -0.000420  -0.000125
 -0.002635  -0.000502   0.000689
  0.000378  -0.000116   0.000060
  0.018590  -0.002364  -0.003307
 -0.000050   0.000243   0.000214
  0.000117   0.000557  -0.000045
 -0.000019  -0.000173   0.000016
 -0.000020   0.000452   0.000457
 -0.000010   0.000030  -0.000035
 -0.000053  -0.000063  -0.000380
 -0.000071  -0.000014  -0.000127
 -0.000045  -0.000043  -0.000088
  0.000091   0.000089  -0.000044
 -0.000223  -0.000227  -0.000032
 -0.000002  -0.000018  -0.000000
 -0.000141   0.000001   0.000018
 -0.000053   0.000028  -0.000019
 -0.000107   0.000170   0.000104
 -0.000019   0.000022   0.000037
 -0.000167  -0.000298   0.000016
 -0.000599  -0.000444  -0.000181
  0.000231   0.000249  -0.000147
  0.000135   0.000030   0.000030
 -0.000017  -0.000084  -0.000342
  0.000009   0.000049  -0.000004
 -0.004521   0.002517  -0.000084
  0.000010   0.000052   0.000026
  0.001279   0.000254   0.000076
 -0.000054   0.000043   0.000015
  0.003419   0.006925  -0.000584
 -0.000066   0.000006  -0.000060
 -0.001907  -0.000393   0.000520
 -0.000087   0.000091  -0.000105
 -0.000116  -0.006136   0.000439
 -0.000006   0.000012   0.000089
 -0.000201   0.000827  -0.000292
 -0.000178   0.000062   0.000121
 -0.000558   0.000060   0.000049
 -0.000055   0.000008  -0.000029
 -0.000342   0.001142   0.000145
 -0.000077   0.000044  -0.000066
 -0.001620   0.001260  -0.000714
 -0.000128   0.000026   0.000298
  0.000142  -0.000312   0.000745
 -0.000154   0.000152   0.000073
 -0.000571  -0.000431   0.000949
  0.000023   0.000007  -0.000007
  0.000161   0.000300  -0.000199
 -0.000003   0.000005   0.000013
 -0.000226  -0.000197  -0.000315
  0.000025  -0.000041  -0.000049
  0.000025   0.000009   0.000036
 -0.000021   0.000089   0.000029
  0.000004   0.000083   0.000063
 -0.000212   0.000083  -0.000068
 -0.000021   0.000093   0.000054
 -0.000003   0.000033   0.000023
 -0.000088   0.000016   0.000068
  0.000019   0.000008   0.000021
 -0.000024  -0.000435   0.000304
 -0.000006   0.000095   0.000128
  0.000015  -0.000074  -0.000139
 -0.000006   0.000027   0.000001
  0.000005   0.000128  -0.000046
 -0.000019  -0.000001  -0.000006
  0.000028   0.000046   0.000030
  0.000006  -0.000002  -0.000012
 -0.000067  -0.000068  -0.000011
 -0.000011  -0.000015   0.000008
 -0.000020   0.000024  -0.000014
  0.000357  -0.000584  -0.000040
 -0.000162   0.000034   0.000095
 -0.000101   0.000278  -0.000237
  0.000007   0.000017   0.000041
  0.000141   0.000303   0.000568
 -0.047462  -0.031433   0.006711
 -0.000107  -0.000266   0.000013
 -0.000630   0.000631   0.000661
  0.000020   0.000014  -0.000020
  0.003726  -0.007827  -0.000402
 -0.000245  -0.000027  -0.000085
 -0.004838  -0.002897  -0.000329
 -0.000065  -0.000169   0.000113
  0.000215   0.000759   0.000371
 -0.000301  -0.000201  -0.000473
  0.000867   0.000558  -0.000493
  0.000391  -0.000363  -0.000258
  0.000308   0.000330   0.000254
  0.000428  -0.000631  -0.000195
  0.001333   0.000572   0.000058
  0.000307  -0.000156  -0.000258
 -0.001898  -0.000713   0.000292
 -0.000831   0.000907   0.000596
  0.000150   0.001197  -0.000602
 -0.000036  -0.000403   0.000135
   17    3  0.0000  0.0000  0.0150
 -0.018692  -0.017670   0.092771
  0.000164   0.000064   0.000650
  0.005184  -0.001469  -0.008379
 -0.000207  -0.000163  -0.000068
 -0.002526  -0.004014   0.010956
  0.000059   0.000032  -0.000094
 -0.030440  -0.003700   0.103472
  0.000075  -0.000089   0.000240
 -0.006889  -0.008456  -0.010697
 -0.000108   0.000103  -0.000012
 -0.003173   0.002362   0.005399
 -0.000061   0.000071  -0.000060
  0.007136   0.001544   0.000474
 -0.000183   0.000032   0.000011
 -0.015620   0.007049   0.080851
  0.000087  -0.000203   0.000437
  0.078425   0.017717  -0.228551
  0.000020   0.000127   0.000948
 -0.000990   0.000220  -0.000500
  0.000065   0.000003   0.000012
 -0.000824  -0.005689  -0.006261
  0.000276  -0.000049   0.000056
 -0.000009   0.000251   0.000253
 -0.000039  -0.000052   0.000030
  0.000082   0.000019  -0.000073
 -0.000022  -0.000009  -0.000026
 -0.000014   0.000086  -0.000066
  0.000022   0.000030   0.000056
 -0.000031  -0.000004   0.000032
  0.000020   0.000053  -0.000073
  0.000062   0.000030   0.000068
  0.000121   0.000015   0.000056
  0.000091  -0.000002  -0.000004
  0.000001   0.000020   0.000019
 -0.000039   0.000005   0.000013
 -0.000016  -0.000007   0.000007
  0.000003  -0.000008  -0.000001
  0.000194  -0.000350   0.001992
 -0.000019  -0.000013   0.000032
  0.000175  -0.000112  -0.000221
 -0.000530   0.000226  -0.000393
 -0.000012   0.000002  -0.000035
 -0.001253   0.000840  -0.010840
  0.000010   0.000029   0.000036
 -0.000025   0.000090   0.000529
 -0.000001   0.000003   0.000009
 -0.001068  -0.000579  -0.005414
 -0.000006   0.000001  -0.000009
  0.000153   0.000211   0.001230
 -0.000013   0.000013  -0.000030
 -0.001483   0.003802  -0.001001
 -0.000020  -0.000018   0.000001
 -0.000317   0.000928   0.000438
  0.000019   0.000000  -0.000068
  0.000108   0.000101  -0.000302
 -0.000003   0.000021   0.000018
  0.000401  -0.000704   0.000040
  0.000002  -0.000011   0.000006
 -0.001008   0.000108  -0.000621
 -0.000051  -0.000098   0.000045
  0.000205  -0.000396   0.000269
 -0.000083   0.000077   0.000128
 -0.000750  -0.000382   0.000314
  0.000001   0.000021  -0.000012
 -0.000015   0.000118  -0.000045
  0.000007   0.000003   0.000009
 -0.000005  -0.000001  -0.000003
  0.000010   0.000004  -0.000011
  0.000011   0.000010  -0.000010
 -0.000006  -0.000012  -0.000078
 -0.000014   0.000004   0.000003
  0.000040   0.000003   0.000047
 -0.000006  -0.000001  -0.000020
  0.000020  -0.000004   0.000022
  0.000023  -0.000018  -0.000016
 -0.000003  -0.000011  -0.000009
 -0.000008   0.000046  -0.000084
 -0.000005   0.000035   0.000052
 -0.000027   0.000055   0.000016
 -0.000003   0.000004   0.000001
  0.000016  -0.000001  -0.000041
 -0.000014   0.000005   0.000013
  0.000004   0.000008   0.000003
  0.000002  -0.000002   0.000000
 -0.000005   0.000003   0.000010
 -0.000001  -0.000007   0.000010
  0.000017  -0.000008  -0.000016
  0.000895   0.000255   0.002020
  0.000028  -0.000019   0.000007
  0.000018   0.000103  -0.000085
 -0.000004  -0.000003  -0.000018
 -0.000197   0.000066  -0.000038
 -0.005326   0.008388  -0.015051
 -0.000049   0.000000  -0.000063
 -0.000055  -0.000210  -0.000185
 -0.000016  -0.000013  -0.000042
 -0.001903  -0.002067  -0.011241
  0.000029   0.000066   0.000033
 -0.000221   0.001519  -0.000999
 -0.000019   0.000069  -0.000260
  0.000224  -0.000671  -0.000025
 -0.000099   0.000035  -0.000082
  0.000018  -0.000193   0.000053
  0.000056  -0.000035  -0.000020
  0.000023  -0.000143  -0.000084
  0.000300   0.000145   0.000002
  0.000150   0.000027   0.000104
  0.000224   0.000026  -0.000166
 -0.000221   0.000471  -0.000189
 -0.000255   0.000046   0.000053
 -0.000268  -0.000135  -0.001750
 -0.000004  -0.000017   0.000086
   19    1  0.0150  0.0000  0.0000
 -0.002136   0.001780   0.000221
 -0.000036   0.000213  -0.000038
  0.001171  -0.000349  -0.000298
 -0.000088  -0.000001   0.000119
 -0.000998   0.001902  -0.000124
 -0.000256  -0.000081   0.000013
 -0.002326   0.001060   0.000217
 -0.000367   0.000791  -0.000026
  0.001254  -0.000604  -0.000535
  0.000280  -0.000117  -0.000750
 -0.008120   0.000887   0.000137
 -0.000240   0.000036  -0.000514
  0.051983  -0.035864  -0.008392
 -0.001436  -0.001704  -0.000272
 -0.007595   0.012792   0.001615
  0.000362   0.000303   0.000110
  0.006443  -0.002592  -0.000985
  0.000114  -0.000384   0.000042
 -0.588863   0.012696  -0.044076
 -0.000034   0.000099  -0.000224
 -0.001941  -0.001010  -0.000655
 -0.000259   0.000103  -0.000177
  0.000167   0.000614   0.000727
  0.000266   0.000059  -0.000046
  0.000144  -0.000508  -0.000237
 -0.000168  -0.000017  -0.000001
 -0.000144   0.000160   0.000042
  0.000163   0.000076   0.000252
 -0.000080  -0.000022   0.000220
 -0.000110  -0.000026   0.000130
  0.000301   0.000372   0.000040
  0.000082  -0.000022   0.000050
  0.000332  -0.000268  -0.000077
  0.000060   0.000017   0.000008
  0.000009  -0.000362  -0.000032
  0.000113   0.000018  -0.000088
  0.000330   0.000214   0.000050
  0.000312  -0.000027  -0.000001
 -0.000702  -0.000145   0.000120
  0.000081   0.000194  -0.000207
  0.000185   0.000052  -0.000861
 -0.000153  -0.000013  -0.000093
 -0.000865   0.001398   0.000153
 -0.000063   0.000024  -0.000156
  0.000557  -0.000113  -0.000042
 -0.000051  -0.000128   0.000078
  0.000058  -0.000019   0.000027
  0.000215   0.000147   0.000204
  0.000469   0.000260   0.000004
 -0.000057  -0.000367   0.000556
 -0.000423   0.001721   0.000341
  0.000096  -0.000070  -0.000152
  0.142080   0.082300   0.132811
  0.000198  -0.000096  -0.000159
  0.080561  -0.099502  -0.000540
  0.000083   0.000008  -0.000046
  0.068674   0.022905  -0.045429
  0.000069  -0.000015   0.000126
  0.000073   0.000480   0.000084
  0.000204   0.000057  -0.000140
  0.000013  -0.000247  -0.000102
  0.000696  -0.000038  -0.000066
 -0.000354   0.000229   0.000213
 -0.000038  -0.000020   0.000063
 -0.000383  -0.000260  -0.000134
  0.000003   0.000004  -0.000026
  0.000033   0.000209   0.000177
 -0.000042  -0.000011   0.000034
  0.000016  -0.000050  -0.000044
 -0.000068  -0.000046   0.000004
  0.000008  -0.000038  -0.000073
  0.000286  -0.000057  -0.000095
  0.000031  -0.000120  -0.000039
 -0.000024  -0.000000  -0.000045
  0.000123   0.000130  -0.000098
  0.000042   0.000007   0.000023
  0.000041   0.000359  -0.000277
  0.000220   0.000164   0.000180
  0.000059   0.000150   0.000069
 -0.000025  -0.000012   0.000040
  0.000162  -0.000281   0.000014
  0.000080   0.000005   0.000001
  0.000069  -0.000001  -0.000187
 -0.000000  -0.000012   0.000035
  0.000044   0.000113   0.000041
  0.000043   0.000032  -0.000033
  0.000031  -0.000143  -0.000031
 -0.000130  -0.000082   0.000235
  0.000503   0.000074  -0.000270
  0.000018  -0.000063   0.000071
 -0.000002   0.000021  -0.000022
 -0.000310  -0.000102   0.000282
  0.000050  -0.000682   0.000039
  0.000163  -0.000215  -0.000085
  0.000062  -0.000121  -0.000235
 -0.000074  -0.000057  -0.000095
  0.255746  -0.001215  -0.033658
  0.000558   0.001195   0.000545
  0.000857   0.003100  -0.000187
 -0.000301  -0.000106   0.000396
 -0.001394  -0.000201   0.000130
 -0.000258   0.000861  -0.000250
 -0.001900  -0.000641   0.000888
 -0.001250   0.001011  -0.000413
 -0.000659  -0.000160  -0.000183
 -0.000800   0.000465   0.000089
 -0.002097  -0.001284  -0.000118
 -0.001576   0.000201  -0.000293
  0.004103   0.001149  -0.000413
  0.003121  -0.002266   0.000731
  0.004439  -0.000106  -0.000307
  0.000083  -0.000150   0.000356
   19    2  0.0000  0.0150 -0.0000
  0.000014  -0.000304  -0.000030
 -0.000012   0.000192   0.000003
  0.000030   0.000403   0.000032
 -0.000128  -0.000110   0.000020
 -0.000007  -0.000838   0.000079
  0.000137  -0.000074  -0.000063
 -0.000233  -0.001006   0.000023
 -0.000165   0.000192   0.000027
 -0.002451   0.000227   0.000214
 -0.000002  -0.000051  -0.000167
  0.000405   0.006682  -0.000155
 -0.000177   0.000269  -0.000011
 -0.060560   0.014268   0.010808
 -0.000043  -0.000055   0.000005
 -0.005992   0.003294   0.001729
  0.000039   0.000064   0.000025
 -0.001259  -0.000511   0.000212
  0.000139  -0.000109  -0.000010
  0.012921  -0.875751  -0.001774
 -0.000098   0.000006   0.000031
 -0.000150   0.000324  -0.000259
  0.000001  -0.000045  -0.000021
 -0.000104  -0.000075  -0.000028
 -0.000032   0.000028  -0.000002
 -0.000070   0.000249   0.000029
  0.000014  -0.000025   0.000009
 -0.000072  -0.000052   0.000081
  0.000040   0.000019   0.000004
  0.000025   0.000030   0.000023
 -0.000039  -0.000001  -0.000001
 -0.000046   0.000046   0.000111
 -0.000005   0.000007  -0.000029
  0.000030   0.000200   0.000229
  0.000047  -0.000018   0.000004
  0.000064  -0.000031   0.000038
  0.000016  -0.000019   0.000003
  0.000222   0.000081   0.000046
  0.000090  -0.000009   0.000103
 -0.000317  -0.000058   0.000052
 -0.000127   0.000061  -0.000029
 -0.001070   0.000183   0.000034
  0.000039  -0.000032   0.000037
  0.001166   0.000421  -0.000188
  0.000023  -0.000020  -0.000030
 -0.000079  -0.000026   0.000013
 -0.000013  -0.000019  -0.000064
 -0.000231   0.000556  -0.000018
  0.000042   0.000062   0.000021
 -0.000378  -0.000212   0.000091
  0.000061  -0.000332   0.000214
 -0.002389   0.002765   0.000305
 -0.000017  -0.000016  -0.000013
  0.076456   0.148313   0.130634
 -0.000016   0.000032  -0.000002
 -0.077717   0.443115   0.008021
  0.000009  -0.000015   0.000013
  0.020139   0.141411  -0.142835
 -0.000009  -0.000008  -0.000018
  0.000009  -0.000059   0.000046
 -0.000029  -0.000011  -0.000005
 -0.000263   0.001018  -0.000456
  0.000022  -0.000031   0.000029
  0.000036  -0.000050   0.000010
 -0.000009   0.000001  -0.000006
  0.000133   0.000134   0.000377
 -0.000003  -0.000005   0.000000
 -0.000015  -0.000105  -0.000050
  0.000003   0.000022   0.000020
 -0.000005  -0.000017  -0.000031
  0.000026  -0.000003   0.000002
 -0.000008  -0.000049  -0.000035
  0.000079  -0.000064  -0.000029
 -0.000013   0.000001  -0.000013
  0.000018  -0.000023  -0.000005
  0.000035   0.000043  -0.000021
 -0.000019  -0.000005  -0.000011
 -0.000054   0.000129  -0.000108
 -0.000016  -0.000132  -0.000131
  0.000017  -0.000071  -0.000065
  0.000010  -0.000012   0.000012
 -0.000297   0.000315   0.000010
  0.000008   0.000011   0.000001
 -0.000033  -0.000100   0.000133
 -0.000006   0.000006   0.000003
  0.000008  -0.000025  -0.000033
 -0.000000   0.000018  -0.000011
 -0.000002  -0.000041  -0.000007
 -0.000005   0.000002   0.000006
  0.000244   0.000115  -0.000128
  0.000026  -0.000033   0.000013
 -0.000013   0.000015  -0.000071
 -0.000049   0.000044  -0.000016
 -0.000447   0.000951  -0.000057
 -0.000049   0.000018   0.000056
  0.000022  -0.000067  -0.000029
  0.000024   0.000033   0.000065
  0.041003   0.113546  -0.008008
 -0.000021  -0.000042  -0.000132
 -0.000185   0.000572   0.000460
 -0.000003   0.000045  -0.000028
 -0.000111  -0.000094   0.000019
  0.000144  -0.000140   0.000479
  0.000155  -0.000098  -0.000017
 -0.000534   0.000709   0.000463
  0.000039  -0.000108  -0.000019
  0.001272   0.000185   0.001469
  0.000392  -0.000031   0.000158
  0.000408  -0.000028   0.000774
 -0.000095   0.000535  -0.000021
 -0.000006  -0.000000  -0.002856
 -0.000031  -0.000996   0.000399
  0.000030   0.000293  -0.000179
   19    3  0.0000  0.0000  0.0150
  0.000506  -0.000464   0.000175
 -0.000084   0.000140  -0.000013
 -0.000389   0.000123  -0.000065
 -0.000035  -0.000109  -0.000024
  0.000306  -0.000348   0.000036
  0.000065  -0.000120  -0.000012
  0.000492  -0.000076  -0.000312
 -0.000134   0.000223   0.000011
 -0.000442  -0.000194  -0.001592
 -0.000107  -0.000141  -0.000059
  0.000645  -0.000636  -0.005960
 -0.000150   0.000413   0.000948
 -0.006749   0.005190   0.006554
  0.000127   0.000224   0.000195
  0.002742  -0.002935   0.002268
  0.000008   0.000120  -0.000100
 -0.001252   0.000699  -0.000509
  0.000162  -0.000050   0.000026
 -0.044211  -0.001697  -0.781890
 -0.000190  -0.000037   0.000072
  0.000667   0.000127  -0.000257
 -0.000006  -0.000036   0.000093
 -0.000165  -0.000542  -0.000160
 -0.000028   0.000003   0.000095
  0.000035  -0.000005   0.000096
  0.000068   0.000024   0.000031
  0.000126  -0.000045  -0.000021
 -0.000102  -0.000087  -0.000054
  0.000035   0.000030  -0.000089
  0.000130  -0.000023   0.000008
 -0.000044  -0.000442  -0.000071
  0.000012  -0.000008   0.000131
 -0.000066   0.000006   0.000009
  0.000053   0.000032   0.000049
 -0.000060   0.000130  -0.000006
 -0.000064   0.000057   0.000074
 -0.000325  -0.000233  -0.000107
 -0.000171   0.000038  -0.000138
  0.000669   0.000073  -0.000243
  0.000217  -0.000202   0.000102
  0.001649  -0.000321  -0.000013
 -0.000041  -0.000004  -0.000132
  0.000121  -0.000298  -0.000066
 -0.000029  -0.000031   0.000067
 -0.000097  -0.000019  -0.000064
  0.000023  -0.000021  -0.000004
  0.000196  -0.000026   0.000532
  0.000107   0.000072   0.000148
  0.000015   0.000051   0.000691
  0.000034   0.000022   0.000272
 -0.000512   0.000558   0.000560
 -0.000012  -0.000013   0.000045
  0.124295   0.132019   0.273858
  0.000010   0.000012  -0.000014
 -0.001795   0.014420   0.068754
  0.000008  -0.000007   0.000019
 -0.040155  -0.145803   0.347960
  0.000040  -0.000021  -0.000017
 -0.000158  -0.000167  -0.000048
 -0.000020   0.000001   0.000003
 -0.000104   0.000539  -0.000089
  0.000061  -0.000012   0.000122
  0.000187  -0.000219  -0.000109
  0.000002   0.000005   0.000045
 -0.000056   0.000075  -0.000185
  0.000001   0.000007   0.000019
  0.000007   0.000013   0.000013
  0.000011  -0.000022  -0.000009
 -0.000020   0.000049   0.000042
 -0.000001   0.000021  -0.000012
  0.000003   0.000074   0.000109
 -0.000239   0.000112   0.000084
  0.000009   0.000112   0.000007
 -0.000011   0.000030   0.000050
 -0.000223  -0.000146   0.000139
  0.000027   0.000007   0.000010
 -0.000178   0.000160  -0.000435
  0.000042   0.000057   0.000121
 -0.000009   0.000010  -0.000029
 -0.000003  -0.000015   0.000072
  0.000041   0.000022  -0.000025
  0.000013  -0.000006   0.000021
  0.000034   0.000092   0.000036
  0.000013  -0.000003  -0.000013
 -0.000019  -0.000014   0.000030
 -0.000006  -0.000053   0.000051
 -0.000043   0.000135   0.000076
  0.000040  -0.000017  -0.000060
 -0.000474  -0.000036   0.000388
 -0.000075   0.000081  -0.000033
 -0.000049   0.000012   0.000106
  0.000164  -0.000006   0.000029
  0.000215   0.000014   0.000630
 -0.000024   0.000004  -0.000035
  0.000035  -0.000034   0.000203
 -0.000008  -0.000032  -0.000104
 -0.033657   0.001233   0.088922
  0.000100  -0.000195  -0.000176
 -0.001031  -0.001455  -0.000991
 -0.000024   0.000046  -0.000150
 -0.000272  -0.000068   0.000153
  0.000087   0.000146   0.000041
 -0.000285  -0.000094   0.000130
 -0.000058   0.000305  -0.000004
 -0.000081  -0.000091  -0.000219
 -0.000049   0.000629   0.000092
 -0.000674  -0.000992   0.000418
 -0.000055   0.000009  -0.000093
  0.000921   0.000340   0.000254
  0.000059  -0.000641   0.000102
 -0.000410  -0.000003  -0.001820
  0.000096   0.000165   0.000234
   21    1  0.0150  0.0000  0.0000
  0.249352  -0.010664  -0.021920
 -0.000198  -0.000346  -0.000028
  0.039588  -0.011404  -0.004583
  0.000317   0.000199   0.000006
 -0.002855  -0.002662  -0.001196
 -0.000957   0.000353   0.000396
 -0.004469  -0.001631   0.000747
 -0.000331  -0.000309   0.000201
 -0.000558   0.000216   0.000011
  0.000203  -0.000038  -0.000126
  0.000096   0.000082   0.000126
 -0.000101   0.000066   0.000030
  0.001374   0.003111  -0.000350
 -0.000133  -0.000294   0.000064
 -0.000381  -0.005009   0.000380
  0.000053   0.000242   0.000011
  0.013891   0.018598  -0.000849
 -0.000149   0.000050   0.000274
 -0.001914  -0.000125   0.000541
 -0.000236  -0.000005  -0.000008
 -0.701709   0.055440  -0.087629
 -0.000165   0.000262  -0.000155
  0.102185   0.002351  -0.002315
  0.000125  -0.000016   0.000071
 -0.007030   0.006323   0.009770
 -0.000079  -0.000012   0.000060
  0.001604  -0.001955   0.001901
  0.000028   0.000075   0.000150
  0.000482  -0.000013   0.000474
 -0.000024  -0.000083   0.000012
  0.010437   0.002181   0.000844
  0.000047  -0.000001   0.000073
 -0.001459  -0.003450  -0.000688
  0.000050   0.000090   0.000033
 -0.000130   0.000411  -0.000053
 -0.000033  -0.000049   0.000007
 -0.000081   0.000526   0.000061
  0.000332   0.000138   0.000088
 -0.000079  -0.000306   0.000351
 -0.000058  -0.000054  -0.000195
 -0.000330  -0.000247  -0.000086
 -0.000199   0.000073  -0.000144
 -0.000333   0.002772   0.000367
 -0.000086  -0.000000   0.000009
  0.000096   0.000198  -0.000015
  0.000162   0.000084   0.000170
 -0.000078  -0.000302   0.000010
  0.000074  -0.000009   0.000002
  0.000058  -0.000045  -0.000148
  0.000015   0.000074   0.000053
 -0.000112  -0.000324  -0.000168
  0.000042   0.000008  -0.000053
  0.000240  -0.000112  -0.000099
  0.000072  -0.000033  -0.000043
  0.000227   0.002056  -0.000778
  0.000003  -0.000019  -0.000014
  0.000395  -0.000337  -0.000113
  0.000054  -0.000010   0.000041
  0.144690  -0.098391   0.103205
  0.000138   0.000038  -0.000102
  0.013746   0.050930   0.008143
 -0.000111  -0.000025  -0.000298
 -0.003890   0.002465   0.013316
 -0.000011  -0.000008   0.000058
 -0.001280  -0.000524  -0.000578
 -0.000010   0.000007  -0.000012
  0.000647   0.000317   0.000491
 -0.000027  -0.000050  -0.000017
 -0.000743  -0.000079   0.000923
 -0.000045  -0.000061  -0.000006
 -0.000092   0.000027  -0.000035
  0.000080   0.000013   0.000016
  0.000361  -0.002099  -0.002459
 -0.000009   0.000031  -0.000008
 -0.000062   0.000114   0.000203
  0.000034   0.000004   0.000018
 -0.001761  -0.000226  -0.002403
  0.000121   0.000167   0.000172
  0.000159   0.000659   0.000273
  0.000004  -0.000004   0.000019
  0.001402   0.001355  -0.000198
  0.000002  -0.000018  -0.000031
  0.000074   0.000149  -0.000169
 -0.000029  -0.000027   0.000058
 -0.000012  -0.000099   0.000184
  0.000069   0.000083   0.000000
 -0.000127  -0.000087   0.000002
 -0.000116   0.000008   0.000193
  0.000066   0.000059  -0.000019
 -0.000005  -0.000055   0.000055
 -0.000033   0.000036   0.000004
 -0.000045  -0.000011   0.000068
  0.001075   0.000054   0.000065
  0.000311  -0.000208  -0.000945
  0.022424  -0.017544  -0.051902
 -0.000032  -0.000052  -0.000120
  0.001633  -0.002964  -0.000119
  0.000247   0.000321  -0.000033
  0.119909   0.015284   0.035829
  0.000144  -0.000152   0.000354
  0.000657  -0.000053   0.000744
 -0.001540  -0.002211  -0.000657
  0.000045   0.000326   0.000271
 -0.000489  -0.000563  -0.000158
 -0.000012   0.000529   0.000884
 -0.000563  -0.000634   0.000667
  0.005229  -0.002762   0.001007
 -0.001206  -0.000552  -0.000143
 -0.002684  -0.001783  -0.002309
  0.002047   0.002373  -0.000502
  0.001343   0.000625  -0.000220
  0.000942  -0.000843   0.000645
   21    2  0.0000  0.0150 -0.0000
  0.012336   0.115493  -0.009127
 -0.000182  -0.000806  -0.000069
 -0.039446  -0.012416   0.007947
  0.000276   0.000494  -0.000479
 -0.001610   0.008467   0.001198
 -0.000872  -0.000485   0.000900
  0.004293   0.004745  -0.000515
  0.000633   0.000174  -0.000055
  0.002347   0.000618  -0.000178
  0.000135  -0.000035   0.000155
  0.001136  -0.001179  -0.000310
  0.000176   0.000486   0.000014
 -0.002178   0.002330   0.000367
 -0.000259   0.000158  -0.000080
  0.001054  -0.000165   0.000102
  0.000089   0.000041   0.000092
  0.032595  -0.002391  -0.005710
 -0.000128   0.000240   0.000056
 -0.001017   0.000386   0.000097
 -0.000083  -0.000055   0.000042
  0.055256  -0.735055   0.083339
 -0.000271   0.000265  -0.000045
 -0.011635   0.094790   0.009109
  0.000267   0.000094   0.000110
  0.013778  -0.011193  -0.025755
  0.000037  -0.000108  -0.000005
 -0.004553   0.005352  -0.004788
  0.000078   0.000091   0.000110
 -0.000174   0.000475   0.000576
 -0.000030  -0.000062   0.000037
 -0.000399   0.000400   0.000189
  0.000001  -0.000044   0.000157
 -0.001370  -0.003034  -0.000650
 -0.000032   0.000159  -0.000006
 -0.000815   0.000151  -0.000241
 -0.000023  -0.000062   0.000036
  0.000179   0.000409   0.000147
  0.000276   0.000103   0.000092
 -0.000090  -0.000154   0.000199
 -0.000056  -0.000013  -0.000116
 -0.000378  -0.000341   0.000064
 -0.000163   0.000290  -0.000664
 -0.000814   0.002142   0.000081
 -0.000178   0.000056   0.000130
 -0.002031  -0.000631  -0.000352
  0.000108   0.000231   0.000653
  0.000328   0.000400  -0.000207
 -0.000086   0.000072  -0.000140
 -0.000064  -0.000041  -0.000030
 -0.000111   0.000184   0.000123
  0.000666   0.003119  -0.000077
  0.000146  -0.000004  -0.000034
  0.000223   0.000141  -0.000189
  0.000120  -0.000065  -0.000118
 -0.000547   0.003122  -0.000489
 -0.000026  -0.000007  -0.000021
  0.000280  -0.000088   0.000156
  0.000081  -0.000019   0.000046
 -0.110919   0.205554  -0.139376
  0.000297   0.000155  -0.000192
  0.010537   0.013545   0.006870
 -0.000118  -0.000005  -0.000444
 -0.007544   0.010301   0.035992
  0.000009  -0.000007   0.000072
 -0.000048   0.002207  -0.001101
 -0.000014   0.000006  -0.000006
 -0.000372   0.000783   0.000219
 -0.000031   0.000068   0.000065
  0.001934   0.000323  -0.002097
 -0.000028  -0.000091  -0.000021
 -0.000139  -0.000053  -0.000054
  0.000084   0.000010   0.000005
  0.000220  -0.000436  -0.000133
 -0.000030   0.000029   0.000027
  0.000103  -0.000064   0.000213
  0.000071   0.000012   0.000059
 -0.002076  -0.000234   0.000988
  0.000312   0.000701   0.000855
  0.000104   0.001282   0.000845
 -0.000020   0.000054   0.000056
  0.003256   0.001314  -0.001630
  0.000003   0.000004  -0.000046
  0.000143   0.000144  -0.000239
  0.000005  -0.000033   0.000008
  0.000365   0.000047   0.000450
  0.000009   0.000039  -0.000008
 -0.000007   0.000008   0.000078
 -0.000108  -0.000044   0.000033
  0.000019   0.000002  -0.000006
  0.000002  -0.000037   0.000029
 -0.000038  -0.000028   0.000041
 -0.000043   0.000022   0.000042
 -0.002910   0.002257   0.000163
  0.000136  -0.000312  -0.000427
 -0.001511   0.001191  -0.000692
 -0.000131  -0.000242  -0.000460
  0.001831  -0.002843  -0.000082
  0.000034   0.000073   0.000006
  0.059871   0.290362   0.050986
  0.000212  -0.000144   0.000355
  0.000605  -0.001011   0.000757
 -0.012412  -0.004123  -0.008371
  0.000554   0.000546   0.000494
 -0.000362  -0.001990  -0.001112
  0.000467   0.001120   0.001658
 -0.002186  -0.002730   0.001187
  0.001202  -0.001392   0.000096
 -0.003679  -0.002520  -0.000991
 -0.003257  -0.000007  -0.002507
  0.005480   0.010797   0.001101
  0.002743   0.001936  -0.001262
  0.000102  -0.003767   0.001630
   21    3  0.0000  0.0000  0.0150
 -0.007645  -0.001675   0.103563
 -0.000337  -0.000304  -0.000062
 -0.002951   0.000716  -0.011010
  0.000030   0.000212  -0.000210
 -0.001826  -0.000246  -0.013704
 -0.000155   0.000501   0.000668
  0.001410  -0.001809  -0.009558
  0.000245  -0.000230   0.000599
  0.000285   0.000629   0.000957
  0.000060   0.000094  -0.000101
  0.000718  -0.000334   0.000229
 -0.000058   0.000101  -0.000093
 -0.000791   0.000427   0.000864
 -0.000156  -0.000287  -0.000015
  0.000465   0.001790   0.004210
  0.000034   0.000203  -0.000033
 -0.006022  -0.003332  -0.006313
 -0.000176  -0.000214   0.000066
 -0.000686  -0.000245  -0.000296
 -0.000150   0.000016   0.000090
 -0.087612   0.083337  -0.628145
 -0.000164   0.000037   0.000072
 -0.034352   0.003017   0.194427
  0.000068   0.000026   0.000219
 -0.003431  -0.002695   0.036693
  0.000160  -0.000051  -0.000000
  0.003002  -0.001857   0.002665
 -0.000008   0.000042   0.000047
  0.000502  -0.000498   0.000082
 -0.000004  -0.000105  -0.000033
  0.000322  -0.000455  -0.000546
 -0.000034  -0.000019   0.000151
 -0.000435  -0.001524   0.000998
  0.000018   0.000079   0.000075
  0.000069   0.000113   0.000078
 -0.000001  -0.000029   0.000059
  0.000361  -0.000429  -0.000242
  0.000206   0.000130   0.000189
  0.000125   0.000197  -0.000657
 -0.000073  -0.000022  -0.000033
  0.000154  -0.000232   0.000422
 -0.000127   0.000051  -0.000534
  0.000224   0.000236   0.006090
 -0.000049   0.000016   0.000036
  0.000149  -0.000129   0.001245
  0.000063   0.000094   0.000158
 -0.000023  -0.000096  -0.000513
  0.000036  -0.000012   0.000077
  0.000031   0.000008  -0.000259
 -0.000002   0.000045   0.000069
 -0.000441  -0.001091  -0.001113
  0.000045   0.000013   0.000005
  0.000126  -0.000231   0.000069
  0.000056  -0.000009  -0.000062
 -0.000412   0.002252  -0.000224
  0.000012   0.000002   0.000019
  0.000203  -0.000375   0.000098
  0.000033  -0.000034   0.000012
  0.108545  -0.135232   0.193790
  0.000099   0.000028  -0.000097
  0.007906   0.034480   0.010518
  0.000142  -0.000011   0.000006
  0.001548   0.002406   0.006245
  0.000008   0.000003   0.000078
 -0.000856   0.003395  -0.000638
 -0.000035   0.000021   0.000029
  0.000211   0.000278   0.000515
 -0.000030   0.000024   0.000102
 -0.000827   0.000215   0.000494
  0.000048  -0.000031  -0.000073
 -0.000072  -0.000104  -0.000018
 -0.000001  -0.000007  -0.000041
  0.001003  -0.000113  -0.000548
 -0.000014   0.000004   0.000001
 -0.000166   0.000429  -0.000109
  0.000035   0.000009   0.000037
  0.001051   0.000615  -0.003777
  0.000092   0.000230   0.000334
  0.000348   0.000838  -0.000077
 -0.000006   0.000003   0.000055
  0.001006  -0.000443  -0.001180
  0.000015  -0.000017   0.000034
 -0.000056   0.000021  -0.000176
 -0.000024  -0.000018   0.000042
  0.000106   0.000045   0.000058
 -0.000012   0.000075  -0.000026
 -0.000139  -0.000015   0.000093
  0.000063  -0.000116  -0.000166
 -0.000120   0.000131   0.000055
 -0.000006  -0.000028   0.000017
 -0.000035  -0.000046   0.000028
  0.000022   0.000068  -0.000030
 -0.000315   0.002012   0.004672
  0.000093  -0.000554  -0.000058
 -0.010182   0.003606   0.007384
 -0.000031  -0.000081  -0.000267
  0.000875  -0.001137  -0.000387
  0.000232   0.000308  -0.000014
  0.031580   0.012594   0.101449
  0.000025  -0.000012  -0.000080
 -0.000843   0.000779   0.000018
 -0.001572  -0.001998  -0.001398
 -0.000590  -0.000425   0.000747
 -0.000077  -0.000584  -0.000375
 -0.000356   0.000215   0.000185
 -0.001228  -0.000948   0.000194
 -0.002037   0.001495   0.000454
 -0.001103  -0.000569  -0.000454
  0.001293   0.000121  -0.000928
  0.001526   0.002451   0.000881
  0.000808   0.000363  -0.000537
  0.000963  -0.000584   0.001401
   23    1  0.0150  0.0000  0.0000
  0.025196  -0.006195  -0.042970
  0.000266   0.000218  -0.000018
  0.001257   0.001453   0.001549
 -0.000231  -0.000189  -0.000043
  0.001307   0.000080   0.002452
  0.000336  -0.000121  -0.000213
 -0.000274  -0.000110   0.001572
 -0.000008   0.000032   0.000082
 -0.000019   0.000137  -0.000412
 -0.000275   0.000173   0.000103
  0.000071  -0.000136  -0.000165
 -0.000023  -0.000104   0.000011
 -0.000263   0.000069  -0.000237
  0.000110   0.000256  -0.000037
  0.000325   0.000208  -0.000709
  0.000079  -0.000129   0.000016
  0.001740   0.000102  -0.000038
  0.000244   0.000018  -0.000041
  0.000175  -0.000110  -0.000171
  0.000278   0.000025  -0.000032
  0.102177  -0.011626  -0.034310
  0.000135  -0.000260   0.000062
 -0.582090  -0.067350  -0.013208
  0.000132  -0.000023  -0.000094
  0.119397  -0.037249   0.033665
  0.000112   0.000191   0.000149
 -0.015225   0.019052  -0.014777
  0.000022  -0.000008   0.000207
 -0.002285  -0.000356   0.002063
 -0.000065  -0.000216  -0.000079
  0.017789  -0.013460  -0.025001
 -0.000054   0.000068   0.000012
  0.030836   0.019990  -0.005605
 -0.000109  -0.000098  -0.000000
 -0.000294  -0.002424   0.000254
  0.000104   0.000065  -0.000103
 -0.000166  -0.001326   0.000768
  0.000331   0.000212   0.000485
  0.000371   0.000621  -0.000628
 -0.000203  -0.000086  -0.000084
 -0.000236   0.000459  -0.000184
  0.000045  -0.000076   0.000254
  0.000080  -0.000312  -0.001337
  0.000076  -0.000002  -0.000009
  0.000275  -0.000146  -0.000340
 -0.000132  -0.000074   0.000006
  0.000086   0.000148   0.000219
 -0.000052  -0.000020   0.000059
  0.000192   0.000050   0.000127
 -0.000060  -0.000017  -0.000015
 -0.000410   0.000984  -0.000471
  0.000007  -0.000003  -0.000006
 -0.000107   0.000025   0.000049
  0.000012   0.000066  -0.000007
 -0.000170  -0.000378   0.000107
  0.000052  -0.000018   0.000026
 -0.000181   0.000145   0.000082
 -0.000003   0.000021   0.000005
 -0.006160   0.003844   0.019930
  0.000020   0.000017   0.000024
 -0.003739   0.001928   0.001298
  0.000533  -0.000064   0.000326
  0.100958   0.119088   0.024562
  0.000016   0.000009  -0.000007
  0.002054   0.000025   0.001472
  0.000017  -0.000018  -0.000016
  0.014185  -0.027209   0.027533
 -0.000037  -0.000094  -0.000145
  0.005133   0.000138  -0.005347
  0.000003  -0.000049   0.000002
  0.000997  -0.000243   0.001005
  0.000093   0.000021  -0.000041
 -0.001359   0.001305   0.001347
 -0.000056   0.000018  -0.000088
 -0.001359   0.001425   0.003274
  0.000058   0.000029   0.000007
  0.027497  -0.010646   0.005374
 -0.000005  -0.000011  -0.000042
 -0.001991   0.001319   0.000337
 -0.000020   0.000010  -0.000013
 -0.001963  -0.001756   0.001468
  0.000059  -0.000013   0.000062
 -0.000147  -0.000571   0.001334
  0.000061   0.000035  -0.000078
  0.001028  -0.000494   0.000831
 -0.000040  -0.000175  -0.000034
  0.000487   0.000311   0.000243
  0.000282  -0.000058  -0.000135
 -0.000313  -0.000126   0.000155
  0.000024  -0.000043  -0.000105
  0.000139  -0.000040   0.000031
  0.000039   0.000063   0.000031
 -0.000457  -0.000416  -0.000782
  0.000007   0.000100   0.000269
  0.165276  -0.006366  -0.000061
 -0.000005   0.000054   0.000135
  0.000036  -0.000002   0.000027
 -0.000306  -0.000279   0.000049
 -0.002007   0.012893   0.018575
 -0.000432   0.000199  -0.000182
 -0.001204   0.001394  -0.000430
  0.001418   0.000041   0.000183
 -0.001057   0.000931  -0.001395
  0.000361   0.000035  -0.000328
 -0.000420  -0.000589  -0.001814
  0.000067   0.000080  -0.001181
 -0.002041   0.003671  -0.005784
  0.000099   0.000212  -0.000146
  0.004563  -0.001382   0.003724
 -0.000551  -0.000867   0.001274
  0.000552  -0.000526   0.000137
 -0.001068   0.000601   0.000090
   23    2  0.0000  0.0150 -0.0000
 -0.010738  -0.003110  -0.000281
 -0.000027   0.000026   0.000048
  0.002152  -0.000366  -0.000296
 -0.000040  -0.000000   0.000162
 -0.001243  -0.000006   0.000468
  0.000009   0.000439  -0.000152
 -0.001222   0.000063   0.000384
 -0.000128  -0.000324  -0.000038
 -0.000513  -0.000119   0.000126
  0.000002  -0.000076  -0.000029
 -0.000194   0.000244  -0.000004
  0.000002   0.000002  -0.000013
  0.000078  -0.000170  -0.000195
 -0.000001  -0.000167  -0.000010
  0.000653   0.000615   0.000032
 -0.000009   0.000113  -0.000002
  0.002839   0.000562   0.000250
 -0.000173  -0.000169   0.000055
  0.000614  -0.000067  -0.000550
 -0.000063   0.000043  -0.000003
  0.002326   0.094737   0.002934
  0.000015   0.000094  -0.000026
 -0.067731  -0.829325  -0.014101
  0.000017  -0.000256  -0.000103
 -0.031165   0.175384  -0.062671
 -0.000299   0.000420   0.000177
  0.005180   0.001929  -0.008896
 -0.000170  -0.000167   0.000059
 -0.000028  -0.002410   0.001057
  0.000003  -0.000116   0.000043
 -0.026427   0.003906   0.007836
 -0.000009   0.000013   0.000052
  0.044200  -0.009067  -0.002745
  0.000004  -0.000010  -0.000027
 -0.001360  -0.001001   0.000081
  0.000069   0.000118  -0.000044
 -0.000099   0.000043   0.000779
 -0.000053   0.000073  -0.000186
  0.000213  -0.000089  -0.000298
  0.000179   0.000025   0.000060
  0.000327  -0.000104   0.000011
 -0.000057  -0.000040   0.000136
  0.000339   0.000316   0.000030
  0.000030   0.000027  -0.000046
  0.000024   0.000046   0.000026
  0.000002   0.000022  -0.000145
  0.000029  -0.000090  -0.000181
  0.000023  -0.000004  -0.000006
 -0.000105   0.000069  -0.000001
  0.000021  -0.000012  -0.000045
  0.000406   0.001074  -0.001552
 -0.000020   0.000004  -0.000006
 -0.000068  -0.000053  -0.000035
 -0.000006  -0.000006   0.000004
 -0.000077  -0.000236   0.000345
 -0.000004   0.000025  -0.000009
 -0.000129   0.000219   0.000219
  0.000011   0.000004   0.000003
  0.006397  -0.007724  -0.026353
 -0.000057  -0.000056   0.000058
 -0.003762   0.003895   0.001824
 -0.000198   0.000039  -0.000050
  0.106659   0.375998   0.067200
  0.000025   0.000011   0.000032
 -0.013751   0.028818  -0.033051
  0.000075  -0.000004   0.000008
  0.002951  -0.005604   0.008788
  0.000163  -0.000333  -0.000247
 -0.001546  -0.001209   0.002548
 -0.000072   0.000083   0.000078
 -0.000367   0.001029   0.000086
 -0.000071   0.000034  -0.000010
  0.000108   0.002546   0.003443
  0.000003   0.000029  -0.000011
 -0.001761   0.000341   0.000568
  0.000032   0.000009   0.000021
 -0.023544   0.000861   0.005682
 -0.000039  -0.000119  -0.000198
  0.003778   0.008998  -0.002199
  0.000017  -0.000003   0.000002
 -0.000495  -0.001008   0.001075
 -0.000019   0.000028  -0.000013
  0.000028   0.000093  -0.000036
  0.000013   0.000037  -0.000032
 -0.000738  -0.000608  -0.000116
  0.000016  -0.000087   0.000052
 -0.000132  -0.000011  -0.000166
  0.000658  -0.000303   0.000252
 -0.000231   0.000291   0.000074
 -0.000078   0.000073   0.000039
 -0.000089   0.000071   0.000055
  0.000103   0.000183   0.000018
  0.001629  -0.000259  -0.000256
 -0.000008  -0.000049  -0.000231
  0.002435   0.122674  -0.007699
  0.000137   0.000140   0.000178
 -0.000516   0.000454   0.000084
  0.000130   0.000167   0.000004
  0.002907   0.037423   0.054200
  0.000165  -0.000047   0.000042
  0.000490  -0.000236   0.000059
  0.001127  -0.000042   0.000759
  0.000050   0.000065  -0.000431
  0.000118   0.000138   0.000274
  0.000314   0.000101   0.000418
  0.000304   0.000221   0.000175
  0.001268   0.000301   0.000748
  0.000483   0.000230   0.000231
 -0.001308  -0.000226   0.000240
 -0.000899  -0.000685  -0.000609
 -0.000923  -0.000193   0.000014
  0.000415   0.000323  -0.000301
   23    3  0.0000  0.0000  0.0150
 -0.025009  -0.005835   0.007083
 -0.000104  -0.000010  -0.000031
  0.006188  -0.001302   0.000533
 -0.000004   0.000080  -0.000017
 -0.001414  -0.001122   0.001220
  0.000099   0.000069  -0.000061
 -0.001381   0.001299   0.000319
  0.000067   0.000054   0.000101
 -0.000249  -0.000826   0.000045
  0.000024  -0.000008  -0.000005
 -0.000855   0.000458  -0.000039
  0.000033   0.000020  -0.000016
  0.000746  -0.000093   0.000232
 -0.000005  -0.000040   0.000061
 -0.000180  -0.000700   0.001546
 -0.000045  -0.000006  -0.000072
  0.002577  -0.000039   0.000284
  0.000028  -0.000014   0.000023
  0.000691  -0.000053  -0.000149
 -0.000042   0.000001   0.000086
 -0.002398   0.009228   0.194437
  0.000060  -0.000084   0.000188
 -0.013238  -0.014033  -0.662567
 -0.000098   0.000101   0.000184
  0.028534  -0.058491   0.160264
  0.000294  -0.000152  -0.000107
  0.005695  -0.025168   0.046234
  0.000083  -0.000026  -0.000026
  0.000417  -0.001046  -0.000496
 -0.000007  -0.000050  -0.000111
 -0.043816   0.007485   0.011065
 -0.000093  -0.000016   0.000072
 -0.003905  -0.000548  -0.000883
 -0.000025  -0.000008   0.000009
  0.001530   0.000780  -0.000285
  0.000015   0.000037   0.000012
  0.000730   0.002093   0.002254
  0.000112   0.000058   0.000495
 -0.000414  -0.000879   0.001053
 -0.000178  -0.000067  -0.000056
  0.000425   0.000142   0.000339
  0.000127  -0.000014  -0.000280
 -0.000054   0.000014  -0.000698
  0.000009   0.000002   0.000071
  0.000211   0.000195  -0.000076
 -0.000006  -0.000025   0.000005
  0.000040   0.000013  -0.000017
 -0.000001   0.000004   0.000016
 -0.000165   0.000028  -0.000007
  0.000015  -0.000004   0.000023
 -0.001052  -0.000641   0.000003
 -0.000003  -0.000005   0.000069
 -0.000095  -0.000052   0.000029
 -0.000024  -0.000001   0.000019
  0.000030  -0.000021  -0.000127
 -0.000005   0.000017   0.000025
 -0.000106  -0.000082   0.000074
 -0.000008  -0.000023  -0.000015
 -0.009689   0.003527   0.035521
 -0.000045  -0.000029   0.000043
 -0.001969   0.001143   0.002873
 -0.000041   0.000067   0.000185
  0.019345   0.064049   0.077257
 -0.000010  -0.000006   0.000006
 -0.006256   0.004512  -0.012244
 -0.000030  -0.000000   0.000058
  0.003763  -0.008919   0.009374
 -0.000185   0.000198   0.000236
 -0.005304  -0.000341   0.003073
  0.000172  -0.000001  -0.000168
  0.000134  -0.000965  -0.000902
 -0.000074  -0.000062  -0.000049
 -0.001772   0.004833   0.005888
  0.000006  -0.000052   0.000023
  0.000278  -0.000926  -0.000697
 -0.000009   0.000004   0.000025
  0.034074  -0.000116  -0.011868
 -0.000016   0.000077   0.000161
  0.000389   0.000096  -0.000493
  0.000003  -0.000004   0.000007
  0.000643   0.000542  -0.000663
 -0.000006   0.000021   0.000041
 -0.000233  -0.000016  -0.000130
  0.000053   0.000014  -0.000064
  0.000840   0.000680   0.000033
 -0.000096  -0.000103  -0.000003
 -0.000173  -0.000024   0.000222
  0.000131   0.000048  -0.000380
 -0.000015  -0.000034  -0.000051
  0.000041  -0.000029  -0.000053
  0.000008  -0.000142   0.000019
  0.000025  -0.000025  -0.000019
  0.002292  -0.000701  -0.000454
 -0.000030  -0.000084  -0.000011
  0.004165  -0.004117   0.117022
 -0.000047  -0.000062  -0.000144
 -0.000872   0.001046   0.000192
  0.000064   0.000044  -0.000089
  0.008399   0.025515   0.013087
  0.000014   0.000064  -0.000332
 -0.000127  -0.000458  -0.000217
  0.000014  -0.000049  -0.000122
  0.000623  -0.000941   0.000923
  0.000037  -0.000064  -0.000093
 -0.000111  -0.000158  -0.000045
  0.000232   0.000185  -0.000071
 -0.001663  -0.000629   0.001348
  0.000089  -0.000035  -0.000139
  0.000580   0.001638  -0.000844
 -0.000141   0.000053   0.000159
 -0.001451   0.000068  -0.000066
  0.000155  -0.000024   0.000302
   25    1  0.0150  0.0000  0.0000
 -0.003048   0.000885  -0.001163
 -0.000261  -0.000162   0.000038
  0.000154   0.000084  -0.000100
  0.000161   0.000121   0.000054
 -0.000017  -0.000104  -0.000080
 -0.000317   0.000234   0.000058
 -0.000086   0.000228  -0.000041
  0.000040  -0.000045  -0.000054
  0.000112   0.000008   0.000005
  0.000112  -0.000100  -0.000035
  0.000072   0.000118   0.000016
  0.000031   0.000078  -0.000015
 -0.000015  -0.000444  -0.000084
 -0.000082  -0.000110   0.000025
  0.000046   0.000404  -0.000165
 -0.000023   0.000069  -0.000059
  0.000191  -0.000029   0.000069
 -0.000200   0.000003  -0.000005
  0.000173  -0.000040   0.000040
 -0.000166  -0.000007   0.000079
 -0.007027   0.013789  -0.003418
 -0.000086  -0.000021   0.000142
  0.119449  -0.031127   0.028482
  0.000024   0.000273   0.000291
 -0.785305  -0.030202  -0.045786
 -0.001305   0.000292  -0.001075
  0.158900   0.001234  -0.063390
  0.000207   0.000044  -0.000273
  0.010408  -0.007659  -0.011850
  0.000167  -0.000046   0.000001
 -0.001139   0.002119   0.001227
 -0.000059  -0.000035   0.000048
 -0.002372  -0.001865   0.000740
  0.000035   0.000020   0.000024
  0.042875   0.004382  -0.031096
  0.000014  -0.000071  -0.000005
 -0.002140   0.001547   0.000602
 -0.000539  -0.000498   0.000421
  0.000351  -0.000006   0.000264
 -0.000230  -0.000009  -0.000190
  0.000033   0.000067   0.000114
 -0.000232  -0.000138  -0.000430
  0.000001   0.000203   0.000157
 -0.000057   0.000007  -0.000000
  0.000010   0.000036  -0.000005
  0.000097   0.000072  -0.000083
  0.000010   0.000022  -0.000011
  0.000020  -0.000008   0.000012
 -0.000015  -0.000011   0.000004
  0.000030   0.000016  -0.000007
  0.000138  -0.000356   0.000141
  0.000014   0.000018   0.000037
 -0.000014   0.000020   0.000037
  0.000013  -0.000011  -0.000002
  0.000058   0.000086  -0.000206
 -0.000005  -0.000004   0.000009
  0.000015  -0.000100  -0.000024
  0.000005  -0.000015  -0.000010
  0.000622  -0.001895  -0.004541
  0.000019   0.000006  -0.000051
  0.000664   0.000029   0.000334
 -0.000005   0.000009   0.000023
 -0.003974   0.003704  -0.007167
 -0.000023  -0.000025   0.000069
  0.067099  -0.028372  -0.010580
 -0.000141   0.000092  -0.000035
  0.365458   0.109001   0.099979
  0.002239  -0.000152   0.002977
 -0.010652   0.000981   0.011413
  0.000312  -0.000187  -0.000109
 -0.000509  -0.001280  -0.000077
  0.000008  -0.000086  -0.000066
 -0.000235   0.000384  -0.000229
  0.000032  -0.000067   0.000026
 -0.000215  -0.000049  -0.000426
 -0.000019   0.000038   0.000057
  0.007123   0.000812  -0.005224
  0.000010   0.000139   0.000231
 -0.000770  -0.000167  -0.000439
 -0.000010  -0.000018  -0.000006
  0.000328   0.000345  -0.000035
 -0.000009  -0.000005   0.000031
 -0.002648  -0.001233  -0.000188
  0.000003  -0.000007  -0.000011
  0.006320   0.004088   0.002612
 -0.000073   0.000023  -0.000013
  0.000005  -0.000258   0.000139
  0.001104   0.001065  -0.000521
 -0.000085   0.000014   0.000211
  0.000010  -0.000061  -0.000041
  0.000200   0.000024  -0.000296
  0.000017  -0.000015   0.000003
  0.000263   0.000016   0.000038
  0.000096  -0.000274  -0.000081
  0.039776  -0.036219   0.036148
 -0.000172  -0.000126  -0.000323
 -0.000176   0.000222   0.000019
  0.000187   0.000159  -0.000029
 -0.000957  -0.003287   0.002037
  0.000073   0.000032  -0.000170
 -0.000027  -0.000166  -0.000027
 -0.000431  -0.000233  -0.000186
  0.000175  -0.000366   0.000506
 -0.000138  -0.000096  -0.000002
 -0.000136   0.000061   0.000113
 -0.000059  -0.000112   0.000107
 -0.000759  -0.000490   0.000995
 -0.000195  -0.000147  -0.000143
  0.000297   0.000461  -0.000625
  0.000398   0.000429  -0.000020
 -0.000221   0.000117  -0.000155
  0.000578  -0.000116   0.000273
   25    2  0.0000  0.0150 -0.0000
  0.001112  -0.000510  -0.000587
 -0.000001   0.000193  -0.000023
 -0.001059  -0.000874   0.000498
 -0.000070  -0.000128  -0.000121
  0.000594   0.000274   0.000016
  0.000106  -0.000002  -0.000013
  0.000393   0.000002  -0.000047
 -0.000112  -0.000039   0.000061
  0.000013  -0.000038  -0.000007
 -0.000014   0.000098   0.000037
  0.000048  -0.000014   0.000042
 -0.000054  -0.000079   0.000015
 -0.000188   0.000776   0.000062
  0.000055   0.000105  -0.000011
 -0.000202  -0.000192  -0.000222
  0.000011  -0.000058   0.000001
 -0.000612   0.000453   0.000012
  0.000152   0.000033   0.000010
 -0.000491   0.000242   0.000013
  0.000022  -0.000025  -0.000017
  0.006328  -0.011167  -0.002710
  0.000007  -0.000119   0.000064
 -0.037310   0.175390  -0.058495
 -0.000194   0.000424   0.000168
 -0.029822  -0.777003  -0.081951
 -0.000231  -0.000892  -0.000566
 -0.001430   0.103778  -0.003796
  0.000311   0.000098  -0.000174
 -0.031985   0.004743   0.037089
 -0.000001   0.000086  -0.000049
  0.000919  -0.001027   0.001418
 -0.000098  -0.000015  -0.000006
 -0.000342  -0.001871   0.000029
  0.000023  -0.000062  -0.000013
  0.019492   0.001069  -0.017000
 -0.000006  -0.000101  -0.000047
 -0.001536  -0.001891   0.000488
 -0.000148  -0.000108  -0.000161
  0.000024   0.000128  -0.000349
 -0.000107   0.000081  -0.000092
 -0.000285  -0.000000  -0.000063
 -0.000328  -0.000426   0.000138
 -0.000271   0.000231   0.000278
  0.000017  -0.000036   0.000032
 -0.000042   0.000009   0.000014
 -0.000048  -0.000073   0.000088
  0.000001  -0.000039  -0.000025
  0.000018  -0.000004  -0.000038
 -0.000033  -0.000005  -0.000001
  0.000006  -0.000019   0.000027
  0.000183  -0.000052   0.000238
  0.000002   0.000012   0.000008
  0.000152  -0.000165  -0.000097
 -0.000009   0.000009   0.000009
  0.000258   0.000054   0.000576
  0.000002  -0.000016   0.000008
  0.000099   0.000207  -0.000088
 -0.000000   0.000013  -0.000001
 -0.000952   0.000228   0.004405
  0.000012   0.000033  -0.000040
 -0.000714   0.000524   0.000388
  0.000060  -0.000018   0.000036
 -0.017961   0.027209  -0.030992
 -0.000049  -0.000012  -0.000002
 -0.026968   0.369252   0.130687
  0.000096   0.000062   0.000020
  0.105159   0.098773   0.036419
 -0.000159   0.000626   0.000665
  0.015574   0.000517  -0.015319
  0.000234  -0.000145  -0.000172
 -0.002912   0.009334   0.001259
  0.000048  -0.000119  -0.000026
  0.000144  -0.000759  -0.000246
  0.000016  -0.000106   0.000024
  0.000190  -0.000169  -0.000149
 -0.000042   0.000057   0.000019
  0.001582  -0.000307  -0.000251
 -0.000046   0.000074   0.000122
  0.000133   0.000531  -0.000060
 -0.000018  -0.000039  -0.000037
  0.000066  -0.000399   0.000567
  0.000011  -0.000005   0.000011
  0.001123  -0.000660  -0.001260
  0.000051  -0.000005  -0.000012
  0.003957   0.001936   0.002125
 -0.000035  -0.000018   0.000021
  0.000257   0.000050  -0.000094
  0.000529   0.000522   0.000076
  0.000114  -0.000040  -0.000061
 -0.000016  -0.000015   0.000074
 -0.000049   0.000062   0.000026
  0.000062   0.000015  -0.000023
 -0.000345  -0.000043   0.000013
  0.000081   0.000152   0.000085
 -0.005057   0.000789  -0.002732
 -0.000172  -0.000135  -0.000224
  0.000406  -0.000718  -0.000232
 -0.000093  -0.000117   0.000014
  0.002189   0.001862   0.000359
 -0.000073   0.000066  -0.000066
  0.000005  -0.000115  -0.000023
  0.000184   0.000155   0.000039
  0.000097  -0.000092   0.000121
  0.000027   0.000060  -0.000131
  0.000001  -0.000007  -0.000003
 -0.000087   0.000137  -0.000270
  0.000057  -0.000306   0.000127
 -0.000037   0.000005  -0.000100
 -0.000078   0.000115  -0.000154
 -0.000014  -0.000339   0.000406
  0.000278  -0.000004   0.000196
 -0.000193   0.000087  -0.000296
   25    3  0.0000  0.0000  0.0150
  0.002050   0.000016   0.001044
 -0.000005  -0.000080  -0.000015
 -0.000651  -0.000288   0.001005
  0.000044   0.000022   0.000032
  0.000692   0.000182   0.000085
 -0.000046  -0.000138  -0.000033
  0.000251   0.000127  -0.000007
  0.000043   0.000142  -0.000055
  0.000106  -0.000061  -0.000008
  0.000002   0.000021  -0.000002
 -0.000020  -0.000052   0.000052
 -0.000003   0.000008   0.000015
 -0.000100   0.000267  -0.000066
 -0.000004   0.000057  -0.000010
 -0.000108   0.000041  -0.000514
  0.000007   0.000002   0.000007
 -0.000166   0.000466  -0.000069
  0.000014   0.000036  -0.000043
 -0.000253   0.000002   0.000123
 -0.000016   0.000001   0.000001
  0.009780  -0.025743   0.036719
  0.000032   0.000020  -0.000042
  0.033700  -0.062679   0.160278
  0.000164  -0.000172  -0.000110
 -0.045567  -0.081618  -0.621293
 -0.001110   0.000558   0.000260
 -0.066144  -0.004650   0.182187
 -0.000046   0.000142   0.000309
 -0.014833   0.011725   0.015404
  0.000012  -0.000133  -0.000101
  0.001585  -0.001067   0.001101
 -0.000119  -0.000039   0.000099
  0.001225  -0.001647  -0.000920
 -0.000062   0.000037  -0.000014
 -0.001852  -0.001832  -0.009029
  0.000059  -0.000059  -0.000188
 -0.000527   0.000214   0.000082
  0.000265  -0.000073   0.000478
 -0.000312  -0.000498   0.000377
 -0.000340  -0.000048  -0.000269
 -0.000158   0.000143   0.000011
 -0.000087  -0.000157  -0.000118
 -0.000102  -0.000179  -0.000038
 -0.000017   0.000000  -0.000020
 -0.000007  -0.000028  -0.000037
  0.000033   0.000037  -0.000052
  0.000006  -0.000012   0.000003
  0.000000   0.000002  -0.000011
  0.000023  -0.000004  -0.000008
  0.000003   0.000001  -0.000005
  0.000168   0.000002   0.000324
  0.000001  -0.000004  -0.000006
  0.000062  -0.000016  -0.000055
  0.000005  -0.000005  -0.000004
  0.000043  -0.000095   0.000150
 -0.000003  -0.000002  -0.000012
  0.000061   0.000119  -0.000048
 -0.000003   0.000008  -0.000000
 -0.002452   0.002428   0.004793
  0.000009   0.000007   0.000001
 -0.000273  -0.000778   0.000043
  0.000007  -0.000004  -0.000039
 -0.001343   0.002916  -0.004277
  0.000010  -0.000004   0.000032
 -0.008042   0.126346   0.115138
  0.000177  -0.000035  -0.000007
  0.100243   0.037584   0.092447
  0.001748  -0.000287   0.001010
 -0.026932  -0.000250   0.026493
  0.000089  -0.000196  -0.000146
 -0.000013   0.002354  -0.000758
  0.000045  -0.000030  -0.000037
 -0.000185  -0.000216   0.000409
  0.000019  -0.000058   0.000003
  0.000646  -0.000097  -0.000030
 -0.000010   0.000022   0.000032
 -0.001152  -0.000055   0.000086
  0.000047   0.000015  -0.000018
 -0.000292  -0.000246   0.000365
  0.000005  -0.000020  -0.000024
  0.000006   0.000340   0.000274
 -0.000013   0.000005  -0.000006
  0.001510   0.000058  -0.000154
 -0.000010   0.000020  -0.000015
  0.003631   0.002130  -0.000124
  0.000025  -0.000033   0.000024
  0.000246   0.000141   0.000153
  0.000047   0.000376  -0.000273
  0.000187  -0.000085  -0.000146
  0.000015  -0.000084  -0.000011
 -0.000183   0.000017   0.000243
  0.000015   0.000009   0.000046
 -0.000370  -0.000214  -0.000027
 -0.000076  -0.000072   0.000207
  0.013736  -0.002026   0.000799
  0.000102   0.000092   0.000082
  0.000232  -0.000310  -0.000084
 -0.000009  -0.000043   0.000015
  0.000488  -0.002553  -0.003209
 -0.000001   0.000006   0.000091
 -0.000034   0.000037   0.000050
  0.000007   0.000123  -0.000011
 -0.000095   0.000035   0.000020
 -0.000043   0.000038   0.000019
 -0.000040  -0.000003  -0.000051
 -0.000094  -0.000025  -0.000039
  0.000047  -0.000101  -0.000223
 -0.000042   0.000031  -0.000002
  0.000173  -0.000123   0.000017
  0.000093  -0.000173   0.000032
  0.000328  -0.000005  -0.000045
 -0.000007  -0.000026  -0.000109
   27    1  0.0150  0.0000  0.0000
  0.001749  -0.000170   0.000012
  0.000168   0.000374  -0.000069
 -0.000209   0.000226  -0.000247
 -0.000318  -0.000228  -0.000118
  0.000041   0.000062  -0.000048
  0.000405  -0.000172   0.000077
  0.000228  -0.000262  -0.000012
 -0.000230  -0.000081   0.000077
  0.000023   0.000079  -0.000044
 -0.000040   0.000155   0.000048
  0.000013  -0.000119  -0.000029
 -0.000066  -0.000166   0.000039
 -0.000074   0.000224   0.000048
  0.000059   0.000066  -0.000083
 -0.000046  -0.000141   0.000077
 -0.000004  -0.000130   0.000087
 -0.000368  -0.000049  -0.000001
  0.000331   0.000073   0.000011
 -0.000125  -0.000074   0.000145
  0.000127  -0.000034  -0.000101
  0.001621  -0.004542   0.003002
  0.000016  -0.000068  -0.000018
 -0.015170   0.005177   0.005734
 -0.000004   0.000177   0.000059
  0.158870  -0.001441  -0.066146
  0.000193  -0.000311  -0.000064
 -0.664603   0.039790  -0.090601
  0.000084   0.000044  -0.000153
  0.113549  -0.035642  -0.000838
 -0.000048   0.000018   0.000012
  0.011406  -0.025993   0.000195
  0.000160   0.000009  -0.000133
  0.022184  -0.001650   0.018216
  0.000025  -0.000016   0.000015
  0.191884   0.056843   0.033315
 -0.000036  -0.000023   0.000082
 -0.013660   0.037230   0.006325
  0.000070   0.000170  -0.000101
  0.006609   0.003025   0.001780
  0.000148  -0.000059  -0.000146
 -0.000658  -0.001258  -0.000788
 -0.000084   0.000458   0.000587
  0.000086  -0.000071   0.000007
  0.000072  -0.000053   0.000040
 -0.000006  -0.000000   0.000005
 -0.000152  -0.000137   0.000145
  0.000011  -0.000017   0.000048
 -0.000003   0.000003  -0.000015
  0.000011  -0.000009   0.000003
 -0.000026  -0.000030  -0.000006
 -0.000066   0.000154  -0.000031
 -0.000004   0.000000  -0.000031
 -0.000004   0.000052  -0.000026
 -0.000004   0.000013   0.000003
 -0.000071  -0.000139   0.000008
  0.000014  -0.000015   0.000004
 -0.000031   0.000079   0.000022
 -0.000010   0.000024   0.000020
 -0.000399   0.000501   0.001824
  0.000007   0.000026  -0.000019
 -0.000706  -0.000215  -0.000044
  0.000098  -0.000020   0.000027
  0.000567  -0.000457   0.000984
 -0.000036  -0.000017  -0.000056
  0.006510  -0.000267  -0.004744
  0.000021  -0.000044   0.000047
  0.023661   0.001033  -0.033155
  0.000118   0.000375  -0.000136
  0.121197  -0.064960   0.120672
 -0.000034   0.000036   0.000053
  0.010846  -0.027525  -0.006019
  0.000116  -0.000007   0.000021
  0.000423  -0.000577   0.001123
 -0.000007   0.000032  -0.000108
  0.002431   0.000527   0.001649
 -0.000023   0.000021   0.000003
  0.000866   0.000176   0.000027
 -0.000034  -0.000015  -0.000021
 -0.000522  -0.000186   0.001610
  0.000001   0.000014  -0.000038
 -0.000222   0.000846  -0.000657
  0.000008  -0.000016  -0.000008
 -0.006618  -0.003549  -0.003400
 -0.000013  -0.000048   0.000042
  0.028471   0.018117   0.010142
 -0.000025   0.000117  -0.000043
 -0.000858   0.000524   0.000071
 -0.000013  -0.000083   0.000161
 -0.000486   0.000105   0.000646
 -0.000003   0.000007   0.000033
  0.001295   0.001411  -0.001943
 -0.000071  -0.000048   0.000159
 -0.000435   0.000163  -0.000057
  0.000034   0.000436  -0.000019
 -0.001183   0.001595   0.000841
 -0.000160  -0.000081  -0.000019
  0.000191  -0.000165  -0.000050
 -0.000189  -0.000179   0.000042
  0.000692   0.000885   0.000040
 -0.000122   0.000024  -0.000009
 -0.000031  -0.000204  -0.000110
  0.000397   0.000257   0.000047
  0.000064  -0.000035   0.000089
  0.000168   0.000058  -0.000179
  0.000076  -0.000018   0.000095
 -0.000017   0.000117  -0.000558
  0.000259   0.000064  -0.000297
  0.000026   0.000070  -0.000052
 -0.000203   0.000266  -0.000165
 -0.000213  -0.000451   0.000598
  0.000622  -0.000028   0.000790
 -0.000578  -0.000029  -0.000331
   27    2  0.0000  0.0150 -0.0000
 -0.001068   0.000171   0.000233
 -0.000236  -0.000614   0.000078
  0.000142   0.000192   0.000227
  0.000309   0.000386   0.000409
  0.000043  -0.000080   0.000063
 -0.000025   0.000011  -0.000043
 -0.000206   0.000233   0.000002
  0.000326   0.000241  -0.000112
  0.000085  -0.000100  -0.000072
  0.000060  -0.000191  -0.000085
 -0.000066   0.000013  -0.000006
  0.000107   0.000217  -0.000044
  0.000248  -0.000350  -0.000051
 -0.000076   0.000020   0.000048
 -0.000019   0.000073   0.000023
 -0.000020   0.000069  -0.000079
  0.000150  -0.000056   0.000079
 -0.000294  -0.000017  -0.000036
  0.000177  -0.000053  -0.000069
 -0.000063   0.000023   0.000077
 -0.001946   0.005364  -0.001872
 -0.000065   0.000075  -0.000025
  0.019049   0.001925  -0.025177
  0.000001  -0.000154   0.000017
  0.001262   0.103794  -0.004675
 -0.000059   0.000092  -0.000135
  0.039964  -0.641882   0.094479
 -0.000045   0.000023   0.000048
 -0.037183   0.189345   0.020277
  0.000036   0.000059   0.000040
 -0.014226   0.026232  -0.013111
  0.000136  -0.000011  -0.000013
 -0.014204  -0.010514  -0.000049
 -0.000055   0.000097   0.000057
  0.057079   0.137684   0.018193
 -0.000014  -0.000007   0.000063
  0.005677   0.037518   0.009914
 -0.000157  -0.000049  -0.000208
 -0.000622  -0.002836   0.002298
  0.000108  -0.000017   0.000259
  0.000456   0.000672   0.000600
  0.000753   0.000788  -0.000377
  0.000040  -0.000171  -0.000245
 -0.000073   0.000070  -0.000081
  0.000011  -0.000022  -0.000022
  0.000074   0.000098  -0.000141
  0.000048   0.000143   0.000112
 -0.000037   0.000014   0.000065
  0.000063  -0.000035   0.000021
  0.000004   0.000034  -0.000007
 -0.000009  -0.000111  -0.000023
  0.000013  -0.000003   0.000018
 -0.000043   0.000046   0.000033
  0.000012  -0.000007  -0.000002
 -0.000122   0.000018  -0.000132
 -0.000013   0.000014  -0.000006
 -0.000009  -0.000045   0.000003
 -0.000012  -0.000019  -0.000027
  0.000357  -0.000606  -0.001470
  0.000020  -0.000015   0.000001
 -0.000027  -0.000142   0.000247
 -0.000061   0.000019  -0.000029
 -0.000071   0.000151  -0.000528
  0.000076   0.000018   0.000024
 -0.026845  -0.001791   0.032566
 -0.000106   0.000085  -0.000006
  0.009445   0.002804  -0.012946
 -0.000192  -0.000354   0.000008
 -0.064851   0.127925  -0.128152
 -0.000019   0.000041   0.000025
 -0.003699   0.003814   0.001468
 -0.000093   0.000107   0.000018
  0.000248  -0.000285   0.000743
  0.000003   0.000149   0.000046
 -0.001409  -0.000252  -0.000498
  0.000038  -0.000071  -0.000053
  0.000191   0.000875   0.000148
  0.000044   0.000010   0.000030
 -0.001255   0.002080  -0.003978
  0.000008   0.000060   0.000057
 -0.000479   0.001016  -0.000961
 -0.000013  -0.000017   0.000002
  0.038419   0.019174   0.014609
 -0.000079  -0.000015   0.000029
 -0.002830   0.000570  -0.001750
  0.000017   0.000104  -0.000063
 -0.001819  -0.002102  -0.001543
 -0.000033  -0.000113   0.000097
 -0.000235   0.000064   0.000078
 -0.000029   0.000023  -0.000064
  0.000404  -0.000024  -0.000831
  0.000038   0.000056  -0.000115
  0.000109  -0.000186   0.000036
 -0.000153  -0.000366  -0.000160
 -0.000855  -0.000645   0.001356
  0.000026   0.000006  -0.000020
 -0.000215   0.000276   0.000105
  0.000134   0.000113  -0.000021
  0.000466  -0.001011   0.000734
  0.000109  -0.000037   0.000020
  0.000082   0.000181   0.000037
 -0.000039  -0.000033  -0.000191
  0.000089   0.000321  -0.000182
 -0.000051  -0.000060   0.000035
  0.000016   0.000029  -0.000117
 -0.000063  -0.000288  -0.000048
 -0.000033   0.000005   0.000159
 -0.000091   0.000011  -0.000079
 -0.000277  -0.000286   0.000220
  0.000168   0.000072   0.000142
 -0.000296   0.000304  -0.000623
  0.000246  -0.000173   0.000573
   27    3  0.0000  0.0000  0.0150
  0.001165  -0.000031  -0.000546
  0.000478   0.000569  -0.000183
 -0.000058   0.000169  -0.000390
 -0.000582  -0.000439  -0.000331
 -0.000324   0.000015   0.000011
  0.000380  -0.000088   0.000438
  0.000105  -0.000088   0.000041
 -0.000064   0.000064   0.000175
 -0.000080   0.000036   0.000038
 -0.000123   0.000137   0.000034
  0.000005  -0.000001  -0.000005
 -0.000027  -0.000200   0.000005
 -0.000052  -0.000079   0.000045
  0.000074   0.000040   0.000017
  0.000061   0.000118  -0.000120
  0.000060  -0.000075   0.000008
 -0.000139  -0.000382  -0.000055
  0.000162   0.000122   0.000050
  0.000022   0.000069  -0.000001
  0.000217  -0.000012  -0.000068
  0.001890  -0.004771   0.002708
  0.000124  -0.000082   0.000014
 -0.014803  -0.008880   0.046211
  0.000178  -0.000054  -0.000050
 -0.063402  -0.003801   0.182214
 -0.000259   0.000176   0.000304
 -0.090707   0.094755  -0.791156
 -0.000173  -0.000032  -0.000366
 -0.003773   0.019790   0.108250
  0.000058   0.000103   0.000138
  0.010513  -0.036990  -0.005423
  0.000174   0.000101  -0.000148
  0.039411   0.017286   0.021681
  0.000026  -0.000032  -0.000006
  0.032524   0.016619   0.117536
 -0.000096  -0.000010   0.000139
 -0.001431   0.011202   0.005308
 -0.000263  -0.000049  -0.000474
  0.000934   0.000549   0.000074
  0.000217   0.000135   0.000202
  0.000238  -0.000818  -0.000152
  0.000430  -0.000124   0.000602
  0.000031   0.000096   0.000167
  0.000165  -0.000087   0.000174
 -0.000052   0.000041   0.000023
 -0.000179  -0.000130   0.000200
 -0.000060  -0.000096  -0.000036
  0.000012  -0.000006  -0.000048
 -0.000071   0.000008   0.000010
 -0.000044  -0.000032   0.000064
  0.000077   0.000038   0.000058
 -0.000008  -0.000009  -0.000008
  0.000014  -0.000040  -0.000018
 -0.000037   0.000014   0.000014
  0.000038   0.000005   0.000107
  0.000015   0.000003   0.000010
  0.000039   0.000052  -0.000006
 -0.000002   0.000003  -0.000002
 -0.000495   0.000560   0.001388
 -0.000048   0.000018   0.000051
  0.000275   0.000020   0.000029
  0.000005   0.000005   0.000044
 -0.000148   0.000276  -0.000968
  0.000021  -0.000009  -0.000088
 -0.011396   0.000158   0.013463
  0.000248  -0.000175   0.000101
  0.008251  -0.000144  -0.011630
  0.000602   0.000227  -0.000644
  0.121096  -0.127616   0.300249
 -0.000183   0.000111   0.000188
 -0.013291   0.036242   0.008276
 -0.000031   0.000130   0.000129
  0.000796  -0.000721   0.001727
 -0.000136   0.000169  -0.000128
  0.003746  -0.000972   0.005225
  0.000066  -0.000049  -0.000121
 -0.000279   0.000008   0.000479
 -0.000056  -0.000114  -0.000174
  0.000544  -0.001437   0.005361
 -0.000024  -0.000011  -0.000012
  0.000933  -0.001354   0.001710
  0.000030  -0.000019  -0.000039
  0.003661   0.003031   0.003862
  0.000043  -0.000016   0.000012
 -0.025782  -0.016053  -0.011053
 -0.000016   0.000054   0.000056
 -0.000182   0.001421  -0.000762
 -0.000037  -0.000176   0.000298
  0.000132   0.000135   0.000165
  0.000048   0.000004  -0.000041
  0.000262  -0.000157  -0.000799
 -0.000018  -0.000047  -0.000012
  0.000178   0.000150  -0.000004
 -0.000020   0.000174  -0.000221
 -0.000102   0.000743  -0.002128
 -0.000132  -0.000060   0.000214
 -0.000064   0.000044  -0.000048
 -0.000234  -0.000143  -0.000042
 -0.000491   0.000100  -0.001325
 -0.000146   0.000028  -0.000030
 -0.000032  -0.000180   0.000033
  0.000035   0.000104   0.000047
 -0.000061  -0.000266   0.000348
  0.000192   0.000054  -0.000101
  0.000018  -0.000026   0.000215
  0.000058   0.000149  -0.000017
 -0.000044   0.000322  -0.000237
  0.000181   0.000035   0.000112
  0.000319   0.000363  -0.000434
 -0.000396  -0.000085   0.000005
 -0.000276  -0.000015   0.000076
 -0.000646   0.000133  -0.000281
   29    1  0.0150  0.0000  0.0000
  0.000098  -0.000074  -0.000083
 -0.000024  -0.000043   0.000109
  0.000082  -0.000010  -0.000115
  0.000174   0.000065  -0.000042
 -0.000168  -0.000015   0.000004
 -0.000255   0.000239   0.000015
  0.000008   0.000006  -0.000007
 -0.000045  -0.000338  -0.000084
 -0.000007  -0.000021   0.000017
 -0.000145   0.000082  -0.000156
 -0.000020   0.000008   0.000028
  0.000079   0.000080   0.000052
 -0.000060   0.000023   0.000015
 -0.000041  -0.000183   0.000119
 -0.000005   0.000041  -0.000042
 -0.000028   0.000128   0.000017
  0.000045  -0.000033  -0.000027
 -0.000032  -0.000097   0.000017
 -0.000076   0.000020   0.000035
 -0.000133   0.000041   0.000119
  0.000474  -0.000168   0.000491
 -0.000026   0.000036  -0.000006
 -0.002244  -0.000027   0.000401
 -0.000091   0.000017  -0.000012
  0.010439  -0.031959  -0.014874
  0.000201  -0.000011   0.000005
  0.113525  -0.037044  -0.003840
 -0.000085  -0.000041   0.000055
 -0.702694  -0.041386   0.044869
  0.000000   0.000010  -0.000033
  0.145671  -0.021024   0.057906
 -0.000073  -0.000052   0.000090
 -0.000183   0.000583  -0.000247
  0.000066  -0.000016  -0.000033
 -0.008403   0.038334   0.008201
  0.000011   0.000061  -0.000054
  0.212890   0.070236   0.042944
 -0.000029   0.000034   0.000003
  0.001469   0.017878  -0.001120
 -0.000050   0.000015   0.000051
  0.000189   0.000904   0.000482
  0.002899   0.001462  -0.003155
 -0.000024   0.000055   0.000089
 -0.000021   0.000016  -0.000025
 -0.000020   0.000014  -0.000029
  0.000059   0.000026   0.000008
  0.000002  -0.000003  -0.000023
  0.000029  -0.000013   0.000016
 -0.000021   0.000000  -0.000025
  0.000017  -0.000011  -0.000024
 -0.000000   0.000001   0.000034
 -0.000013  -0.000015   0.000004
  0.000020  -0.000015  -0.000001
  0.000004  -0.000009   0.000007
  0.000057   0.000040   0.000004
 -0.000005   0.000020   0.000007
  0.000034  -0.000045  -0.000007
 -0.000044  -0.000044  -0.000045
 -0.000077   0.000027   0.000130
 -0.000004  -0.000018  -0.000002
  0.000176   0.000134   0.000066
 -0.000012   0.000008   0.000007
 -0.000352   0.000592  -0.000907
 -0.000079  -0.000017  -0.000000
  0.003802   0.001246  -0.004079
 -0.000067   0.000030  -0.000035
 -0.000426  -0.000331   0.001068
  0.000027  -0.000016   0.000078
  0.007419  -0.019274  -0.005225
 -0.000033   0.000023   0.000004
  0.183403   0.016374  -0.160477
 -0.000056  -0.000035   0.000003
  0.017671  -0.014404   0.033059
  0.000016  -0.000047   0.000065
 -0.003499  -0.001362  -0.006085
 -0.000050  -0.000080  -0.000013
  0.000204  -0.002523  -0.002206
  0.000005  -0.000009   0.000035
  0.000033  -0.000122   0.000160
  0.000006  -0.000028   0.000005
 -0.000392  -0.000430  -0.000020
 -0.000004   0.000034   0.000016
  0.006535   0.004007   0.003722
  0.000020   0.000071  -0.000025
 -0.001325   0.000981   0.000035
  0.000031  -0.000090   0.000105
  0.020379   0.017135   0.007542
  0.000050   0.000012  -0.000037
  0.003125  -0.002293  -0.002789
 -0.000020  -0.000027  -0.000021
 -0.006231  -0.001329   0.006993
 -0.000080  -0.000014  -0.000016
  0.000143   0.000050   0.000055
  0.000126  -0.000144   0.000335
 -0.004720   0.003461  -0.003064
  0.000053   0.000013  -0.000047
  0.000043  -0.000018  -0.000011
  0.000174   0.000081  -0.000099
 -0.000216   0.000115  -0.000095
  0.000051  -0.000028  -0.000017
 -0.000162   0.000071   0.000016
 -0.000194  -0.000064  -0.000133
 -0.000317  -0.000108   0.000295
 -0.000093  -0.000000   0.000015
 -0.000240  -0.000137  -0.000228
 -0.000043  -0.000038   0.000051
 -0.000543   0.000263  -0.000459
 -0.000092   0.000040  -0.000086
  0.001297   0.000109   0.000203
  0.000234   0.000041  -0.000005
 -0.000150  -0.000005  -0.000310
  0.000979   0.000291   0.000328
   29    2  0.0000  0.0150 -0.0000
 -0.000073  -0.000026   0.000053
  0.000030  -0.000240  -0.000199
  0.000009  -0.000053  -0.000039
 -0.000083  -0.000031   0.000045
 -0.000060   0.000034  -0.000004
 -0.000053   0.000108   0.000209
 -0.000011  -0.000035  -0.000001
 -0.000111   0.000006  -0.000009
  0.000010   0.000013  -0.000018
 -0.000123  -0.000012  -0.000106
  0.000005  -0.000012  -0.000000
  0.000057   0.000064  -0.000114
 -0.000054   0.000105   0.000040
  0.000094   0.000278  -0.000001
 -0.000015  -0.000009   0.000003
  0.000079   0.000119  -0.000123
  0.000023  -0.000024   0.000005
 -0.000069   0.000088  -0.000057
 -0.000029   0.000009   0.000055
  0.000020  -0.000005   0.000009
  0.000011   0.000481  -0.000491
  0.000079  -0.000063   0.000095
 -0.000341  -0.002403  -0.001043
  0.000207  -0.000102   0.000041
 -0.007654   0.004772   0.011770
  0.000077   0.000081   0.000113
 -0.035771   0.189389   0.019902
 -0.000049   0.000060  -0.000101
 -0.041454  -0.613056  -0.002808
 -0.000027   0.000001   0.000011
 -0.025402   0.125069  -0.036655
  0.000019   0.000005  -0.000065
 -0.001407  -0.001257  -0.001951
  0.000022  -0.000066  -0.000023
  0.004960   0.036912   0.010341
 -0.000002  -0.000067   0.000042
  0.075189   0.168082   0.018842
  0.000106  -0.000084   0.000036
  0.039939   0.027823   0.009061
 -0.000087   0.000051  -0.000166
 -0.000225   0.001233   0.000066
  0.001759  -0.000056  -0.001461
 -0.000005   0.000032   0.000050
  0.000002   0.000015  -0.000008
 -0.000008   0.000024   0.000008
  0.000018   0.000023  -0.000060
  0.000006  -0.000000   0.000018
  0.000011  -0.000013  -0.000005
 -0.000019  -0.000003  -0.000002
 -0.000002   0.000001  -0.000013
 -0.000016   0.000021   0.000020
  0.000010   0.000003   0.000019
  0.000009  -0.000013  -0.000004
 -0.000011   0.000008   0.000023
  0.000020  -0.000007   0.000036
 -0.000010   0.000005   0.000006
 -0.000003   0.000014   0.000001
 -0.000064  -0.000001  -0.000028
  0.000180  -0.000035  -0.000310
  0.000005   0.000011   0.000017
  0.000068  -0.000018   0.000011
  0.000035   0.000015   0.000036
  0.000236   0.000320  -0.000108
  0.000173   0.000097   0.000033
  0.000805  -0.001661  -0.001333
 -0.000091   0.000039  -0.000020
  0.000842  -0.000335  -0.001035
 -0.000047  -0.000331  -0.000269
 -0.006740   0.021740   0.006322
 -0.000039   0.000020   0.000043
  0.013064   0.054589  -0.016902
  0.000051  -0.000004  -0.000021
  0.003821  -0.001061   0.002180
 -0.000011   0.000025   0.000003
 -0.023613   0.005828  -0.028672
 -0.000001  -0.000039  -0.000022
 -0.001295   0.004567   0.002745
  0.000013  -0.000002   0.000007
 -0.000069   0.000037  -0.000515
 -0.000019   0.000009  -0.000003
 -0.000502   0.000204  -0.000391
  0.000015   0.000008  -0.000006
  0.003409   0.000081   0.001571
  0.000032   0.000021   0.000011
 -0.001850  -0.001097  -0.000211
  0.000000   0.000017  -0.000027
 -0.014205  -0.009423  -0.004237
  0.000010  -0.000024  -0.000035
 -0.000794  -0.001862   0.002966
 -0.000012  -0.000023   0.000019
  0.001356   0.003411  -0.005321
  0.000000  -0.000010   0.000152
  0.000011   0.000006  -0.000039
  0.000019  -0.000265  -0.000045
  0.015523  -0.011417   0.017516
 -0.000054   0.000054   0.000033
  0.000042  -0.000050  -0.000039
 -0.000062  -0.000214   0.000004
 -0.000096   0.000097   0.000036
 -0.000074   0.000075  -0.000072
  0.000102  -0.000237  -0.000095
 -0.000022   0.000174  -0.000114
  0.000051  -0.000101   0.000014
 -0.000003   0.000032  -0.000036
 -0.000003  -0.000060  -0.000090
 -0.000014   0.000091  -0.000228
  0.000137  -0.000756   0.000282
 -0.000085   0.000043  -0.000078
 -0.000262   0.000269   0.000059
  0.000090  -0.000234   0.000255
  0.000149   0.000010   0.000381
  0.000190   0.000077   0.000214
   29    3  0.0000  0.0000  0.0150
 -0.000377   0.000049  -0.000210
  0.000050  -0.000180   0.000212
  0.000090   0.000101   0.000074
  0.000209   0.000190   0.000096
  0.000118  -0.000033   0.000037
  0.000009  -0.000134   0.000060
 -0.000101   0.000063   0.000022
  0.000244   0.000177   0.000070
  0.000010  -0.000029  -0.000032
 -0.000138  -0.000334  -0.000140
 -0.000020   0.000051  -0.000012
 -0.000001   0.000250  -0.000343
  0.000174  -0.000222  -0.000035
  0.000234   0.000043  -0.000009
 -0.000065   0.000111   0.000048
 -0.000059  -0.000156   0.000091
  0.000160  -0.000084   0.000036
  0.000051   0.000047  -0.000086
  0.000208   0.000008  -0.000083
  0.000103   0.000009  -0.000011
  0.000459   0.000578   0.000091
 -0.000015  -0.000017  -0.000066
  0.002048   0.001080  -0.000478
 -0.000085  -0.000028  -0.000120
 -0.011876   0.037093   0.015471
  0.000019   0.000030  -0.000112
 -0.000843   0.020236   0.108256
  0.000010  -0.000041   0.000139
  0.045026  -0.002799  -0.740321
 -0.000030   0.000001   0.000014
  0.052328  -0.029626   0.171447
 -0.000027   0.000005  -0.000005
 -0.001001  -0.001902  -0.000581
 -0.000222   0.000018   0.000002
 -0.001754   0.015790   0.003335
  0.000143   0.000070  -0.000072
  0.045834   0.019060   0.115262
  0.000004  -0.000118   0.000043
 -0.004811  -0.003010  -0.008563
 -0.000056  -0.000051   0.000089
  0.000257   0.000464   0.000173
 -0.001812  -0.000787   0.001282
  0.000020  -0.000074  -0.000115
 -0.000031   0.000043  -0.000072
  0.000051  -0.000024   0.000030
 -0.000010   0.000017  -0.000056
  0.000008   0.000032   0.000037
 -0.000075   0.000017   0.000103
  0.000050   0.000007   0.000030
 -0.000032   0.000055   0.000065
 -0.000035  -0.000058   0.000012
  0.000005  -0.000001  -0.000001
 -0.000055  -0.000001   0.000071
 -0.000004   0.000003  -0.000007
 -0.000067   0.000008  -0.000053
 -0.000005   0.000008  -0.000008
 -0.000093  -0.000028  -0.000036
  0.000030   0.000013   0.000016
 -0.000022  -0.000059  -0.000141
  0.000008   0.000002   0.000012
 -0.000066  -0.000149   0.000047
  0.000022  -0.000003   0.000019
 -0.000727  -0.000998   0.000410
 -0.000064  -0.000042  -0.000017
 -0.005376   0.000074   0.005269
 -0.000046   0.000027  -0.000039
  0.000740  -0.000690  -0.001252
 -0.000083   0.000012   0.000225
  0.009526  -0.031657  -0.008511
  0.000064  -0.000030  -0.000017
 -0.175027  -0.024494   0.283733
  0.000020   0.000025  -0.000050
 -0.001117   0.000990  -0.003573
 -0.000001   0.000022  -0.000022
  0.005136  -0.007041   0.005071
  0.000033   0.000015   0.000015
 -0.001334   0.005915   0.002083
  0.000002   0.000014  -0.000018
  0.000065   0.000399   0.000066
  0.000010   0.000088   0.000049
 -0.000606  -0.000409  -0.000017
  0.000001   0.000007   0.000033
  0.001633   0.000880   0.000413
 -0.000028   0.000023  -0.000070
 -0.000956  -0.001595  -0.001119
 -0.000022  -0.000133  -0.000110
  0.021442   0.013980   0.002263
  0.000002  -0.000039  -0.000047
 -0.004106   0.001205   0.007661
 -0.000055   0.000040  -0.000010
  0.006969  -0.004785  -0.011660
  0.000139   0.000111  -0.000158
 -0.000019  -0.000104  -0.000023
 -0.000123  -0.000153  -0.000039
  0.020168  -0.006050   0.054081
  0.000086   0.000032   0.000074
 -0.000162   0.000205   0.000068
 -0.000104   0.000021   0.000028
  0.000103  -0.000547   0.000042
 -0.000015   0.000007   0.000026
  0.000123   0.000068  -0.000085
  0.000116   0.000106  -0.000008
  0.000236   0.000145  -0.000658
  0.000083  -0.000028  -0.000065
  0.000156  -0.000005  -0.000322
  0.000021  -0.000002  -0.000198
  0.000338  -0.000658   0.000226
  0.000036   0.000005   0.000002
 -0.000901  -0.000307   0.000716
 -0.000139  -0.000102   0.000213
  0.000104  -0.000101   0.000135
 -0.000535  -0.000220   0.000161
   31    1  0.0150  0.0000  0.0000
 -0.000953  -0.000547  -0.002292
  0.000040   0.000130   0.000055
  0.000658   0.000098   0.000147
 -0.000051  -0.000017   0.000034
 -0.000010  -0.000310   0.000283
  0.000238  -0.000222  -0.000050
 -0.000173   0.000338   0.000213
  0.000163   0.000172   0.000072
 -0.000196  -0.000127   0.000026
 -0.000010  -0.000058   0.000001
 -0.000073   0.000167  -0.000065
  0.000013   0.000020  -0.000037
  0.000177  -0.000236   0.000006
  0.000060  -0.000017  -0.000004
  0.000041   0.000128   0.000018
 -0.000074  -0.000113   0.000062
  0.000588  -0.000208   0.000069
  0.000117   0.000006   0.000108
  0.000299  -0.000040  -0.000051
  0.000042   0.000020   0.000021
  0.010428  -0.000407   0.000305
  0.000044   0.000015  -0.000042
  0.017829  -0.026422  -0.043808
 -0.000064   0.000019  -0.000092
 -0.001169   0.000922   0.001601
 -0.000069   0.000076  -0.000130
  0.011403  -0.014212   0.010468
  0.000174  -0.000163   0.000168
  0.145604  -0.025434   0.052140
 -0.000074  -0.000027  -0.000024
 -0.825254  -0.058622   0.038999
 -0.000103   0.000004   0.000032
 -0.005165   0.011058   0.015447
 -0.000254  -0.000067  -0.000149
 -0.002105  -0.000122  -0.000199
  0.000142   0.000230   0.000020
  0.031545  -0.010976   0.029966
 -0.000028   0.000137   0.000060
 -0.001607  -0.001985  -0.000363
 -0.000018  -0.000072   0.000127
  0.001046  -0.003113   0.000725
  0.001443   0.000363  -0.000439
  0.000063  -0.000025  -0.000152
  0.000012  -0.000002   0.000018
  0.000022  -0.000006   0.000096
 -0.000011  -0.000011   0.000022
 -0.000056   0.000024  -0.000004
 -0.000036   0.000023  -0.000007
  0.000019   0.000009   0.000145
  0.000004  -0.000002   0.000021
 -0.000006  -0.000011  -0.000019
 -0.000018  -0.000008  -0.000000
 -0.000022   0.000002  -0.000009
 -0.000021   0.000006   0.000024
  0.000026   0.000012  -0.000054
 -0.000004   0.000013  -0.000004
 -0.000003  -0.000067   0.000047
 -0.000019   0.000004  -0.000020
 -0.000077   0.000009   0.000553
 -0.000040  -0.000015   0.000034
  0.000244  -0.000109  -0.000184
 -0.000163   0.000003  -0.000077
 -0.000331  -0.001214  -0.002440
 -0.000064  -0.000017  -0.000018
 -0.000830   0.000142   0.000247
  0.000062  -0.000021  -0.000030
 -0.000097   0.000300  -0.000143
  0.000017   0.000114   0.000180
 -0.000779  -0.000378  -0.000368
  0.000136  -0.000067   0.000010
 -0.011821   0.007299  -0.014191
 -0.000131  -0.000048   0.000083
  0.426212   0.036565  -0.062517
 -0.000014  -0.000035   0.000044
  0.083654   0.077393  -0.028886
 -0.000010  -0.000014  -0.000017
 -0.005379   0.015373   0.010928
 -0.000106  -0.000076  -0.000177
 -0.000240   0.002646   0.001803
  0.000010   0.000036   0.000031
  0.002092   0.003375  -0.001682
  0.000001   0.000084   0.000032
  0.000901   0.000331  -0.000014
  0.000316   0.000161  -0.000521
 -0.000157   0.000183  -0.000801
 -0.000316  -0.000855   0.000055
  0.002768   0.004182   0.003086
  0.000062  -0.000013  -0.000049
  0.000899   0.000565   0.000003
 -0.000011   0.000071  -0.000151
 -0.000127  -0.000839   0.000070
  0.000053   0.000052  -0.000037
  0.000478  -0.000150  -0.000101
 -0.000194   0.000131  -0.000141
  0.120593  -0.014176  -0.010365
  0.000101   0.000144   0.000260
 -0.000320   0.000298   0.000058
  0.000006  -0.000002  -0.000024
 -0.001161  -0.000164   0.000754
  0.000062  -0.000023   0.000079
  0.000693  -0.000024   0.000075
  0.000048   0.000067   0.000291
  0.000907   0.000283  -0.001107
 -0.000028   0.000096   0.000243
  0.000549   0.000094   0.000002
  0.000216   0.000090   0.000697
  0.001552  -0.001447   0.001760
  0.000319   0.000063   0.000239
 -0.003649  -0.000584   0.000217
 -0.000374   0.000013  -0.000790
 -0.000914  -0.000231  -0.000524
 -0.000212  -0.000010  -0.000013
   31    2  0.0000  0.0150 -0.0000
 -0.000469  -0.000481  -0.000593
  0.000037   0.000105   0.000043
  0.000446   0.000051  -0.000017
 -0.000002  -0.000027  -0.000051
 -0.000111  -0.000112   0.000071
  0.000008   0.000073   0.000054
 -0.000166   0.000164   0.000023
 -0.000033  -0.000079  -0.000012
 -0.000056  -0.000074   0.000015
 -0.000063  -0.000002  -0.000028
 -0.000043   0.000110   0.000014
  0.000030  -0.000026  -0.000014
  0.000173  -0.000367  -0.000054
  0.000025  -0.000097   0.000032
  0.000101   0.000211   0.000061
 -0.000007   0.000007   0.000048
  0.000265  -0.000218   0.000028
  0.000041  -0.000026   0.000006
  0.000349   0.000049  -0.000448
  0.000024   0.000011   0.000021
  0.002200   0.000407  -0.000453
  0.000012  -0.000057   0.000033
 -0.013464   0.003906   0.007490
 -0.000054   0.000012   0.000018
  0.002141  -0.001023  -0.001080
  0.000045  -0.000018   0.000039
 -0.026010   0.026253  -0.037012
 -0.000010  -0.000030  -0.000099
 -0.020978   0.125095  -0.029577
  0.000053   0.000004  -0.000010
 -0.058741  -0.806920   0.085067
 -0.000003  -0.000012   0.000047
 -0.001364   0.048053   0.039743
 -0.000081   0.000053   0.000027
 -0.001148  -0.001362  -0.000033
 -0.000065   0.000126   0.000260
  0.005842  -0.015703   0.017793
 -0.000074   0.000004  -0.000087
  0.001472   0.002700  -0.000751
  0.000063  -0.000019  -0.000012
 -0.000276   0.002652  -0.000199
 -0.000383  -0.000111   0.000007
 -0.000006   0.000037  -0.000020
  0.000035  -0.000015   0.000045
  0.000062  -0.000049  -0.000028
 -0.000011  -0.000006   0.000060
 -0.000040   0.000051  -0.000010
 -0.000000  -0.000021   0.000060
  0.000047   0.000036  -0.000018
  0.000003  -0.000000   0.000018
  0.000034  -0.000144  -0.000205
 -0.000006   0.000003   0.000004
 -0.000033  -0.000047   0.000012
  0.000007   0.000026   0.000001
  0.000014   0.000068   0.000059
  0.000020  -0.000001   0.000024
  0.000120   0.000116   0.000106
 -0.000003  -0.000009  -0.000003
 -0.000072  -0.000143   0.000423
 -0.000008  -0.000006   0.000006
  0.000295   0.000286   0.000178
  0.000129  -0.000021   0.000131
  0.004159  -0.002194  -0.001520
 -0.000035  -0.000020  -0.000016
  0.000697  -0.000308  -0.000124
  0.000059  -0.000032   0.000030
  0.000460  -0.000591   0.000312
  0.000048   0.000099  -0.000038
 -0.002979   0.007730   0.003495
  0.000000   0.000005   0.000003
 -0.001927   0.001322  -0.002169
 -0.000098   0.000029   0.000057
  0.025248   0.069166  -0.003473
 -0.000002   0.000031   0.000009
  0.081169   0.397872  -0.109231
  0.000010  -0.000000  -0.000003
  0.005221  -0.016326  -0.005898
 -0.000003  -0.000004   0.000026
 -0.002012  -0.002419   0.000241
  0.000004   0.000000   0.000055
  0.004119   0.006359  -0.002557
  0.000022  -0.000030   0.000024
 -0.000169  -0.000840   0.000899
  0.000098   0.000030  -0.000087
  0.000018  -0.000097   0.000278
 -0.000383   0.000067   0.000181
  0.004116   0.002491   0.000338
  0.000003   0.000003   0.000027
  0.001848   0.001831   0.001892
 -0.000007   0.000002   0.000036
 -0.000238   0.000145  -0.000378
  0.000012  -0.000012   0.000006
  0.000290  -0.000019   0.000135
  0.000015   0.000002  -0.000074
 -0.008114   0.148708   0.039338
  0.000031  -0.000013  -0.000018
 -0.000401   0.000282   0.000162
  0.000018   0.000059  -0.000026
 -0.000402  -0.000719  -0.000239
 -0.000076   0.000034  -0.000113
 -0.000644   0.000924  -0.000063
 -0.000257  -0.000561  -0.000136
 -0.000645   0.000573  -0.000609
 -0.000032  -0.000159   0.000103
 -0.000183  -0.000184  -0.000593
  0.000196   0.000056   0.000834
 -0.001476   0.003437  -0.002673
  0.000070  -0.000157   0.000106
  0.002369  -0.000951   0.001206
  0.000064   0.000959  -0.000694
 -0.000610  -0.000289  -0.000731
  0.000022   0.000268   0.000416
   31    3  0.0000  0.0000  0.0150
 -0.000560  -0.000262  -0.000530
  0.000033  -0.000030  -0.000073
  0.000318  -0.000080   0.000092
  0.000033   0.000013  -0.000027
 -0.000121   0.000033   0.000120
 -0.000077  -0.000004   0.000096
 -0.000227   0.000225   0.000023
 -0.000016  -0.000006   0.000057
  0.000201  -0.000118  -0.000111
 -0.000068  -0.000024  -0.000101
 -0.000092   0.000049   0.000036
  0.000014   0.000049  -0.000069
  0.000199  -0.000307  -0.000047
  0.000023   0.000036   0.000085
 -0.000096   0.000121  -0.000138
  0.000022   0.000000  -0.000083
  0.000256  -0.000031   0.000065
  0.000005   0.000002   0.000069
  0.000028   0.000126  -0.000084
  0.000050   0.000027   0.000141
  0.000840   0.000195  -0.000547
  0.000071  -0.000135   0.000135
 -0.024996   0.007837   0.011055
  0.000019  -0.000052   0.000079
  0.001240   0.001417   0.001081
  0.000008   0.000026   0.000113
  0.000193  -0.013121  -0.005456
 -0.000123   0.000039  -0.000144
  0.057951  -0.036758   0.171442
  0.000087   0.000055  -0.000007
  0.038797   0.084775  -0.580501
  0.000022  -0.000041   0.000025
  0.006619   0.014919  -0.008670
 -0.000075   0.000079   0.000079
  0.001115  -0.002372  -0.000810
 -0.000010   0.000061   0.000172
  0.014221   0.003113   0.010004
 -0.000120  -0.000130  -0.000046
 -0.001491  -0.000970  -0.000586
 -0.000025  -0.000001   0.000115
  0.000157  -0.001137  -0.000581
  0.000744   0.000569  -0.001218
 -0.000066   0.000017  -0.000072
  0.000023  -0.000001   0.000049
  0.000045  -0.000037  -0.000108
 -0.000032  -0.000025   0.000072
  0.000067   0.000102   0.000125
 -0.000023  -0.000009   0.000146
  0.000064  -0.000001  -0.000044
 -0.000025   0.000018   0.000059
  0.000009  -0.000151   0.000114
  0.000021  -0.000007   0.000052
 -0.000026  -0.000050   0.000073
  0.000001   0.000029   0.000010
 -0.000036   0.000115  -0.000008
  0.000013   0.000013   0.000038
  0.000002  -0.000068  -0.000039
 -0.000049  -0.000039  -0.000037
  0.000128   0.000014   0.000224
  0.000017   0.000013   0.000018
  0.000261   0.000019   0.000792
  0.000273  -0.000009   0.000272
  0.001335   0.000554  -0.000393
  0.000058   0.000015   0.000004
 -0.000620  -0.000517   0.000971
  0.000003  -0.000003   0.000044
  0.000543  -0.000940   0.000424
  0.000146  -0.000087  -0.000107
 -0.001350   0.003803   0.000183
 -0.000040   0.000050  -0.000013
  0.020710  -0.014708   0.029205
 -0.000039   0.000045  -0.000034
 -0.074154  -0.009196   0.073589
  0.000007   0.000013  -0.000003
 -0.024203  -0.090916   0.095636
 -0.000039  -0.000074  -0.000012
 -0.006240   0.024230   0.037494
  0.000073   0.000108   0.000247
 -0.000804  -0.002308   0.000182
  0.000002   0.000059   0.000078
 -0.002227  -0.003689   0.000235
  0.000016  -0.000028   0.000068
  0.000495   0.000199   0.001150
 -0.000123  -0.000024   0.000074
 -0.000540  -0.000516   0.000654
 -0.000063   0.000286  -0.000051
 -0.001995   0.000051  -0.001043
  0.000001   0.000040  -0.000043
  0.000052  -0.000239   0.000219
 -0.000011  -0.000012  -0.000016
  0.000094  -0.001139  -0.000092
  0.000036   0.000016  -0.000115
  0.000248  -0.000119   0.000029
 -0.000040  -0.000043  -0.000289
 -0.006372   0.035194   0.169229
 -0.000006  -0.000041  -0.000125
 -0.000118   0.000227   0.000040
  0.000001  -0.000025  -0.000084
  0.000439  -0.000449  -0.000822
 -0.000189   0.000101  -0.000258
 -0.000729   0.000642  -0.000281
 -0.000320  -0.000084  -0.000765
 -0.001230   0.000365  -0.000172
  0.000122  -0.000154  -0.000500
 -0.000600  -0.000544  -0.001225
 -0.000218  -0.000197  -0.000971
 -0.001903   0.001670  -0.003542
 -0.000388  -0.000056  -0.000459
  0.003791  -0.000279   0.002230
  0.000419   0.000149   0.001520
 -0.000095   0.000334  -0.000504
  0.000234   0.000110   0.001423
   33    1  0.0150  0.0000  0.0000
  0.000237   0.000318   0.000423
 -0.000079  -0.000120   0.000012
 -0.000091  -0.000102   0.000028
  0.000041   0.000050   0.000053
  0.000014  -0.000209   0.000024
  0.000065  -0.000002   0.000054
 -0.000115   0.000579  -0.000003
  0.000039   0.000079   0.000013
  0.000030  -0.000234  -0.000485
  0.000074  -0.000057   0.000000
 -0.000012   0.000023  -0.000167
  0.000017   0.000030  -0.000005
  0.000441  -0.000599  -0.000075
  0.000061   0.000069   0.000024
 -0.000088   0.000071  -0.000118
 -0.000053  -0.000035  -0.000022
 -0.000333  -0.000108   0.000099
 -0.000014   0.000048   0.000013
  0.000317   0.000033  -0.000063
  0.000025  -0.000041   0.000063
 -0.001452  -0.001375  -0.000441
  0.000040   0.000043   0.000006
  0.030853   0.044199  -0.003921
 -0.000118  -0.000005  -0.000027
 -0.002372  -0.000332   0.001189
  0.000040  -0.000027  -0.000060
  0.022172  -0.014179   0.039423
  0.000016   0.000054   0.000013
 -0.000160  -0.001411  -0.001002
  0.000046  -0.000007  -0.000226
 -0.005138  -0.001345   0.006626
 -0.000266   0.000074  -0.000072
 -0.822212   0.095853   0.019539
 -0.000006   0.000016  -0.000027
  0.117020  -0.011952   0.033751
 -0.000077  -0.000090   0.000072
  0.000664   0.000101  -0.000246
 -0.000174   0.000148   0.000120
 -0.000338  -0.000362  -0.000044
 -0.000023  -0.000247   0.000210
  0.000561  -0.000235   0.000165
  0.000382  -0.000333  -0.000406
 -0.000013  -0.000021  -0.000021
 -0.000019   0.000009  -0.000004
 -0.000071  -0.000058   0.000055
  0.000069   0.000031   0.000002
  0.000220   0.000851   0.000960
 -0.000014   0.000004  -0.000035
  0.000273  -0.000258   0.000292
  0.000040  -0.000009   0.000011
  0.000230  -0.000044   0.000061
 -0.000020   0.000004   0.000032
 -0.000005  -0.000010  -0.000012
 -0.000020   0.000009   0.000059
 -0.000000   0.000100  -0.000024
 -0.000029   0.000004   0.000003
  0.000031  -0.000043   0.000007
 -0.000045  -0.000003  -0.000035
  0.000284   0.000139  -0.000155
 -0.000041  -0.000014   0.000032
  0.001059  -0.000347   0.000475
 -0.000222  -0.000006  -0.000065
  0.007907  -0.001800  -0.002204
  0.000006   0.000002  -0.000021
  0.000345  -0.000178  -0.000207
 -0.000047   0.000018  -0.000003
 -0.001072   0.000238  -0.000368
 -0.000029  -0.000040   0.000089
  0.005470   0.005549   0.002018
  0.000048  -0.000009  -0.000006
 -0.000277   0.000003  -0.000500
 -0.000105   0.000126   0.000028
 -0.001275  -0.003421  -0.002123
  0.000077  -0.000213   0.000083
  0.000115  -0.001894  -0.003301
 -0.000110  -0.000012  -0.000019
 -0.010435  -0.009315  -0.007623
 -0.000044  -0.000056  -0.000021
  0.428526  -0.086827   0.009830
  0.000018  -0.000005   0.000026
  0.096353  -0.055305  -0.075566
 -0.000025   0.000014  -0.000002
  0.003593  -0.002793   0.008070
 -0.000013   0.000007  -0.000052
 -0.011055   0.012419  -0.023550
 -0.000026   0.000034  -0.000003
 -0.000361  -0.000073  -0.000139
  0.000018   0.000036  -0.000083
  0.000038   0.000180  -0.000088
 -0.000023   0.000006  -0.000219
 -0.000091  -0.000013  -0.000033
  0.000067  -0.000000  -0.000069
  0.000130  -0.000075  -0.000065
 -0.000104  -0.000096   0.000005
  0.136420   0.033499  -0.000082
  0.000180   0.000046   0.000044
 -0.000457   0.000302   0.000070
  0.000012  -0.000029  -0.000020
  0.004099   0.000959  -0.005406
  0.000165  -0.000034   0.000044
  0.001099   0.000078  -0.000178
 -0.000097  -0.000029   0.000409
  0.001592   0.001266  -0.001095
 -0.000131  -0.000061   0.000400
  0.000900   0.000299   0.000077
  0.000644   0.001319   0.002257
  0.002953  -0.002438   0.004136
  0.000479  -0.000142   0.000178
 -0.005915  -0.001128   0.000328
 -0.000578   0.000747  -0.001310
 -0.000956   0.000103   0.000131
  0.000233   0.000017  -0.000014
   33    2  0.0000  0.0150 -0.0000
  0.000930   0.000989   0.001048
 -0.000024  -0.000166   0.000020
 -0.000582  -0.000214   0.000050
  0.000076   0.000115   0.000048
  0.000040   0.000221  -0.000170
 -0.000115  -0.000006   0.000025
  0.000337  -0.000348  -0.000046
  0.000101  -0.000019  -0.000046
  0.000126   0.000390   0.000375
  0.000072  -0.000047   0.000018
  0.000080  -0.000059  -0.000034
  0.000013   0.000092   0.000015
 -0.000286   0.000653   0.000006
 -0.000018   0.000029  -0.000019
  0.000075  -0.000229   0.000231
  0.000019   0.000017   0.000027
 -0.000313   0.000001  -0.000007
 -0.000066   0.000025  -0.000017
 -0.000254   0.000202   0.000000
 -0.000012  -0.000023  -0.000043
 -0.003441  -0.003013  -0.001519
 -0.000084   0.000146  -0.000077
  0.019970  -0.009090  -0.000558
  0.000091  -0.000009   0.000003
 -0.001876  -0.001866  -0.001655
 -0.000015  -0.000061  -0.000041
 -0.001680  -0.010537   0.017284
  0.000020   0.000099   0.000029
  0.000603  -0.001258  -0.001933
  0.000025  -0.000058  -0.000016
  0.011052   0.048045   0.014932
  0.000064   0.000061  -0.000079
  0.095511  -0.645914  -0.127746
 -0.000017   0.000046   0.000009
 -0.014798   0.116430  -0.042735
 -0.000038  -0.000076  -0.000000
 -0.000028   0.001152  -0.000651
  0.000129   0.000027   0.000063
  0.000288   0.000247  -0.000137
  0.000006   0.000035  -0.000001
 -0.000276  -0.000985  -0.000193
 -0.000096   0.000488   0.000609
 -0.000098   0.000025   0.000055
 -0.000030   0.000011  -0.000036
 -0.000089   0.000052   0.000044
 -0.000031   0.000025  -0.000026
  0.000710   0.000010  -0.000160
 -0.000011   0.000021  -0.000073
 -0.000034  -0.000063   0.000032
 -0.000026   0.000032  -0.000004
 -0.000023   0.000179  -0.000152
  0.000032   0.000003  -0.000024
  0.000070   0.000031  -0.000075
  0.000024  -0.000040  -0.000022
 -0.000182  -0.000000   0.000167
 -0.000019  -0.000004  -0.000035
  0.000005   0.000115   0.000052
  0.000048   0.000019   0.000024
  0.000105   0.000194  -0.000438
  0.000050   0.000021  -0.000036
 -0.000975  -0.000261   0.001454
 -0.000207   0.000029  -0.000222
 -0.004488  -0.000750   0.000106
  0.000018  -0.000001   0.000012
 -0.000545   0.000924  -0.000060
 -0.000042   0.000015  -0.000013
 -0.000131   0.001138  -0.000613
 -0.000073  -0.000046   0.000057
  0.004796   0.002782   0.001390
 -0.000012  -0.000038  -0.000005
 -0.000786  -0.000304  -0.000850
  0.000091   0.000102  -0.000005
  0.001907  -0.000921  -0.002714
 -0.000082   0.000129  -0.000029
  0.000007   0.001139   0.003770
  0.000105   0.000004  -0.000037
  0.008884   0.020937  -0.005704
  0.000046   0.000098   0.000060
 -0.066921   0.081145   0.000582
 -0.000008   0.000021  -0.000005
 -0.067943   0.202935   0.184295
 -0.000011  -0.000011  -0.000058
 -0.011832   0.013579  -0.038494
 -0.000025  -0.000047   0.000061
  0.001490  -0.000925   0.005342
  0.000041   0.000119  -0.000044
 -0.000406  -0.000239  -0.000042
  0.000012  -0.000057  -0.000007
 -0.000029   0.000040   0.000098
  0.000031  -0.000020  -0.000045
  0.000076  -0.000003  -0.000043
 -0.000016   0.000031   0.000009
 -0.000455   0.000117   0.000018
  0.000066  -0.000037   0.000099
  0.025680   0.183447  -0.005373
 -0.000076  -0.000076  -0.000035
  0.000400  -0.000587  -0.000075
 -0.000015   0.000032   0.000050
  0.003547   0.000948  -0.002050
  0.000164  -0.000096   0.000202
  0.000834  -0.001013   0.000234
 -0.000090  -0.000100  -0.001186
  0.001388  -0.000165   0.000695
  0.000083  -0.000301  -0.000264
  0.000444   0.000503   0.001378
 -0.000128  -0.000445   0.000395
  0.001993  -0.002310   0.003021
 -0.000467  -0.000157  -0.000190
 -0.003995   0.001063  -0.002900
  0.000701   0.001286   0.001193
  0.000957   0.001087   0.000669
 -0.000112  -0.000907  -0.000488
   33    3  0.0000  0.0000  0.0150
 -0.000264   0.000037  -0.000149
  0.000014   0.000021  -0.000021
  0.000107  -0.000067   0.000042
 -0.000005  -0.000001  -0.000023
 -0.000024  -0.000000   0.000012
 -0.000041  -0.000024   0.000037
  0.000090  -0.000013   0.000040
 -0.000021  -0.000034   0.000020
 -0.000006   0.000289   0.000120
  0.000014  -0.000001  -0.000004
 -0.000090   0.000017  -0.000021
 -0.000005   0.000012  -0.000013
 -0.000010   0.000084  -0.000018
 -0.000010  -0.000030   0.000021
 -0.000012   0.000008  -0.000031
  0.000001  -0.000006  -0.000006
  0.000129   0.000030  -0.000000
  0.000023   0.000019   0.000015
 -0.000086   0.000218   0.000018
  0.000001  -0.000008   0.000024
 -0.000664  -0.000595   0.001039
  0.000019   0.000021   0.000041
 -0.005574  -0.002734  -0.000894
 -0.000010   0.000028   0.000009
  0.000725   0.000024  -0.000924
  0.000023   0.000020  -0.000008
  0.018167  -0.000065   0.021671
  0.000030  -0.000056  -0.000003
 -0.000289  -0.001902  -0.000579
 -0.000034   0.000017   0.000005
  0.015439   0.039741  -0.008659
 -0.000136  -0.000020   0.000075
  0.019617  -0.127878  -0.746832
 -0.000024  -0.000012  -0.000028
  0.032043  -0.035531   0.219315
  0.000043   0.000026  -0.000037
  0.001319  -0.000680  -0.000200
 -0.000034   0.000019   0.000044
 -0.000376   0.000127  -0.000005
 -0.000009  -0.000029  -0.000000
  0.000169   0.001178   0.000481
 -0.000089  -0.000002  -0.000352
 -0.000044  -0.000010  -0.000017
  0.000006  -0.000007   0.000026
 -0.000005   0.000010   0.000025
 -0.000039  -0.000024   0.000059
  0.000535  -0.000161  -0.000009
  0.000003   0.000008  -0.000013
 -0.000077  -0.000000   0.000034
 -0.000023   0.000014   0.000039
  0.000062   0.000003   0.000032
  0.000018  -0.000004   0.000015
  0.000008  -0.000006   0.000011
 -0.000002  -0.000011  -0.000007
 -0.000220   0.000116   0.000071
 -0.000006   0.000005   0.000003
  0.000000  -0.000065  -0.000010
 -0.000003  -0.000009   0.000001
 -0.000018  -0.000064   0.000058
  0.000020   0.000014  -0.000003
 -0.000618  -0.000006   0.001074
 -0.000051   0.000012  -0.000019
  0.000767   0.000456  -0.000134
 -0.000007  -0.000001   0.000009
  0.000191  -0.000080  -0.000644
  0.000019  -0.000008   0.000002
 -0.000782  -0.000270   0.000926
  0.000008   0.000049   0.000019
 -0.000140   0.000378  -0.001550
  0.000035   0.000004  -0.000016
  0.000095   0.000238   0.000235
 -0.000024  -0.000118  -0.000059
  0.000778   0.000469  -0.001142
 -0.000013  -0.000062   0.000124
 -0.000190   0.004021   0.007379
  0.000015   0.000011   0.000024
 -0.021529  -0.028845  -0.003788
  0.000039   0.000132   0.000169
  0.008019   0.002582   0.062878
  0.000003  -0.000001   0.000019
 -0.080693   0.171814   0.292403
  0.000000   0.000023   0.000013
 -0.000804  -0.000264  -0.000069
  0.000008   0.000013  -0.000035
  0.015766  -0.011665   0.029438
 -0.000001  -0.000083  -0.000018
  0.000060   0.000177   0.000061
  0.000012   0.000020  -0.000040
  0.000025  -0.000376  -0.000048
 -0.000009   0.000020  -0.000000
  0.000022  -0.000243   0.000239
  0.000026  -0.000002  -0.000017
  0.000073  -0.000107  -0.000009
  0.000004   0.000064  -0.000097
 -0.001383  -0.008843   0.125440
  0.000053  -0.000024  -0.000065
  0.000111  -0.000120  -0.000021
  0.000002   0.000014  -0.000026
 -0.000883   0.000213   0.000196
  0.000026  -0.000004  -0.000016
  0.000326  -0.000554   0.000020
 -0.000227   0.000180  -0.000519
  0.000025  -0.000393   0.000151
  0.000210  -0.000187  -0.000610
  0.000292   0.000281   0.000246
 -0.000313   0.000054  -0.000734
  0.001371  -0.001310   0.002734
 -0.000516  -0.000014  -0.000443
 -0.001501  -0.000444  -0.000018
  0.000380   0.000098   0.001415
  0.000391   0.001007   0.000026
  0.000156  -0.000364   0.000365
   35    1  0.0150  0.0000  0.0000
  0.000132  -0.000003  -0.000032
  0.000077  -0.000057   0.000006
  0.000057   0.000062  -0.000076
  0.000023   0.000026  -0.000024
 -0.000139  -0.000029   0.000022
 -0.000050  -0.000015  -0.000019
  0.000062  -0.000035   0.000007
  0.000050  -0.000070   0.000014
 -0.000093   0.000125   0.000080
 -0.000038   0.000000  -0.000003
  0.000002  -0.000017   0.000004
 -0.000008   0.000019  -0.000018
 -0.000049   0.000016   0.000013
  0.000035   0.000065   0.000012
  0.000054   0.000029   0.000000
  0.000044  -0.000002  -0.000013
  0.000063  -0.000093  -0.000033
 -0.000019   0.000003  -0.000009
 -0.000001   0.000063  -0.000061
  0.000072  -0.000005  -0.000065
 -0.000136  -0.000815   0.000072
 -0.000026   0.000032  -0.000026
 -0.000268  -0.001340   0.001517
  0.000119  -0.000056   0.000027
  0.042883   0.019496  -0.001885
 -0.000004   0.000010   0.000050
  0.191916   0.057236   0.032645
 -0.000035   0.000014  -0.000106
 -0.008351   0.004959  -0.001786
 -0.000010   0.000032   0.000167
 -0.002101  -0.001145   0.001121
  0.000140   0.000051   0.000009
  0.117045  -0.014773   0.031873
 -0.000053   0.000034   0.000048
 -0.689726   0.042302   0.115726
 -0.000075  -0.000023   0.000076
  0.001341  -0.003288  -0.000863
 -0.000178  -0.000062  -0.000234
 -0.001123  -0.000717  -0.000052
  0.000093   0.000060   0.000216
  0.000474   0.002373   0.001252
 -0.000236   0.000400   0.000520
 -0.000017   0.000011   0.000001
  0.000015   0.000003   0.000009
 -0.000028   0.000015   0.000005
 -0.000051   0.000003  -0.000001
 -0.000013  -0.000208  -0.000153
 -0.000004  -0.000005   0.000008
 -0.000100   0.000037  -0.000033
 -0.000018   0.000013   0.000015
 -0.000000  -0.000008  -0.000008
  0.000013   0.000001  -0.000009
  0.000012  -0.000012  -0.000007
 -0.000002  -0.000011  -0.000018
 -0.000018   0.000026   0.000019
  0.000007  -0.000017  -0.000017
  0.000043   0.000000   0.000015
  0.000058   0.000023   0.000020
 -0.000047   0.000066   0.000169
  0.000008   0.000002  -0.000003
 -0.000120   0.000014   0.000425
 -0.000068   0.000011  -0.000068
 -0.000063  -0.000084   0.000188
  0.000042   0.000002  -0.000007
 -0.001026   0.001085   0.002142
  0.000028  -0.000011   0.000005
  0.002686   0.001287  -0.005039
 -0.000027  -0.000051  -0.000171
  0.015744   0.011400   0.005121
 -0.000058  -0.000006   0.000055
 -0.001085  -0.001843  -0.000345
 -0.000160   0.000022   0.000063
  0.000688  -0.000039   0.000180
 -0.000046   0.000476   0.000067
  0.000515  -0.000195   0.000186
  0.000250  -0.000026  -0.000109
  0.002306   0.002600   0.001202
  0.000010  -0.000002  -0.000091
  0.005647  -0.013238   0.037284
 -0.000014   0.000024   0.000023
 -0.004202   0.004097  -0.009311
  0.000020  -0.000052  -0.000042
  0.081525  -0.079428  -0.012101
  0.000053  -0.000044   0.000002
  0.253667  -0.032938  -0.181758
 -0.000015  -0.000032   0.000042
 -0.000009  -0.000073  -0.000123
  0.000011  -0.000050   0.000092
  0.000127  -0.000033  -0.000061
  0.000059   0.000005  -0.000046
 -0.000206  -0.000287   0.000292
 -0.000024  -0.000002  -0.000078
  0.000166   0.000018   0.000089
  0.000065   0.000022   0.000035
 -0.007984   0.002948  -0.016995
 -0.000137  -0.000118   0.000055
 -0.000007  -0.000013   0.000028
 -0.000102  -0.000031   0.000039
  0.000796   0.000102  -0.000364
  0.000021  -0.000020   0.000062
 -0.000139  -0.000021   0.000352
 -0.000090  -0.000174   0.000019
 -0.000324  -0.000589   0.000693
  0.000016  -0.000047   0.000119
 -0.000169   0.000221   0.000554
 -0.000204  -0.000451   0.000111
 -0.000505   0.000438  -0.000425
 -0.000055  -0.000030   0.000116
  0.001223   0.000124  -0.000989
  0.000127   0.000210  -0.000248
 -0.000380   0.000311  -0.000877
 -0.000397  -0.000291  -0.000578
   35    2  0.0000  0.0150 -0.0000
  0.000077  -0.000104  -0.000074
  0.000027   0.000248  -0.000025
 -0.000069   0.000004   0.000042
 -0.000070  -0.000172  -0.000126
  0.000101   0.000022  -0.000009
  0.000033  -0.000085  -0.000060
  0.000094  -0.000193  -0.000001
 -0.000110   0.000002   0.000016
 -0.000115   0.000083   0.000077
  0.000005   0.000089   0.000018
  0.000049  -0.000001   0.000013
 -0.000047  -0.000107   0.000048
 -0.000200   0.000356   0.000033
  0.000008   0.000034  -0.000042
  0.000003  -0.000124  -0.000005
 -0.000011  -0.000043   0.000040
 -0.000068   0.000174   0.000005
  0.000132   0.000024   0.000001
 -0.000324  -0.000033   0.000126
 -0.000022  -0.000012  -0.000060
  0.000422   0.000150   0.000102
  0.000052  -0.000080   0.000040
 -0.002418  -0.000974   0.000732
 -0.000095   0.000128  -0.000032
  0.004348   0.001062  -0.001792
  0.000076  -0.000088   0.000061
  0.056798   0.137746   0.016647
  0.000042  -0.000025  -0.000003
  0.038374   0.036929   0.015781
 -0.000078  -0.000054  -0.000072
 -0.000153  -0.001362  -0.002383
 -0.000242   0.000133  -0.000019
 -0.011955   0.116489  -0.035428
  0.000098  -0.000083  -0.000026
  0.042547  -0.803507  -0.025328
  0.000013  -0.000026  -0.000023
 -0.005540   0.008292   0.000780
  0.000043   0.000073   0.000086
  0.002560   0.000668   0.000894
 -0.000015  -0.000014  -0.000224
  0.000167   0.001604   0.000291
 -0.000225  -0.000054   0.001286
  0.000003  -0.000045   0.000008
  0.000013  -0.000037   0.000026
  0.000018   0.000002  -0.000007
  0.000003  -0.000046   0.000030
 -0.000150  -0.000179  -0.000120
  0.000016  -0.000013   0.000003
 -0.000036   0.000038  -0.000025
  0.000019  -0.000033  -0.000031
 -0.000042   0.000035   0.000017
 -0.000019   0.000004  -0.000013
  0.000067  -0.000041  -0.000073
 -0.000004   0.000010   0.000000
  0.000023  -0.000155   0.000203
  0.000014  -0.000021   0.000005
  0.000010   0.000213  -0.000006
 -0.000005   0.000017   0.000017
 -0.000108   0.000082   0.000219
 -0.000020   0.000001  -0.000006
  0.000261  -0.000009  -0.000541
  0.000111  -0.000023   0.000067
 -0.000510  -0.000061   0.000455
 -0.000051  -0.000005  -0.000002
 -0.002361  -0.001957   0.000824
  0.000041  -0.000034   0.000001
 -0.001311  -0.000741   0.001232
  0.000110   0.000191   0.000027
 -0.013978  -0.008959  -0.003895
  0.000030   0.000000  -0.000024
  0.001144  -0.002420  -0.001025
  0.000084  -0.000168  -0.000034
 -0.000111   0.000502   0.000025
  0.000422  -0.000293  -0.000145
  0.000189  -0.000503   0.000170
 -0.000198   0.000092   0.000122
  0.005575   0.003920   0.002535
 -0.000024  -0.000021   0.000006
 -0.003121  -0.000050  -0.005473
  0.000005  -0.000024  -0.000045
  0.008950  -0.011208   0.015420
 -0.000013   0.000007   0.000018
 -0.081328   0.415350   0.040376
  0.000006  -0.000012   0.000016
 -0.027922   0.072326   0.024953
  0.000005   0.000024   0.000014
  0.000174  -0.000224   0.000136
  0.000018   0.000047  -0.000010
 -0.000124   0.000158   0.000268
 -0.000008   0.000038   0.000087
  0.000434   0.000735  -0.000723
 -0.000020  -0.000017   0.000126
 -0.000137   0.000059  -0.000060
  0.000017   0.000170   0.000017
 -0.009792   0.034992  -0.045963
  0.000167   0.000068  -0.000042
  0.000327  -0.000290  -0.000118
 -0.000042  -0.000080   0.000035
 -0.000905  -0.000055   0.000391
 -0.000096   0.000054  -0.000061
 -0.000451   0.000234  -0.000037
  0.000106   0.000145   0.000643
 -0.000412  -0.000429   0.000285
 -0.000116   0.000173   0.000191
 -0.000272  -0.000153  -0.000160
  0.000103   0.000705   0.000451
 -0.001101   0.000993  -0.001752
  0.000157   0.000034   0.000127
  0.002129   0.000343   0.000084
 -0.000172  -0.000443  -0.000762
  0.000244  -0.000520   0.000459
 -0.000347   0.000346  -0.000325
   35    3  0.0000  0.0000  0.0150
 -0.000132   0.000023  -0.000103
 -0.000195  -0.000144   0.000038
  0.000021  -0.000058   0.000117
  0.000078   0.000109   0.000118
  0.000125  -0.000006   0.000012
  0.000058   0.000074  -0.000065
 -0.000054   0.000099  -0.000021
  0.000024   0.000054  -0.000055
  0.000058  -0.000065  -0.000102
  0.000049  -0.000031  -0.000023
 -0.000033  -0.000010  -0.000007
  0.000019   0.000041   0.000005
  0.000041  -0.000003  -0.000027
 -0.000059  -0.000050  -0.000008
 -0.000054  -0.000027   0.000001
 -0.000041   0.000014  -0.000006
 -0.000000   0.000100   0.000006
 -0.000054  -0.000034  -0.000002
 -0.000041   0.000021   0.000006
 -0.000099   0.000008   0.000057
 -0.000058  -0.000238   0.000103
 -0.000034  -0.000010   0.000025
  0.000241   0.000086  -0.000287
 -0.000109   0.000032   0.000021
 -0.031088  -0.016998  -0.009038
 -0.000007   0.000060  -0.000183
  0.033192   0.018156   0.117494
  0.000105  -0.000069   0.000153
  0.008252   0.010337   0.003311
 -0.000067  -0.000041  -0.000070
 -0.000201  -0.000017  -0.000799
  0.000059  -0.000262   0.000156
  0.033911  -0.042881   0.219324
  0.000073  -0.000000  -0.000040
  0.115681  -0.025151  -0.688277
  0.000077   0.000034  -0.000092
 -0.000693   0.002285  -0.000559
  0.000066  -0.000007   0.000217
  0.000210   0.000285  -0.000035
 -0.000149  -0.000095  -0.000247
  0.000214   0.001058  -0.000081
 -0.000822   0.000621   0.000493
 -0.000021  -0.000031  -0.000060
 -0.000043   0.000019  -0.000040
  0.000027  -0.000029  -0.000024
  0.000044   0.000002  -0.000018
  0.000003   0.000083   0.000112
  0.000003   0.000002   0.000010
  0.000057  -0.000017   0.000009
  0.000017  -0.000001  -0.000023
  0.000007  -0.000007   0.000003
 -0.000002   0.000003   0.000013
 -0.000000   0.000001   0.000008
  0.000010   0.000002   0.000002
 -0.000032   0.000021  -0.000005
 -0.000002   0.000003   0.000005
  0.000004  -0.000023   0.000008
 -0.000022  -0.000008  -0.000005
 -0.000012   0.000081   0.000082
  0.000010  -0.000002  -0.000015
  0.000180  -0.000012  -0.000154
  0.000046  -0.000010   0.000035
  0.000685   0.000078  -0.000337
 -0.000034  -0.000002   0.000043
 -0.000383  -0.000527  -0.001837
 -0.000070   0.000053  -0.000039
 -0.005628  -0.001677   0.006106
 -0.000120  -0.000082   0.000357
  0.030143   0.022254   0.009790
  0.000083  -0.000024  -0.000091
  0.001298   0.000384   0.000214
  0.000027  -0.000174  -0.000115
  0.000223   0.000101  -0.000753
  0.000114  -0.000291   0.000048
 -0.000030   0.000270   0.000570
 -0.000189   0.000080   0.000198
  0.000222   0.000971  -0.000751
  0.000035   0.000069   0.000129
  0.000323   0.000017   0.004367
  0.000013  -0.000010  -0.000022
  0.011620  -0.016403   0.027900
 -0.000029   0.000028   0.000031
 -0.011804   0.034930   0.065385
 -0.000032   0.000034   0.000004
 -0.183443   0.028471   0.235279
  0.000028  -0.000007   0.000003
 -0.000505  -0.000342  -0.000141
  0.000034   0.000139  -0.000142
  0.000056   0.000106   0.000094
 -0.000096   0.000043   0.000141
  0.000052   0.000157  -0.000006
  0.000055   0.000015   0.000056
 -0.000049  -0.000065   0.000001
 -0.000042  -0.000124  -0.000035
 -0.001736  -0.016763   0.012844
  0.000052   0.000147  -0.000150
  0.000017  -0.000025   0.000020
  0.000098   0.000064  -0.000017
 -0.000031   0.000250  -0.000251
  0.000015   0.000015  -0.000046
 -0.000018   0.000194  -0.000107
 -0.000027   0.000047  -0.000048
  0.000045   0.000309  -0.000380
 -0.000032   0.000020  -0.000108
  0.000001  -0.000162  -0.000407
  0.000009   0.000233  -0.000250
  0.000045   0.000066  -0.000133
 -0.000077  -0.000004  -0.000163
 -0.000199  -0.000240   0.000648
  0.000050  -0.000248   0.000266
  0.000110   0.000065  -0.000021
  0.000279   0.000177   0.000386
   37    1  0.0150  0.0000  0.0000
 -0.000344  -0.000013  -0.000086
  0.000213  -0.000397  -0.000496
  0.000166  -0.000036  -0.000052
  0.000135  -0.000159  -0.000149
 -0.000101  -0.000082   0.000046
 -0.000648   0.000178   0.000572
 -0.000084   0.000148   0.000021
 -0.000206  -0.000167  -0.000546
  0.000019  -0.000020  -0.000029
 -0.000391   0.000239  -0.000296
 -0.000031   0.000047  -0.000011
 -0.000248  -0.000025  -0.000394
  0.000192  -0.000278  -0.000027
  0.000890   0.000655  -0.000204
 -0.000019   0.000168  -0.000018
  0.000146   0.000075   0.000055
  0.000152  -0.000159   0.000017
  0.000179   0.000606   0.000190
  0.000347   0.000220  -0.000309
  0.000276  -0.000087  -0.000171
 -0.000079   0.000192   0.000370
  0.000313  -0.000264   0.000177
 -0.000125  -0.000080   0.000741
  0.000302   0.000073   0.000092
 -0.002062  -0.001531  -0.000569
 -0.000516   0.000148   0.000250
 -0.013665   0.005739  -0.001388
  0.000068   0.000162  -0.000258
  0.212909   0.075197   0.045883
 -0.000020  -0.000092  -0.000009
  0.031546   0.005863   0.014308
 -0.000042   0.000076  -0.000112
  0.000649  -0.000034   0.001297
 -0.000175  -0.000118  -0.000039
  0.001279  -0.005598  -0.000738
 -0.000177  -0.000076   0.000080
 -0.641396  -0.049046  -0.235725
  0.000233   0.000418  -0.000048
  0.134001   0.057908   0.027565
  0.000469  -0.000259  -0.000284
  0.000661  -0.000202   0.000670
 -0.000881  -0.000443   0.000990
 -0.000020   0.000048   0.000044
  0.000058   0.000003  -0.000021
  0.000023  -0.000019   0.000002
 -0.000042   0.000025  -0.000027
  0.000019   0.000051   0.000050
  0.000002  -0.000065   0.000045
  0.000035  -0.000005   0.000019
 -0.000047   0.000055   0.000074
 -0.000011  -0.000092   0.000006
  0.000015   0.000033   0.000006
 -0.000058  -0.000096   0.000111
 -0.000026   0.000034   0.000037
 -0.000028   0.000062   0.000105
  0.000003  -0.000049   0.000000
 -0.000038  -0.000026  -0.000121
 -0.000038   0.000077   0.000004
  0.000002  -0.000056  -0.000047
  0.000003   0.000062   0.000014
  0.000109   0.000036   0.000227
  0.000171  -0.000013   0.000134
 -0.000134  -0.000282  -0.000107
  0.000247   0.000128  -0.000021
  0.000547  -0.000180  -0.000747
 -0.000009   0.000033  -0.000035
  0.000493   0.000094  -0.000243
  0.001107  -0.000916  -0.000621
 -0.000202  -0.002106  -0.000363
 -0.000045  -0.000005   0.000063
  0.025911   0.022961   0.002716
 -0.000039   0.000023   0.000094
  0.000974  -0.000361   0.002758
 -0.000038   0.000112   0.000016
 -0.001506   0.001935  -0.001443
  0.000095   0.000104  -0.000017
  0.000421  -0.001016   0.000529
  0.000002   0.000090   0.000074
 -0.000161   0.000081  -0.000057
 -0.000077   0.000048   0.000112
 -0.000010   0.000133   0.000043
  0.000078  -0.000059  -0.000003
 -0.001585  -0.000966  -0.000706
  0.000151  -0.000036  -0.000008
  0.000053   0.000064   0.000062
 -0.000162  -0.000118   0.000001
  0.260189  -0.116295   0.150941
 -0.000040  -0.000064   0.000004
 -0.009334  -0.030517   0.006354
  0.000028   0.000066  -0.000095
  0.000144   0.038107  -0.006939
  0.000140   0.000007   0.000365
  0.000248  -0.000016   0.000089
  0.000261  -0.000751   0.000077
  0.000505   0.000875  -0.002775
 -0.000107   0.000017  -0.000007
 -0.000306   0.000183   0.000087
 -0.000558  -0.000666   0.000207
 -0.000005  -0.000242  -0.000568
 -0.000293   0.000242  -0.000175
 -0.000177   0.000413   0.000001
 -0.000023  -0.000291  -0.000071
 -0.000097   0.000206  -0.000174
  0.000142  -0.000165  -0.000123
  0.000003   0.000158   0.000016
 -0.000042  -0.000216  -0.000005
 -0.000244   0.000481  -0.000517
 -0.000102  -0.000169  -0.000034
  0.000451  -0.000588   0.000368
  0.000026   0.000485   0.000238
 -0.000179   0.000127  -0.000550
 -0.000807  -0.000158  -0.000836
   37    2  0.0000  0.0150 -0.0000
 -0.000060  -0.000109  -0.000072
 -0.000067   0.000130   0.000363
  0.000018   0.000044   0.000022
  0.000237   0.000249  -0.000034
  0.000034  -0.000007  -0.000044
 -0.000236   0.000398  -0.000161
 -0.000089  -0.000074   0.000003
  0.000477  -0.000724   0.000677
 -0.000035   0.000051  -0.000016
 -0.000264  -0.000411  -0.000370
  0.000103   0.000054  -0.000011
  0.000302   0.000399  -0.000153
  0.000065   0.000123  -0.000080
  0.000025  -0.000109   0.000088
 -0.000136   0.000091   0.000241
 -0.000105  -0.000088  -0.000020
  0.000188  -0.000286  -0.000019
 -0.000272  -0.000442   0.000315
  0.000196   0.000074  -0.000239
 -0.000003   0.000015  -0.000021
  0.000514   0.000423  -0.000423
 -0.000145   0.000115  -0.000137
 -0.001317   0.000037   0.002085
 -0.000214   0.000087  -0.000035
  0.001577  -0.001900   0.000197
  0.000527  -0.000146   0.000098
  0.037198   0.037535   0.011246
 -0.000167  -0.000020   0.000021
  0.070114   0.167936   0.019137
  0.000002  -0.000106   0.000136
 -0.010996  -0.015681   0.003188
 -0.000134  -0.000006   0.000142
  0.000129   0.001171  -0.000692
 -0.000136   0.000018  -0.000002
 -0.003302   0.008265   0.002268
  0.000058   0.000047   0.000021
 -0.049246  -1.121268   0.201700
 -0.000392  -0.000445   0.000178
  0.066646   0.727976  -0.118171
 -0.000710   0.000194   0.000453
 -0.000241   0.000723  -0.000055
 -0.001014  -0.000523   0.000700
 -0.000002   0.000036  -0.000005
  0.000008   0.000007  -0.000008
  0.000053  -0.000029   0.000006
  0.000001   0.000049   0.000013
  0.000014   0.000022  -0.000008
 -0.000065  -0.000006   0.000100
  0.000043   0.000026  -0.000003
 -0.000010   0.000063   0.000083
 -0.000103  -0.000014  -0.000181
 -0.000005   0.000023  -0.000029
 -0.000037  -0.000047   0.000067
  0.000019   0.000001  -0.000026
 -0.000023   0.000025   0.000059
  0.000009   0.000003  -0.000006
 -0.000155   0.000049  -0.000024
  0.000065   0.000008   0.000014
 -0.000040  -0.000011  -0.000022
  0.000021  -0.000020  -0.000020
 -0.000134   0.000092  -0.000065
 -0.000006  -0.000022  -0.000028
 -0.000380  -0.000013  -0.001107
 -0.000316  -0.000164  -0.000019
  0.000750  -0.000095  -0.000907
 -0.000032  -0.000015  -0.000043
 -0.000298  -0.000522   0.000384
 -0.000700   0.000558   0.000377
  0.001012  -0.001672  -0.000131
  0.000050  -0.000052  -0.000014
  0.012018   0.009140  -0.002574
 -0.000039   0.000061  -0.000109
 -0.002767   0.001649  -0.003995
 -0.000028   0.000032  -0.000024
  0.000066   0.001493  -0.000654
  0.000113   0.000095   0.000061
  0.000312  -0.001411   0.000060
 -0.000007   0.000048   0.000011
  0.000171   0.000043   0.000143
 -0.000048   0.000030   0.000120
 -0.000076  -0.000274   0.000162
  0.000029  -0.000019   0.000018
  0.002035   0.000766   0.000952
  0.000093  -0.000000  -0.000070
 -0.000412  -0.000243  -0.000115
 -0.000051  -0.000129  -0.000082
 -0.120902   0.146506  -0.098122
  0.000263  -0.000244  -0.000322
  0.002487   0.016648  -0.005308
 -0.000184   0.000120  -0.000012
 -0.001301   0.020702  -0.006940
  0.000495   0.000497  -0.000412
 -0.000056   0.000007   0.000018
  0.000143  -0.000027   0.000165
 -0.001488   0.001640  -0.003600
  0.000119  -0.000048  -0.000052
 -0.000069   0.000006   0.000045
  0.000056   0.000338  -0.000029
  0.000054   0.000332   0.000466
  0.000098  -0.000089   0.000087
 -0.000074   0.000329   0.000053
  0.000013  -0.000293   0.000150
 -0.000060   0.000147  -0.000308
  0.000043  -0.000124  -0.000024
 -0.000011   0.000118  -0.000006
  0.000025  -0.000089   0.000115
 -0.000062   0.000383  -0.000393
  0.000062  -0.000058   0.000056
  0.000175  -0.000481   0.000368
 -0.000063   0.000413  -0.000117
  0.000019  -0.000080  -0.000147
 -0.000060  -0.000023  -0.000619
   37    3  0.0000  0.0000  0.0150
  0.000037   0.000076  -0.000008
 -0.000213   0.000870   0.000023
 -0.000002  -0.000043  -0.000005
 -0.000120  -0.000232  -0.000291
 -0.000016  -0.000034  -0.000009
 -0.000270  -0.000186  -0.000082
  0.000040   0.000042  -0.000027
 -0.000114   0.000348   0.001113
 -0.000001  -0.000005   0.000018
  0.000635   0.000795   0.001451
  0.000006  -0.000011   0.000008
 -0.000419  -0.000771   0.000797
 -0.000011  -0.000003  -0.000035
 -0.000492   0.000542  -0.000396
  0.000071   0.000009   0.000058
 -0.000078  -0.000782  -0.000061
 -0.000034   0.000018  -0.000016
  0.000897   0.000176   0.001990
  0.000051   0.000030  -0.000143
 -0.000042  -0.000083  -0.000133
  0.000033   0.000146  -0.000254
  0.000052  -0.000072   0.000178
  0.000763   0.000765   0.002243
  0.000463   0.000186   0.000491
  0.000590   0.000503   0.000097
  0.000419   0.000173   0.000471
  0.006310   0.009940   0.005334
 -0.000081   0.000177  -0.000409
  0.042859   0.018769   0.115297
  0.000007  -0.000028   0.000057
  0.029985   0.017800   0.010040
  0.000057   0.000083  -0.000013
 -0.000229  -0.000633  -0.000199
  0.000159  -0.000076   0.000043
 -0.000848   0.000789  -0.000547
 -0.000235  -0.000093   0.000205
 -0.235535   0.201275  -0.394176
 -0.000032  -0.000177   0.000177
  0.023922  -0.126067   0.109679
 -0.000217   0.000044  -0.000188
  0.000337  -0.000051   0.000412
 -0.001142  -0.000434   0.001120
  0.000002  -0.000005  -0.000001
 -0.000019  -0.000071   0.000021
 -0.000008  -0.000009  -0.000014
  0.000022  -0.000012  -0.000027
  0.000005  -0.000005  -0.000018
  0.000071  -0.000034  -0.000195
 -0.000007  -0.000005  -0.000019
  0.000059  -0.000078  -0.000148
 -0.000004   0.000011  -0.000075
  0.000018   0.000026  -0.000008
  0.000017   0.000003   0.000021
  0.000018   0.000016   0.000001
 -0.000003   0.000000   0.000022
  0.000016  -0.000056   0.000003
  0.000020   0.000003  -0.000037
 -0.000004   0.000056   0.000028
  0.000028  -0.000015  -0.000048
  0.000006   0.000027  -0.000082
 -0.000096   0.000002  -0.000103
  0.000061  -0.000028  -0.000010
 -0.000206   0.000816   0.001211
  0.000300   0.000153   0.000145
  0.000422  -0.000119  -0.000249
 -0.000320   0.000100  -0.000063
  0.000349   0.000118  -0.000232
  0.000210  -0.000777  -0.000645
 -0.000657  -0.001577  -0.000695
 -0.000029  -0.000030   0.000015
 -0.022935  -0.020730  -0.012114
 -0.000028  -0.000048   0.000035
  0.001841  -0.000588   0.002939
 -0.000021   0.000009   0.000041
 -0.000233   0.000727  -0.001885
  0.000065   0.000123   0.000022
 -0.000178   0.000666   0.000022
 -0.000013   0.000101   0.000130
 -0.000039  -0.000041  -0.000001
  0.000000  -0.000060  -0.000047
 -0.000118   0.000077  -0.000159
  0.000016  -0.000048  -0.000014
  0.000548  -0.000070  -0.000285
  0.000103  -0.000074   0.000036
  0.000434   0.000234  -0.000092
 -0.000138   0.000019   0.000056
  0.150118  -0.093817   0.165021
  0.000009  -0.000055  -0.000285
 -0.001072  -0.023129  -0.002540
  0.000009   0.000023   0.000068
  0.002598   0.015616  -0.006472
 -0.000025  -0.000031   0.000214
  0.000067   0.000005   0.000061
  0.000195   0.000185   0.000314
  0.001777  -0.000915   0.002152
 -0.000224  -0.000073  -0.000256
 -0.000045  -0.000025   0.000026
 -0.000080  -0.000374   0.000185
  0.000028   0.000121   0.000268
 -0.000058   0.000108  -0.000138
 -0.000017   0.000103   0.000148
  0.000045  -0.000166   0.000238
 -0.000026  -0.000052   0.000283
 -0.000108   0.000036   0.000146
 -0.000035   0.000224   0.000525
 -0.000024  -0.000133   0.000318
  0.000056  -0.000150   0.000334
 -0.000046  -0.000118   0.000059
 -0.000022  -0.000164  -0.000745
  0.000129   0.000182  -0.000433
 -0.000070   0.000071  -0.000388
 -0.000312  -0.000048  -0.000892
   39    1  0.0150  0.0000  0.0000
  0.000114  -0.000008   0.000075
 -0.000026   0.000011   0.000077
 -0.000072   0.000000   0.000029
  0.000065   0.000223   0.000103
  0.000038   0.000043  -0.000007
  0.000199   0.000258  -0.000078
  0.000071  -0.000072   0.000019
  0.000329   0.000022  -0.000380
  0.000040  -0.000028   0.000009
 -0.000181  -0.000400  -0.000272
 -0.000027  -0.000046  -0.000006
  0.000005   0.000380  -0.000427
 -0.000201   0.000247   0.000102
 -0.000290  -0.000665   0.000215
  0.000021  -0.000185  -0.000214
 -0.000060  -0.000330   0.000151
 -0.000135   0.000248  -0.000003
 -0.000044  -0.000098   0.000165
 -0.000673  -0.000330   0.000693
  0.000082   0.000116   0.000218
 -0.000069  -0.000074   0.000133
 -0.000053   0.000062  -0.000093
  0.000403   0.000255  -0.000405
 -0.000234  -0.000151  -0.000176
  0.000349   0.000031  -0.000305
 -0.000197   0.000086  -0.000337
  0.006605  -0.000592   0.000923
  0.000144  -0.000082   0.000176
  0.001457   0.039941  -0.004818
 -0.000074   0.000066  -0.000052
 -0.001621   0.001486  -0.001506
 -0.000033  -0.000040  -0.000037
 -0.000347   0.000296  -0.000375
 -0.000038   0.000021  -0.000010
 -0.001111   0.002569   0.000217
  0.000103   0.000001  -0.000122
  0.134037   0.066394   0.023913
  0.000479   0.000708  -0.000232
 -0.711064  -0.100158  -0.299804
  0.001457  -0.000433  -0.000584
 -0.000132  -0.000030   0.000142
  0.000364   0.000126  -0.000504
 -0.000001  -0.000034   0.000000
  0.000018   0.000050   0.000041
 -0.000019   0.000023   0.000003
 -0.000038  -0.000012   0.000038
 -0.000012  -0.000034  -0.000013
 -0.000033   0.000041   0.000068
 -0.000021   0.000001   0.000010
 -0.000043   0.000050   0.000163
  0.000079   0.000082   0.000172
  0.000032  -0.000029   0.000034
  0.000068   0.000124  -0.000170
 -0.000009  -0.000026  -0.000054
  0.000060  -0.000042  -0.000136
  0.000006   0.000054  -0.000010
  0.000109   0.000050   0.000118
  0.000137  -0.000088  -0.000049
  0.000004   0.000027   0.000045
 -0.000000  -0.000037   0.000039
  0.000080  -0.000033   0.000003
 -0.000024   0.000018   0.000019
  0.000081   0.000061   0.000256
 -0.000096  -0.000090  -0.000066
 -0.000424  -0.000029   0.000220
  0.000154  -0.000038   0.000085
 -0.000497   0.000156   0.000273
 -0.000167   0.000400   0.000289
 -0.000124   0.000595  -0.000274
  0.000015   0.000044  -0.000031
  0.000751   0.001736   0.001630
  0.000082  -0.000051  -0.000057
  0.000182   0.000190   0.000064
  0.000028  -0.000055  -0.000009
  0.001469   0.001748   0.001026
 -0.000063  -0.000069  -0.000006
 -0.000056   0.000267  -0.000190
  0.000004  -0.000069  -0.000058
 -0.000010  -0.000111   0.000025
 -0.000017   0.000035   0.000004
  0.000023  -0.000050  -0.000029
 -0.000017   0.000031   0.000012
  0.000694   0.000376   0.000454
 -0.000064   0.000011   0.000018
 -0.000255  -0.000173  -0.000011
  0.000079   0.000057  -0.000042
 -0.006910  -0.033038   0.008951
 -0.000155   0.000128   0.000312
  0.248524  -0.134166   0.142410
  0.000210  -0.000028   0.000004
  0.325118   0.152243   0.127847
  0.000404  -0.000306  -0.000441
 -0.000116  -0.000006  -0.000095
 -0.000208  -0.000093  -0.000040
  0.000192  -0.000032   0.000244
  0.000102   0.000052   0.000125
  0.000489  -0.000171  -0.000194
  0.000262   0.000679  -0.000252
 -0.000106  -0.000038  -0.000050
  0.000054  -0.000087   0.000039
  0.000039  -0.000280  -0.000130
 -0.000013   0.000180  -0.000114
  0.000012  -0.000122   0.000029
  0.000038   0.000024  -0.000102
 -0.000021  -0.000167  -0.000249
  0.000014   0.000195  -0.000248
 -0.000082  -0.000206   0.000022
  0.000007   0.000094  -0.000067
  0.000051   0.000442   0.000189
 -0.000041  -0.000257   0.000321
  0.000052  -0.000091   0.000462
  0.000240   0.000027   0.000509
   39    2  0.0000  0.0150 -0.0000
  0.000077   0.000057   0.000052
 -0.000038   0.000371  -0.000172
 -0.000020  -0.000044  -0.000024
 -0.000212  -0.000234  -0.000046
 -0.000013  -0.000032   0.000016
  0.000056  -0.000194   0.000087
  0.000085   0.000094  -0.000015
 -0.000315   0.000645  -0.000492
 -0.000009  -0.000071   0.000044
  0.000587   0.000547   0.000899
 -0.000108  -0.000016   0.000011
 -0.000541  -0.000649   0.000590
 -0.000062  -0.000085   0.000058
 -0.000340  -0.000110  -0.000135
  0.000176  -0.000091  -0.000146
  0.000092  -0.000032  -0.000158
 -0.000194   0.000264  -0.000002
  0.000157   0.000014   0.000110
 -0.000167  -0.000114   0.000106
 -0.000211   0.000058   0.000195
 -0.000284  -0.000147   0.000207
  0.000033  -0.000006   0.000005
  0.000634  -0.000065  -0.000861
  0.000068   0.000007   0.000040
  0.000022   0.000104  -0.000541
 -0.000061   0.000094   0.000048
  0.003080  -0.002874   0.000548
  0.000065  -0.000061  -0.000061
  0.017854   0.027918  -0.002977
  0.000022   0.000005   0.000018
 -0.002004   0.002752  -0.001013
  0.000089  -0.000024   0.000011
 -0.000344   0.000248   0.000143
  0.000263   0.000027   0.000006
 -0.000673   0.000637   0.000246
 -0.000048   0.000016   0.000060
  0.058133   0.727818  -0.126545
  0.000209   0.000250  -0.000071
 -0.100319  -1.122597   0.171828
  0.000416   0.000072   0.000074
  0.000102  -0.000299  -0.000028
  0.000592   0.000224  -0.000644
  0.000012  -0.000029  -0.000002
 -0.000030  -0.000025  -0.000002
 -0.000039   0.000007  -0.000003
  0.000036  -0.000052  -0.000001
 -0.000017  -0.000025  -0.000031
  0.000097   0.000021  -0.000199
 -0.000034  -0.000014  -0.000000
  0.000059  -0.000107  -0.000181
  0.000069   0.000008   0.000076
  0.000032  -0.000036   0.000087
  0.000055   0.000064  -0.000069
  0.000013  -0.000033  -0.000031
  0.000028  -0.000032  -0.000031
  0.000003  -0.000000  -0.000027
  0.000232   0.000073  -0.000009
  0.000048  -0.000025  -0.000049
  0.000035   0.000001   0.000006
 -0.000022  -0.000004  -0.000010
  0.000072  -0.000041  -0.000063
 -0.000049   0.000004  -0.000040
  0.000419   0.000403   0.001273
  0.000029  -0.000024   0.000016
 -0.000318  -0.000065   0.000184
 -0.000017   0.000007   0.000006
 -0.000226   0.000315   0.000067
  0.000122  -0.000023  -0.000180
 -0.000252  -0.000197  -0.000031
 -0.000029   0.000024  -0.000007
 -0.002341  -0.000797   0.003027
 -0.000104  -0.000015   0.000095
 -0.000362  -0.000082  -0.000064
  0.000031  -0.000070   0.000049
 -0.000514  -0.001139  -0.000818
 -0.000069  -0.000061  -0.000026
 -0.000188   0.000437  -0.000409
  0.000009  -0.000042  -0.000018
 -0.000028  -0.000083   0.000018
  0.000094  -0.000098  -0.000150
  0.000131   0.000101  -0.000045
 -0.000041   0.000020  -0.000029
  0.000341   0.000186   0.000273
 -0.000040   0.000011   0.000007
 -0.000130  -0.000127  -0.000009
 -0.000035   0.000049   0.000120
  0.004455   0.021853  -0.003921
 -0.000215   0.000186   0.000200
 -0.137974   0.183758  -0.107030
  0.000267  -0.000101  -0.000046
  0.159360   0.161871   0.065244
 -0.000532  -0.000350   0.000126
  0.000095  -0.000012   0.000050
 -0.000053  -0.000004   0.000034
  0.000599   0.000250   0.000554
 -0.000107  -0.000040  -0.000038
 -0.000013  -0.000031   0.000024
  0.000198   0.000008   0.000086
 -0.000094  -0.000191  -0.000123
  0.000012  -0.000007   0.000017
  0.000080  -0.000114   0.000083
 -0.000029   0.000118   0.000037
  0.000049  -0.000087   0.000202
 -0.000130   0.000138   0.000176
 -0.000007  -0.000038   0.000131
 -0.000010  -0.000040   0.000281
  0.000104  -0.000191   0.000383
 -0.000017   0.000042   0.000045
 -0.000207   0.000162  -0.000448
  0.000096  -0.000240  -0.000379
 -0.000191  -0.000056  -0.000288
  0.000326   0.000153   0.000356
   39    3  0.0000  0.0000  0.0150
  0.000132  -0.000034   0.000012
 -0.000193  -0.000037   0.000144
 -0.000067   0.000033   0.000018
  0.000039   0.000113   0.000076
  0.000067   0.000088  -0.000058
  0.000119  -0.000025  -0.000199
 -0.000039  -0.000155  -0.000052
 -0.000183   0.000459   0.000475
 -0.000017   0.000050  -0.000023
  0.000405  -0.000209   0.001012
  0.000056   0.000005   0.000017
 -0.000002  -0.000152   0.000576
  0.000038   0.000127  -0.000118
 -0.000316  -0.000887   0.000516
 -0.000093   0.000043   0.000311
 -0.000158   0.000337   0.000317
  0.000078  -0.000167  -0.000005
 -0.000226  -0.000031  -0.000232
  0.000136   0.000051  -0.000314
 -0.000216   0.000069   0.000107
  0.000313   0.000195  -0.000679
 -0.000217   0.000133  -0.000038
 -0.000648  -0.000333   0.001035
 -0.000086  -0.000045  -0.000029
  0.000248  -0.000304   0.000402
 -0.000143   0.000059  -0.000233
  0.001777   0.002334   0.000115
 -0.000136  -0.000239   0.000200
 -0.001113   0.009070  -0.008501
  0.000056   0.000143   0.000124
 -0.000331  -0.000745  -0.000543
  0.000157  -0.000003   0.000148
 -0.000016  -0.000130   0.000003
  0.000269  -0.000011   0.000017
 -0.000049   0.000901  -0.000022
  0.000242   0.000216  -0.000212
  0.027537  -0.117860   0.109721
 -0.000252  -0.000506  -0.000175
 -0.299608   0.171633  -0.355575
 -0.000594  -0.000141   0.001483
 -0.000057   0.000012  -0.000481
 -0.000012  -0.000004  -0.000282
 -0.000003   0.000013  -0.000033
 -0.000037  -0.000002  -0.000001
  0.000027   0.000003  -0.000009
  0.000043  -0.000005  -0.000024
  0.000009  -0.000013  -0.000022
  0.000057   0.000027  -0.000172
  0.000008   0.000015  -0.000038
  0.000019  -0.000050  -0.000139
 -0.000087   0.000025  -0.000229
 -0.000012  -0.000023  -0.000021
 -0.000012  -0.000038   0.000031
  0.000035  -0.000032  -0.000053
 -0.000034  -0.000026   0.000071
  0.000021   0.000023  -0.000008
 -0.000202   0.000039   0.000171
  0.000094  -0.000048   0.000065
 -0.000015   0.000012  -0.000035
  0.000007  -0.000017  -0.000031
 -0.000221   0.000033  -0.000176
 -0.000043  -0.000004  -0.000099
  0.000040   0.000788  -0.000205
 -0.000120  -0.000060   0.000124
 -0.000136   0.000087  -0.000075
  0.000078   0.000007   0.000019
 -0.000060  -0.000275   0.000127
 -0.000123   0.000152   0.000357
 -0.000028   0.000467  -0.000141
  0.000014   0.000004  -0.000049
  0.001517   0.001604  -0.000788
  0.000037   0.000048  -0.000173
  0.000073   0.000460  -0.000182
 -0.000013  -0.000059  -0.000075
  0.001246   0.002064   0.000910
  0.000043  -0.000010   0.000080
 -0.000036   0.000032  -0.000233
  0.000021  -0.000003  -0.000042
  0.000054   0.000048  -0.000080
  0.000057  -0.000085  -0.000193
 -0.000057  -0.000026  -0.000034
 -0.000048   0.000047  -0.000009
  0.000161   0.000155   0.000204
 -0.000077   0.000045   0.000017
 -0.000014  -0.000015   0.000034
  0.000222   0.000002   0.000134
  0.000285  -0.026770  -0.002502
  0.000077  -0.000139  -0.000029
  0.144147  -0.105693   0.153241
 -0.000248   0.000090  -0.000066
  0.125753   0.061186   0.101712
 -0.000545   0.000606  -0.000917
 -0.000208   0.000026  -0.000041
  0.000035   0.000227  -0.000047
  0.000105   0.000243  -0.000398
 -0.000091  -0.000011  -0.000051
 -0.000023  -0.000010   0.000036
  0.000233   0.000359  -0.000255
  0.000154   0.000459   0.000649
  0.000121  -0.000089   0.000095
  0.000029  -0.000132   0.000027
  0.000046   0.000066   0.000135
 -0.000022  -0.000082   0.000137
 -0.000111   0.000093   0.000150
 -0.000027   0.000002   0.000210
  0.000005   0.000069   0.000039
  0.000160  -0.000103   0.000201
 -0.000003   0.000061   0.000056
 -0.000167   0.000202  -0.000433
  0.000114  -0.000171  -0.000298
  0.000340  -0.000109   0.000308
  0.000441   0.000164   0.000016
   41    1  0.0150  0.0000  0.0000
 -0.000505   0.000080   0.000035
 -0.000279   0.000043   0.000057
  0.000744   0.000069  -0.000790
  0.000060  -0.000010  -0.000007
 -0.000886  -0.003380   0.000293
 -0.000108  -0.000027  -0.000022
  0.001326   0.003437  -0.000016
 -0.000116   0.000033  -0.000046
 -0.000156  -0.000229   0.000306
  0.000150   0.000061  -0.000022
  0.000249  -0.000440   0.000024
 -0.000072  -0.000028   0.000026
 -0.001220   0.003095   0.000152
 -0.000114  -0.000025  -0.000045
  0.000098  -0.001031  -0.000184
 -0.000033  -0.000007   0.000060
 -0.000102   0.000060  -0.000503
  0.000085  -0.000012  -0.000039
  0.000061  -0.001147   0.001768
 -0.000215  -0.000034  -0.000029
 -0.000352  -0.000432   0.000159
 -0.000256   0.000212  -0.000140
 -0.000217   0.000381   0.000493
  0.000015   0.000048   0.000133
  0.000004  -0.000395  -0.000200
 -0.000287   0.000367  -0.000093
 -0.000675   0.000427   0.000279
 -0.000070  -0.000721   0.000471
  0.000183  -0.000230   0.000288
  0.002883  -0.001717  -0.001751
  0.001108  -0.000174   0.000163
  0.001503   0.000329   0.000719
  0.000602  -0.000286   0.000175
  0.000408   0.000102  -0.000109
  0.000515   0.000063   0.000174
 -0.000187   0.000223  -0.000827
  0.000642  -0.000138   0.000350
 -0.000881   0.001027  -0.001116
 -0.000238   0.000062  -0.000112
  0.000362  -0.000584  -0.000074
 -0.053131   0.011873  -0.051776
 -0.000185  -0.000029   0.000302
  0.000085  -0.000081  -0.000006
 -0.000080  -0.000030  -0.000035
 -0.000310  -0.000165  -0.000094
  0.000071   0.000011  -0.000052
  0.000225   0.000095  -0.000057
  0.000068  -0.000003  -0.000046
  0.000016  -0.000086  -0.000048
  0.000057  -0.000046  -0.000025
  0.000052   0.000095   0.000122
 -0.000005   0.000020  -0.000046
  0.000067  -0.000049  -0.000200
  0.000029  -0.000017  -0.000014
  0.000017  -0.000427   0.000426
 -0.000003  -0.000044  -0.000028
  0.000467   0.001302  -0.002027
  0.000026   0.000019   0.000019
  0.000126   0.000158  -0.000054
  0.000019   0.000060  -0.000139
  0.000239  -0.000012   0.000195
 -0.000491  -0.000048  -0.000490
 -0.000220   0.000091   0.000133
 -0.000078  -0.000014   0.000091
 -0.000174  -0.000093   0.000127
  0.000108   0.000059  -0.000185
  0.000025   0.000146   0.000060
 -0.000019  -0.000028   0.000070
  0.000072  -0.000225  -0.000100
 -0.000289  -0.000012   0.000132
  0.000137  -0.000138  -0.000138
  0.002658  -0.000417  -0.001574
 -0.000106  -0.000401   0.000041
 -0.000268  -0.000042  -0.000240
 -0.000198  -0.000052   0.000160
 -0.000130  -0.000012  -0.000076
  0.000396  -0.000197   0.000677
  0.000094   0.000199  -0.000066
 -0.000031   0.000220  -0.000003
  0.000011  -0.000054  -0.000190
  0.000132  -0.000392   0.000232
 -0.000085  -0.000055  -0.000129
 -0.000199   0.000345  -0.000254
 -0.000018   0.000046  -0.000019
  0.000011   0.000388   0.000045
  0.001445   0.000685  -0.000995
  0.000039  -0.000417   0.000120
 -0.000039  -0.000005   0.000168
  0.000879  -0.000447   0.000369
  0.000081  -0.000017   0.000002
  0.000394  -0.000211   0.000331
 -0.000164  -0.000179   0.000217
  0.009417  -0.001608   0.006750
  0.000097   0.000014   0.000077
 -0.000404  -0.000337  -0.000439
 -0.000347  -0.000155  -0.000504
  0.003495  -0.001856  -0.001861
  0.000104   0.000011   0.000016
  0.000385   0.000381  -0.000278
  0.000383  -0.000150   0.000379
 -0.000417   0.002210   0.002968
 -0.000252  -0.000554   0.000200
 -0.000844   0.000761   0.000261
 -0.000362   0.000103   0.000536
 -0.000748   0.000984   0.000540
 -0.000600  -0.000709   0.002265
 -0.001940  -0.000015  -0.001206
 -0.000361  -0.000191   0.000060
  0.004311  -0.003994   0.000090
  0.000280   0.000502  -0.001050
  0.031724  -0.005727   0.046757
  0.000228  -0.000110  -0.000494
   41    2  0.0000  0.0150 -0.0000
  0.000155   0.000127   0.000021
  0.000023  -0.000104   0.000010
 -0.000181  -0.000450   0.000252
  0.000008   0.000067  -0.000006
 -0.000887   0.001027   0.000048
 -0.000105  -0.000080   0.000032
  0.000031  -0.000546   0.000126
  0.000037  -0.000029  -0.000004
  0.000636   0.000250  -0.000306
  0.000095  -0.000049  -0.000026
 -0.000117  -0.000264  -0.000004
 -0.000016   0.000112  -0.000021
  0.000138  -0.000050  -0.000020
  0.000005  -0.000023   0.000006
 -0.000070   0.000050   0.000057
 -0.000001   0.000005  -0.000028
 -0.000014  -0.000097   0.000229
 -0.000011   0.000060  -0.000001
  0.000036   0.000255  -0.000310
 -0.000005  -0.000058   0.000005
 -0.000285  -0.000408  -0.000261
 -0.000098   0.000326  -0.000075
  0.000475  -0.000123   0.000172
  0.000090  -0.000052   0.000023
  0.000073  -0.000035   0.000134
  0.000122  -0.000429   0.000169
 -0.001255   0.000620  -0.000834
 -0.000454   0.000824   0.000132
  0.000899   0.001222   0.000457
 -0.001442  -0.000031   0.000751
 -0.003025   0.002574  -0.001188
 -0.000305  -0.000107  -0.000594
 -0.000264  -0.001101   0.001157
  0.000319   0.000534  -0.000020
  0.002350   0.001505   0.001050
 -0.000433  -0.000039  -0.000562
 -0.000208   0.000717  -0.000049
  0.000447  -0.000543   0.000435
 -0.000015  -0.000248   0.000033
 -0.000128   0.000200   0.000024
  0.012156  -0.023334   0.016559
  0.000048   0.000321   0.000007
 -0.000137   0.000004   0.000052
 -0.000035  -0.000004   0.000001
 -0.000348  -0.000130  -0.000278
 -0.000083  -0.000057   0.000033
 -0.000051  -0.000161   0.000179
  0.000014   0.000023  -0.000045
 -0.000118  -0.000089   0.000016
 -0.000062   0.000060   0.000029
  0.000140  -0.000004  -0.000127
  0.000043  -0.000010   0.000018
  0.000013   0.000099  -0.000153
 -0.000008  -0.000060  -0.000013
 -0.000219  -0.000259   0.000299
 -0.000055   0.000005  -0.000028
  0.000264   0.000269   0.000172
  0.000012  -0.000009   0.000008
  0.000127  -0.000071  -0.000053
  0.000051   0.000027   0.000002
 -0.000307  -0.000220   0.000020
 -0.000775   0.000155  -0.000343
  0.000265   0.000016  -0.000093
  0.000058  -0.000014  -0.000027
 -0.000206   0.000064   0.000048
 -0.000146  -0.000034   0.000119
  0.000084   0.000101  -0.000116
  0.000096  -0.000063  -0.000122
 -0.000079   0.000273   0.000097
 -0.000182  -0.000064   0.000017
 -0.000134   0.000005  -0.000089
 -0.000287   0.000958   0.000464
 -0.000138  -0.000678   0.000347
  0.000103   0.000100  -0.000266
  0.000738   0.003844  -0.000228
  0.000023  -0.000070   0.000017
  0.000278  -0.000664   0.000038
  0.000155   0.000210   0.000322
  0.000060  -0.000225  -0.000079
 -0.000046   0.000000   0.000051
 -0.000138  -0.000414   0.000229
 -0.000077  -0.000134  -0.000232
 -0.000545   0.003184  -0.000109
  0.000196  -0.000073  -0.000041
 -0.000058  -0.000161  -0.000124
  0.001011   0.000379  -0.000513
 -0.000168   0.000068  -0.000110
 -0.000039   0.000020  -0.000078
 -0.000566   0.000616  -0.000231
 -0.000012  -0.000049  -0.000026
 -0.000239   0.000157  -0.000247
  0.000034   0.000064  -0.000100
 -0.001605  -0.001608  -0.001780
  0.000040   0.000082  -0.000040
 -0.000016   0.001284  -0.000466
 -0.000104  -0.000176  -0.000085
 -0.000248  -0.000183   0.000051
 -0.000021   0.000030  -0.000006
  0.000309   0.000412   0.000043
  0.000501  -0.000243   0.000227
  0.000871   0.001954   0.003430
  0.000293   0.002042  -0.001007
  0.000347   0.000560   0.000786
  0.000384  -0.000127  -0.001560
  0.000019   0.001077   0.001571
 -0.000053   0.003835  -0.008868
  0.000362   0.001233   0.001563
 -0.000936   0.000184  -0.001109
 -0.000838  -0.002134  -0.002421
  0.000969  -0.001778   0.004007
 -0.007868   0.005133  -0.010606
  0.000256  -0.001157  -0.000013
   41    3  0.0000  0.0000  0.0150
 -0.000213   0.000067  -0.000104
  0.000025  -0.000074   0.000200
  0.000574   0.000199  -0.000437
 -0.000065  -0.000018   0.000039
 -0.000370  -0.001745   0.000122
  0.000090  -0.000047  -0.000060
  0.001032   0.002409   0.000141
 -0.000068   0.000110  -0.000091
 -0.000492  -0.000378   0.000174
  0.000158  -0.000037   0.000110
 -0.000071  -0.000001  -0.000098
  0.000007  -0.000067   0.000128
  0.000092  -0.000346   0.000075
 -0.000025  -0.000055  -0.000126
  0.000461   0.000065  -0.000245
 -0.000110  -0.000003   0.000207
  0.000055  -0.000361  -0.000374
  0.000044   0.000001  -0.000094
 -0.000826   0.000012   0.000062
 -0.000114  -0.000047  -0.000290
 -0.000052   0.000116   0.000552
 -0.000217   0.000711  -0.000692
 -0.000165  -0.000029   0.000446
  0.000231  -0.000127  -0.000386
  0.000194  -0.000014   0.000063
 -0.000499  -0.000150  -0.000130
 -0.000813   0.000580  -0.000132
  0.000617   0.000408   0.000585
  0.000488   0.000073   0.000192
 -0.003218   0.001476   0.001324
  0.000702  -0.000192  -0.000455
 -0.000353   0.000013  -0.001312
  0.000217  -0.000207   0.000578
 -0.000379  -0.000622  -0.000420
  0.001245   0.000204  -0.000044
  0.000545  -0.001298   0.000429
  0.000678   0.000002   0.000412
  0.001068  -0.000784   0.001166
  0.000140  -0.000023  -0.000542
 -0.000549   0.000705  -0.000271
 -0.051914   0.016662  -0.108428
  0.000349  -0.000021   0.001244
  0.000163   0.000052   0.000002
 -0.000068   0.000005  -0.000104
 -0.000387  -0.000042   0.000232
  0.000161   0.000100  -0.000181
 -0.000087   0.000269   0.000232
  0.000057   0.000026  -0.000292
 -0.000055  -0.000120   0.000061
  0.000109  -0.000085  -0.000224
  0.000250  -0.000155   0.000082
 -0.000120  -0.000000  -0.000161
  0.000334   0.000012  -0.000615
 -0.000038  -0.000056   0.000055
  0.000234   0.000201  -0.000012
 -0.000054  -0.000028  -0.000122
 -0.000745  -0.000077   0.001360
  0.000015   0.000087   0.000033
  0.000210  -0.000102  -0.000186
 -0.000178  -0.000060  -0.000004
  0.000714   0.000275   0.000252
 -0.002219   0.000168  -0.001572
 -0.000040   0.000009   0.000237
 -0.000035  -0.000028  -0.000072
 -0.000068  -0.000047   0.000162
 -0.000021  -0.000072  -0.000029
  0.000063   0.000077  -0.000022
 -0.000164   0.000122   0.000165
  0.000042  -0.000179  -0.000152
 -0.000041  -0.000156   0.000004
  0.000001  -0.000041  -0.000257
 -0.000077   0.000115   0.001678
  0.000098   0.000201  -0.000001
  0.000116  -0.000539  -0.000920
 -0.000335   0.000214   0.000814
 -0.000256  -0.000122   0.000060
  0.000488  -0.000995   0.001502
 -0.000489  -0.000945  -0.001526
 -0.000036   0.000109   0.000112
  0.000097   0.000154  -0.000451
  0.000139   0.000252   0.000202
 -0.000016   0.000210  -0.000079
 -0.000660   0.000492   0.000468
 -0.000697   0.000010   0.000525
  0.000045  -0.000178  -0.000230
 -0.001377   0.000140   0.001496
 -0.000031  -0.000399   0.000102
 -0.000205   0.000000   0.000066
 -0.000050   0.000094   0.000324
 -0.000089  -0.000079   0.000032
  0.000513  -0.000269   0.000202
  0.000024   0.000179   0.000036
  0.003749  -0.001362   0.004389
 -0.000184  -0.000053   0.000457
 -0.000203  -0.000458  -0.001149
  0.000006   0.000527   0.001107
 -0.000753  -0.000139   0.000356
  0.000088   0.000025   0.000165
 -0.000237  -0.000353  -0.000528
  0.001195  -0.000601   0.001495
  0.003089   0.007251   0.007551
 -0.000713  -0.003461   0.002492
  0.000213   0.001827  -0.000736
 -0.000662   0.000385   0.003186
 -0.000472   0.002474   0.002720
  0.001203  -0.009067   0.015960
 -0.000853   0.002512   0.000173
  0.001986   0.000001   0.002871
  0.002224  -0.010376  -0.000686
 -0.001784   0.002354  -0.010027
  0.048168  -0.007596   0.076035
  0.000207   0.000143  -0.002633
   43    1  0.0150  0.0000  0.0000
 -0.018183  -0.022399   0.001725
 -0.000032  -0.000079  -0.000017
  0.140359   0.147479  -0.009749
  0.000051   0.000099   0.000001
  0.010346   0.039711  -0.001720
 -0.000186   0.000024   0.000082
  0.001114  -0.001719   0.000026
  0.000032  -0.000012   0.000006
  0.000068   0.000558   0.000088
  0.000036  -0.000026  -0.000029
 -0.000010  -0.000515   0.000023
  0.000004   0.000056  -0.000033
 -0.000161  -0.000061   0.000111
 -0.000147  -0.000160  -0.000003
 -0.001224  -0.000892   0.000087
  0.000023   0.000058  -0.000000
  0.003742  -0.004525  -0.001244
 -0.000072  -0.000012   0.000002
 -0.000822   0.001171   0.000119
 -0.000056  -0.000035  -0.000046
 -0.000334  -0.000796   0.000238
 -0.000075   0.000155  -0.000050
  0.000075   0.000337  -0.000024
  0.000065  -0.000028  -0.000019
 -0.000005  -0.000282  -0.000081
 -0.000053  -0.000014  -0.000025
  0.000088   0.000022   0.000043
  0.000077   0.000077   0.000158
 -0.000026  -0.000003   0.000029
  0.000002   0.000004  -0.000036
  0.000052  -0.000007  -0.000061
  0.000023  -0.000032   0.000016
 -0.000020  -0.000104  -0.000023
 -0.000010   0.000033  -0.000021
 -0.000016  -0.000020   0.000000
  0.000038  -0.000019  -0.000048
 -0.000019   0.000002   0.000001
  0.000050  -0.000015   0.000001
 -0.000014   0.000026  -0.000007
  0.000012   0.000020  -0.000009
  0.000219  -0.000130   0.000337
 -0.000045   0.000016  -0.000093
 -0.147957  -0.159043   0.012257
 -0.000063  -0.000004  -0.000041
 -0.001097  -0.000340   0.000310
  0.000022   0.000001   0.000061
 -0.000015  -0.000130  -0.000006
  0.000008   0.000002   0.000004
  0.000231  -0.000126  -0.000094
 -0.000006   0.000022   0.000032
  0.000050   0.000079  -0.000038
  0.000024  -0.000010  -0.000013
  0.000218  -0.000167  -0.000027
  0.000042  -0.000046  -0.000039
  0.000839   0.000505  -0.000236
  0.000016   0.000004  -0.000048
  0.000200  -0.000213  -0.000007
  0.000036  -0.000001   0.000015
 -0.000081   0.000497   0.000218
  0.000054  -0.000019  -0.000010
  0.000988   0.000560   0.001067
  0.000169   0.000072  -0.000026
 -0.000096   0.000087   0.000211
 -0.000006  -0.000009   0.000016
 -0.000102   0.000007  -0.000368
 -0.000003  -0.000003   0.000004
  0.000029   0.000143   0.000116
 -0.000009  -0.000007  -0.000000
 -0.000018  -0.000009   0.000038
  0.000006   0.000041  -0.000022
  0.000013   0.000013   0.000005
  0.000024  -0.000001  -0.000036
  0.000001  -0.000009   0.000032
 -0.000001   0.000006  -0.000010
 -0.000005   0.000012   0.000012
  0.000012  -0.000002   0.000002
  0.000098  -0.000104   0.000035
  0.000050   0.000087   0.000114
 -0.000010   0.000030   0.000062
 -0.000003  -0.000004  -0.000006
  0.000167   0.000026  -0.000068
  0.000018  -0.000002  -0.000011
  0.000016   0.000006  -0.000020
  0.000013  -0.000013   0.000017
  0.000013  -0.000006   0.000025
  0.000013   0.000007  -0.000009
 -0.000004  -0.000004  -0.000000
 -0.000016  -0.000001   0.000035
  0.000001   0.000008  -0.000007
  0.000009  -0.000015   0.000015
 -0.000003   0.000004   0.000009
 -0.000038  -0.000020   0.000019
  0.008575   0.000589  -0.001839
  0.000079  -0.000088  -0.000133
 -0.000003  -0.000032   0.000073
 -0.000011  -0.000035  -0.000095
  0.000987   0.000071   0.000038
  0.000084   0.000137   0.000021
  0.003057  -0.000864  -0.001019
 -0.000074  -0.000133   0.000112
 -0.000143  -0.000376  -0.000031
 -0.000724  -0.000116  -0.000578
 -0.000505  -0.000134   0.000324
 -0.000103  -0.000128  -0.000226
 -0.000109  -0.000015   0.000101
 -0.000057   0.000060  -0.000288
 -0.000360  -0.000017   0.000014
 -0.000401  -0.000126  -0.000206
  0.000711   0.000477  -0.000509
  0.000667   0.000425   0.000560
 -0.000590   0.000719   0.000091
  0.000109  -0.000284   0.000249
   43    2  0.0000  0.0150 -0.0000
  0.012673   0.025835  -0.001436
  0.000068   0.000132   0.000024
  0.148372   0.413995  -0.014978
 -0.000041  -0.000065   0.000068
 -0.001725  -0.003428   0.000069
 -0.000034  -0.000063   0.000003
 -0.000632   0.000052   0.000050
 -0.000053   0.000022   0.000008
  0.000155  -0.000223  -0.000026
  0.000008   0.000026  -0.000001
  0.000188  -0.000104  -0.000048
 -0.000045  -0.000042  -0.000002
 -0.002458   0.002459   0.000300
  0.000084   0.000157   0.000035
  0.001450  -0.000360  -0.000204
 -0.000002  -0.000072  -0.000008
 -0.005044   0.002519   0.000831
  0.000092   0.000047  -0.000016
  0.001379   0.000399  -0.000294
 -0.000017  -0.000037   0.000038
  0.002813   0.002135   0.000226
  0.000003   0.000046  -0.000018
 -0.000322   0.000308   0.000036
  0.000010   0.000013  -0.000001
  0.000181   0.000258  -0.000178
  0.000006  -0.000029   0.000002
 -0.000085  -0.000173   0.000087
  0.000065   0.000082   0.000095
  0.000061   0.000030  -0.000084
 -0.000017   0.000016  -0.000051
 -0.000028   0.000037   0.000018
 -0.000009  -0.000021  -0.000003
 -0.000025   0.000011  -0.000018
 -0.000014   0.000005   0.000006
  0.000004  -0.000043  -0.000042
 -0.000002  -0.000027  -0.000016
  0.000045   0.000027  -0.000008
 -0.000007   0.000008   0.000046
 -0.000024  -0.000029  -0.000003
 -0.000050  -0.000021  -0.000015
 -0.000036   0.000004  -0.000021
  0.000030  -0.000017   0.000017
 -0.159483  -0.435788   0.015040
  0.000005  -0.000073  -0.000055
  0.000071  -0.000613  -0.000181
 -0.000006  -0.000030  -0.000009
  0.000068  -0.000014  -0.000004
  0.000005  -0.000007   0.000005
 -0.000155   0.000037   0.000023
  0.000023  -0.000022   0.000034
  0.000008   0.000037   0.000006
 -0.000007  -0.000005   0.000014
 -0.000189  -0.000130   0.000018
 -0.000016   0.000004   0.000017
  0.000434  -0.000212  -0.000069
  0.000001  -0.000026  -0.000003
 -0.000123  -0.000144   0.000077
 -0.000005  -0.000006  -0.000012
 -0.000032   0.000045   0.000064
 -0.000010   0.000005   0.000009
 -0.000088  -0.000660  -0.000414
  0.000056  -0.000007   0.000001
  0.000053  -0.000068  -0.000107
 -0.000005  -0.000006   0.000002
 -0.000219  -0.000377   0.000127
  0.000003  -0.000010   0.000004
  0.000019   0.000103   0.000070
 -0.000007   0.000019   0.000015
  0.000006  -0.000000  -0.000026
  0.000044   0.000002  -0.000005
 -0.000002  -0.000060  -0.000015
  0.000012  -0.000011  -0.000004
  0.000001  -0.000016  -0.000010
 -0.000001  -0.000016  -0.000000
  0.000009   0.000005  -0.000010
 -0.000013  -0.000007  -0.000009
 -0.000021   0.000081  -0.000058
 -0.000002  -0.000012  -0.000008
 -0.000002  -0.000031  -0.000027
 -0.000002  -0.000010  -0.000003
 -0.000073  -0.000062   0.000031
  0.000003  -0.000013  -0.000001
 -0.000014  -0.000025  -0.000007
  0.000003  -0.000009   0.000006
  0.000020   0.000005  -0.000005
 -0.000000   0.000004  -0.000006
  0.000000  -0.000005   0.000003
 -0.000011   0.000030  -0.000048
  0.000014  -0.000006  -0.000015
  0.000007  -0.000016  -0.000006
 -0.000001  -0.000015  -0.000008
  0.000009  -0.000000  -0.000034
 -0.001632  -0.002913   0.000680
  0.000012   0.000040   0.000025
  0.000038  -0.000048   0.000065
 -0.000003  -0.000004   0.000011
  0.001242  -0.000756  -0.000056
 -0.000059  -0.000153  -0.000061
  0.002768  -0.001784   0.000054
 -0.000062  -0.000036   0.000091
 -0.000020   0.000012   0.000002
  0.000367   0.000211   0.000263
  0.000086   0.000028  -0.000044
 -0.000023   0.000098   0.000035
  0.000015  -0.000024  -0.000036
 -0.000010   0.000085  -0.000059
  0.000012  -0.000080   0.000001
  0.000100   0.000070   0.000016
 -0.000003  -0.000068   0.000096
 -0.000143  -0.000487   0.000047
 -0.000022  -0.000010   0.000045
 -0.000063   0.000087  -0.000071
   43    3  0.0000  0.0000  0.0150
  0.001435   0.002291  -0.005569
 -0.000225  -0.000114  -0.000094
 -0.008550  -0.012006   0.052415
  0.000115  -0.000068  -0.000103
 -0.001883  -0.005327  -0.000822
  0.000104  -0.000063  -0.000031
  0.000245   0.000014   0.000620
  0.000025   0.000017   0.000014
  0.000219   0.000084   0.001309
  0.000049  -0.000014  -0.000010
  0.000021   0.000027  -0.000097
 -0.000047   0.000046   0.000011
  0.000134  -0.000017   0.001159
  0.000137   0.000192  -0.000002
  0.000008  -0.000180  -0.000303
 -0.000030  -0.000018   0.000001
 -0.001492  -0.000070  -0.010823
 -0.000005  -0.000039   0.000035
  0.000139  -0.000193  -0.000098
 -0.000130   0.000028   0.000067
  0.000381   0.000085   0.006110
 -0.000006  -0.000111   0.000028
 -0.001343   0.000026  -0.000710
 -0.000005   0.000036   0.000086
  0.000085   0.000332  -0.000029
  0.000007  -0.000018   0.000021
 -0.000027  -0.000214   0.000170
  0.000067   0.000101   0.000196
  0.000090   0.000053  -0.000105
 -0.000025   0.000012  -0.000058
 -0.000153  -0.000018  -0.000069
  0.000015  -0.000036   0.000044
 -0.000024   0.000051  -0.000027
 -0.000004   0.000025   0.000036
 -0.000019   0.000010  -0.000060
  0.000023  -0.000018  -0.000017
  0.000036   0.000001   0.000018
 -0.000013   0.000009   0.000016
  0.000005  -0.000005  -0.000011
  0.000038  -0.000014  -0.000002
 -0.000011   0.000045  -0.000055
 -0.000028  -0.000008  -0.000022
  0.012244   0.014974  -0.039074
 -0.000039   0.000035   0.000243
  0.000619   0.000037   0.003790
  0.000069   0.000008   0.000031
  0.000006   0.000009  -0.000089
  0.000009  -0.000005  -0.000005
 -0.000065   0.000023  -0.000194
  0.000054   0.000011   0.000019
 -0.000075  -0.000039  -0.000397
 -0.000011   0.000002   0.000001
 -0.000032   0.000124   0.000015
 -0.000005   0.000018  -0.000005
 -0.000168   0.000014  -0.000370
 -0.000028  -0.000011   0.000054
 -0.000048  -0.000111   0.000033
  0.000001  -0.000030  -0.000005
  0.000828   0.000302  -0.000213
  0.000013   0.000009  -0.000028
  0.000005  -0.000209   0.000060
 -0.000140  -0.000037  -0.000088
  0.000045  -0.000019   0.000066
 -0.000002  -0.000003   0.000003
 -0.000577  -0.000113   0.000438
  0.000002  -0.000003   0.000041
  0.000071   0.000144   0.000087
 -0.000001   0.000026   0.000035
 -0.000008   0.000014   0.000011
  0.000084   0.000048  -0.000062
  0.000018  -0.000061   0.000006
 -0.000001  -0.000006  -0.000004
 -0.000009   0.000025   0.000037
 -0.000000  -0.000004  -0.000004
  0.000004  -0.000004   0.000006
 -0.000003  -0.000003  -0.000004
  0.000035  -0.000020   0.000005
  0.000001   0.000004   0.000025
 -0.000006  -0.000015   0.000002
  0.000004  -0.000011  -0.000006
  0.000003   0.000007  -0.000038
 -0.000018  -0.000008   0.000008
 -0.000022  -0.000031   0.000012
  0.000015  -0.000016   0.000022
  0.000033  -0.000000   0.000020
  0.000002  -0.000005  -0.000002
  0.000002   0.000002   0.000029
  0.000012  -0.000012  -0.000046
 -0.000019  -0.000011   0.000004
  0.000008  -0.000014   0.000009
  0.000004  -0.000016   0.000026
 -0.000025  -0.000044  -0.000000
 -0.002472   0.000061  -0.009122
 -0.000041   0.000003   0.000014
 -0.000079   0.000147   0.000460
 -0.000007  -0.000013  -0.000036
 -0.000009   0.000038   0.000457
  0.000009  -0.000135  -0.000112
  0.000077   0.000067   0.000733
  0.000155   0.000103  -0.000117
 -0.000059   0.000098   0.000146
 -0.000049  -0.000021   0.000018
  0.000064   0.000047  -0.000014
 -0.000086  -0.000005   0.000054
  0.000016   0.000044   0.000062
 -0.000011  -0.000056   0.000115
  0.000112  -0.000013  -0.000025
 -0.000000   0.000000   0.000022
 -0.000157  -0.000235  -0.000039
  0.000093   0.000032  -0.000176
  0.000091  -0.000057  -0.000187
  0.000106  -0.000016   0.000002
   45    1  0.0150  0.0000  0.0000
  0.007220   0.001993  -0.002088
  0.000034  -0.000020   0.000025
  0.016272  -0.032171  -0.002358
 -0.000015  -0.000052  -0.000009
  0.222570  -0.190938  -0.014376
  0.000077  -0.000089  -0.000019
  0.000365   0.005531  -0.002318
 -0.000003   0.000053   0.000006
 -0.001289   0.000100  -0.000099
  0.000093  -0.000014  -0.000010
  0.000076   0.000689   0.000067
 -0.000025   0.000019  -0.000003
  0.000466   0.000003  -0.000066
  0.000103   0.000082   0.000016
 -0.000122  -0.000135   0.000229
 -0.000054  -0.000023  -0.000011
  0.000740   0.001295  -0.000020
  0.000031   0.000047   0.000002
  0.000530  -0.000084  -0.000093
 -0.000048   0.000025   0.000021
  0.000118  -0.002034   0.000165
  0.000149  -0.000104   0.000059
  0.000252   0.000011   0.000194
 -0.000122   0.000002  -0.000008
  0.000006  -0.000021  -0.000006
  0.000081   0.000043   0.000040
 -0.000018   0.000027  -0.000047
 -0.000160  -0.000080  -0.000179
 -0.000000  -0.000005   0.000052
  0.000040  -0.000017  -0.000006
  0.000040   0.000054   0.000067
 -0.000020   0.000018  -0.000035
 -0.000045  -0.000096   0.000012
  0.000047   0.000027  -0.000044
 -0.000022   0.000027   0.000031
 -0.000067  -0.000001   0.000038
  0.000027   0.000053   0.000002
 -0.000037   0.000007   0.000012
  0.000000  -0.000026   0.000033
 -0.000041  -0.000023   0.000027
 -0.000329  -0.000292  -0.000373
  0.000040   0.000076   0.000170
 -0.001082   0.000042   0.000575
  0.000028  -0.000003   0.000067
 -0.229682   0.185987   0.019844
  0.000018   0.000004  -0.000003
 -0.000016  -0.000075  -0.000007
  0.000041   0.000030  -0.000063
 -0.000545   0.000222   0.000193
  0.000027  -0.000002   0.000009
  0.000062   0.000110   0.000022
 -0.000024  -0.000005   0.000032
 -0.000051   0.000006  -0.000016
 -0.000073  -0.000018   0.000031
  0.000003  -0.000051   0.000002
 -0.000069   0.000025   0.000033
 -0.000026  -0.000015   0.000034
 -0.000027  -0.000005  -0.000007
  0.000535   0.000043  -0.000134
 -0.000075  -0.000003   0.000049
  0.000009  -0.000048  -0.000072
 -0.001276   0.000047  -0.000201
  0.000036   0.000019  -0.000023
  0.000014   0.000010  -0.000023
  0.000020   0.000031   0.000010
 -0.000009  -0.000001   0.000005
 -0.000023   0.000000  -0.000024
  0.000009   0.000003  -0.000004
 -0.000001   0.000015  -0.000014
  0.000107  -0.000001  -0.000018
 -0.000018   0.000006  -0.000012
 -0.000109   0.000006   0.000015
 -0.000018  -0.000055   0.000073
  0.000009   0.000002   0.000019
  0.000069   0.000016   0.000030
 -0.000013  -0.000013   0.000011
  0.000338  -0.000287   0.000388
 -0.000034  -0.000008  -0.000055
 -0.000041  -0.000071   0.000054
  0.000019   0.000017  -0.000008
  0.000003  -0.000008  -0.000007
 -0.000080   0.000043  -0.000065
  0.000011   0.000025  -0.000008
 -0.000018   0.000010  -0.000022
 -0.000020  -0.000000  -0.000010
 -0.000004   0.000003   0.000031
 -0.000010  -0.000001  -0.000009
  0.000050   0.000021  -0.000021
  0.000022   0.000000   0.000001
 -0.000009   0.000008  -0.000020
 -0.000002   0.000005  -0.000017
  0.000035   0.000019  -0.000023
 -0.018438   0.025943   0.001988
 -0.000085   0.000082   0.000089
  0.000007   0.000064  -0.000272
 -0.000007   0.000002   0.000063
 -0.000657   0.000373   0.000005
  0.000007  -0.000052  -0.000030
 -0.000210   0.000278   0.000070
  0.000476   0.000118  -0.000275
  0.000836  -0.000439   0.000460
  0.000052   0.000319   0.000092
 -0.001575  -0.000294   0.002559
  0.000014   0.000046   0.000058
 -0.000526   0.000336   0.002114
  0.000138  -0.000046  -0.000078
 -0.001553  -0.000247   0.000187
  0.000192   0.000043   0.000032
  0.006040   0.001268  -0.006497
 -0.000303  -0.000297  -0.000145
  0.000192   0.002978   0.000376
  0.000327  -0.000538  -0.000535
   45    2  0.0000  0.0150 -0.0000
  0.002712  -0.000438  -0.000321
 -0.000018   0.000003   0.000011
  0.006915  -0.011567  -0.000565
  0.000035  -0.000010   0.000023
 -0.182865   0.321437   0.015501
 -0.000041   0.000037   0.000004
  0.005427   0.000564  -0.000770
 -0.000021  -0.000038  -0.000001
 -0.001254   0.001253   0.000083
 -0.000043   0.000031   0.000012
  0.001059   0.000453  -0.000194
  0.000015  -0.000038   0.000014
 -0.000055   0.000154  -0.000013
  0.000037   0.000114  -0.000003
 -0.000360  -0.000478   0.000062
  0.000042  -0.000043   0.000001
 -0.000494   0.000216   0.000082
  0.000047   0.000037   0.000004
 -0.000184  -0.000024  -0.000003
  0.000127  -0.000021   0.000037
  0.000205  -0.000653  -0.000139
 -0.000103   0.000255  -0.000112
 -0.000149   0.000047   0.000212
  0.000098   0.000006   0.000028
  0.000042   0.000014  -0.000037
 -0.000073  -0.000066  -0.000037
 -0.000011  -0.000019   0.000037
  0.000150   0.000110   0.000161
  0.000017   0.000016  -0.000031
 -0.000033   0.000030  -0.000016
  0.000017  -0.000047  -0.000036
  0.000011  -0.000007   0.000027
 -0.000046   0.000046   0.000001
 -0.000033   0.000022   0.000025
  0.000016   0.000009  -0.000037
  0.000002  -0.000036   0.000002
 -0.000018  -0.000035  -0.000009
 -0.000015   0.000051  -0.000006
  0.000029   0.000007  -0.000008
  0.000016  -0.000030  -0.000020
 -0.000126  -0.000109  -0.000091
 -0.000021  -0.000050  -0.000085
 -0.000369  -0.000755   0.000031
 -0.000004  -0.000028  -0.000018
  0.186080  -0.352921  -0.015774
 -0.000003  -0.000002  -0.000004
  0.000002   0.000049  -0.000003
 -0.000012  -0.000042   0.000026
  0.000116   0.000713   0.000056
 -0.000002  -0.000001  -0.000007
 -0.000100  -0.000003  -0.000009
  0.000010   0.000018  -0.000002
  0.000008  -0.000004   0.000023
  0.000018   0.000104   0.000018
  0.000003  -0.000008   0.000002
  0.000040  -0.000067   0.000052
  0.000014   0.000005  -0.000031
 -0.000027   0.000003  -0.000022
  0.000062   0.000051   0.000008
  0.000031   0.000033  -0.000011
 -0.000156   0.000006  -0.000100
  0.000392  -0.000149  -0.000563
  0.000020  -0.000007  -0.000003
 -0.000011  -0.000009   0.000023
 -0.000016  -0.000027   0.000008
  0.000008  -0.000005  -0.000012
  0.000021   0.000009   0.000030
 -0.000001   0.000001   0.000007
  0.000018   0.000000  -0.000001
 -0.000138  -0.000056   0.000049
  0.000005  -0.000013   0.000010
  0.000034   0.000056   0.000014
 -0.000009  -0.000023  -0.000085
 -0.000006   0.000005   0.000002
  0.000013  -0.000044  -0.000015
  0.000008   0.000016  -0.000015
 -0.000429   0.000214  -0.000312
  0.000025   0.000039   0.000032
  0.000020   0.000081  -0.000078
 -0.000006  -0.000016   0.000002
 -0.000017   0.000021   0.000014
  0.000046  -0.000068   0.000019
  0.000023   0.000006   0.000021
  0.000018  -0.000017   0.000005
  0.000011   0.000008   0.000008
  0.000028  -0.000012   0.000018
  0.000015   0.000004   0.000010
 -0.000023   0.000007   0.000004
  0.000008  -0.000017   0.000006
  0.000006   0.000001  -0.000006
  0.000005   0.000004   0.000007
  0.000002  -0.000002  -0.000001
 -0.018177   0.040321   0.001227
  0.000090  -0.000042  -0.000029
  0.000174  -0.000094  -0.000009
 -0.000009  -0.000005  -0.000056
  0.000278  -0.000534  -0.000002
 -0.000100  -0.000080   0.000006
  0.000190   0.000089   0.000092
 -0.000121  -0.000137   0.000523
 -0.001723   0.002729   0.000331
  0.000071  -0.000296   0.000024
  0.002817   0.003104  -0.003122
  0.000023  -0.000079   0.000002
  0.000487   0.000610  -0.001730
 -0.000048  -0.000228   0.000230
  0.001838   0.001211  -0.000590
 -0.000034  -0.000088   0.000003
 -0.003973  -0.008223   0.006180
  0.000032   0.000354  -0.000094
  0.001635   0.002632  -0.000535
 -0.000283   0.000395   0.000321
   45    3  0.0000  0.0000  0.0150
 -0.001227  -0.000326  -0.007791
 -0.000007   0.000032  -0.000042
 -0.002938   0.003315  -0.009124
 -0.000018  -0.000047  -0.000017
 -0.016769   0.019765   0.057563
  0.000053   0.000014  -0.000032
 -0.002354  -0.001022  -0.012618
  0.000001   0.000006   0.000015
 -0.000019  -0.000349  -0.001554
 -0.000047   0.000017  -0.000002
 -0.000091  -0.000023   0.000751
 -0.000001  -0.000031  -0.000004
  0.000066  -0.000077  -0.000225
  0.000048   0.000095  -0.000004
  0.000217   0.000056   0.001281
  0.000014  -0.000019  -0.000010
  0.000149   0.000089   0.000521
 -0.000020  -0.000023   0.000003
 -0.000032   0.000008  -0.000076
  0.000098   0.000072   0.000009
 -0.000032  -0.000332   0.001250
  0.000163  -0.000627   0.000152
 -0.000348   0.000025  -0.000084
  0.000011   0.000125   0.000038
 -0.000015   0.000017  -0.000039
 -0.000075  -0.000072  -0.000001
  0.000003  -0.000017   0.000015
  0.000151   0.000169   0.000247
 -0.000019   0.000001   0.000024
  0.000002   0.000076  -0.000038
  0.000087  -0.000041  -0.000101
  0.000016  -0.000041   0.000073
  0.000040   0.000044   0.000001
  0.000004   0.000014   0.000088
  0.000002  -0.000004  -0.000025
  0.000019  -0.000010   0.000037
  0.000001   0.000001  -0.000004
 -0.000024  -0.000011  -0.000022
  0.000003  -0.000006   0.000002
  0.000027  -0.000007  -0.000014
 -0.000027  -0.000233   0.000152
 -0.000024  -0.000043  -0.000090
  0.000320  -0.000174   0.003788
  0.000063   0.000008   0.000032
  0.019813  -0.015751  -0.041639
  0.000002   0.000003  -0.000003
 -0.000031   0.000022  -0.000197
 -0.000015  -0.000012   0.000039
  0.000168   0.000085   0.000045
  0.000005  -0.000012  -0.000002
 -0.000059  -0.000036  -0.000006
 -0.000008   0.000004  -0.000003
 -0.000039  -0.000004   0.000016
  0.000001   0.000076  -0.000003
 -0.000003  -0.000003  -0.000008
  0.000030   0.000006   0.000119
  0.000014  -0.000045   0.000013
 -0.000038  -0.000036  -0.000011
  0.000072   0.000119  -0.000094
 -0.000004   0.000047  -0.000072
 -0.000057   0.000009  -0.000108
  0.000074  -0.000508   0.001285
  0.000019  -0.000011  -0.000006
  0.000011   0.000008  -0.000034
 -0.000015  -0.000021  -0.000011
  0.000013   0.000006   0.000040
  0.000011   0.000019   0.000018
  0.000005   0.000007  -0.000005
 -0.000003   0.000005   0.000004
 -0.000218   0.000058   0.000121
  0.000005  -0.000017   0.000012
  0.000013   0.000063  -0.000023
  0.000054  -0.000081   0.000065
  0.000003   0.000001  -0.000005
  0.000028  -0.000011  -0.000011
 -0.000005   0.000004  -0.000019
 -0.000191   0.000166  -0.000303
  0.000013  -0.000025   0.000038
  0.000013  -0.000003  -0.000058
 -0.000003  -0.000015  -0.000006
 -0.000022   0.000007  -0.000008
 -0.000009  -0.000031   0.000060
  0.000007   0.000003   0.000011
  0.000016  -0.000037   0.000072
  0.000009  -0.000004   0.000011
  0.000077   0.000026   0.000019
 -0.000002  -0.000005   0.000004
 -0.000008   0.000002  -0.000014
  0.000007  -0.000011   0.000004
  0.000015  -0.000015   0.000022
 -0.000000  -0.000007   0.000007
 -0.000024  -0.000027   0.000004
  0.003754  -0.004564   0.004815
 -0.000009  -0.000027  -0.000018
  0.000078  -0.000032   0.000136
 -0.000010  -0.000024  -0.000042
 -0.000038   0.000101  -0.000057
 -0.000061  -0.000091  -0.000021
  0.000225   0.000172  -0.000049
 -0.000339   0.000416  -0.000467
  0.000547  -0.000018  -0.000132
  0.000027  -0.000172   0.000026
  0.001545  -0.000622   0.000214
 -0.000004   0.000014   0.000021
  0.000229  -0.000451  -0.000653
 -0.000144  -0.000059   0.000176
  0.001150  -0.000049   0.000050
  0.000005  -0.000006   0.000020
 -0.004282   0.001305   0.002512
  0.000046   0.000096  -0.000129
  0.000224  -0.000731  -0.000187
 -0.000159   0.000318   0.000276
   47    1  0.0150  0.0000  0.0000
  0.001041  -0.000923  -0.000180
  0.000042  -0.000012  -0.000006
 -0.000663   0.000020   0.000087
 -0.000029  -0.000028   0.000000
  0.000228   0.000843  -0.000018
  0.000044  -0.000011  -0.000013
  0.015032  -0.002460  -0.003110
 -0.000042   0.000033   0.000005
  0.460088   0.014880  -0.065936
 -0.000020  -0.000015  -0.000007
  0.015450   0.002039  -0.003540
 -0.000000  -0.000030   0.000001
 -0.001801  -0.002989  -0.002035
  0.000045   0.000058  -0.000000
 -0.000720  -0.000147   0.000452
  0.000007  -0.000045  -0.000056
 -0.001032   0.003382  -0.001076
  0.000010   0.000064  -0.000011
  0.000055  -0.000255   0.000196
  0.000216  -0.000050   0.000107
 -0.000067   0.000308  -0.000011
  0.000059   0.000100   0.000028
  0.000072   0.000015   0.000046
 -0.000051  -0.000029   0.000000
 -0.000000   0.000005   0.000016
  0.000011  -0.000016   0.000017
 -0.000006   0.000048  -0.000051
 -0.000006   0.000039   0.000031
  0.000004   0.000004   0.000010
  0.000031   0.000002  -0.000069
 -0.000059  -0.000044   0.000077
 -0.000033   0.000010  -0.000022
  0.000209   0.000699   0.000549
 -0.000017   0.000005   0.000012
 -0.000030  -0.000154   0.000015
 -0.000002  -0.000016   0.000019
  0.000014   0.000007   0.000011
  0.000009   0.000074   0.000073
 -0.000010  -0.000008   0.000019
 -0.000027  -0.000102   0.000061
  0.000209  -0.000038  -0.000068
  0.000043  -0.000021   0.000078
 -0.000031   0.000067  -0.000006
  0.000004  -0.000007  -0.000002
 -0.000012   0.000019  -0.000100
  0.000032   0.000017  -0.000021
 -0.488174  -0.013406   0.074470
 -0.000005  -0.000009  -0.000006
 -0.000804   0.000525   0.001511
  0.000020  -0.000019  -0.000014
  0.000129  -0.000017   0.000158
  0.000013   0.000014   0.000091
  0.000046  -0.000033  -0.000013
  0.000008  -0.000070   0.000047
  0.000151  -0.000004   0.000036
 -0.000037   0.000003  -0.000038
 -0.000006   0.000035  -0.000038
 -0.000036   0.000021  -0.000030
 -0.000005  -0.000012  -0.000001
 -0.000000   0.000041   0.000061
  0.000191   0.000102  -0.000046
 -0.000064   0.000018  -0.000010
  0.000010  -0.000002  -0.000021
  0.000002  -0.000004  -0.000006
  0.000005  -0.000004   0.000015
 -0.000009  -0.000010   0.000009
 -0.000010  -0.000004  -0.000003
  0.000000   0.000005   0.000001
 -0.000019  -0.000019  -0.000007
  0.000010   0.000011   0.000025
 -0.000013  -0.000003  -0.000003
 -0.000055   0.000081  -0.000027
 -0.000005  -0.000010  -0.000008
  0.000002  -0.000008  -0.000004
  0.000001  -0.000009  -0.000026
 -0.000014  -0.000009  -0.000004
 -0.000026   0.000063  -0.000010
 -0.000027   0.000008   0.000005
  0.000091   0.000168   0.000375
  0.000005  -0.000009  -0.000007
  0.000551   0.000033   0.000097
 -0.000009  -0.000003   0.000001
 -0.000014  -0.000007   0.000021
 -0.000002  -0.000002   0.000005
 -0.000048  -0.000010  -0.000067
 -0.000006   0.000001   0.000007
 -0.000001  -0.000001  -0.000003
  0.000008   0.000001   0.000003
 -0.000006  -0.000002  -0.000003
 -0.000007  -0.000006  -0.000036
  0.000004  -0.000008  -0.000004
  0.000012  -0.000001  -0.000005
 -0.001998  -0.002846   0.001024
 -0.000069  -0.000036   0.000047
  0.000160  -0.000096  -0.000173
 -0.000008   0.000002   0.000033
  0.000951   0.000161  -0.000239
 -0.000129  -0.000045  -0.000012
 -0.000117  -0.000040   0.000029
  0.000025  -0.000075   0.000031
  0.000072   0.000192  -0.000020
 -0.000083  -0.000419   0.000716
  0.000083   0.000076  -0.000101
  0.000136  -0.000113   0.000894
  0.000043  -0.000016  -0.000038
  0.002478   0.000149   0.000458
  0.000066  -0.000015  -0.000003
  0.001845  -0.000377  -0.000334
 -0.000205  -0.000200   0.000156
 -0.001387   0.000697  -0.005238
 -0.001940  -0.000015   0.000913
 -0.000073   0.000248  -0.000213
   47    2  0.0000  0.0150 -0.0000
  0.002362  -0.000601  -0.000262
  0.000035  -0.000013  -0.000018
 -0.000079  -0.000178  -0.000029
 -0.000024  -0.000005   0.000001
 -0.000243   0.000117   0.000050
 -0.000006  -0.000037  -0.000003
  0.038152  -0.002666  -0.006037
 -0.000008   0.000041   0.000009
  0.015473   0.078372  -0.003634
  0.000016  -0.000000  -0.000010
 -0.039097  -0.005414   0.006006
  0.000000   0.000030  -0.000019
 -0.001604   0.005788  -0.000287
 -0.000059  -0.000087   0.000015
 -0.000510   0.000801   0.000113
 -0.000001   0.000034  -0.000010
  0.001286   0.006872  -0.000582
  0.000001   0.000009   0.000000
 -0.000018   0.000551  -0.000028
 -0.000148   0.000056  -0.000071
 -0.000283   0.000387  -0.000093
  0.000017   0.000064   0.000024
  0.000132  -0.000098   0.000018
  0.000016  -0.000004  -0.000002
  0.000015  -0.000036  -0.000007
  0.000006  -0.000002  -0.000001
 -0.000015   0.000144  -0.000089
 -0.000004   0.000014   0.000002
  0.000005   0.000010   0.000035
  0.000021  -0.000012  -0.000020
  0.000032   0.000057   0.000101
 -0.000018  -0.000022   0.000012
  0.000891  -0.000011  -0.000112
 -0.000007   0.000023  -0.000007
 -0.000191  -0.000183   0.000100
  0.000004  -0.000006  -0.000004
  0.000046   0.000027   0.000005
  0.000065  -0.000002   0.000038
 -0.000031  -0.000007  -0.000008
 -0.000044   0.000019  -0.000016
  0.000078  -0.000139   0.000276
 -0.000019   0.000009  -0.000017
 -0.000124   0.000006   0.000010
 -0.000009   0.000001   0.000003
 -0.000081   0.000058   0.000022
 -0.000031  -0.000041   0.000011
 -0.013442  -0.080801   0.003004
  0.000004   0.000018  -0.000002
  0.000376  -0.001555   0.000171
 -0.000029   0.000012   0.000023
 -0.000011  -0.000155   0.000024
  0.000016  -0.000026   0.000011
 -0.000039   0.000032   0.000018
 -0.000081  -0.000021  -0.000066
 -0.000242  -0.000107   0.000028
 -0.000001   0.000014   0.000006
 -0.000031  -0.000005   0.000010
  0.000022  -0.000018   0.000028
 -0.000004   0.000030   0.000003
  0.000061   0.000025   0.000024
 -0.000042  -0.000056  -0.000144
  0.000014   0.000049   0.000022
 -0.000058   0.000029   0.000006
  0.000000  -0.000004   0.000005
 -0.000002  -0.000008  -0.000001
 -0.000008  -0.000001   0.000003
 -0.000016   0.000010   0.000008
 -0.000005   0.000001   0.000003
 -0.000053  -0.000035  -0.000023
  0.000003   0.000000  -0.000004
 -0.000017   0.000001  -0.000001
  0.000008   0.000008  -0.000043
 -0.000011   0.000033   0.000023
 -0.000006  -0.000009   0.000002
 -0.000034   0.000043  -0.000021
 -0.000003  -0.000013   0.000017
  0.000088   0.000167  -0.000083
  0.000045   0.000128   0.000151
  0.000136   0.000430   0.000844
 -0.000008   0.000010   0.000007
  0.000127  -0.000274  -0.000075
 -0.000005   0.000019  -0.000006
 -0.000064  -0.000013  -0.000060
 -0.000014   0.000003   0.000004
 -0.000010   0.000003   0.000003
 -0.000003   0.000021  -0.000016
 -0.000009  -0.000007   0.000003
 -0.000019  -0.000002   0.000024
 -0.000016   0.000019  -0.000013
 -0.000005  -0.000015   0.000014
 -0.000000  -0.000006   0.000002
  0.000009   0.000002  -0.000016
  0.000722  -0.004066   0.000300
 -0.000003   0.000018  -0.000005
 -0.000175   0.000052  -0.000010
 -0.000014  -0.000030  -0.000037
 -0.002321  -0.000341   0.000413
  0.000115   0.000033   0.000004
  0.000329   0.000318   0.000212
 -0.000019  -0.000037  -0.000031
  0.000025  -0.001070  -0.000021
  0.000041   0.001227   0.000080
 -0.000435  -0.000998   0.000523
  0.000195   0.000210  -0.000793
 -0.000095  -0.000198   0.000166
  0.000120   0.000607  -0.001626
 -0.000195  -0.000265   0.000142
 -0.000146   0.000433  -0.000618
  0.000597   0.001524  -0.001045
 -0.000453  -0.003068   0.003243
 -0.001007   0.003840  -0.000205
  0.000100  -0.000090  -0.000092
   47    3  0.0000  0.0000  0.0150
 -0.000273   0.000142  -0.000271
  0.000057  -0.000042  -0.000029
  0.000001   0.000053   0.000098
 -0.000011   0.000028   0.000008
  0.000193   0.000037   0.000461
 -0.000046  -0.000019   0.000007
 -0.003328   0.000652  -0.004511
  0.000008  -0.000032   0.000001
 -0.069543  -0.004363   0.059636
 -0.000014  -0.000015   0.000008
 -0.001786   0.000177  -0.005693
  0.000011   0.000038   0.000012
 -0.001081  -0.000095  -0.012184
 -0.000007   0.000008  -0.000006
  0.000363  -0.000204   0.001517
  0.000048  -0.000014  -0.000075
 -0.000690  -0.000593  -0.005391
 -0.000024   0.000064  -0.000006
  0.000026  -0.000010   0.000525
  0.000217  -0.000037   0.000145
  0.000016  -0.000182  -0.000494
  0.000013   0.000146   0.000080
  0.000195  -0.000181  -0.000032
  0.000055   0.000008   0.000033
 -0.000003  -0.000011   0.000001
  0.000010   0.000035   0.000014
  0.000058   0.000129  -0.000047
 -0.000006  -0.000066  -0.000023
 -0.000003   0.000027   0.000038
  0.000015  -0.000018   0.000124
  0.000014  -0.000005   0.000126
 -0.000001  -0.000048   0.000147
  0.001017  -0.000154   0.000020
 -0.000028   0.000069   0.000007
 -0.000100  -0.000091   0.000128
  0.000011  -0.000003   0.000027
  0.000037   0.000003   0.000000
  0.000032  -0.000116  -0.000158
 -0.000009  -0.000015  -0.000000
  0.000045   0.000176  -0.000123
 -0.000049   0.000140   0.000153
 -0.000050   0.000037  -0.000156
 -0.000003  -0.000011  -0.000086
 -0.000001   0.000002  -0.000000
 -0.000012  -0.000003  -0.000194
 -0.000058  -0.000023   0.000039
  0.074213   0.002917  -0.047241
  0.000002   0.000006   0.000002
  0.001282   0.000189   0.007207
 -0.000046   0.000027   0.000018
  0.000064   0.000051   0.000842
  0.000085   0.000009   0.000103
  0.000093  -0.000011  -0.000052
  0.000101  -0.000131  -0.000050
 -0.000016   0.000011   0.000053
 -0.000039   0.000003  -0.000044
 -0.000118   0.000048   0.000002
 -0.000008   0.000010   0.000009
 -0.000023  -0.000024   0.000009
  0.000111   0.000117  -0.000001
 -0.000384  -0.000078  -0.000268
  0.000005   0.000033  -0.000027
 -0.000077   0.000034   0.000007
  0.000010  -0.000009   0.000047
  0.000008   0.000002  -0.000016
  0.000008  -0.000002  -0.000007
 -0.000016   0.000003   0.000014
 -0.000006  -0.000009   0.000003
 -0.000056  -0.000024  -0.000015
 -0.000004  -0.000002  -0.000007
 -0.000023   0.000003   0.000021
  0.000030  -0.000155   0.000065
 -0.000013   0.000044   0.000025
  0.000000  -0.000002   0.000025
  0.000006  -0.000015  -0.000033
  0.000022  -0.000001   0.000046
 -0.000046   0.000126  -0.000233
  0.000108   0.000482   0.000561
  0.000221   0.000988   0.000474
 -0.000005   0.000007   0.000024
  0.000182  -0.000126  -0.000287
  0.000005   0.000000   0.000003
  0.000017  -0.000013  -0.000017
 -0.000005  -0.000002  -0.000003
  0.000021   0.000040   0.000089
  0.000002  -0.000007   0.000007
 -0.000005   0.000001   0.000013
 -0.000032   0.000002   0.000001
  0.000005   0.000005   0.000005
 -0.000002   0.000006   0.000086
 -0.000006   0.000007   0.000017
 -0.000024  -0.000012  -0.000000
  0.000829   0.000612   0.003858
  0.000047   0.000034  -0.000056
 -0.000414   0.000013  -0.000085
 -0.000055  -0.000163  -0.000260
  0.000098  -0.000122  -0.000359
 -0.000162  -0.000003  -0.000010
  0.000026   0.000051   0.000271
 -0.000008  -0.000069  -0.000003
 -0.000012  -0.000055   0.000128
  0.000808   0.000425  -0.000386
  0.000014   0.000080   0.000190
  0.000709  -0.000304  -0.000513
  0.000029   0.000173   0.000135
  0.000399  -0.000757   0.000497
  0.000125  -0.000039   0.000143
  0.000513  -0.000452  -0.000545
 -0.000206  -0.000105  -0.000328
 -0.004190   0.000853   0.003169
  0.000569   0.000132  -0.001649
 -0.000079  -0.000475   0.000447
   49    1  0.0150  0.0000  0.0000
  0.000276   0.000800   0.000096
 -0.000030  -0.000046   0.000021
  0.000440  -0.000476  -0.000052
  0.000008  -0.000027  -0.000015
 -0.000251  -0.000874   0.000275
  0.000022  -0.000083  -0.000002
  0.002496  -0.004205  -0.002310
 -0.000040   0.000001   0.000006
 -0.016723  -0.023896   0.001991
  0.000062  -0.000011  -0.000011
  0.161282   0.161240  -0.021465
 -0.000049   0.000003  -0.000005
  0.013181   0.037511  -0.004204
  0.000297   0.000430   0.000045
  0.007275  -0.001159  -0.001655
 -0.000045  -0.000122  -0.000016
  0.000488  -0.001973   0.000160
  0.000075   0.000079  -0.000011
  0.000426  -0.000371   0.000032
 -0.000047  -0.000075   0.000042
  0.000088  -0.000074   0.000055
  0.000003   0.000095  -0.000002
  0.000147  -0.000119  -0.000150
 -0.000048  -0.000020   0.000011
  0.000008  -0.000031   0.000028
  0.000008  -0.000013   0.000008
  0.000009   0.000058  -0.000062
 -0.000032  -0.000009  -0.000029
  0.000009  -0.000019   0.000050
  0.000002  -0.000008  -0.000027
  0.000045   0.000035   0.000080
 -0.000001  -0.000001  -0.000026
  0.000323  -0.000060  -0.000025
  0.000021   0.000014  -0.000025
 -0.000060  -0.000028   0.000077
 -0.000027  -0.000022   0.000015
  0.000029   0.000034   0.000010
 -0.000061   0.000016   0.000071
 -0.000000  -0.000010   0.000019
 -0.000059  -0.000060   0.000047
  0.000020  -0.000113  -0.000049
  0.000015   0.000038   0.000144
  0.000235  -0.000183  -0.000059
 -0.000007  -0.000029   0.000053
 -0.000549   0.000081   0.000167
  0.000026  -0.000002   0.000002
 -0.000835   0.000366   0.001185
  0.000031   0.000018  -0.000047
 -0.162947  -0.167933   0.023778
  0.000033  -0.000010   0.000016
  0.000605   0.001785  -0.000051
 -0.000028   0.000016   0.000042
 -0.000225   0.000002  -0.000029
 -0.000352   0.000049   0.000059
 -0.000028  -0.000065   0.000012
 -0.000075  -0.000029   0.000005
 -0.000235  -0.000017   0.000126
 -0.000075   0.000025  -0.000073
  0.000013  -0.000101  -0.000060
 -0.000046  -0.000008   0.000032
  0.000145  -0.000044   0.000062
 -0.000419   0.000066  -0.000174
  0.000000   0.000025   0.000077
 -0.000001  -0.000005   0.000000
  0.000020   0.000009  -0.000016
 -0.000012  -0.000013   0.000003
 -0.000012   0.000001  -0.000019
  0.000007  -0.000006   0.000003
 -0.000019  -0.000016   0.000001
 -0.000001  -0.000011   0.000007
 -0.000014   0.000001  -0.000002
 -0.000029  -0.000005   0.000018
 -0.000017  -0.000002   0.000090
  0.000003  -0.000010   0.000008
  0.000013   0.000033   0.000021
 -0.000020  -0.000016   0.000005
  0.000368  -0.000222   0.000318
 -0.000026  -0.000032  -0.000053
  0.000061  -0.000166   0.000290
  0.000009   0.000000  -0.000007
  0.000017  -0.000052  -0.000032
 -0.000047   0.000025  -0.000040
 -0.000013  -0.000005  -0.000027
 -0.000016  -0.000006   0.000001
 -0.000013  -0.000007   0.000003
  0.000001   0.000007   0.000013
 -0.000008  -0.000010   0.000000
  0.000029  -0.000009  -0.000017
  0.000001   0.000009  -0.000003
 -0.000019   0.000006  -0.000015
  0.000005  -0.000000  -0.000004
  0.000054   0.000048  -0.000017
 -0.000839  -0.000880  -0.000082
 -0.000049   0.000046   0.000058
 -0.000090   0.000116  -0.000040
  0.000003   0.000014   0.000068
 -0.004169   0.001025   0.001158
 -0.000007  -0.000279  -0.000165
 -0.000209   0.000090  -0.000074
  0.000199  -0.000046   0.000040
  0.000090  -0.001982   0.000713
 -0.000115   0.000314   0.000082
 -0.000649  -0.001250   0.002204
 -0.000049   0.000088   0.000044
 -0.000454  -0.000040   0.001614
 -0.000008   0.000056  -0.000101
 -0.001652  -0.000453   0.000523
  0.000049   0.000106   0.000066
  0.002972   0.003336  -0.004880
 -0.000058  -0.000464  -0.000052
 -0.000429   0.000575   0.000489
  0.000292  -0.000383  -0.000458
   49    2  0.0000  0.0150 -0.0000
  0.000168   0.000435  -0.000032
 -0.000030  -0.000032   0.000006
  0.000380  -0.000385  -0.000022
  0.000006  -0.000000  -0.000004
 -0.001163   0.000457   0.000157
 -0.000026  -0.000051  -0.000005
 -0.004473   0.001507   0.000080
 -0.000051  -0.000007   0.000001
  0.017061   0.025714  -0.003525
  0.000029  -0.000015  -0.000009
  0.158791   0.384089  -0.034180
 -0.000009  -0.000012  -0.000004
 -0.002580  -0.004203   0.000408
  0.000177   0.000278   0.000040
 -0.000925  -0.000675  -0.000154
 -0.000001  -0.000095  -0.000046
 -0.000773  -0.000425   0.000207
  0.000060   0.000092  -0.000022
  0.000289  -0.000229   0.000041
  0.000367  -0.000349  -0.000014
 -0.000024  -0.000049   0.000025
 -0.000071   0.000150  -0.000037
  0.000037   0.000043   0.000029
  0.000013  -0.000014  -0.000005
 -0.000018  -0.000011   0.000008
 -0.000021  -0.000025   0.000002
 -0.000013  -0.000043   0.000017
  0.000021   0.000026   0.000032
  0.000006  -0.000008   0.000010
  0.000005   0.000001  -0.000049
  0.000006   0.000014   0.000008
  0.000002  -0.000001  -0.000015
 -0.000266  -0.000070   0.000012
  0.000000   0.000022  -0.000022
  0.000034   0.000032  -0.000007
 -0.000018  -0.000036   0.000005
 -0.000001   0.000016   0.000005
 -0.000058   0.000073   0.000077
  0.000010  -0.000002   0.000022
 -0.000051  -0.000087   0.000053
 -0.000078  -0.000056  -0.000069
  0.000021   0.000037   0.000062
 -0.000097   0.000056   0.000025
 -0.000023  -0.000025  -0.000015
  0.000189   0.000679   0.000072
  0.000003  -0.000007   0.000002
  0.000544  -0.001565   0.000232
  0.000017   0.000005  -0.000029
 -0.168234  -0.406944   0.036955
  0.000006  -0.000003   0.000003
 -0.000405  -0.000319   0.000037
 -0.000003   0.000046   0.000037
 -0.000014  -0.000003  -0.000010
 -0.000207   0.000069   0.000200
  0.000028   0.000016  -0.000010
 -0.000069   0.000008  -0.000114
 -0.000047  -0.000005   0.000009
 -0.000109   0.000099  -0.000143
  0.000074  -0.000036   0.000003
  0.000003   0.000005  -0.000016
 -0.000012  -0.000018  -0.000006
 -0.000126   0.000098  -0.000195
  0.000025  -0.000006  -0.000016
 -0.000005  -0.000008   0.000010
 -0.000010  -0.000008   0.000008
 -0.000008  -0.000017  -0.000005
  0.000002   0.000007  -0.000004
  0.000005  -0.000005   0.000001
  0.000011   0.000003   0.000010
 -0.000019  -0.000008   0.000011
 -0.000006  -0.000009  -0.000002
  0.000003   0.000003   0.000031
 -0.000004  -0.000050   0.000026
  0.000001  -0.000002   0.000005
  0.000029   0.000000   0.000023
 -0.000011  -0.000009  -0.000003
  0.000198  -0.000233   0.000271
  0.000006   0.000042   0.000033
 -0.000155  -0.000050  -0.000079
  0.000003  -0.000005  -0.000004
  0.000023   0.000017   0.000023
 -0.000017   0.000005  -0.000034
  0.000012  -0.000001   0.000010
 -0.000003  -0.000016  -0.000001
 -0.000014  -0.000004  -0.000011
  0.000004  -0.000002   0.000012
 -0.000002  -0.000002  -0.000002
 -0.000010  -0.000005  -0.000002
  0.000007  -0.000007   0.000002
 -0.000012   0.000000  -0.000041
  0.000003  -0.000001  -0.000004
  0.000071   0.000015  -0.000029
  0.001089   0.001466  -0.000254
  0.000004   0.000031   0.000017
  0.000021   0.000003  -0.000067
 -0.000007  -0.000019  -0.000011
 -0.000222  -0.000756   0.000132
 -0.000176  -0.000144  -0.000042
  0.000062   0.000020   0.000001
  0.000105  -0.000141   0.000138
 -0.000128  -0.000664   0.000289
  0.000067   0.000044  -0.000041
 -0.000067   0.000293   0.001532
  0.000061  -0.000037  -0.000017
 -0.000278   0.000082   0.001072
 -0.000000  -0.000133   0.000076
 -0.001261  -0.000407   0.000307
  0.000120  -0.000114  -0.000039
  0.002085   0.002361  -0.003320
 -0.000290   0.000135  -0.000082
  0.000247   0.000414   0.000130
  0.000093  -0.000337  -0.000178
   49    3  0.0000  0.0000  0.0150
  0.000060  -0.000179   0.000809
 -0.000039  -0.000007  -0.000011
 -0.000193   0.000158  -0.000240
 -0.000002  -0.000043  -0.000012
  0.000158   0.000326   0.001179
  0.000014  -0.000044  -0.000018
 -0.002267   0.000192  -0.012151
 -0.000067  -0.000046   0.000002
  0.001215   0.002739  -0.006433
 -0.000032   0.000059  -0.000013
 -0.022273  -0.035626   0.057473
 -0.000068  -0.000094  -0.000005
 -0.001942  -0.005438  -0.006189
  0.000382   0.000699   0.000002
 -0.001755  -0.000056  -0.005166
  0.000011  -0.000197  -0.000077
 -0.000022   0.000522   0.001221
  0.000067   0.000109  -0.000032
  0.000025   0.000083   0.000677
  0.000577  -0.000216   0.000310
 -0.000145  -0.000017  -0.000244
  0.000040  -0.000112   0.000065
  0.000115  -0.000003  -0.000013
 -0.000017   0.000038   0.000033
 -0.000003  -0.000002   0.000002
 -0.000011  -0.000024   0.000025
  0.000003   0.000025   0.000010
  0.000001   0.000009   0.000078
 -0.000014  -0.000003   0.000036
 -0.000021   0.000002   0.000085
  0.000135  -0.000018  -0.000035
  0.000019  -0.000008   0.000056
  0.000287   0.000022   0.000023
  0.000009  -0.000006   0.000051
 -0.000025  -0.000026   0.000023
  0.000022   0.000033   0.000012
  0.000011   0.000002   0.000003
  0.000074  -0.000096  -0.000118
  0.000000   0.000004  -0.000006
  0.000137   0.000130  -0.000076
 -0.000031   0.000029   0.000037
 -0.000032  -0.000031  -0.000108
 -0.000092   0.000031  -0.000194
  0.000027  -0.000032   0.000023
  0.000176   0.000081   0.000041
  0.000012   0.000008   0.000001
  0.001537   0.000180   0.007201
 -0.000006  -0.000022   0.000019
  0.023751   0.036815  -0.042283
  0.000018  -0.000009  -0.000000
  0.000007  -0.000282   0.000467
 -0.000023   0.000078   0.000028
  0.000225  -0.000027  -0.000043
 -0.000129   0.000442   0.000935
 -0.000007   0.000002  -0.000010
 -0.000024  -0.000130   0.000107
 -0.000168   0.000015   0.000006
 -0.000221   0.000047  -0.000194
 -0.000035  -0.000096   0.000045
 -0.000009   0.000020  -0.000024
 -0.000038   0.000007  -0.000062
  0.000030  -0.000115   0.000057
 -0.000007   0.000021   0.000006
 -0.000002   0.000008   0.000022
 -0.000026  -0.000004   0.000002
  0.000002  -0.000005   0.000024
 -0.000004   0.000004   0.000017
 -0.000005  -0.000001   0.000005
 -0.000017  -0.000005   0.000003
 -0.000029   0.000037  -0.000013
 -0.000003  -0.000006   0.000018
  0.000007   0.000008  -0.000031
  0.000039   0.000022   0.000048
 -0.000003  -0.000001  -0.000004
 -0.000025   0.000004  -0.000010
  0.000006   0.000006   0.000014
 -0.000101   0.000151  -0.000229
  0.000002   0.000012   0.000040
  0.000143  -0.000098  -0.000049
 -0.000002  -0.000007   0.000002
 -0.000083  -0.000007  -0.000034
 -0.000006  -0.000025   0.000027
 -0.000016  -0.000004  -0.000008
  0.000002  -0.000009   0.000055
  0.000017  -0.000006   0.000034
  0.000016   0.000009  -0.000000
 -0.000008  -0.000001   0.000013
 -0.000017   0.000019  -0.000002
 -0.000008  -0.000002   0.000003
  0.000005  -0.000028   0.000103
 -0.000005  -0.000000   0.000029
 -0.000141  -0.000054   0.000026
 -0.000017   0.000237  -0.001160
  0.000013   0.000027  -0.000025
 -0.000041   0.000002   0.000038
 -0.000010  -0.000010  -0.000036
  0.001055   0.000090   0.002918
 -0.000507  -0.000465  -0.000137
 -0.000011  -0.000037   0.000054
 -0.000098   0.000173  -0.000104
 -0.000030   0.000526  -0.000155
  0.000035  -0.000180  -0.000024
  0.001017   0.000848  -0.000223
  0.000006  -0.000041  -0.000022
  0.000231   0.000085  -0.000236
 -0.000054   0.000004   0.000110
  0.000729   0.000121  -0.000174
  0.000011  -0.000080   0.000096
 -0.001466  -0.001471   0.001708
 -0.000006   0.000286  -0.000124
  0.000124  -0.000224  -0.000262
 -0.000148   0.000171   0.000261
   51    1  0.0150  0.0000  0.0000
  0.000518   0.001586   0.000145
  0.000065  -0.000068  -0.000000
  0.000342  -0.000198  -0.000004
  0.000049   0.000026   0.000012
 -0.000111  -0.000008   0.000117
 -0.000027   0.000098  -0.000000
 -0.002411  -0.003138   0.000300
  0.000042  -0.000057   0.000006
 -0.000915   0.000676   0.000136
 -0.000166  -0.000052   0.000173
  0.000166   0.003330  -0.000798
  0.000082   0.000055   0.000112
  0.014808   0.000599  -0.002092
  0.000103   0.000085  -0.000051
  0.472815   0.011818  -0.038391
  0.000057  -0.000006  -0.000003
  0.015319  -0.000119  -0.001488
  0.000014   0.000009  -0.000010
 -0.000456  -0.002372  -0.000505
  0.000097   0.000018   0.000023
 -0.000126   0.000686  -0.000438
  0.000048  -0.000124   0.000044
 -0.000409   0.000395  -0.001067
  0.000008   0.000011   0.000007
  0.000122   0.000190   0.000165
  0.000022   0.000004   0.000010
 -0.000083  -0.000001   0.000063
 -0.000002  -0.000010  -0.000009
 -0.000008  -0.000018  -0.000046
 -0.000008  -0.000017   0.000004
 -0.000025   0.000039  -0.000000
 -0.000024   0.000010   0.000014
  0.000203  -0.000026   0.000044
 -0.000025  -0.000028   0.000029
 -0.000014  -0.000036  -0.000001
  0.000010   0.000018   0.000008
 -0.000032  -0.000104  -0.000004
  0.000015   0.000002   0.000026
  0.000063   0.000065  -0.000067
  0.000032  -0.000056   0.000012
  0.000043   0.000111   0.000181
 -0.000015  -0.000030  -0.000040
  0.000068   0.000012  -0.000072
  0.000023   0.000011  -0.000000
  0.000047  -0.000118  -0.000048
 -0.000023   0.000003  -0.000002
  0.000107   0.000019   0.000068
  0.000008  -0.000016   0.000091
  0.000597  -0.000377  -0.000034
 -0.000026   0.000001  -0.000011
 -0.502964  -0.010592   0.043233
 -0.000003   0.000004   0.000001
  0.000509  -0.001531  -0.000171
  0.000006   0.000043   0.000023
 -0.000825  -0.000639   0.000382
  0.000024  -0.000007   0.000026
  0.000243  -0.000763   0.000505
 -0.000010   0.000012   0.000009
 -0.000588   0.001260   0.000082
  0.000005  -0.000005   0.000008
 -0.000225   0.000004  -0.000074
  0.000282  -0.000023   0.000197
 -0.000175   0.000597   0.000430
  0.000003   0.000004  -0.000003
 -0.000017   0.000141  -0.000070
  0.000004   0.000005   0.000007
  0.000012  -0.000024   0.000010
 -0.000009   0.000006   0.000008
  0.000019  -0.000001  -0.000024
  0.000008   0.000004  -0.000007
 -0.000004   0.000001   0.000026
  0.000011  -0.000004  -0.000020
  0.000024   0.000006  -0.000034
 -0.000012  -0.000003  -0.000006
 -0.000051   0.000014  -0.000108
  0.000007   0.000009   0.000005
  0.000002   0.000783  -0.000793
 -0.000003  -0.000013   0.000007
  0.000048   0.000078  -0.000047
 -0.000016   0.000005   0.000011
 -0.000043  -0.000010  -0.000002
  0.000024  -0.000021   0.000042
 -0.000019  -0.000016   0.000010
 -0.000003   0.000007   0.000006
  0.000009   0.000001   0.000005
 -0.000012   0.000006  -0.000012
  0.000006   0.000002   0.000021
  0.000023  -0.000058  -0.000029
 -0.000079   0.000022   0.000008
 -0.000026   0.000024  -0.000014
  0.000002  -0.000002   0.000023
  0.000033   0.000050   0.000046
  0.000953   0.000409  -0.000334
  0.000006  -0.000113  -0.000036
  0.000257   0.000308   0.000211
 -0.000004   0.000009   0.000009
  0.002273  -0.002699  -0.000033
 -0.000047  -0.000040   0.000026
 -0.000087   0.000358   0.000053
 -0.000187   0.000073  -0.000110
 -0.000785   0.000589  -0.000344
  0.000051  -0.000099   0.000013
 -0.001241  -0.000210   0.000155
  0.000015  -0.000003  -0.000036
 -0.000667  -0.000271  -0.001125
  0.000050   0.000104  -0.000110
 -0.001538  -0.000098  -0.000656
 -0.000046   0.000023   0.000006
  0.004120  -0.000579   0.001662
  0.000032   0.000010   0.000171
 -0.000119  -0.000416  -0.000175
 -0.000241   0.000372   0.000325
   51    2  0.0000  0.0150 -0.0000
 -0.000049  -0.001646   0.000049
 -0.000028  -0.000029  -0.000003
  0.000539  -0.000482  -0.000012
  0.000036   0.000036   0.000017
 -0.000410  -0.000607   0.000097
 -0.000056   0.000105   0.000031
 -0.001178   0.006334   0.000126
 -0.000008  -0.000171  -0.000001
 -0.000501   0.001036   0.000095
 -0.000053  -0.000111   0.000064
  0.002273   0.007427  -0.000753
  0.000051   0.000046   0.000061
  0.039012  -0.007857  -0.003828
  0.000143   0.000007  -0.000023
  0.010416   0.077169  -0.001435
 -0.000022   0.000030  -0.000014
 -0.037260  -0.006077   0.003800
 -0.000110   0.000009   0.000021
  0.001703   0.002791   0.000556
  0.000062  -0.000013   0.000022
 -0.000355   0.003133  -0.001112
 -0.000011   0.000003  -0.000013
  0.000995   0.001088  -0.000651
  0.000001  -0.000003   0.000009
 -0.000354  -0.000052  -0.000007
 -0.000022   0.000011   0.000005
  0.000154  -0.000111   0.000032
 -0.000005  -0.000003   0.000011
 -0.000012   0.000008  -0.000062
  0.000008   0.000002   0.000003
 -0.000025  -0.000144  -0.000154
  0.000006   0.000005   0.000006
 -0.000057   0.000187  -0.000009
 -0.000011   0.000003   0.000007
 -0.000014   0.000040  -0.000009
 -0.000008   0.000003   0.000001
 -0.000095  -0.000018   0.000007
 -0.000035   0.000024  -0.000023
  0.000066  -0.000005   0.000038
  0.000032  -0.000031   0.000019
  0.000025  -0.000021  -0.000138
 -0.000018  -0.000000   0.000004
  0.000075   0.000040  -0.000032
  0.000006   0.000004  -0.000007
  0.000112  -0.000020  -0.000030
  0.000005   0.000024  -0.000010
 -0.000032  -0.000152   0.000052
 -0.000020  -0.000025  -0.000008
  0.001804  -0.000289  -0.000280
 -0.000020   0.000044  -0.000080
 -0.010589  -0.085390   0.002935
 -0.000003   0.000024   0.000003
 -0.001799   0.001832  -0.001141
 -0.000014   0.000025   0.000039
 -0.000260   0.000213  -0.000261
 -0.000003  -0.000005   0.000004
 -0.000985   0.001390   0.001013
 -0.000019   0.000010  -0.000012
  0.001793   0.001949   0.001211
  0.000010   0.000007  -0.000015
  0.000395   0.000178   0.000190
  0.000019  -0.000014  -0.000010
  0.000123   0.000301  -0.001445
 -0.000001   0.000000   0.000001
  0.000018  -0.000054   0.000091
  0.000002   0.000004  -0.000002
  0.000008   0.000009   0.000005
  0.000004  -0.000008  -0.000008
 -0.000048  -0.000003   0.000068
 -0.000012  -0.000004   0.000008
  0.000014   0.000017   0.000019
 -0.000017   0.000018   0.000026
 -0.000029   0.000018   0.000036
 -0.000003   0.000011   0.000006
  0.000000  -0.000086   0.000028
  0.000001   0.000006  -0.000004
  0.000294   0.000018  -0.000063
 -0.000012  -0.000000  -0.000010
 -0.000044  -0.000032   0.000005
 -0.000004  -0.000002  -0.000003
  0.000026   0.000066   0.000008
 -0.000002  -0.000009   0.000003
  0.000013   0.000021   0.000037
  0.000007   0.000001  -0.000005
 -0.000015  -0.000012   0.000002
 -0.000001  -0.000018   0.000016
  0.000002   0.000013  -0.000000
 -0.000024   0.000002   0.000041
 -0.000037  -0.000018   0.000039
 -0.000002   0.000007  -0.000002
 -0.000005   0.000007   0.000005
  0.000032  -0.000019  -0.000005
 -0.002615   0.000147   0.000297
  0.000049   0.000057  -0.000075
  0.000147   0.000054  -0.000067
  0.000005   0.000004  -0.000003
 -0.002834  -0.001892   0.000390
 -0.000026  -0.000003   0.000007
 -0.000227  -0.001414   0.000213
  0.000009  -0.000002   0.000036
 -0.000316   0.000606  -0.000045
 -0.000181  -0.000305  -0.000068
  0.000011   0.000190  -0.000171
  0.000091  -0.000158   0.000043
 -0.000094   0.000056  -0.000110
  0.000061  -0.000243   0.000207
 -0.000241   0.000528  -0.000155
  0.000062  -0.000100   0.000048
  0.000440  -0.000418   0.000523
 -0.000142   0.000634  -0.000222
  0.000155   0.000008  -0.000224
  0.000056   0.000035   0.000085
   51    3  0.0000  0.0000  0.0150
  0.000282  -0.000458   0.004108
 -0.000123   0.000225   0.000010
 -0.000179   0.000204   0.000265
 -0.000125  -0.000114  -0.000005
  0.000213  -0.000063   0.000486
  0.000097  -0.000131  -0.000014
 -0.000560   0.000257  -0.006570
 -0.000143   0.000262   0.000138
  0.000199   0.000095   0.001073
  0.000261   0.000161   0.000002
 -0.000962  -0.000936  -0.007661
 -0.000106  -0.000306  -0.000118
 -0.004609  -0.000899  -0.005959
 -0.000271  -0.000359   0.000044
 -0.034935  -0.001301   0.043217
  0.000005   0.000115  -0.000056
 -0.002250   0.000438  -0.001023
  0.000052  -0.000082   0.000017
  0.000313   0.000333   0.000532
 -0.000133   0.000011   0.000041
 -0.000159  -0.000057  -0.001121
 -0.000061   0.000043   0.000013
 -0.000472  -0.001577  -0.000021
 -0.000004   0.000009   0.000082
  0.000142   0.000215   0.000330
  0.000029  -0.000011   0.000021
 -0.000043  -0.000015   0.000059
 -0.000019  -0.000020   0.000014
  0.000038   0.000002   0.000020
  0.000004  -0.000026   0.000020
 -0.000020  -0.000207   0.000128
  0.000004   0.000003   0.000053
  0.000061  -0.000146   0.000026
  0.000034   0.000017   0.000032
 -0.000008   0.000016   0.000010
 -0.000008   0.000011   0.000032
 -0.000006  -0.000173  -0.000036
  0.000035   0.000007   0.000008
  0.000145   0.000074  -0.000152
  0.000055  -0.000086  -0.000005
  0.000046  -0.000105   0.000072
 -0.000040  -0.000009  -0.000073
 -0.000041   0.000001  -0.000395
 -0.000023  -0.000005   0.000008
  0.000019  -0.000006  -0.000002
  0.000040   0.000006   0.000001
  0.000162   0.000024   0.000842
  0.000097  -0.000004   0.000104
 -0.000054   0.000051   0.000472
  0.000046  -0.000046   0.000028
  0.043142   0.002859  -0.035504
 -0.000015  -0.000003  -0.000018
  0.001115  -0.001622  -0.000280
  0.000010   0.000007  -0.000010
  0.000143   0.000069   0.000722
  0.000011  -0.000009   0.000007
 -0.001063   0.002050   0.000472
  0.000009  -0.000006   0.000012
  0.000734   0.001090  -0.000233
  0.000001  -0.000017  -0.000025
  0.000066   0.000093  -0.000083
  0.000029  -0.000004   0.000010
 -0.000379  -0.001527   0.002032
 -0.000009  -0.000001   0.000045
 -0.000052   0.000146  -0.000129
 -0.000009   0.000003   0.000012
  0.000025  -0.000031   0.000018
  0.000002  -0.000003   0.000024
  0.000008   0.000026  -0.000009
  0.000003  -0.000001  -0.000006
 -0.000008   0.000017   0.000041
 -0.000020   0.000017   0.000000
  0.000022   0.000069  -0.000032
 -0.000003   0.000003   0.000005
 -0.000138   0.000104   0.000087
  0.000010   0.000004   0.000014
 -0.000243   0.000076  -0.000396
  0.000004   0.000005   0.000023
  0.000030   0.000055  -0.000031
  0.000005  -0.000017   0.000026
  0.000003   0.000006  -0.000034
  0.000008  -0.000001   0.000013
 -0.000003   0.000010  -0.000002
 -0.000004  -0.000003   0.000011
  0.000007   0.000005   0.000015
 -0.000002   0.000005   0.000009
 -0.000025   0.000027   0.000054
  0.000040  -0.000068  -0.000043
 -0.000118   0.000071   0.000084
 -0.000034   0.000038  -0.000004
 -0.000021   0.000000   0.000046
  0.000068   0.000083   0.000068
 -0.000550   0.000125  -0.001356
  0.000049   0.000167  -0.000062
 -0.000089   0.000052   0.000158
 -0.000009  -0.000010  -0.000038
  0.000349   0.000759   0.004118
  0.000191   0.000177  -0.000033
 -0.000044  -0.000189   0.000469
  0.000023  -0.000023   0.000004
 -0.000164   0.000170  -0.000016
 -0.000050  -0.000074   0.000045
 -0.000513  -0.000179   0.000160
 -0.000087   0.000052   0.000051
 -0.000094  -0.000010   0.000007
 -0.000039  -0.000028   0.000146
 -0.000607  -0.000106   0.000158
 -0.000049  -0.000004   0.000037
  0.000949  -0.000099   0.000429
  0.000133   0.000043  -0.000201
  0.000008  -0.000034  -0.000304
  0.000220   0.000148   0.000115
   53    1  0.0150  0.0000  0.0000
  0.000265   0.000069   0.000012
  0.000127  -0.000190  -0.000011
  0.000081   0.000030   0.000028
  0.000116   0.000132   0.000006
 -0.000034  -0.000451   0.000046
 -0.000097   0.000173   0.000026
 -0.000097  -0.000683   0.000026
  0.000197  -0.000184  -0.000074
 -0.000252   0.000968  -0.000307
 -0.000397  -0.000183   0.000346
  0.001710  -0.001157  -0.001364
  0.000202   0.000115   0.000326
 -0.004548   0.010061   0.002298
  0.000390   0.000196  -0.000114
 -0.000924  -0.001607   0.000181
 -0.000003  -0.000119  -0.000022
 -0.000459  -0.000205  -0.000317
 -0.000141   0.000186   0.000028
  0.142097   0.076527   0.124100
  0.000198   0.000010   0.000022
  0.000265   0.000229   0.000128
  0.000080  -0.000116   0.000062
 -0.000099  -0.000071  -0.000108
  0.000008   0.000005  -0.000021
 -0.000019   0.000155   0.000057
  0.000018   0.000011   0.000005
 -0.000012  -0.000037   0.000007
 -0.000004  -0.000012  -0.000042
  0.000014   0.000005  -0.000061
 -0.000000   0.000011  -0.000007
 -0.000034  -0.000038  -0.000031
 -0.000023  -0.000000  -0.000003
 -0.000022   0.000071   0.000001
 -0.000024  -0.000022   0.000005
  0.000001   0.000074  -0.000003
 -0.000006   0.000000   0.000013
 -0.000066  -0.000039   0.000019
 -0.000024  -0.000019   0.000017
  0.000064   0.000049   0.000003
 -0.000000  -0.000015   0.000034
  0.000050   0.000007   0.000308
  0.000024   0.000006  -0.000013
  0.000237  -0.000182  -0.000028
  0.000047   0.000019   0.000003
 -0.000070  -0.000008  -0.000029
 -0.000068  -0.000003   0.000001
  0.000041  -0.000035   0.000106
  0.000001   0.000072   0.000099
 -0.000243  -0.000014   0.000242
 -0.000349   0.000204  -0.000136
  0.000522  -0.001809   0.001118
 -0.000000   0.000017   0.000019
 -0.174905  -0.090895  -0.141402
 -0.000029   0.000026   0.000026
 -0.007952  -0.003927  -0.008057
 -0.000005   0.000004   0.000019
 -0.006502  -0.003112  -0.004447
 -0.000035   0.000011  -0.000005
 -0.000094  -0.000097   0.000008
  0.000003   0.000004   0.000024
 -0.000194  -0.000036  -0.000042
  0.000162  -0.000008   0.000167
  0.000049  -0.000035  -0.000034
  0.000011   0.000003  -0.000025
  0.000057   0.000055   0.000041
  0.000009  -0.000001   0.000008
  0.000004  -0.000051  -0.000029
 -0.000002   0.000007  -0.000009
  0.000005   0.000003   0.000010
  0.000012   0.000004  -0.000006
 -0.000007  -0.000007   0.000014
 -0.000009  -0.000005  -0.000006
 -0.000001   0.000017  -0.000001
 -0.000004  -0.000004   0.000009
 -0.000030  -0.000004  -0.000007
  0.000002  -0.000001   0.000002
 -0.000066   0.000144  -0.000196
  0.000029   0.000022   0.000062
  0.000002  -0.000023  -0.000024
 -0.000016   0.000018   0.000021
 -0.000079   0.000027  -0.000022
  0.000016   0.000004   0.000021
 -0.000043  -0.000021   0.000042
 -0.000003   0.000002  -0.000005
  0.000000  -0.000028  -0.000002
 -0.000015   0.000004  -0.000010
  0.000012   0.000009  -0.000005
  0.000013   0.000005  -0.000030
 -0.000076  -0.000030   0.000028
  0.000001   0.000011  -0.000017
  0.000023  -0.000012   0.000004
  0.000045   0.000007  -0.000041
 -0.000172   0.000370   0.000143
  0.000022  -0.000035  -0.000016
  0.000023  -0.000047   0.000141
 -0.000000  -0.000005   0.000015
  0.050417   0.016154   0.026976
 -0.000197  -0.000159   0.000006
 -0.000023  -0.000509   0.000069
 -0.000145   0.000081  -0.000147
 -0.000253  -0.000286  -0.000043
  0.000156   0.000272  -0.000022
 -0.000016  -0.000110  -0.000019
  0.000065   0.000256  -0.000133
  0.000003  -0.000196  -0.000364
  0.000171   0.000120  -0.000175
  0.000085  -0.000162   0.000026
 -0.000115   0.000040  -0.000105
  0.000591   0.000786   0.000452
  0.000267  -0.000761   0.000415
  0.000219  -0.000120  -0.000482
 -0.000225   0.000024   0.000182
   53    2  0.0000  0.0150 -0.0000
  0.000017  -0.000412  -0.000041
  0.000010  -0.000024   0.000013
 -0.000272   0.000038  -0.000049
  0.000013   0.000003  -0.000007
  0.000257   0.000085  -0.000060
  0.000059   0.000154   0.000035
  0.000444   0.000329   0.000006
  0.000018   0.000049  -0.000060
 -0.000122  -0.000578   0.000046
 -0.000075   0.000329   0.000254
 -0.000048   0.000232   0.000491
  0.000156  -0.000649   0.000392
 -0.001474  -0.001445  -0.001486
 -0.000052   0.000042   0.000003
  0.000770  -0.000384  -0.000812
 -0.000036  -0.000086  -0.000056
 -0.000503   0.000836   0.000930
  0.000020   0.000063   0.000007
  0.082313   0.148332   0.131796
  0.000084   0.000034   0.000002
 -0.000109   0.000118  -0.000247
  0.000031  -0.000060   0.000011
  0.000038  -0.000045  -0.000052
 -0.000061  -0.000017   0.000001
  0.000027  -0.000182  -0.000032
  0.000010   0.000011  -0.000006
  0.000057   0.000044  -0.000046
 -0.000020  -0.000009  -0.000022
 -0.000022  -0.000019  -0.000010
  0.000002   0.000008  -0.000010
 -0.000005  -0.000043  -0.000059
 -0.000013   0.000020  -0.000034
 -0.000012   0.000028  -0.000013
 -0.000021  -0.000039   0.000005
 -0.000011  -0.000040  -0.000008
  0.000003   0.000012  -0.000009
 -0.000099  -0.000054  -0.000008
 -0.000041   0.000002  -0.000033
  0.000122   0.000059  -0.000049
  0.000022  -0.000020   0.000018
 -0.000045   0.000073   0.000003
  0.000014  -0.000038   0.000030
 -0.000163  -0.000123   0.000140
  0.000046   0.000018  -0.000019
 -0.000006  -0.000006   0.000008
  0.000024   0.000117  -0.000074
 -0.000036   0.000029  -0.000004
  0.000061  -0.000024   0.000133
 -0.000003   0.000004  -0.000017
 -0.000050   0.000062  -0.000445
 -0.001516   0.001819  -0.001620
 -0.000040   0.000024   0.000001
 -0.090848  -0.152535  -0.139708
 -0.000021   0.000027   0.000028
  0.019832   0.014504   0.032027
  0.000009   0.000002   0.000010
 -0.010060  -0.008268  -0.016903
 -0.000028   0.000011  -0.000006
  0.000059   0.000201   0.000074
 -0.000049  -0.000022   0.000028
  0.000347   0.000408   0.000327
  0.000029  -0.000015   0.000066
 -0.000037  -0.000008  -0.000037
  0.000000   0.000005  -0.000010
 -0.000041  -0.000025  -0.000129
  0.000003   0.000005   0.000000
 -0.000001   0.000040   0.000021
  0.000005  -0.000004  -0.000011
 -0.000002  -0.000002   0.000012
  0.000001   0.000005   0.000005
  0.000015   0.000033   0.000013
 -0.000012   0.000007   0.000004
 -0.000002   0.000009   0.000005
  0.000002  -0.000001  -0.000023
 -0.000021  -0.000035  -0.000031
 -0.000010   0.000010  -0.000014
 -0.000020   0.000206  -0.000234
 -0.000146  -0.000144  -0.000170
 -0.000021   0.000025   0.000020
  0.000005  -0.000022  -0.000029
  0.000138   0.000008   0.000067
  0.000001  -0.000016   0.000019
  0.000029   0.000037  -0.000031
  0.000002   0.000007   0.000001
 -0.000017   0.000014  -0.000007
 -0.000004  -0.000005  -0.000001
 -0.000000   0.000022   0.000005
  0.000012   0.000005  -0.000013
 -0.000084  -0.000019   0.000043
 -0.000009   0.000016  -0.000012
 -0.000002  -0.000000   0.000014
  0.000040  -0.000002  -0.000005
  0.000148  -0.000194  -0.000124
 -0.000044  -0.000071  -0.000011
  0.000017  -0.000042   0.000102
  0.000030   0.000047   0.000057
  0.001279  -0.002751  -0.004710
  0.000000   0.000006   0.000074
 -0.000324   0.000599  -0.000463
 -0.000017   0.000030  -0.000054
 -0.000250   0.000633  -0.000135
 -0.000230  -0.000949  -0.000108
 -0.000526   0.000002   0.000002
  0.001093  -0.000943   0.000267
 -0.000268  -0.000093  -0.000444
  0.001156  -0.000797   0.000003
 -0.001128  -0.000084  -0.000222
  0.000790  -0.000195   0.000187
  0.002112  -0.000601   0.000931
 -0.001824   0.002435  -0.000180
 -0.000820  -0.000599   0.000495
 -0.000052   0.000408  -0.000018
   53    3  0.0000  0.0000  0.0150
  0.000023  -0.000100  -0.000063
 -0.000096   0.000088   0.000030
 -0.000050   0.000041  -0.000020
 -0.000079  -0.000097  -0.000032
  0.000014   0.000069  -0.000024
  0.000110  -0.000162  -0.000032
 -0.000005   0.000261  -0.000022
  0.000012  -0.000076   0.000002
 -0.000079  -0.000015   0.000117
  0.000350   0.000604   0.000542
  0.000047  -0.000104   0.000475
 -0.000328   0.000248   0.000501
  0.000061  -0.000244  -0.001492
 -0.000437  -0.000185   0.000062
  0.001277   0.001189   0.000070
  0.000125  -0.000051   0.000012
 -0.000714  -0.000288   0.000438
  0.000113  -0.000113  -0.000074
  0.133006   0.130882   0.273849
 -0.000153  -0.000004  -0.000021
 -0.000075  -0.000195   0.000071
 -0.000053   0.000114  -0.000063
  0.000054  -0.000031   0.000039
 -0.000010  -0.000004   0.000010
  0.000053  -0.000122  -0.000057
 -0.000013  -0.000010  -0.000005
 -0.000014   0.000028  -0.000013
 -0.000001   0.000004   0.000014
  0.000007  -0.000006   0.000077
 -0.000007  -0.000021  -0.000008
  0.000004   0.000010   0.000081
  0.000014  -0.000002   0.000004
  0.000004  -0.000078   0.000022
  0.000050   0.000019  -0.000016
  0.000009  -0.000082   0.000010
 -0.000023   0.000001   0.000003
  0.000121   0.000080   0.000029
  0.000028   0.000025   0.000005
 -0.000161  -0.000051   0.000023
 -0.000078   0.000044  -0.000056
 -0.000191  -0.000136  -0.000547
 -0.000008   0.000010   0.000036
 -0.000032   0.000013   0.000029
 -0.000035  -0.000013  -0.000007
 -0.000023   0.000027   0.000024
  0.000034  -0.000017  -0.000007
 -0.000022   0.000005  -0.000047
  0.000043   0.000062  -0.000059
 -0.000046  -0.000016  -0.000042
  0.000042  -0.000189   0.000909
 -0.000156  -0.001140  -0.000260
 -0.000000  -0.000034  -0.000013
 -0.141520  -0.139894  -0.285784
  0.000019  -0.000026  -0.000001
 -0.000634  -0.002087  -0.000348
 -0.000005  -0.000004  -0.000015
  0.017339   0.019062   0.026019
  0.000020  -0.000001   0.000009
  0.000052  -0.000061  -0.000090
 -0.000012  -0.000011  -0.000027
  0.000016  -0.000008  -0.000058
 -0.000226   0.000016  -0.000186
  0.000008   0.000043   0.000122
 -0.000015  -0.000004   0.000019
 -0.000012  -0.000017   0.000037
 -0.000011  -0.000001  -0.000012
 -0.000012   0.000025   0.000015
  0.000002  -0.000004   0.000009
 -0.000001  -0.000002  -0.000025
 -0.000013  -0.000011   0.000005
 -0.000005  -0.000005  -0.000033
 -0.000010  -0.000003   0.000014
 -0.000003  -0.000011  -0.000002
  0.000003   0.000002   0.000010
  0.000060   0.000017   0.000063
 -0.000007  -0.000002  -0.000006
  0.000042  -0.000287   0.000329
  0.000006  -0.000029  -0.000053
 -0.000001   0.000016   0.000015
  0.000008  -0.000013   0.000007
  0.000034   0.000006   0.000022
 -0.000017   0.000011  -0.000031
  0.000055   0.000019  -0.000029
 -0.000001  -0.000002  -0.000004
 -0.000000   0.000028  -0.000004
  0.000011  -0.000009   0.000016
 -0.000009  -0.000027  -0.000002
 -0.000015  -0.000006   0.000024
  0.000187   0.000052  -0.000058
  0.000011  -0.000020   0.000015
 -0.000029   0.000019  -0.000045
 -0.000052   0.000031   0.000015
 -0.000185  -0.000037  -0.000072
  0.000009   0.000052   0.000028
 -0.000041   0.000074  -0.000171
 -0.000017   0.000003  -0.000007
 -0.008627  -0.008348  -0.014981
  0.000199   0.000060   0.000010
  0.000093   0.000200   0.000067
  0.000169  -0.000095   0.000142
  0.000444  -0.000015   0.000228
 -0.000045  -0.000007   0.000286
  0.000554   0.000124  -0.000085
 -0.000301   0.000271   0.000464
  0.000244   0.000182   0.000729
  0.000349  -0.000639   0.000682
  0.001421   0.001076   0.000420
 -0.000031   0.000019   0.000317
 -0.001939  -0.000158  -0.000994
  0.000263   0.000071  -0.001668
 -0.000738   0.000248   0.000435
  0.000206  -0.000118  -0.000286
   55    1  0.0150  0.0000  0.0000
 -0.000038   0.000120   0.000008
  0.000065  -0.000050  -0.000008
  0.000170   0.000423   0.000037
  0.000006   0.000058   0.000013
  0.000061  -0.000338   0.000024
 -0.000065   0.000014   0.000005
  0.000012   0.000037  -0.000029
  0.000058  -0.000118  -0.000008
  0.000689   0.000625  -0.000073
 -0.000062  -0.000028   0.000080
  0.000777  -0.002474  -0.000233
  0.000047   0.000072   0.000024
  0.007509   0.002603  -0.001741
  0.000087   0.000027   0.000009
  0.000821   0.001398   0.000042
 -0.000001   0.000003  -0.000016
 -0.000678  -0.000563   0.000108
 -0.000056   0.000056  -0.000001
  0.080600  -0.077531  -0.001817
  0.000081  -0.000015   0.000014
  0.000227  -0.000544  -0.000409
  0.000009   0.000022   0.000018
 -0.000167  -0.000078   0.000023
  0.000043   0.000007  -0.000005
  0.000044   0.000261   0.000050
 -0.000000  -0.000000  -0.000000
 -0.000079  -0.000123   0.000040
  0.000013   0.000015   0.000013
  0.000049   0.000018  -0.000063
 -0.000001   0.000013  -0.000007
  0.000017   0.000008  -0.000037
 -0.000005  -0.000015   0.000015
 -0.000012  -0.000184  -0.000223
 -0.000027   0.000020  -0.000004
 -0.000028   0.000019  -0.000030
  0.000007  -0.000015   0.000001
 -0.000032  -0.000023  -0.000001
 -0.000002  -0.000008   0.000021
  0.000055   0.000031  -0.000030
  0.000007  -0.000010   0.000029
  0.000030  -0.000186   0.000243
 -0.000000   0.000036  -0.000048
  0.000847   0.000433  -0.000170
  0.000015  -0.000001  -0.000024
 -0.000005   0.000000  -0.000003
 -0.000069  -0.000034   0.000027
  0.000151  -0.000239  -0.000011
 -0.000037  -0.000003  -0.000037
 -0.000028   0.000027  -0.000004
 -0.000077   0.000067  -0.000020
 -0.000816  -0.000262   0.000144
  0.000023   0.000002   0.000017
 -0.007893   0.019872  -0.000545
 -0.000008  -0.000008  -0.000003
 -0.112305   0.104507   0.006385
 -0.000007   0.000002  -0.000006
 -0.003770   0.006765   0.001872
 -0.000005   0.000001   0.000002
 -0.000013  -0.000060  -0.000033
  0.000036   0.000022  -0.000005
 -0.000313  -0.001338   0.000383
  0.000023   0.000014   0.000013
  0.000061  -0.000040   0.000052
  0.000005  -0.000004   0.000001
 -0.000114   0.000059   0.000142
  0.000001  -0.000005   0.000007
  0.000014  -0.000017  -0.000006
 -0.000009   0.000005   0.000002
  0.000015   0.000011   0.000009
  0.000009   0.000003  -0.000013
 -0.000002  -0.000024   0.000008
  0.000008  -0.000004  -0.000013
  0.000016   0.000011  -0.000007
 -0.000007   0.000002   0.000004
 -0.000048   0.000026   0.000056
  0.000007  -0.000007   0.000012
 -0.000003  -0.000112   0.000096
  0.000064   0.000151   0.000176
  0.000002   0.000039   0.000039
 -0.000009   0.000016   0.000006
  0.000189  -0.000363  -0.000126
  0.000002   0.000005  -0.000003
 -0.000021  -0.000000  -0.000063
 -0.000002  -0.000006   0.000002
  0.000024   0.000005   0.000030
 -0.000009   0.000010  -0.000013
 -0.000001   0.000009   0.000006
 -0.000003   0.000006  -0.000014
 -0.000066   0.000008   0.000030
  0.000000   0.000000  -0.000006
  0.000007  -0.000006   0.000009
  0.000013  -0.000010  -0.000018
 -0.000413  -0.000041   0.000090
  0.000045   0.000041  -0.000028
 -0.000017   0.000044   0.000097
 -0.000025  -0.000047  -0.000058
  0.032615  -0.053125  -0.005176
 -0.000084  -0.000022   0.000001
  0.001087  -0.000274   0.000783
 -0.000039  -0.000013  -0.000014
  0.000117  -0.000334  -0.000024
  0.000185   0.000694  -0.000325
  0.000255   0.000044  -0.000050
  0.000054   0.000009  -0.000667
  0.000140   0.000034   0.000114
 -0.000460   0.000141  -0.001001
  0.000610   0.000248   0.000092
 -0.000554   0.000153  -0.000709
 -0.000937   0.000233  -0.000227
  0.000727  -0.001427   0.002866
  0.000643   0.000850  -0.000352
 -0.000072  -0.000323   0.000167
   55    2  0.0000  0.0150 -0.0000
  0.000335  -0.000318  -0.000239
  0.000039   0.000062  -0.000004
 -0.000198   0.000158   0.000034
 -0.000045  -0.000066   0.000013
  0.000194  -0.000111  -0.000004
  0.000071  -0.000117  -0.000097
  0.000136  -0.000236   0.000021
 -0.000029   0.000047  -0.000005
  0.000145   0.000324  -0.000003
  0.000017   0.000006   0.000010
  0.000423  -0.000708  -0.000036
 -0.000095   0.000077  -0.000003
  0.002028  -0.000812  -0.000388
  0.000054   0.000114   0.000014
  0.000500  -0.000217   0.000012
  0.000016  -0.000035   0.000002
 -0.000713   0.000049   0.000099
  0.000063   0.000010  -0.000023
 -0.099831   0.443232   0.014558
 -0.000015  -0.000014  -0.000004
  0.002043   0.003087   0.002252
  0.000018  -0.000006  -0.000007
 -0.000383  -0.000260  -0.000011
  0.000016   0.000017  -0.000022
  0.000073   0.000051  -0.000086
  0.000007  -0.000019   0.000002
 -0.000149   0.000012   0.000004
  0.000021   0.000009  -0.000002
  0.000037  -0.000008   0.000007
 -0.000009   0.000000  -0.000001
  0.000006   0.000068   0.000117
 -0.000002  -0.000002  -0.000011
  0.000107  -0.000011   0.000119
 -0.000001  -0.000002  -0.000007
  0.000021  -0.000168   0.000020
  0.000018  -0.000019  -0.000006
  0.000054   0.000017   0.000001
  0.000058  -0.000005   0.000058
 -0.000041  -0.000009  -0.000024
 -0.000045   0.000008  -0.000017
 -0.000373  -0.000221   0.000164
  0.000027  -0.000004   0.000035
  0.000492  -0.000207   0.000021
 -0.000010  -0.000017   0.000002
 -0.000036  -0.000006   0.000002
 -0.000024  -0.000068  -0.000006
  0.000013  -0.000095   0.000002
 -0.000010   0.000015  -0.000017
 -0.000055   0.000026   0.000006
  0.000008   0.000030   0.000112
 -0.000672   0.000175   0.000048
  0.000009  -0.000008   0.000002
 -0.003861   0.014676  -0.001937
 -0.000004  -0.000004   0.000003
  0.104850  -0.465780  -0.013362
 -0.000006  -0.000001  -0.000003
 -0.002366   0.012444   0.002653
  0.000000   0.000001  -0.000004
 -0.000381  -0.000625  -0.000293
  0.000009   0.000012  -0.000004
 -0.001760  -0.000377  -0.001357
  0.000020   0.000001   0.000004
  0.000089  -0.000065  -0.000209
  0.000001  -0.000000  -0.000001
  0.000091  -0.000222   0.000333
 -0.000007  -0.000003  -0.000007
  0.000000  -0.000044  -0.000047
 -0.000005   0.000005   0.000011
  0.000021  -0.000010  -0.000064
  0.000007  -0.000012   0.000004
 -0.000017  -0.000023  -0.000017
  0.000056  -0.000031  -0.000021
  0.000016   0.000001  -0.000037
  0.000001  -0.000012  -0.000008
 -0.000042   0.000070  -0.000012
 -0.000007  -0.000009   0.000007
 -0.000097   0.000125  -0.000005
  0.000031   0.000036   0.000034
  0.000036  -0.000049  -0.000084
 -0.000004   0.000010   0.000001
 -0.000436  -0.000092   0.000199
  0.000000   0.000012  -0.000002
  0.000002  -0.000023  -0.000091
 -0.000018   0.000004   0.000005
 -0.000006   0.000047  -0.000033
 -0.000005   0.000030  -0.000026
 -0.000004  -0.000015   0.000003
 -0.000003  -0.000000  -0.000003
  0.000002   0.000054  -0.000014
 -0.000004  -0.000008   0.000001
 -0.000005   0.000003  -0.000015
  0.000011   0.000029   0.000002
 -0.000402   0.000068   0.000001
 -0.000025   0.000059   0.000099
 -0.000049   0.000050  -0.000016
 -0.000006  -0.000007   0.000010
  0.001446  -0.007637  -0.000417
 -0.000032  -0.000105  -0.000039
 -0.001477   0.003005  -0.001901
 -0.000020   0.000008  -0.000004
  0.000076  -0.000335  -0.000038
  0.000931   0.000843   0.000471
  0.000141  -0.000058   0.000010
 -0.000261   0.000437  -0.000167
  0.000095  -0.000076   0.000023
 -0.001351   0.001009  -0.001042
  0.000451  -0.000158   0.000097
 -0.000175   0.000295  -0.000310
 -0.000585   0.000417  -0.000151
 -0.000058  -0.002154   0.001050
  0.000883   0.000278   0.000155
 -0.000101   0.000076  -0.000149
   55    3  0.0000  0.0000  0.0150
 -0.000053   0.000039  -0.000002
 -0.000036  -0.000097  -0.000008
  0.000001  -0.000036   0.000124
  0.000078   0.000059  -0.000015
 -0.000014   0.000102   0.000003
 -0.000145  -0.000074   0.000022
 -0.000011   0.000102   0.000008
  0.000084  -0.000122   0.000022
 -0.000119  -0.000216   0.000041
  0.000004  -0.000047   0.000091
 -0.000393   0.000602  -0.000440
 -0.000058   0.000188  -0.000028
 -0.001403  -0.000846  -0.000261
  0.000103   0.000060  -0.000022
 -0.000234  -0.000089  -0.000601
  0.000000   0.000020   0.000008
  0.000136   0.000044  -0.000300
 -0.000097   0.000030   0.000021
 -0.000542   0.007951   0.068692
 -0.000031  -0.000017   0.000014
 -0.000765  -0.000479  -0.000214
 -0.000012   0.000022   0.000019
  0.000099   0.000343  -0.000137
  0.000023   0.000011   0.000027
 -0.000219   0.000596   0.000145
  0.000012  -0.000004   0.000003
 -0.000005  -0.000109   0.000104
  0.000012   0.000009   0.000021
  0.000005   0.000042  -0.000045
  0.000005  -0.000008   0.000001
 -0.000047   0.000067  -0.000002
 -0.000002  -0.000016   0.000040
 -0.000024   0.000168   0.000070
  0.000005   0.000033   0.000011
  0.000011   0.000209  -0.000004
 -0.000014  -0.000002   0.000014
  0.000103   0.000071   0.000035
  0.000004   0.000007   0.000011
 -0.000134  -0.000031   0.000079
 -0.000014   0.000023  -0.000006
  0.000387   0.000254  -0.000039
 -0.000034   0.000016  -0.000060
 -0.000239  -0.000069  -0.000359
 -0.000047   0.000000   0.000057
  0.000002   0.000007  -0.000003
  0.000028  -0.000056   0.000121
  0.000037   0.000028   0.000054
 -0.000036  -0.000005  -0.000046
  0.000005  -0.000011  -0.000008
 -0.000006   0.000125   0.000105
  0.000380  -0.000259   0.000745
  0.000017  -0.000002   0.000005
 -0.007985   0.032090  -0.000308
  0.000012  -0.000008  -0.000011
  0.006428  -0.013406  -0.067487
 -0.000009  -0.000001   0.000008
  0.009788  -0.037293  -0.003283
  0.000010  -0.000009   0.000008
  0.000057   0.000125   0.000090
  0.000027   0.000011  -0.000011
  0.000330  -0.001199  -0.000006
 -0.000022   0.000010  -0.000017
 -0.000014   0.000019   0.000127
 -0.000001  -0.000003   0.000006
  0.000226   0.000117   0.000227
  0.000002  -0.000002   0.000015
  0.000011  -0.000139  -0.000061
 -0.000001   0.000016   0.000017
 -0.000012   0.000009   0.000019
  0.000005   0.000005  -0.000012
 -0.000003  -0.000054  -0.000002
 -0.000026   0.000009   0.000012
 -0.000018  -0.000027   0.000021
 -0.000002   0.000001   0.000030
  0.000087  -0.000007  -0.000034
  0.000005  -0.000002   0.000010
  0.000038  -0.000024  -0.000014
  0.000086   0.000099   0.000127
  0.000014  -0.000066  -0.000029
 -0.000005   0.000012   0.000018
 -0.000216   0.000173  -0.000208
 -0.000004  -0.000000  -0.000001
 -0.000092  -0.000087   0.000172
  0.000008  -0.000006   0.000002
  0.000025  -0.000078   0.000012
  0.000003  -0.000012   0.000018
  0.000012  -0.000013   0.000003
 -0.000005   0.000010  -0.000005
  0.000090  -0.000059  -0.000071
  0.000016  -0.000016   0.000014
  0.000013  -0.000023   0.000008
 -0.000046  -0.000028  -0.000020
  0.000080  -0.000110   0.000073
  0.000053   0.000018  -0.000054
  0.000044  -0.000051   0.000018
 -0.000012  -0.000031  -0.000048
 -0.006586   0.010941   0.001338
 -0.000008  -0.000042  -0.000039
  0.001178   0.000375   0.001398
  0.000017  -0.000003  -0.000000
  0.000068  -0.000106   0.000059
 -0.000200   0.000324  -0.000119
  0.000108  -0.000007   0.000028
 -0.000646   0.000152  -0.000224
  0.000022   0.000069   0.000107
 -0.000832   0.000059   0.000301
  0.000269   0.000228  -0.000002
 -0.000489   0.000031  -0.000147
 -0.000385   0.000044  -0.000259
  0.001644  -0.000749   0.000405
 -0.000016   0.000365  -0.000495
  0.000053  -0.000282   0.000167
   57    1  0.0150  0.0000  0.0000
  0.000155   0.000189  -0.000095
  0.000063  -0.000061   0.000005
  0.000199  -0.000036   0.000015
  0.000023   0.000029   0.000005
 -0.000129  -0.000347   0.000038
  0.000034   0.000101   0.000007
 -0.000220  -0.000827   0.000108
  0.000074  -0.000140  -0.000033
 -0.000154   0.001024   0.000282
 -0.000148  -0.000016   0.000128
  0.002017  -0.000824   0.001005
  0.000142  -0.000086   0.000214
 -0.005048   0.009544  -0.001664
  0.000293   0.000321   0.000029
 -0.001533  -0.001462   0.000565
 -0.000047  -0.000065  -0.000001
  0.000100  -0.000346   0.000410
 -0.000053   0.000079   0.000007
  0.068572   0.020169  -0.040090
  0.000069   0.000009   0.000050
  0.000389   0.000290   0.000213
  0.000062  -0.000074   0.000033
 -0.000166  -0.000120  -0.000108
 -0.000007  -0.000010  -0.000010
  0.000000   0.000110   0.000056
  0.000016   0.000002  -0.000001
 -0.000045   0.000001   0.000036
 -0.000005   0.000006  -0.000010
  0.000019  -0.000006  -0.000093
 -0.000005   0.000052   0.000022
 -0.000019   0.000128  -0.000008
 -0.000018   0.000006  -0.000054
  0.000010   0.000009   0.000001
 -0.000044  -0.000046  -0.000003
  0.000024   0.000003   0.000004
  0.000065  -0.000003  -0.000030
 -0.000051  -0.000153   0.000018
 -0.000030  -0.000058  -0.000010
  0.000088   0.000205  -0.000174
  0.000154  -0.000068   0.000094
  0.000445   0.000220  -0.000762
  0.000028  -0.000009   0.000032
  0.000220  -0.000117  -0.000046
  0.000044   0.000005   0.000006
 -0.000030  -0.000002   0.000021
 -0.000021   0.000042  -0.000041
 -0.000003  -0.000024  -0.000105
 -0.000033  -0.000030  -0.000004
 -0.000244  -0.000048  -0.000157
 -0.000066   0.000101  -0.000222
  0.000254  -0.000984  -0.001057
 -0.000012   0.000020   0.000015
 -0.006533  -0.010076   0.017264
 -0.000032   0.000033   0.000029
 -0.003803  -0.002308   0.009762
 -0.000000  -0.000001   0.000017
 -0.090408  -0.030316   0.061181
 -0.000014   0.000006  -0.000011
 -0.000047  -0.000048  -0.000005
 -0.000016  -0.000009   0.000027
 -0.000132   0.000168   0.000022
  0.000054  -0.000010   0.000098
  0.000005  -0.000046  -0.000055
  0.000012   0.000003  -0.000011
 -0.000004   0.000054   0.000019
  0.000006   0.000002   0.000018
  0.000017  -0.000017  -0.000015
 -0.000006   0.000007   0.000004
  0.000013  -0.000011   0.000005
  0.000034   0.000013  -0.000006
  0.000016   0.000005   0.000024
  0.000100  -0.000034  -0.000061
  0.000017   0.000002  -0.000005
 -0.000001  -0.000018  -0.000047
 -0.000057   0.000184  -0.000112
  0.000001  -0.000003   0.000016
 -0.000006   0.000095  -0.000001
 -0.000058  -0.000044  -0.000047
  0.000005  -0.000010  -0.000012
  0.000001   0.000009  -0.000027
 -0.000059  -0.000016   0.000061
  0.000004   0.000007   0.000021
 -0.000076  -0.000073  -0.000037
 -0.000015   0.000009   0.000015
  0.000003  -0.000001  -0.000017
 -0.000013   0.000047  -0.000053
  0.000013  -0.000002   0.000019
  0.000011   0.000007  -0.000026
 -0.000258   0.000053  -0.000110
 -0.000040   0.000047  -0.000025
  0.000068  -0.000051   0.000128
  0.000114  -0.000060   0.000043
 -0.000243   0.000376  -0.000244
 -0.000014   0.000008   0.000015
 -0.000006   0.000012   0.000070
  0.000011   0.000025   0.000065
  0.035514   0.016426  -0.046758
 -0.000144  -0.000198  -0.000101
 -0.000241  -0.000775  -0.000251
 -0.000057   0.000063  -0.000090
 -0.000013  -0.000132  -0.000280
  0.000135  -0.000088  -0.000089
  0.000072  -0.000004  -0.000139
  0.000559  -0.000324  -0.000069
  0.000009  -0.000133  -0.000312
  0.000358   0.000222  -0.000651
 -0.000073  -0.000132  -0.000245
  0.000303  -0.000024  -0.000097
  0.000061   0.000161   0.000536
 -0.000902   0.000447   0.000726
  0.000469  -0.000360   0.001169
 -0.000139   0.000133   0.000015
   57    2  0.0000  0.0150 -0.0000
  0.000043  -0.000516   0.000115
 -0.000020  -0.000058  -0.000003
 -0.000348   0.000106   0.000127
  0.000050   0.000035  -0.000013
  0.000343   0.000043  -0.000009
 -0.000056   0.000009   0.000030
  0.000584   0.000334  -0.000140
  0.000067  -0.000111   0.000006
 -0.000118  -0.000669  -0.000014
 -0.000055  -0.000019   0.000103
 -0.000194   0.000138  -0.000454
  0.000027   0.000048   0.000108
 -0.001003  -0.001555   0.002600
  0.000132   0.000082  -0.000016
  0.001619  -0.001016  -0.000187
 -0.000034   0.000009  -0.000020
 -0.000795   0.001143  -0.000706
 -0.000056   0.000040   0.000025
  0.022968   0.141413  -0.145577
  0.000011  -0.000006   0.000038
 -0.000362  -0.000107  -0.000393
  0.000014  -0.000015   0.000043
  0.000147   0.000224  -0.000096
 -0.000016  -0.000005   0.000035
 -0.000112   0.000213   0.000101
  0.000021   0.000018  -0.000001
  0.000075  -0.000028   0.000043
 -0.000026  -0.000018  -0.000004
 -0.000054   0.000011  -0.000030
  0.000041   0.000000  -0.000010
 -0.000069   0.000116  -0.000080
 -0.000007  -0.000011   0.000041
 -0.000050   0.000115  -0.000079
 -0.000001   0.000018   0.000014
 -0.000009   0.000227  -0.000031
 -0.000029   0.000022   0.000015
 -0.000033   0.000041   0.000002
 -0.000081   0.000007  -0.000064
  0.000045   0.000055   0.000044
  0.000085  -0.000029   0.000039
  0.001267   0.000205  -0.000121
 -0.000020  -0.000001  -0.000053
 -0.000208  -0.000139  -0.000112
 -0.000011   0.000003   0.000042
 -0.000034   0.000002  -0.000040
  0.000017   0.000001   0.000048
  0.000035  -0.000009   0.000046
 -0.000019  -0.000016   0.000002
 -0.000028  -0.000001   0.000018
 -0.000021   0.000108  -0.000031
 -0.000766   0.001372   0.002007
 -0.000003   0.000007   0.000017
 -0.003066  -0.008215   0.019148
 -0.000010   0.000011   0.000003
  0.006750   0.012203  -0.037303
 -0.000005  -0.000000   0.000014
 -0.030241  -0.144050   0.157083
 -0.000002  -0.000008  -0.000005
  0.000050   0.000153   0.000111
 -0.000006   0.000001   0.000010
  0.000291  -0.000219   0.000167
 -0.000015   0.000004   0.000040
 -0.000053   0.000008  -0.000020
 -0.000000   0.000001   0.000003
  0.000051   0.000072  -0.000140
  0.000010   0.000002   0.000020
 -0.000002  -0.000041  -0.000016
  0.000004   0.000009  -0.000002
 -0.000014   0.000018   0.000048
  0.000003   0.000018  -0.000015
  0.000011  -0.000014   0.000015
 -0.000098   0.000050   0.000040
 -0.000017  -0.000056   0.000034
 -0.000004   0.000011   0.000027
  0.000115  -0.000069  -0.000081
  0.000007   0.000004   0.000001
  0.000040   0.000064  -0.000093
  0.000020   0.000041   0.000063
 -0.000009  -0.000022   0.000011
 -0.000003  -0.000001   0.000013
  0.000029   0.000046  -0.000098
 -0.000003  -0.000011   0.000008
 -0.000084   0.000001   0.000112
  0.000019  -0.000003  -0.000007
  0.000010  -0.000073   0.000018
  0.000003  -0.000035   0.000031
  0.000014   0.000027   0.000001
  0.000010   0.000019  -0.000024
 -0.000051  -0.000216  -0.000077
 -0.000003   0.000008   0.000001
  0.000038  -0.000061   0.000097
  0.000025  -0.000088  -0.000031
  0.000231  -0.000268   0.000169
  0.000012   0.000008  -0.000042
  0.000017  -0.000074   0.000092
  0.000001  -0.000016  -0.000045
  0.003771  -0.002064   0.003366
 -0.000030  -0.000074  -0.000017
  0.000232   0.001332   0.000396
  0.000009   0.000017  -0.000058
 -0.000050   0.000174   0.000026
 -0.000216  -0.000104  -0.000130
 -0.000101   0.000026   0.000007
 -0.000090  -0.000104  -0.000059
 -0.000114   0.000012  -0.000178
 -0.000310  -0.000152   0.000195
 -0.000472  -0.000074  -0.000181
 -0.000087  -0.000048  -0.000054
  0.000564  -0.000280   0.000244
  0.000364   0.000173   0.000159
 -0.000515   0.000137  -0.000677
  0.000018  -0.000047   0.000159
   57    3  0.0000  0.0000  0.0150
 -0.000122   0.000157  -0.000051
  0.000060  -0.000080   0.000004
 -0.000028  -0.000073  -0.000046
  0.000040   0.000066   0.000011
 -0.000007   0.000253  -0.000024
 -0.000037   0.000126   0.000018
 -0.000063   0.000199   0.000009
  0.000078  -0.000128  -0.000040
  0.000221  -0.000436  -0.000043
 -0.000158  -0.000078   0.000160
 -0.000930   0.000658   0.000270
  0.000128  -0.000045   0.000245
  0.001725  -0.003591  -0.001327
  0.000167   0.000061  -0.000022
 -0.001054  -0.000063   0.000160
 -0.000030  -0.000029   0.000001
  0.000858   0.000171   0.000056
 -0.000095   0.000070   0.000005
 -0.045622  -0.143362   0.348143
  0.000123   0.000011  -0.000032
 -0.000086   0.000165   0.000116
  0.000031  -0.000032  -0.000010
  0.000087   0.000244   0.000091
  0.000003  -0.000006  -0.000030
 -0.000018  -0.000090  -0.000069
 -0.000015   0.000001  -0.000002
  0.000006   0.000012  -0.000012
  0.000032   0.000034  -0.000000
 -0.000020  -0.000006  -0.000040
 -0.000068   0.000027   0.000010
  0.000041   0.000131  -0.000032
 -0.000011   0.000011  -0.000054
  0.000007   0.000052  -0.000007
 -0.000042  -0.000027  -0.000007
  0.000006  -0.000021  -0.000002
  0.000023  -0.000024  -0.000016
 -0.000123  -0.000019  -0.000050
  0.000031  -0.000029   0.000027
  0.000100  -0.000044   0.000154
 -0.000053   0.000060   0.000040
 -0.002070   0.000112   0.001302
  0.000022  -0.000002   0.000039
 -0.000019   0.000078   0.000050
  0.000026   0.000017  -0.000022
  0.000047  -0.000018   0.000023
 -0.000019   0.000035  -0.000021
 -0.000033   0.000020   0.000010
 -0.000037  -0.000032  -0.000003
  0.000138   0.000009   0.000017
 -0.000091   0.000135  -0.000224
  0.000485   0.001029   0.000526
 -0.000006   0.000014  -0.000003
 -0.004338  -0.016812   0.026155
 -0.000005   0.000004   0.000013
  0.001983   0.002690  -0.003251
  0.000003   0.000004   0.000000
  0.061285   0.157563  -0.372424
 -0.000017   0.000013   0.000009
  0.000017   0.000036   0.000083
 -0.000002  -0.000002   0.000015
  0.000033   0.000051   0.000077
  0.000095  -0.000005   0.000049
 -0.000086   0.000110  -0.000136
  0.000005   0.000002  -0.000022
 -0.000005  -0.000014   0.000059
  0.000002  -0.000001  -0.000002
  0.000001   0.000009  -0.000001
 -0.000003   0.000003  -0.000008
  0.000004  -0.000014   0.000003
  0.000001  -0.000003   0.000007
  0.000005  -0.000000   0.000007
  0.000103  -0.000047  -0.000058
 -0.000004  -0.000022   0.000005
  0.000000  -0.000010  -0.000021
  0.000026  -0.000024  -0.000116
 -0.000010   0.000000  -0.000005
  0.000049   0.000152  -0.000042
 -0.000046  -0.000036  -0.000049
 -0.000004  -0.000010   0.000009
 -0.000005   0.000007  -0.000021
 -0.000003  -0.000005   0.000035
  0.000004  -0.000006   0.000012
 -0.000030   0.000021  -0.000004
 -0.000007   0.000002   0.000008
 -0.000008   0.000001  -0.000007
 -0.000010   0.000022  -0.000023
  0.000017   0.000022  -0.000011
 -0.000014   0.000020   0.000014
 -0.000116  -0.000121   0.000161
  0.000032  -0.000017  -0.000003
  0.000006   0.000022  -0.000048
 -0.000040  -0.000033  -0.000039
  0.000153  -0.000165  -0.000048
  0.000010  -0.000019  -0.000005
  0.000031  -0.000013  -0.000000
  0.000011   0.000016   0.000050
 -0.012814   0.001616   0.000354
 -0.000099  -0.000046   0.000080
  0.000001  -0.000146  -0.000109
 -0.000068   0.000016  -0.000002
 -0.000202   0.000145  -0.000133
  0.000001  -0.000168  -0.000102
 -0.000284  -0.000030   0.000023
  0.000410  -0.000326  -0.000045
 -0.000176  -0.000078  -0.000357
  0.000252  -0.000043  -0.000300
 -0.000751  -0.000266  -0.000445
  0.000181  -0.000043  -0.000052
  0.001094  -0.000141   0.000499
 -0.000541   0.000536   0.000499
  0.000378  -0.000241   0.000332
 -0.000140   0.000100   0.000035
   59    1  0.0150  0.0000  0.0000
  0.027917  -0.027202   0.025255
  0.000250  -0.000051  -0.000030
  0.004346   0.003346  -0.000652
  0.000020  -0.000095  -0.000013
  0.000512  -0.001269  -0.002287
  0.000104  -0.000091  -0.000156
 -0.000305  -0.000546  -0.000983
  0.000018   0.000097   0.000022
 -0.000275  -0.000081   0.000167
 -0.000309   0.000283   0.000089
 -0.000165   0.000006   0.000132
  0.000007  -0.000067  -0.000003
 -0.000217   0.000594  -0.000202
  0.000104   0.000292  -0.000025
  0.000112   0.000246   0.000261
  0.000099  -0.000071   0.000022
 -0.000575  -0.001627  -0.001008
  0.000263   0.000129  -0.000057
  0.000077  -0.000035  -0.000125
  0.000200   0.000034  -0.000007
  0.144695  -0.110964   0.108602
  0.000136  -0.000280   0.000088
 -0.006161   0.006398  -0.009656
  0.000020   0.000057  -0.000047
  0.000601  -0.000931  -0.002439
  0.000036  -0.000013   0.000004
 -0.000424   0.000360  -0.000499
  0.000014  -0.000025  -0.000055
 -0.000096   0.000181  -0.000028
  0.000011  -0.000006   0.000001
 -0.000100  -0.000064   0.000117
 -0.000036   0.000011   0.000013
  0.000259   0.000109  -0.000029
 -0.000035  -0.000051   0.000028
 -0.000066  -0.000105  -0.000019
  0.000014   0.000012   0.000005
 -0.000007  -0.000043   0.000015
  0.000009  -0.000022   0.000007
 -0.000005   0.000027  -0.000023
  0.000014   0.000020   0.000008
  0.000110   0.000104   0.000179
  0.000013  -0.000040  -0.000165
 -0.000069  -0.000030   0.000829
  0.000058   0.000011   0.000014
  0.000539   0.000047   0.000076
 -0.000076  -0.000018  -0.000004
 -0.000001   0.000001  -0.000024
 -0.000008  -0.000061   0.000115
  0.000020   0.000081  -0.000032
 -0.000047  -0.000007  -0.000005
 -0.000582   0.001806   0.000733
  0.000013  -0.000010   0.000005
 -0.000110   0.000036   0.000037
  0.000010   0.000052  -0.000008
 -0.000008  -0.000381   0.000061
  0.000043  -0.000005   0.000030
 -0.000062   0.000027   0.000037
 -0.000012   0.000005  -0.000005
 -0.161330   0.109712  -0.109255
  0.000020   0.000022   0.000013
 -0.003343   0.000854  -0.001893
  0.000488  -0.000038   0.000341
 -0.000243  -0.000014   0.000628
  0.000012   0.000008  -0.000029
  0.000171   0.000095   0.000276
  0.000016  -0.000001   0.000007
 -0.000058   0.000028  -0.000186
 -0.000013   0.000025  -0.000002
  0.000173   0.000041  -0.000294
  0.000011   0.000011  -0.000009
 -0.000007  -0.000031   0.000004
 -0.000002  -0.000012  -0.000022
  0.000010   0.000038  -0.000009
 -0.000007  -0.000008   0.000001
 -0.000044  -0.000009  -0.000060
  0.000012   0.000012   0.000001
  0.000300   0.000947  -0.001957
  0.000013   0.000022   0.000074
  0.000047   0.000015  -0.000068
 -0.000019   0.000008   0.000013
 -0.000197   0.000035   0.000017
  0.000047  -0.000036   0.000059
 -0.000026  -0.000037   0.000037
  0.000004  -0.000000   0.000001
  0.000027   0.000005   0.000018
 -0.000017   0.000002  -0.000022
  0.000041   0.000004   0.000004
  0.000015  -0.000034  -0.000035
 -0.000023  -0.000009  -0.000002
  0.000004   0.000012  -0.000009
  0.000009  -0.000010   0.000000
  0.000003   0.000010   0.000012
  0.000065   0.000040   0.000743
 -0.000118  -0.000213   0.000143
 -0.001295   0.000961   0.000192
 -0.000008  -0.000014  -0.000020
  0.000007  -0.000067   0.000047
 -0.000225  -0.000278   0.000024
 -0.007422   0.021041  -0.008177
 -0.000356   0.000184  -0.000262
 -0.001385   0.001064  -0.000604
 -0.000207  -0.000927  -0.000218
 -0.001536  -0.000408   0.000256
  0.000139  -0.000207  -0.000122
 -0.000901  -0.000232  -0.001338
  0.000136   0.000014   0.000099
 -0.001047  -0.002897  -0.000177
 -0.000190  -0.000224  -0.000043
  0.007836  -0.000401   0.002712
 -0.000091   0.000890  -0.000099
 -0.000138  -0.000697  -0.000346
 -0.000248   0.000519   0.001170
   59    2  0.0000  0.0150 -0.0000
 -0.006198  -0.005475   0.003793
 -0.000061  -0.000197   0.000043
  0.002808  -0.000515  -0.001150
  0.000148   0.000164   0.000047
 -0.000934  -0.000541  -0.000715
 -0.000392   0.000826   0.000167
 -0.001502  -0.000030  -0.000027
 -0.000089  -0.000630  -0.000095
 -0.000108   0.000115   0.000066
  0.000031  -0.000036  -0.000047
  0.000061   0.000160   0.000207
  0.000109   0.000139   0.000029
  0.000384  -0.000008  -0.000098
 -0.000030  -0.000090  -0.000004
  0.001882   0.000252   0.000133
 -0.000092   0.000022  -0.000018
  0.001886   0.001204   0.000115
 -0.000055   0.000025   0.000096
  0.000485  -0.000066  -0.000170
 -0.000061  -0.000006  -0.000009
 -0.098543   0.205568  -0.135315
 -0.000043   0.000142  -0.000022
  0.003853  -0.007731   0.003548
 -0.000021  -0.000061   0.000027
 -0.001892   0.000234   0.002427
 -0.000007   0.000028  -0.000004
  0.000505  -0.000607   0.000574
 -0.000026  -0.000019  -0.000015
  0.000028  -0.000039  -0.000059
  0.000022   0.000009   0.000003
  0.000003  -0.000145   0.000010
  0.000023  -0.000003  -0.000013
  0.000134   0.000201  -0.000055
  0.000015   0.000020  -0.000012
  0.000064   0.000082   0.000086
 -0.000003  -0.000003   0.000003
 -0.000048  -0.000009  -0.000010
 -0.000057  -0.000021  -0.000024
  0.000030   0.000006   0.000015
  0.000042  -0.000001   0.000022
  0.000130  -0.000074  -0.000072
 -0.000064   0.000026   0.000060
  0.000509   0.000046   0.000302
  0.000022   0.000009  -0.000023
  0.000054   0.000047   0.000120
  0.000004   0.000037  -0.000067
  0.000001   0.000029  -0.000021
 -0.000045   0.000021  -0.000115
 -0.000084  -0.000023  -0.000093
  0.000006   0.000007  -0.000032
  0.001263   0.001927   0.001057
  0.000003   0.000008   0.000012
 -0.000097   0.000195  -0.000064
 -0.000003  -0.000024   0.000013
 -0.000056  -0.000626   0.000128
 -0.000020   0.000014  -0.000014
 -0.000050   0.000149   0.000041
  0.000010   0.000003   0.000002
  0.109723  -0.248315   0.143994
 -0.000017  -0.000037   0.000021
 -0.004239  -0.000362  -0.002487
 -0.000308   0.000046  -0.000134
  0.000485  -0.000504  -0.000630
  0.000004  -0.000004   0.000003
  0.000093   0.000071   0.000247
 -0.000006   0.000003   0.000000
  0.000043   0.000058  -0.000162
  0.000015  -0.000023  -0.000009
 -0.000253  -0.000019   0.000287
  0.000001   0.000020   0.000010
  0.000021   0.000025   0.000015
 -0.000033   0.000010   0.000007
 -0.000034   0.000029   0.000043
  0.000008   0.000010   0.000005
  0.000008   0.000006   0.000044
  0.000001  -0.000003   0.000002
  0.000405  -0.001215   0.000684
 -0.000024  -0.000011  -0.000031
 -0.000025  -0.000104  -0.000031
  0.000010   0.000000  -0.000010
 -0.000287   0.000108   0.000109
 -0.000027   0.000018  -0.000026
 -0.000005   0.000005   0.000034
  0.000005   0.000000  -0.000003
 -0.000049  -0.000018  -0.000032
  0.000008  -0.000010   0.000017
 -0.000011  -0.000006  -0.000001
  0.000022   0.000001  -0.000000
 -0.000004   0.000003   0.000012
  0.000000   0.000015   0.000000
  0.000002   0.000011  -0.000005
  0.000004  -0.000006   0.000012
  0.001111  -0.000070   0.000072
  0.000086  -0.000365  -0.000784
 -0.000249   0.000298  -0.000257
  0.000027   0.000010   0.000013
 -0.000359   0.000262   0.000088
  0.000100   0.000155  -0.000004
 -0.008316   0.051639  -0.016447
  0.000220  -0.000096   0.000065
  0.000783  -0.000533   0.000354
  0.000462  -0.000652   0.000491
  0.001359   0.000436  -0.000240
  0.000084  -0.000186   0.000083
  0.000589   0.000311   0.001015
  0.000299  -0.000129   0.000250
 -0.000673   0.003957   0.000770
  0.000102  -0.000094   0.000073
 -0.004948  -0.000052  -0.002192
 -0.000352   0.000637  -0.000533
 -0.000581   0.000321   0.000340
  0.000784  -0.000379   0.000074
   59    3  0.0000  0.0000  0.0150
 -0.004566   0.005299  -0.006306
 -0.000125   0.000082   0.000029
 -0.001492  -0.000339   0.000742
  0.000030  -0.000014   0.000028
 -0.000015   0.000331   0.000591
 -0.000141   0.000585   0.000140
  0.000555   0.000231   0.000288
 -0.000426  -0.000906   0.000585
 -0.000015  -0.000017  -0.000070
  0.000102  -0.000076   0.000046
 -0.000048  -0.000275  -0.000003
 -0.000068   0.000017  -0.000021
 -0.000576   0.000279   0.000061
 -0.000036  -0.000344  -0.000048
  0.000634  -0.000360  -0.000178
  0.000045   0.000240   0.000011
 -0.000132  -0.000720  -0.000626
 -0.000246  -0.000297   0.000029
  0.000102   0.000049  -0.000048
 -0.000132   0.000003  -0.000014
  0.103297  -0.139476   0.193812
 -0.000123   0.000189  -0.000097
  0.019898  -0.026352   0.035613
  0.000011  -0.000049   0.000033
 -0.004524   0.004395   0.004827
 -0.000076   0.000036   0.000008
  0.001830  -0.001479   0.001413
 -0.000030  -0.000007   0.000051
  0.000135  -0.000313  -0.000119
 -0.000001  -0.000012   0.000019
  0.000562   0.000419   0.000241
  0.000033   0.000001   0.000015
 -0.000140  -0.000441   0.000086
  0.000025   0.000034  -0.000012
  0.000184   0.000209   0.000120
 -0.000007   0.000005  -0.000010
 -0.000040  -0.000017  -0.000026
  0.000006   0.000017  -0.000065
  0.000045   0.000019  -0.000010
  0.000030   0.000009  -0.000008
 -0.000059  -0.000039  -0.000113
 -0.000123  -0.000007  -0.000020
  0.000211   0.000070  -0.000201
 -0.000012   0.000000  -0.000032
 -0.000132   0.000008  -0.000088
  0.000048   0.000012  -0.000080
  0.000005   0.000003   0.000011
  0.000061  -0.000020  -0.000011
 -0.000062   0.000001   0.000042
  0.000029   0.000011  -0.000029
  0.000089   0.001224  -0.000219
 -0.000006   0.000018  -0.000029
  0.000004   0.000070  -0.000095
  0.000014  -0.000020  -0.000031
 -0.000034  -0.000291   0.000095
 -0.000009   0.000003  -0.000016
 -0.000006   0.000107   0.000090
  0.000016  -0.000003   0.000009
 -0.109317   0.143960  -0.215075
  0.000012  -0.000016  -0.000030
 -0.001274  -0.000055  -0.002677
 -0.000237  -0.000018  -0.000238
  0.000163   0.000178  -0.001056
 -0.000009  -0.000005   0.000029
 -0.000160   0.000053  -0.000502
 -0.000011   0.000007  -0.000010
  0.000224  -0.000104   0.000226
  0.000006  -0.000059  -0.000027
 -0.000735  -0.000048   0.000591
 -0.000032  -0.000002   0.000020
 -0.000038   0.000106  -0.000019
 -0.000001   0.000018   0.000021
 -0.000002  -0.000110  -0.000164
  0.000003   0.000022  -0.000003
 -0.000016   0.000046   0.000020
  0.000009   0.000005   0.000001
 -0.002306   0.000155   0.001124
 -0.000008  -0.000004  -0.000033
 -0.000024   0.000008  -0.000037
  0.000008  -0.000013  -0.000003
 -0.000094  -0.000016   0.000064
 -0.000012   0.000009  -0.000030
  0.000013   0.000052  -0.000030
 -0.000001  -0.000000   0.000005
 -0.000126  -0.000027  -0.000067
  0.000019  -0.000005   0.000022
 -0.000062  -0.000006  -0.000034
 -0.000034  -0.000028   0.000076
  0.000003   0.000027   0.000027
 -0.000009   0.000005   0.000019
 -0.000015   0.000031   0.000004
 -0.000008   0.000002   0.000031
 -0.000411   0.000073  -0.000101
  0.000350   0.000345   0.000395
  0.001895  -0.001274  -0.002996
  0.000012   0.000013  -0.000031
  0.000007  -0.000009  -0.000039
  0.000196   0.000278   0.000002
 -0.005897   0.016174  -0.010741
  0.000238  -0.000105   0.000180
  0.000919  -0.000657   0.000360
 -0.000394  -0.000411   0.000123
  0.000436   0.000099   0.000072
 -0.000051  -0.000028   0.000137
  0.000118   0.000369   0.000873
  0.000038  -0.000153   0.000342
  0.002433  -0.001031   0.000441
 -0.000046  -0.000114   0.000082
 -0.001348  -0.000473  -0.001245
 -0.000108   0.000480  -0.000563
  0.000176   0.000179   0.000072
  0.000913  -0.000025  -0.000020
   61    1  0.0150  0.0000  0.0000
  0.003023   0.000967  -0.000740
  0.000812   0.000384  -0.000170
 -0.000750   0.000520   0.000271
 -0.000148  -0.000191   0.000281
  0.000797   0.000504  -0.000041
  0.000377  -0.000260  -0.000875
  0.000385  -0.000586   0.000024
  0.000065  -0.000735  -0.000266
  0.000387   0.000275   0.000018
 -0.000364   0.000327   0.000130
 -0.000071  -0.000329   0.000051
 -0.000097  -0.000044   0.000061
  0.000175   0.000118  -0.000196
  0.000133   0.000217  -0.000079
 -0.000268  -0.000411   0.000030
  0.000429  -0.000174  -0.000019
 -0.000970   0.000140   0.000183
  0.000434   0.000178  -0.000088
 -0.000016  -0.000295  -0.000153
  0.000734  -0.000043   0.000052
  0.013724   0.010516   0.007873
 -0.000101   0.000093   0.000132
 -0.003779  -0.003802  -0.002008
  0.000577   0.000208  -0.000039
  0.000636  -0.000668  -0.000259
  0.000024  -0.000072   0.000031
 -0.000741  -0.000027   0.000292
  0.000131   0.000059   0.000030
  0.000167   0.000076  -0.000043
 -0.000000  -0.000034   0.000058
  0.000227   0.000291   0.000273
 -0.000135  -0.000104   0.000306
  0.001054  -0.000982  -0.000625
 -0.000195   0.000209  -0.000020
 -0.000156   0.000266   0.000207
 -0.000059  -0.000121   0.000070
  0.000106  -0.000149  -0.000086
  0.000220  -0.000014   0.000098
  0.000074   0.000089  -0.000209
  0.000017   0.000056  -0.000012
  0.000204  -0.000300   0.000739
 -0.000500   0.000754  -0.002163
  0.000977  -0.000066  -0.000002
  0.000178  -0.000070  -0.000146
  0.000041  -0.000139  -0.000076
 -0.001331  -0.000375   0.000046
  0.000188  -0.000041  -0.000441
 -0.000082   0.000002  -0.000005
  0.000175  -0.000007  -0.000066
 -0.000496   0.000149   0.000016
 -0.000255   0.000392   0.000047
  0.000311  -0.000026   0.000018
 -0.000216   0.000359   0.000022
  0.000170  -0.000036  -0.000247
 -0.000331  -0.001771   0.000319
  0.000031  -0.000026  -0.000026
 -0.000159   0.000282   0.000038
  0.000070   0.000010   0.000106
 -0.003366  -0.004258  -0.001273
  0.000522   0.000312  -0.000268
 -0.394299   0.011663  -0.256663
  0.000488   0.000015  -0.000038
  0.000773  -0.000714  -0.001623
  0.000050  -0.000023   0.000072
  0.000300  -0.000217   0.001015
  0.000021  -0.000043  -0.000012
  0.000068  -0.000307  -0.000206
 -0.000077   0.000039   0.000035
  0.000192   0.000078  -0.000236
 -0.000016  -0.000084  -0.000073
 -0.000186  -0.000206   0.000085
  0.000000  -0.000014  -0.000042
  0.000169  -0.000062  -0.000149
 -0.000067   0.000033   0.000106
 -0.000097   0.000201   0.000020
  0.000176   0.000045   0.000137
 -0.000644   0.000093  -0.000887
  0.000559   0.001681   0.002149
  0.000336  -0.000059  -0.000420
 -0.000091   0.000104   0.000137
 -0.001128   0.000226  -0.002058
  0.000108  -0.000067  -0.000006
 -0.000101  -0.000065   0.000024
  0.000049  -0.000103   0.000009
  0.000178   0.000051   0.000189
 -0.000029   0.000033  -0.000034
  0.000008   0.000023   0.000053
 -0.000066  -0.000041  -0.000027
 -0.000112   0.000036   0.000052
  0.000042   0.000000   0.000041
  0.000006  -0.000032   0.000032
 -0.000041   0.000012   0.000010
 -0.001625  -0.000260   0.000514
  0.000892   0.001697  -0.000097
 -0.000364   0.000096   0.000284
 -0.000262  -0.000611  -0.000992
  0.000171  -0.000033   0.000013
 -0.000782  -0.000355   0.000137
  0.389506  -0.015700   0.265193
 -0.000492  -0.000090   0.000085
 -0.000045  -0.000325   0.000758
 -0.012973  -0.013569  -0.015840
  0.000003   0.000472   0.000994
  0.002456  -0.007607  -0.003492
  0.000044   0.002264   0.001808
 -0.001436  -0.007053   0.006162
  0.002165  -0.000101   0.001163
 -0.008072  -0.008416  -0.001921
 -0.002098  -0.001599  -0.003733
  0.012822   0.044056   0.002028
  0.002360   0.002492  -0.002879
 -0.001830  -0.009248   0.006940
   61    2  0.0000  0.0150 -0.0000
  0.000585   0.007173   0.002333
  0.000072  -0.000046  -0.000006
 -0.001367   0.000449   0.000099
  0.000009   0.000078  -0.000092
  0.000146  -0.000241   0.000088
  0.000138  -0.001274  -0.000412
 -0.000014   0.000484  -0.000206
  0.000253   0.000788   0.000017
  0.000319   0.000024   0.000013
  0.000079  -0.000134   0.000027
 -0.000026  -0.000190   0.000006
 -0.000032   0.000134  -0.000020
 -0.000086   0.000529  -0.000034
 -0.000020   0.000163   0.000021
 -0.000013  -0.000455  -0.000041
  0.000014  -0.000113  -0.000008
  0.001647  -0.000311  -0.000399
  0.000010   0.000148  -0.000075
 -0.000256   0.001011   0.000517
  0.000039  -0.000047   0.000014
  0.050937   0.013538   0.034496
  0.000064   0.000013   0.000026
  0.001922   0.003870   0.001136
  0.000063   0.000031  -0.000063
  0.000001   0.000538  -0.000763
  0.000009  -0.000013   0.000012
 -0.000241  -0.000136   0.000019
  0.000037   0.000016   0.000002
  0.000129  -0.000020  -0.000147
  0.000013   0.000011   0.000011
 -0.000111   0.000286   0.000022
  0.000025  -0.000013   0.000020
 -0.000353  -0.000267  -0.000015
  0.000026   0.000036   0.000003
 -0.000000  -0.000019  -0.000013
  0.000007  -0.000025   0.000018
  0.000027   0.000098   0.000012
  0.000029  -0.000029   0.000043
 -0.000041  -0.000037   0.000043
 -0.000003   0.000000   0.000016
 -0.000032  -0.000196   0.000252
  0.000020   0.000120  -0.000113
  0.000566  -0.000657  -0.000209
 -0.000080   0.000002   0.000035
 -0.000048   0.000011   0.000014
 -0.000054  -0.000162   0.000513
  0.000113  -0.000061  -0.000086
 -0.000022   0.000055  -0.000033
 -0.000040  -0.000017   0.000009
 -0.000082   0.000114   0.000116
  0.000001   0.000181   0.000100
  0.000028  -0.000020   0.000010
 -0.000046   0.000402  -0.000015
  0.000012  -0.000021  -0.000013
 -0.001344  -0.000382  -0.001205
 -0.000016  -0.000003  -0.000010
  0.000156  -0.000221   0.000047
  0.000013   0.000001   0.000005
  0.000852  -0.000369  -0.000061
  0.000031   0.000032   0.000019
  0.011668  -0.098336   0.006778
 -0.000024   0.000032  -0.000010
 -0.000461   0.000199   0.000823
  0.000007  -0.000005  -0.000003
  0.000070  -0.000383   0.000265
  0.000002  -0.000005   0.000000
 -0.000014  -0.000073  -0.000136
  0.000001   0.000008   0.000010
  0.000032  -0.000003  -0.000031
  0.000012   0.000002   0.000003
 -0.000048  -0.000053  -0.000031
  0.000021  -0.000013  -0.000013
 -0.000004  -0.000029  -0.000009
 -0.000001  -0.000001   0.000035
 -0.000000   0.000038   0.000031
  0.000011  -0.000015   0.000020
 -0.000342   0.000544   0.000731
  0.000258   0.000138   0.000133
 -0.000026   0.000004   0.000086
 -0.000016   0.000042   0.000034
  0.000257  -0.000956  -0.000848
 -0.000001   0.000023  -0.000019
 -0.000038  -0.000022  -0.000041
 -0.000003  -0.000009   0.000001
  0.000012   0.000015   0.000006
 -0.000004   0.000017  -0.000008
  0.000009  -0.000015   0.000004
  0.000000   0.000016  -0.000018
 -0.000004   0.000007  -0.000015
  0.000009  -0.000006  -0.000000
  0.000005  -0.000011  -0.000001
  0.000006  -0.000008  -0.000003
 -0.000363  -0.000322   0.000149
 -0.000135   0.000254   0.000670
 -0.000242  -0.000056   0.000528
 -0.000044  -0.000033   0.000033
  0.000522  -0.000562   0.000007
 -0.000068  -0.000154  -0.000023
 -0.069375   0.062131  -0.046329
  0.000004   0.000006   0.000010
  0.000488  -0.001158   0.000081
 -0.001963   0.013964  -0.002452
  0.000500  -0.000158  -0.000003
 -0.001591   0.000865  -0.000999
  0.000360   0.000027   0.000273
 -0.002828  -0.000413  -0.001393
  0.001359  -0.001037  -0.000010
 -0.000096   0.001683  -0.000700
 -0.002461   0.001251  -0.000791
  0.011429  -0.003071   0.008997
  0.000812   0.001579  -0.000786
 -0.001773  -0.000790  -0.001125
   61    3  0.0000  0.0000  0.0150
 -0.003464  -0.004859  -0.001586
  0.000088  -0.000229  -0.000045
 -0.001784  -0.000322  -0.000018
  0.000210   0.000570   0.000035
  0.000933   0.000179  -0.000241
 -0.002140  -0.000091   0.000659
  0.000157  -0.000844   0.000288
  0.000280  -0.000750  -0.000051
 -0.000152   0.000283   0.000138
  0.000083  -0.000008   0.000009
  0.000072  -0.000207   0.000032
  0.000106   0.000326   0.000006
 -0.000038   0.000322  -0.000095
 -0.000238  -0.000484  -0.000047
 -0.000019  -0.000339   0.000016
  0.000226   0.000372  -0.000022
 -0.002469   0.000748   0.000239
 -0.000208  -0.000060   0.000114
 -0.000120  -0.000476  -0.000159
 -0.000052  -0.000027   0.000098
  0.008133   0.006858   0.010496
 -0.000317   0.000436  -0.000001
  0.001278   0.001776   0.002824
  0.000335   0.000069   0.000203
  0.000321   0.000425   0.000064
  0.000046  -0.000060   0.000001
 -0.000043   0.000260   0.000057
  0.000049   0.000028   0.000081
  0.000073   0.000021   0.000089
  0.000013  -0.000043   0.000063
 -0.000171   0.000172   0.000815
 -0.000062  -0.000118   0.000314
  0.000495   0.001459   0.001081
 -0.000031   0.000225   0.000014
  0.000413  -0.000531  -0.000127
 -0.000069  -0.000067   0.000072
  0.000253  -0.000061  -0.000080
  0.000173   0.000017   0.000017
  0.000018  -0.000057  -0.000158
  0.000045   0.000035  -0.000080
  0.000173   0.000024   0.000260
 -0.000515   0.000326  -0.001502
  0.001059  -0.000403   0.000041
 -0.000038  -0.000022  -0.000091
 -0.000066  -0.000083  -0.000126
 -0.000221   0.000538   0.001273
 -0.000057  -0.000156  -0.000331
 -0.000021  -0.000005  -0.000048
  0.000044  -0.000015  -0.000100
 -0.000211   0.000218   0.000035
 -0.000096   0.000189  -0.000118
  0.000202   0.000009  -0.000012
 -0.000057   0.000341  -0.000063
  0.000169  -0.000079  -0.000198
  0.000371  -0.001368  -0.000028
  0.000005  -0.000007  -0.000028
  0.000007   0.000157   0.000079
  0.000101  -0.000040   0.000066
 -0.001897  -0.002507  -0.002688
  0.000365   0.000147  -0.000269
 -0.256199   0.006737  -0.204512
 -0.000038   0.000021  -0.000377
 -0.000237   0.000020  -0.000140
  0.000010  -0.000024   0.000124
  0.000148   0.000076   0.000047
 -0.000017  -0.000008   0.000009
 -0.000099   0.000025   0.000016
 -0.000020   0.000004   0.000061
 -0.000113   0.000030  -0.000179
 -0.000021  -0.000065  -0.000065
 -0.000166  -0.000083   0.000073
 -0.000042  -0.000010   0.000002
 -0.000011  -0.000021  -0.000063
 -0.000024   0.000014   0.000101
 -0.000046  -0.000006  -0.000181
  0.000107   0.000031   0.000095
 -0.000820   0.001467  -0.000670
  0.000380   0.001046   0.001404
  0.000266  -0.000495  -0.000785
 -0.000036   0.000033   0.000109
 -0.003114  -0.001605   0.002756
  0.000034  -0.000037  -0.000031
 -0.000145  -0.000072   0.000035
  0.000022  -0.000070   0.000021
 -0.000135   0.000118  -0.000245
  0.000010   0.000014   0.000014
 -0.000098   0.000021   0.000092
 -0.000067  -0.000035   0.000032
 -0.000063   0.000044   0.000055
  0.000003  -0.000004   0.000083
 -0.000048  -0.000032   0.000071
 -0.000040   0.000002   0.000035
 -0.001341  -0.000422   0.000441
  0.000951  -0.000220  -0.000970
  0.000026   0.000582   0.000151
 -0.000120  -0.000395  -0.000834
  0.000114  -0.000170   0.000111
  0.000187   0.000536   0.000020
  0.266870  -0.008651   0.188314
  0.000157  -0.000265   0.000308
  0.000186  -0.000029   0.001012
 -0.015038  -0.010797  -0.000634
  0.000020  -0.000167   0.001218
 -0.000664  -0.004608  -0.000892
 -0.000166   0.001833   0.002235
  0.000734  -0.003841   0.007670
  0.001471  -0.000541   0.001467
 -0.005446  -0.006518  -0.000827
 -0.001649  -0.000651  -0.004278
  0.009747   0.030686  -0.007135
  0.001065   0.000684  -0.001599
  0.001777  -0.006394   0.004970
   63    1  0.0150  0.0000  0.0000
 -0.000295  -0.001156  -0.000408
 -0.000036  -0.000028   0.000005
  0.000232   0.000149  -0.000240
  0.000013   0.000007   0.000000
 -0.000111  -0.000096  -0.000012
 -0.000047   0.000012   0.000028
 -0.000047  -0.000291   0.000085
  0.000004  -0.000025  -0.000005
 -0.000063   0.000138   0.000020
  0.000001   0.000005  -0.000014
  0.000097   0.000071   0.000003
 -0.000010   0.000010   0.000003
  0.000133   0.000889   0.000039
 -0.000043  -0.000034   0.000008
 -0.000314   0.000604  -0.000374
  0.000004   0.000013   0.000009
  0.001018  -0.000564  -0.000754
 -0.000038  -0.000028   0.000001
 -0.000335   0.000022   0.000188
 -0.000027   0.000003  -0.000003
 -0.003896  -0.007498   0.001625
 -0.000011  -0.000004   0.000011
  0.100899   0.106460   0.019365
  0.000008  -0.000030  -0.000006
 -0.004022  -0.017925  -0.001371
 -0.000038   0.000043   0.000028
  0.000539  -0.000050  -0.000130
 -0.000033  -0.000088   0.000032
 -0.000350   0.000233  -0.000715
 -0.000061  -0.000188  -0.000044
 -0.000304   0.004161   0.001322
 -0.000054   0.000036   0.000056
  0.007932  -0.004472   0.000775
  0.000010  -0.000022   0.000005
 -0.000040  -0.000488   0.000700
  0.000053   0.000037  -0.000022
 -0.000149  -0.000360  -0.000184
  0.000262   0.000291   0.000324
  0.000068   0.000410   0.000071
 -0.000090  -0.000034  -0.000091
 -0.000216   0.000237  -0.000048
 -0.000082  -0.000053   0.000023
 -0.000092   0.000042   0.000053
 -0.000012   0.000004   0.000000
  0.000036   0.000016   0.000020
  0.000018   0.000007   0.000007
  0.000017  -0.000061  -0.000081
  0.000008  -0.000006   0.000011
 -0.000009   0.000022  -0.000003
  0.000005  -0.000001   0.000002
 -0.000166   0.000123  -0.000358
 -0.000003  -0.000005  -0.000004
  0.000042  -0.000049   0.000002
  0.000006   0.000001  -0.000012
  0.000064   0.000082  -0.000008
  0.000005  -0.000009   0.000000
 -0.000001  -0.000057  -0.000086
  0.000004   0.000002   0.000007
 -0.000258   0.000513   0.000153
  0.000005  -0.000012  -0.000001
  0.000854  -0.000467  -0.000174
  0.000054  -0.000007   0.000032
 -0.134811  -0.120770  -0.020381
 -0.000002  -0.000002   0.000026
  0.000080  -0.003039   0.002753
 -0.000001   0.000005  -0.000021
 -0.001201  -0.001115   0.000079
 -0.000002  -0.000063  -0.000004
 -0.000100  -0.000101  -0.000010
 -0.000010  -0.000005   0.000023
  0.000063   0.000052   0.000077
  0.000026  -0.000021  -0.000028
 -0.000355  -0.000376   0.000382
 -0.000013  -0.000014  -0.000028
  0.000528  -0.001285  -0.000100
  0.000025   0.000008   0.000027
 -0.000161   0.001129  -0.000377
  0.000011   0.000007   0.000006
  0.001018   0.002692  -0.000562
  0.000005  -0.000006   0.000000
 -0.000074  -0.000316  -0.000124
  0.000005   0.000002   0.000013
  0.000013   0.000109  -0.000140
 -0.000004   0.000011  -0.000009
 -0.000145   0.000052  -0.000100
  0.000001  -0.000032   0.000008
  0.000060  -0.000053   0.000069
  0.000082  -0.000335  -0.000134
  0.000072  -0.000176  -0.000072
 -0.000018  -0.000017  -0.000007
  0.000029   0.000019   0.000110
  0.000033   0.000114   0.000052
 -0.000006   0.000197  -0.000050
  0.000033  -0.000031  -0.000037
  0.035516   0.045722   0.002607
  0.000008   0.000010   0.000022
  0.000404  -0.000545  -0.000171
  0.000034   0.000031  -0.000011
 -0.001707  -0.001908  -0.003684
 -0.000027   0.000009  -0.000028
 -0.000200   0.000053  -0.000061
 -0.000372  -0.000111  -0.000144
 -0.000229  -0.000248   0.000148
 -0.000075  -0.000029   0.000002
 -0.000208  -0.000070  -0.000202
 -0.000072   0.000065   0.000066
 -0.000643  -0.000346   0.000037
 -0.000087  -0.000058  -0.000013
  0.000908   0.000154  -0.000009
  0.000242   0.000275  -0.000075
  0.000158  -0.000197   0.000131
  0.000029   0.000016   0.000079
   63    2  0.0000  0.0150 -0.0000
 -0.000097   0.000526   0.000567
  0.000016   0.000024   0.000004
  0.000093   0.000110   0.000008
 -0.000007  -0.000011   0.000001
 -0.000014  -0.000052  -0.000009
  0.000033   0.000010  -0.000018
 -0.000669  -0.000173   0.000047
 -0.000023  -0.000011  -0.000022
  0.000084   0.000295  -0.000023
 -0.000012   0.000021  -0.000005
  0.000200   0.000036   0.000026
 -0.000001  -0.000030   0.000024
  0.000290  -0.000135  -0.000157
 -0.000008  -0.000023   0.000014
  0.000587   0.001035  -0.001199
 -0.000009  -0.000014  -0.000004
  0.000234  -0.000412  -0.000370
  0.000013   0.000007  -0.000023
  0.000223  -0.000070  -0.000223
  0.000021  -0.000004  -0.000006
  0.002451   0.010343   0.002478
  0.000008  -0.000013  -0.000001
  0.119361   0.376182   0.064259
 -0.000009   0.000005   0.000003
  0.003642   0.027305   0.002856
  0.000028  -0.000014   0.000008
 -0.000510   0.000169   0.000310
  0.000022   0.000016   0.000009
  0.000585   0.000326  -0.000990
  0.000017   0.000093   0.000042
 -0.001211  -0.002157   0.000583
  0.000018  -0.000023  -0.000018
 -0.001776  -0.000773   0.000449
 -0.000003  -0.000005   0.000002
 -0.000083  -0.000060   0.000082
 -0.000002  -0.000011   0.000002
 -0.000277   0.000020   0.000824
 -0.000127  -0.000171  -0.000149
  0.000048   0.000374   0.000798
  0.000087  -0.000022   0.000064
  0.000071  -0.000010   0.000019
  0.000009  -0.000005   0.000033
  0.000096  -0.000063  -0.000025
  0.000009  -0.000005  -0.000000
  0.000013  -0.000009  -0.000010
 -0.000011  -0.000011  -0.000012
 -0.000003   0.000022   0.000028
 -0.000001  -0.000006   0.000006
  0.000030  -0.000004   0.000021
 -0.000003  -0.000009  -0.000011
  0.000608   0.000291  -0.001490
 -0.000006  -0.000003   0.000001
 -0.000033  -0.000015   0.000040
 -0.000005   0.000002   0.000002
 -0.000039  -0.000072   0.000008
  0.000002  -0.000003   0.000003
 -0.000053  -0.000002   0.000089
 -0.000004  -0.000003  -0.000001
 -0.000012  -0.000465   0.000201
 -0.000009  -0.000007   0.000005
 -0.000698   0.000192   0.000022
  0.000023  -0.000005   0.000023
 -0.121071  -0.407644  -0.067681
 -0.000005  -0.000007  -0.000016
 -0.000732   0.001646  -0.003887
  0.000011  -0.000013   0.000017
  0.000371  -0.001363   0.000622
 -0.000015   0.000042  -0.000015
  0.000067  -0.000034  -0.000037
  0.000015   0.000010  -0.000011
  0.000070  -0.000002   0.000044
 -0.000013  -0.000006   0.000009
 -0.000325  -0.000325   0.000293
  0.000008  -0.000008   0.000016
  0.000023  -0.000399  -0.000454
 -0.000013  -0.000004  -0.000007
  0.000611   0.000126  -0.000024
 -0.000013  -0.000025  -0.000018
 -0.000254  -0.000473   0.000007
  0.000001  -0.000007  -0.000003
 -0.000209   0.000003   0.000039
  0.000003  -0.000006   0.000003
 -0.000085  -0.000118   0.000035
  0.000012  -0.000006  -0.000004
  0.000034  -0.000050  -0.000007
 -0.000007  -0.000014   0.000005
  0.000022   0.000026  -0.000001
 -0.000287   0.000074  -0.000015
 -0.000090   0.000071   0.000105
 -0.000010   0.000032   0.000004
  0.000000  -0.000019  -0.000072
  0.000021  -0.000011   0.000007
  0.000045   0.000025  -0.000033
  0.000004   0.000031   0.000033
 -0.001214  -0.003165   0.000104
  0.000007  -0.000005   0.000020
 -0.000167   0.000146   0.000067
 -0.000010  -0.000001  -0.000004
  0.000104  -0.001093   0.001862
 -0.000019  -0.000001  -0.000014
 -0.000085   0.000096  -0.000031
  0.000214   0.000036   0.000123
 -0.000081   0.000003  -0.000034
  0.000030   0.000021   0.000020
 -0.000071  -0.000056  -0.000143
  0.000075   0.000032  -0.000011
 -0.000347   0.000066  -0.000222
  0.000089   0.000036   0.000027
  0.000396  -0.000048   0.000189
 -0.000170  -0.000165  -0.000053
 -0.000101  -0.000071  -0.000022
 -0.000049   0.000099  -0.000025
   63    3  0.0000  0.0000  0.0150
  0.000728   0.000090  -0.000965
  0.000061   0.000041  -0.000018
 -0.000412   0.000264   0.000011
 -0.000040  -0.000053   0.000026
  0.000306   0.000065   0.000087
  0.000107  -0.000002  -0.000048
 -0.000230   0.000084   0.000031
 -0.000036   0.000007   0.000012
  0.000144  -0.000094   0.000007
 -0.000054   0.000018  -0.000045
  0.000020   0.000244   0.000093
 -0.000023  -0.000013  -0.000045
  0.000444  -0.001410  -0.000270
  0.000082   0.000088   0.000039
 -0.001114  -0.000136  -0.000011
  0.000014  -0.000019  -0.000072
 -0.000627   0.000971   0.000310
  0.000053   0.000006   0.000001
  0.000185  -0.000003  -0.000090
  0.000055   0.000007   0.000048
  0.013270   0.035973   0.006321
  0.000052  -0.000057   0.000063
  0.024544   0.067229   0.077213
 -0.000001  -0.000031   0.000008
 -0.007139  -0.030948  -0.004295
  0.000067  -0.000002   0.000028
  0.000951  -0.000523  -0.000961
 -0.000050  -0.000022  -0.000078
 -0.000913  -0.000118   0.000398
 -0.000004  -0.000037  -0.000013
 -0.002456  -0.001495  -0.000351
 -0.000018   0.000016   0.000002
 -0.002194   0.000075  -0.000128
 -0.000020  -0.000011   0.000011
  0.000188   0.000457  -0.000354
 -0.000012   0.000005   0.000039
 -0.000130  -0.001125   0.001181
  0.000000   0.000021   0.000127
  0.000236   0.001234  -0.000212
 -0.000042  -0.000005   0.000096
  0.000103  -0.000092   0.000173
  0.000073   0.000032  -0.000033
  0.000221  -0.000106   0.000078
  0.000023  -0.000003  -0.000002
 -0.000025  -0.000002   0.000001
 -0.000024  -0.000018  -0.000038
 -0.000029   0.000010   0.000014
 -0.000009  -0.000003   0.000047
  0.000070  -0.000018   0.000014
  0.000001  -0.000010   0.000024
  0.000412  -0.001441   0.002038
  0.000000   0.000000   0.000040
 -0.000026  -0.000032   0.000120
 -0.000020   0.000009   0.000023
  0.000058  -0.000226   0.000132
  0.000002   0.000002   0.000005
 -0.000049  -0.000013  -0.000144
 -0.000007   0.000002  -0.000013
  0.000620  -0.000611  -0.001053
 -0.000023  -0.000000   0.000033
 -0.001639   0.000831  -0.000155
  0.000054   0.000005   0.000097
 -0.020453  -0.067831  -0.091620
  0.000029   0.000014   0.000014
  0.001050  -0.003268   0.004181
 -0.000019   0.000014  -0.000008
 -0.000151   0.000588  -0.001774
 -0.000003  -0.000064  -0.000039
 -0.000033   0.000134   0.000115
 -0.000005   0.000008   0.000013
  0.000051   0.000089   0.000056
 -0.000020   0.000020  -0.000025
  0.000075   0.000114   0.000108
 -0.000005   0.000008  -0.000011
 -0.000230   0.000320  -0.000396
  0.000009  -0.000002   0.000005
  0.000258   0.000468   0.000044
 -0.000006  -0.000008   0.000006
 -0.000336  -0.000668  -0.000028
 -0.000006   0.000015   0.000025
 -0.000233   0.000073   0.000214
  0.000006  -0.000007   0.000020
  0.000150   0.000110   0.000040
 -0.000014   0.000003   0.000001
 -0.000060   0.000112  -0.000018
 -0.000020   0.000022  -0.000026
 -0.000026   0.000041   0.000024
  0.000053  -0.000078  -0.000214
 -0.000154   0.000137   0.000077
 -0.000007   0.000008  -0.000026
  0.000039  -0.000077  -0.000151
  0.000069   0.000083  -0.000111
  0.000252  -0.000326  -0.000015
 -0.000033   0.000021   0.000014
 -0.005286  -0.005169   0.000073
  0.000000   0.000010   0.000000
 -0.000362   0.000705   0.000047
 -0.000054  -0.000078  -0.000007
 -0.000278   0.005362   0.009922
 -0.000051   0.000039  -0.000095
 -0.000141   0.000122  -0.000110
  0.000704   0.000243   0.000343
 -0.000152  -0.000010  -0.000044
  0.000095   0.000112  -0.000005
 -0.000144  -0.000168  -0.000405
  0.000171   0.000189  -0.000215
 -0.000583  -0.000100  -0.000258
  0.000234   0.000128  -0.000025
  0.000774  -0.000000   0.000480
 -0.000496  -0.000732   0.000162
 -0.000309  -0.000084  -0.000006
 -0.000124   0.000248   0.000051
   65    1  0.0150  0.0000  0.0000
 -0.000480   0.000315   0.000284
  0.000025  -0.000011   0.000004
 -0.000018   0.000025   0.000246
  0.000003   0.000013   0.000007
  0.000405   0.000084   0.000076
 -0.000011  -0.000029   0.000026
 -0.000059   0.000086   0.000002
  0.000026   0.000021   0.000015
  0.000061  -0.000045  -0.000008
  0.000012  -0.000011   0.000003
 -0.000062  -0.000062   0.000013
  0.000009   0.000016   0.000007
  0.000143   0.000113   0.000023
 -0.000017  -0.000023   0.000001
 -0.000070  -0.000208   0.000067
  0.000007   0.000003   0.000018
  0.000050   0.000166  -0.000012
  0.000000   0.000000   0.000011
 -0.000361   0.000137  -0.000043
  0.000005   0.000001   0.000002
 -0.001267  -0.000051  -0.000867
 -0.000004   0.000022  -0.000043
  0.002086  -0.013733  -0.006247
  0.000014  -0.000071  -0.000035
  0.066937  -0.026904  -0.008070
 -0.000122  -0.000091   0.000183
  0.006511  -0.026830  -0.011446
  0.000022   0.000114   0.000247
  0.003788   0.000783  -0.005382
 -0.000050   0.000094  -0.000039
 -0.000840   0.000695  -0.000619
  0.000065  -0.000052  -0.000001
  0.000316  -0.000548   0.000176
 -0.000038   0.000042   0.000018
 -0.001046  -0.002389  -0.000384
  0.000031  -0.000034  -0.000055
  0.000554   0.000737   0.000411
 -0.000009   0.000026  -0.000328
 -0.000431  -0.000341  -0.000138
  0.000164   0.000006   0.000074
 -0.000125  -0.000152  -0.000078
  0.000142   0.000117  -0.000040
 -0.000087  -0.000190  -0.000553
  0.000002  -0.000001  -0.000001
  0.000029  -0.000008  -0.000011
 -0.000003  -0.000005   0.000013
  0.000018   0.000001   0.000011
 -0.000002   0.000004   0.000008
  0.000022  -0.000012  -0.000019
 -0.000004   0.000004   0.000005
 -0.000016   0.000019  -0.000046
  0.000007  -0.000006  -0.000010
  0.000058  -0.000044  -0.000015
  0.000012  -0.000006  -0.000004
 -0.000107   0.000095   0.000239
  0.000005   0.000005   0.000002
  0.000001   0.000058   0.000002
  0.000006  -0.000010   0.000006
  0.000169   0.000102  -0.000157
  0.000015   0.000005  -0.000001
  0.000308   0.000079   0.000140
  0.000004   0.000002  -0.000027
  0.000070  -0.000787   0.000999
  0.000004  -0.000010  -0.000018
 -0.073102   0.032647   0.016018
  0.000169  -0.000040   0.000110
 -0.004199   0.036565   0.015316
 -0.000148   0.000145  -0.000401
 -0.000541   0.000378   0.000136
  0.000083   0.000045  -0.000114
  0.000386  -0.002008  -0.000382
  0.000037   0.000015   0.000005
  0.000067   0.000129   0.000011
  0.000012   0.000017  -0.000013
 -0.000007   0.000059   0.000164
 -0.000017  -0.000021  -0.000023
  0.000291   0.000120  -0.000162
  0.000020  -0.000002  -0.000005
 -0.000065   0.000170   0.000022
  0.000003   0.000004  -0.000006
  0.000862  -0.000038   0.000325
 -0.000001  -0.000004  -0.000006
  0.000136   0.000929  -0.000101
  0.000002  -0.000010   0.000025
 -0.000448   0.000254   0.000050
  0.000028   0.000020  -0.000016
 -0.000239  -0.000058  -0.000278
 -0.000118  -0.000060   0.000286
  0.000017   0.000028  -0.000040
 -0.000017   0.000009   0.000051
 -0.000027  -0.000065   0.000047
 -0.000001  -0.000029  -0.000033
 -0.000220  -0.000227  -0.000033
 -0.000019  -0.000000  -0.000055
 -0.000421  -0.000683   0.000916
  0.000037   0.000015   0.000048
  0.000219  -0.000122   0.000032
  0.000014   0.000017   0.000007
  0.000256   0.000566  -0.000751
  0.000016  -0.000031   0.000073
 -0.000006  -0.000056   0.000013
 -0.000145   0.000005  -0.000150
 -0.000006  -0.000001   0.000051
  0.000006  -0.000022  -0.000054
  0.000012   0.000016   0.000056
 -0.000123  -0.000042  -0.000142
  0.000008  -0.000039   0.000061
 -0.000104  -0.000007  -0.000048
 -0.000028   0.000068  -0.000107
  0.000134   0.000030   0.000244
  0.000291   0.000084   0.000086
  0.000018  -0.000099   0.000127
   65    2  0.0000  0.0150 -0.0000
  0.000118   0.000160  -0.000181
 -0.000003   0.000029   0.000002
  0.000138   0.000292   0.000162
 -0.000008  -0.000008   0.000002
  0.000231  -0.000046   0.000038
  0.000004  -0.000007  -0.000015
 -0.000007   0.000028   0.000004
 -0.000017   0.000014  -0.000012
  0.000060  -0.000024  -0.000007
  0.000002   0.000005   0.000001
 -0.000004  -0.000035   0.000020
 -0.000000  -0.000026   0.000001
  0.000032  -0.000093  -0.000062
 -0.000018  -0.000036  -0.000004
 -0.000050   0.000037  -0.000254
 -0.000004  -0.000003   0.000005
 -0.000106   0.000293   0.000110
  0.000015   0.000003  -0.000008
 -0.000249   0.000117   0.000058
  0.000003  -0.000008  -0.000009
 -0.000518   0.002219   0.003376
 -0.000007  -0.000003  -0.000018
 -0.000014   0.028862   0.004502
  0.000022  -0.000006   0.000004
 -0.028487   0.369308   0.126705
 -0.000086   0.000073   0.000028
 -0.000336  -0.001805   0.000325
  0.000059   0.000091   0.000187
  0.001230  -0.001634   0.000101
 -0.000020   0.000044  -0.000027
  0.000133  -0.000315  -0.000509
  0.000021  -0.000032   0.000004
 -0.000168   0.000927  -0.000067
 -0.000013   0.000013   0.000007
  0.001087  -0.001900  -0.000474
  0.000022  -0.000030  -0.000053
 -0.000188  -0.000088  -0.000115
 -0.000034  -0.000008  -0.000100
 -0.000034  -0.000081   0.000079
  0.000039  -0.000011  -0.000002
 -0.000050   0.000074  -0.000042
 -0.000037  -0.000041   0.000040
  0.000013  -0.000369  -0.000154
  0.000004  -0.000007   0.000000
  0.000022  -0.000022  -0.000025
  0.000000  -0.000004  -0.000012
 -0.000005  -0.000007   0.000004
  0.000006  -0.000005   0.000001
  0.000034  -0.000004  -0.000009
  0.000003  -0.000010  -0.000001
  0.000136  -0.000072   0.000150
 -0.000003  -0.000002  -0.000006
  0.000047  -0.000023   0.000004
  0.000004   0.000001  -0.000003
  0.000052  -0.000221   0.000076
  0.000007  -0.000004   0.000003
  0.000018   0.000039  -0.000031
  0.000004  -0.000006   0.000003
  0.000093   0.000064   0.000050
  0.000004   0.000001  -0.000008
 -0.000228  -0.000392   0.000066
  0.000040  -0.000010   0.000004
 -0.003005   0.001679  -0.003187
 -0.000011  -0.000013  -0.000015
  0.032569  -0.404725  -0.136759
  0.000052  -0.000048   0.000060
 -0.001661   0.011176   0.004549
  0.000087   0.000052   0.000005
 -0.000385  -0.000072   0.000610
  0.000059  -0.000004  -0.000093
  0.000142  -0.000019  -0.000194
  0.000022  -0.000008   0.000005
 -0.000046  -0.000041   0.000044
  0.000005  -0.000005  -0.000001
  0.000063  -0.000162  -0.000005
 -0.000011  -0.000001  -0.000013
 -0.000043  -0.000058   0.000398
 -0.000001  -0.000014  -0.000015
 -0.000015  -0.000246  -0.000084
  0.000001  -0.000012  -0.000014
 -0.000168  -0.000195  -0.000208
  0.000005  -0.000008  -0.000001
 -0.000927  -0.000218   0.000031
  0.000021  -0.000010   0.000007
  0.000234  -0.000302  -0.000018
  0.000005  -0.000013   0.000004
  0.000007  -0.000010  -0.000065
 -0.000046   0.000042   0.000088
  0.000031  -0.000034  -0.000020
  0.000008  -0.000004   0.000022
  0.000010   0.000007   0.000007
 -0.000020  -0.000036  -0.000003
 -0.000116  -0.000157  -0.000031
  0.000005   0.000008   0.000039
 -0.000397   0.000501  -0.000519
  0.000015   0.000005   0.000013
  0.000116  -0.000012  -0.000019
 -0.000001   0.000010  -0.000003
  0.000235  -0.002416   0.001503
 -0.000017  -0.000006   0.000016
 -0.000107   0.000112  -0.000014
  0.000196   0.000055   0.000140
 -0.000127   0.000014  -0.000024
 -0.000007   0.000037   0.000028
 -0.000061  -0.000032  -0.000094
  0.000017   0.000049   0.000006
 -0.000230   0.000064  -0.000195
  0.000057   0.000033   0.000029
  0.000413  -0.000092   0.000170
 -0.000061  -0.000166  -0.000068
  0.000108  -0.000085   0.000033
 -0.000029   0.000085  -0.000059
   65    3  0.0000  0.0000  0.0150
  0.000027   0.000217   0.000122
 -0.000039  -0.000013  -0.000000
  0.000085  -0.000191   0.000052
  0.000023   0.000044  -0.000036
 -0.000346   0.000041  -0.000069
 -0.000079   0.000061   0.000036
 -0.000032  -0.000059  -0.000017
  0.000005  -0.000042  -0.000005
 -0.000013   0.000091   0.000008
  0.000021  -0.000016   0.000001
  0.000092  -0.000055  -0.000033
  0.000012  -0.000000  -0.000005
 -0.000202   0.000096  -0.000009
 -0.000049  -0.000116   0.000020
  0.000159   0.000050   0.000166
 -0.000001   0.000029   0.000004
  0.000177  -0.000198  -0.000047
 -0.000035  -0.000015   0.000011
 -0.000143   0.000361  -0.000199
 -0.000022  -0.000007   0.000022
 -0.000567  -0.001087  -0.000660
 -0.000015   0.000014   0.000025
  0.001484  -0.033036  -0.012237
 -0.000014  -0.000005   0.000066
 -0.010609   0.130421   0.115129
 -0.000010  -0.000011  -0.000005
 -0.004771   0.032578   0.013516
  0.000054   0.000017   0.000109
 -0.004093  -0.001303   0.005282
 -0.000030   0.000020  -0.000036
  0.000242  -0.000125   0.000971
 -0.000029  -0.000030   0.000043
 -0.000200  -0.000051  -0.000641
  0.000008   0.000008   0.000008
  0.002124   0.000833  -0.001838
  0.000018  -0.000005  -0.000031
 -0.000752  -0.000907  -0.000239
 -0.000031   0.000048  -0.000063
  0.000224   0.000160  -0.000066
  0.000086  -0.000027   0.000008
  0.000110   0.000026   0.000128
 -0.000168  -0.000123  -0.000010
 -0.000365   0.000128   0.000423
  0.000004  -0.000004   0.000040
  0.000004   0.000009  -0.000011
  0.000007   0.000012   0.000038
  0.000011  -0.000004  -0.000016
  0.000011  -0.000005  -0.000011
 -0.000018   0.000002  -0.000000
  0.000000   0.000003   0.000022
 -0.000065   0.000086  -0.000134
  0.000007  -0.000002   0.000006
  0.000044  -0.000127   0.000036
  0.000009  -0.000004  -0.000010
  0.000141   0.000322   0.000212
  0.000007   0.000002   0.000013
  0.000011  -0.000142   0.000048
  0.000021  -0.000021   0.000006
  0.000282   0.000240  -0.000516
  0.000009  -0.000004  -0.000009
  0.001028   0.000258   0.000054
 -0.000019  -0.000000   0.000002
  0.002790  -0.003801   0.004239
 -0.000020  -0.000019  -0.000005
  0.015962  -0.136407  -0.129998
  0.000113  -0.000057   0.000113
 -0.001718   0.010969   0.005358
 -0.000103   0.000161  -0.000077
  0.000781  -0.000174  -0.000000
  0.000063   0.000028  -0.000105
 -0.000542   0.002082   0.000152
 -0.000016  -0.000018  -0.000004
  0.000019   0.000055  -0.000173
  0.000001  -0.000020   0.000020
 -0.000096   0.000094  -0.000048
  0.000003   0.000013   0.000005
  0.000152  -0.000011  -0.000365
  0.000014   0.000047   0.000072
  0.000029   0.000049   0.000032
 -0.000002  -0.000022  -0.000002
  0.000271   0.000098  -0.000169
  0.000005  -0.000004   0.000002
 -0.000591  -0.000814  -0.000118
  0.000040  -0.000016   0.000007
  0.000672  -0.000159   0.000139
  0.000004  -0.000033   0.000018
  0.000027  -0.000040  -0.000109
  0.000031  -0.000008   0.000050
 -0.000079  -0.000015   0.000004
  0.000011   0.000001   0.000024
  0.000046   0.000023   0.000031
 -0.000012  -0.000043  -0.000013
  0.000263   0.000163   0.000014
  0.000038  -0.000024  -0.000029
 -0.000437  -0.000559   0.000519
  0.000011  -0.000025  -0.000057
  0.000081  -0.000129   0.000045
  0.000045   0.000092  -0.000036
 -0.001203   0.000183   0.001064
  0.000032  -0.000011  -0.000024
  0.000057  -0.000062   0.000035
 -0.000487  -0.000203  -0.000283
  0.000069  -0.000033   0.000053
 -0.000028  -0.000097  -0.000070
  0.000017   0.000065   0.000129
 -0.000110  -0.000113   0.000054
  0.000069  -0.000026   0.000173
 -0.000149  -0.000117  -0.000066
 -0.000198   0.000038  -0.000203
  0.000249   0.000466   0.000094
 -0.000119   0.000124  -0.000179
  0.000110  -0.000135   0.000016
   67    1  0.0150  0.0000  0.0000
  0.000359   0.000023  -0.000202
 -0.000052   0.000030   0.000009
  0.000241   0.000058  -0.000677
 -0.000019   0.000005   0.000013
 -0.000513  -0.000133   0.000026
  0.000091  -0.000044  -0.000020
  0.000023  -0.000084  -0.000012
  0.000006   0.000034  -0.000003
 -0.000055  -0.000001   0.000019
  0.000036   0.000012   0.000008
  0.000002   0.000004   0.000017
  0.000011  -0.000013   0.000018
 -0.000048  -0.000080   0.000037
 -0.000025  -0.000048  -0.000008
  0.000061   0.000105  -0.000003
 -0.000035  -0.000005   0.000021
 -0.000032  -0.000228  -0.000005
  0.000028  -0.000023   0.000008
  0.000040  -0.000016  -0.000001
 -0.000041  -0.000000   0.000006
  0.000645  -0.000380   0.000232
 -0.000024   0.000028  -0.000033
  0.014218   0.002914   0.003784
 -0.000005  -0.000147  -0.000184
  0.365505   0.105422   0.100504
  0.002266   0.000113   0.001739
  0.023729   0.009485   0.008081
  0.000087   0.000213   0.000619
 -0.000397   0.000834   0.000720
  0.000034   0.000019  -0.000049
 -0.000096   0.000460   0.000540
 -0.000020  -0.000057   0.000128
 -0.001080  -0.000133  -0.000788
 -0.000032   0.000069   0.000006
  0.002676  -0.001341  -0.005675
 -0.000048  -0.000109  -0.000100
  0.000521  -0.000281   0.000362
  0.001107   0.000666   0.000190
 -0.000479  -0.000224  -0.000052
 -0.000157  -0.000068  -0.000086
  0.000022   0.000074   0.000059
 -0.000038  -0.000086  -0.000141
  0.000036   0.000022   0.000076
 -0.000008   0.000006  -0.000003
 -0.000031   0.000015   0.000014
  0.000012   0.000001   0.000009
 -0.000012  -0.000020  -0.000027
  0.000004   0.000005  -0.000012
 -0.000032   0.000002  -0.000002
  0.000011  -0.000009  -0.000004
  0.000013   0.000016   0.000022
 -0.000013  -0.000005  -0.000001
  0.000003  -0.000001  -0.000015
 -0.000008  -0.000007   0.000006
  0.000016   0.000000   0.000011
 -0.000011   0.000007  -0.000003
  0.000015   0.000000   0.000002
 -0.000017  -0.000002  -0.000001
 -0.000059   0.000039   0.000227
 -0.000019  -0.000011   0.000010
  0.000065  -0.000014  -0.000099
 -0.000079   0.000010  -0.000023
 -0.001229   0.000311  -0.000236
 -0.000014   0.000020  -0.000004
 -0.004085  -0.001658  -0.001636
 -0.000155  -0.000086  -0.000096
 -0.402000  -0.115065  -0.110109
 -0.000407  -0.000082   0.000693
 -0.001648   0.000005   0.000201
 -0.000062  -0.000131  -0.000247
 -0.000095   0.000107  -0.000157
 -0.000028  -0.000026  -0.000007
 -0.000094  -0.000017  -0.000130
  0.000023  -0.000061   0.000025
  0.000041  -0.000019   0.000023
 -0.000041  -0.000006   0.000005
  0.000495   0.000412  -0.000934
  0.000019  -0.000003  -0.000025
 -0.000023  -0.000020   0.000006
  0.000011  -0.000016  -0.000022
 -0.000018  -0.000078   0.000005
 -0.000025   0.000007  -0.000011
 -0.000291  -0.000091  -0.000108
 -0.000015   0.000010   0.000005
  0.001342   0.001061   0.000881
  0.000028  -0.000006  -0.000002
 -0.000438   0.000001  -0.000468
 -0.000067   0.000343  -0.000301
  0.000090   0.000035  -0.000098
  0.000010   0.000000   0.000044
 -0.000066  -0.000002   0.000066
  0.000001  -0.000022   0.000028
  0.000269   0.000195   0.000019
 -0.000053   0.000045  -0.000008
  0.000092  -0.002194   0.003137
  0.000204   0.000119   0.000055
 -0.000066   0.000084  -0.000016
  0.000050   0.000021  -0.000004
 -0.000227  -0.000094  -0.000203
  0.000054  -0.000037   0.000014
  0.000121  -0.000164   0.000030
 -0.000005   0.000064   0.000037
  0.000109  -0.000106   0.000112
 -0.000016   0.000030   0.000030
  0.000028  -0.000009   0.000071
  0.000045   0.000047   0.000071
  0.000137  -0.000233   0.000303
  0.000063   0.000024   0.000018
 -0.000307   0.000205  -0.000268
 -0.000076  -0.000084  -0.000114
 -0.000219   0.000023  -0.000020
  0.000136   0.000022   0.000054
   67    2  0.0000  0.0150 -0.0000
  0.000390  -0.000341  -0.000287
  0.000059  -0.000044  -0.000010
  0.000249   0.000166  -0.000453
 -0.000007   0.000002   0.000039
 -0.000380  -0.000110  -0.000068
  0.000085  -0.000001  -0.000016
  0.000011  -0.000050   0.000017
  0.000033   0.000013   0.000001
 -0.000068  -0.000031   0.000005
 -0.000031  -0.000007  -0.000009
 -0.000017   0.000082   0.000008
 -0.000002   0.000020  -0.000018
  0.000062  -0.000070   0.000013
  0.000033   0.000051   0.000006
 -0.000061   0.000140   0.000114
  0.000015   0.000013  -0.000015
  0.000139  -0.000204  -0.000010
 -0.000033  -0.000042  -0.000000
  0.000215  -0.000104  -0.000002
  0.000012   0.000035   0.000020
  0.000318   0.000770   0.000281
  0.000055   0.000057  -0.000014
 -0.027190  -0.005641  -0.008906
  0.000104  -0.000335  -0.000202
  0.108781   0.098755   0.037599
  0.000142   0.000588   0.000292
  0.001090   0.002803  -0.000217
 -0.000395  -0.000370  -0.000232
 -0.000305  -0.000334  -0.000699
  0.000026  -0.000359   0.000008
  0.000287  -0.000585  -0.000942
 -0.000138   0.000091   0.000088
  0.000235   0.001136  -0.000277
  0.000027  -0.000049  -0.000047
  0.001299  -0.000740  -0.001689
  0.000031   0.000189   0.000085
  0.000112  -0.000522   0.000123
  0.000931   0.000523   0.000773
  0.000157   0.000323  -0.000270
 -0.000381   0.000025  -0.000124
  0.000122   0.000095   0.000092
 -0.000004  -0.000042  -0.000108
  0.000151   0.000106   0.000135
  0.000007   0.000024  -0.000028
 -0.000009   0.000006   0.000023
 -0.000004   0.000002  -0.000005
 -0.000006   0.000009  -0.000005
 -0.000011   0.000005   0.000012
 -0.000000   0.000017   0.000004
 -0.000003   0.000005   0.000000
 -0.000033   0.000009  -0.000037
 -0.000005  -0.000007   0.000005
 -0.000055   0.000043   0.000030
 -0.000008  -0.000000   0.000002
 -0.000017  -0.000041  -0.000149
 -0.000006   0.000011  -0.000016
 -0.000027  -0.000046   0.000004
 -0.000009   0.000012  -0.000002
  0.000018   0.000060  -0.000104
 -0.000026  -0.000020   0.000057
 -0.000318  -0.000078   0.000020
 -0.000031   0.000013  -0.000001
 -0.001133  -0.001413   0.000561
  0.000053   0.000045   0.000062
  0.036596   0.011153   0.010983
 -0.000145   0.000050  -0.000157
 -0.114814  -0.108202  -0.032793
  0.000083  -0.001226  -0.000416
  0.000388  -0.000383  -0.000077
 -0.000303   0.000130   0.000383
  0.000153  -0.000040   0.000129
 -0.000050   0.000060  -0.000030
 -0.000019   0.000081   0.000113
 -0.000016  -0.000016  -0.000021
 -0.000058  -0.000013   0.000051
  0.000046  -0.000001   0.000057
 -0.001560  -0.000419   0.001050
  0.000028  -0.000045  -0.000108
 -0.000018  -0.000178  -0.000009
  0.000015   0.000024   0.000041
 -0.000198  -0.000078  -0.000113
 -0.000009   0.000028   0.000003
 -0.000358  -0.000507   0.000082
 -0.000059   0.000053  -0.000029
  0.000649  -0.000150   0.000207
  0.000045  -0.000031   0.000005
 -0.000086   0.000222   0.000605
  0.000499   0.000069  -0.000796
 -0.000020  -0.000042  -0.000019
  0.000022  -0.000038  -0.000073
 -0.000023   0.000014   0.000076
  0.000015   0.000068   0.000026
  0.000173   0.000115   0.000038
 -0.000059  -0.000005  -0.000008
 -0.005594   0.004385  -0.005798
  0.000146   0.000160   0.000175
 -0.000145   0.000135   0.000004
 -0.000006  -0.000024   0.000005
  0.000128  -0.000309   0.001103
 -0.000001  -0.000002   0.000029
 -0.000017   0.000118  -0.000004
  0.000127   0.000018   0.000073
 -0.000091   0.000088  -0.000177
  0.000029   0.000020   0.000038
 -0.000009  -0.000068  -0.000167
  0.000085   0.000023   0.000078
 -0.000023   0.000248  -0.000342
  0.000102   0.000056   0.000068
  0.000180  -0.000152   0.000351
 -0.000158  -0.000057  -0.000157
 -0.000199  -0.000094  -0.000113
 -0.000004   0.000101   0.000111
   67    3  0.0000  0.0000  0.0150
  0.000246  -0.000159   0.000474
 -0.000012   0.000037  -0.000002
 -0.000345   0.000333   0.000034
  0.000003  -0.000024  -0.000069
 -0.000219  -0.000007  -0.000009
 -0.000039  -0.000011   0.000005
 -0.000083  -0.000044   0.000025
 -0.000013  -0.000007   0.000014
 -0.000033   0.000019  -0.000000
 -0.000007   0.000012   0.000004
  0.000008   0.000041  -0.000012
 -0.000002  -0.000010  -0.000003
  0.000058  -0.000228   0.000019
  0.000026   0.000062   0.000006
  0.000100   0.000048  -0.000035
  0.000005  -0.000036  -0.000027
 -0.000124  -0.000312   0.000003
  0.000039   0.000050  -0.000008
  0.000173  -0.000053   0.000012
  0.000033  -0.000022  -0.000012
  0.000489   0.000215   0.000529
 -0.000015  -0.000066   0.000090
  0.027539   0.008773   0.009371
 -0.000101   0.000257   0.000237
  0.099768   0.036414   0.092450
  0.002968  -0.000693   0.000997
 -0.033118  -0.012935  -0.011684
 -0.000153   0.000009  -0.000662
  0.001084  -0.001047  -0.001271
  0.000072   0.000256   0.000230
 -0.000155   0.000313   0.000418
  0.000177   0.000040  -0.000127
 -0.000375  -0.000610   0.000913
  0.000080  -0.000056   0.000016
 -0.005043   0.001220   0.006096
 -0.000184  -0.000033   0.000360
 -0.000227   0.000385  -0.000240
 -0.000618  -0.000396  -0.000671
  0.000274   0.000070   0.000122
  0.000309   0.000209   0.000358
  0.000037  -0.000108  -0.000024
  0.000058   0.000112   0.000171
  0.000118   0.000070   0.000084
  0.000003  -0.000015   0.000033
 -0.000029   0.000027   0.000023
 -0.000009  -0.000005  -0.000006
 -0.000009   0.000007   0.000017
 -0.000004  -0.000002  -0.000000
 -0.000027  -0.000007   0.000020
 -0.000004   0.000000   0.000003
  0.000010   0.000007   0.000014
  0.000006   0.000010   0.000018
 -0.000029   0.000023   0.000014
 -0.000010   0.000010   0.000010
 -0.000007  -0.000049  -0.000065
  0.000001  -0.000008   0.000013
 -0.000018  -0.000015  -0.000004
  0.000001   0.000003  -0.000009
 -0.000187  -0.000166   0.000223
 -0.000001   0.000012  -0.000028
 -0.000214  -0.000139   0.000007
  0.000031  -0.000007   0.000052
  0.000070   0.000606  -0.001800
 -0.000010   0.000016  -0.000043
  0.015346   0.004501   0.005361
 -0.000399  -0.000010  -0.000071
 -0.109830  -0.032781  -0.105200
  0.000713   0.000417   0.001562
  0.001061  -0.000214  -0.001867
 -0.000183   0.000150   0.000169
  0.000113  -0.000310   0.000089
 -0.000046  -0.000027   0.000037
  0.000039  -0.000111  -0.000051
 -0.000004   0.000047   0.000030
  0.000012   0.000015  -0.000111
  0.000001   0.000001  -0.000023
  0.001119   0.000341  -0.000927
 -0.000065   0.000028   0.000077
  0.000057   0.000041  -0.000111
 -0.000017   0.000027   0.000017
 -0.000084   0.000027  -0.000216
  0.000016  -0.000014   0.000011
  0.000217   0.000019   0.000089
  0.000030  -0.000037   0.000007
 -0.002079  -0.001286  -0.000699
 -0.000109   0.000068  -0.000047
  0.000035   0.000406   0.000734
 -0.000170  -0.000376   0.000189
 -0.000027  -0.000057  -0.000003
 -0.000004   0.000110   0.000011
 -0.000018   0.000028  -0.000001
  0.000004  -0.000012  -0.000051
  0.000070   0.000054  -0.000000
  0.000058   0.000006   0.000033
  0.002268  -0.002833   0.003941
 -0.000136  -0.000118  -0.000205
 -0.000166   0.000203   0.000009
 -0.000048  -0.000048  -0.000002
  0.000045  -0.000503   0.000493
 -0.000047   0.000047  -0.000152
  0.000079  -0.000150  -0.000055
  0.000112   0.000080   0.000064
  0.000168  -0.000068   0.000073
  0.000006   0.000016  -0.000000
  0.000043   0.000023   0.000066
  0.000058   0.000062  -0.000068
  0.000119  -0.000199   0.000264
  0.000023  -0.000007  -0.000031
 -0.000359   0.000173  -0.000160
 -0.000059  -0.000138   0.000055
 -0.000196   0.000041   0.000142
 -0.000128  -0.000027  -0.000148
   69    1  0.0150  0.0000  0.0000
 -0.000540   0.000038   0.000065
 -0.000023  -0.000041   0.000022
  0.000092  -0.000032   0.000055
  0.000153   0.000110   0.000025
 -0.000080  -0.000013   0.000016
 -0.000576   0.000151   0.000188
 -0.000055   0.000016   0.000000
  0.000068   0.000020  -0.000123
 -0.000044   0.000005   0.000045
  0.000067  -0.000110  -0.000016
 -0.000008   0.000026   0.000018
  0.000059   0.000086   0.000005
 -0.000013  -0.000049  -0.000013
 -0.000092  -0.000076   0.000010
  0.000037   0.000035  -0.000026
  0.000005   0.000055  -0.000017
  0.000116   0.000030   0.000007
 -0.000130   0.000018  -0.000001
  0.000018  -0.000005  -0.000033
 -0.000078  -0.000017  -0.000001
 -0.000748   0.001929  -0.000841
 -0.000051   0.000032   0.000038
  0.005136  -0.001560  -0.005270
 -0.000006   0.000073   0.000180
 -0.010732   0.015562  -0.026807
  0.000334  -0.000222   0.000093
  0.121256  -0.064867   0.120887
 -0.000033   0.000029  -0.000169
  0.007428  -0.006831   0.009525
 -0.000029   0.000046   0.000066
 -0.000779  -0.003008  -0.001376
  0.000142   0.000007  -0.000025
  0.005476   0.004817  -0.000148
  0.000051   0.000017   0.000036
  0.015840  -0.013880   0.030202
 -0.000056  -0.000022   0.000092
 -0.000191   0.000989  -0.000642
 -0.000045  -0.000048  -0.000033
 -0.000108  -0.000252  -0.000026
  0.000013   0.000025   0.000005
  0.000072  -0.000062   0.000041
 -0.000259   0.000139  -0.000034
 -0.000018   0.000008  -0.000008
 -0.000012  -0.000032   0.000064
 -0.000009   0.000017  -0.000008
  0.000107   0.000127  -0.000233
 -0.000020  -0.000054  -0.000073
  0.000010  -0.000003  -0.000006
 -0.000037   0.000011  -0.000023
  0.000008   0.000022  -0.000036
  0.000024  -0.000043  -0.000000
  0.000007   0.000011   0.000002
  0.000007   0.000001  -0.000007
  0.000010  -0.000005  -0.000011
  0.000019   0.000024  -0.000016
  0.000005  -0.000007   0.000003
  0.000016  -0.000009   0.000003
  0.000027  -0.000003   0.000003
  0.000176  -0.000251  -0.000747
  0.000005   0.000002  -0.000030
  0.000198   0.000036  -0.000112
 -0.000021  -0.000001  -0.000025
 -0.000097   0.000084  -0.000037
 -0.000013  -0.000010   0.000001
 -0.000543  -0.000383   0.000773
  0.000068  -0.000042   0.000055
 -0.001658   0.000395   0.001075
 -0.000046   0.000301  -0.000178
 -0.137461   0.068879  -0.127876
 -0.000004   0.000000  -0.000015
 -0.000235   0.000014   0.000352
 -0.000025  -0.000027   0.000014
  0.000066   0.000067   0.000196
  0.000027   0.000083   0.000038
  0.000414   0.000084   0.000588
  0.000027   0.000012   0.000007
 -0.000089   0.000212  -0.000332
  0.000005   0.000034   0.000034
  0.000217  -0.000713   0.001531
 -0.000008   0.000011  -0.000004
  0.000392  -0.000413   0.000319
 -0.000003  -0.000017  -0.000009
 -0.001948  -0.000154  -0.000557
  0.000013  -0.000032   0.000028
 -0.000554  -0.000642  -0.000527
 -0.000026   0.000050   0.000002
 -0.000281  -0.000116   0.000000
 -0.000019   0.000014  -0.000019
  0.000026   0.000090  -0.000014
  0.000013   0.000005   0.000029
 -0.000049  -0.000005   0.000017
 -0.000009  -0.000009  -0.000013
  0.000129  -0.000011  -0.000001
  0.000175  -0.000356   0.000175
 -0.000302   0.000169  -0.000678
 -0.000095  -0.000061  -0.000141
 -0.000031   0.000048   0.000014
  0.000093   0.000134  -0.000006
 -0.000344  -0.000433   0.000263
  0.000026  -0.000005  -0.000031
 -0.000008  -0.000064   0.000088
 -0.000121  -0.000072   0.000185
 -0.000057  -0.000215   0.000299
 -0.000186   0.000024   0.000286
 -0.000066   0.000097   0.000277
 -0.000004   0.000009   0.000422
 -0.000086  -0.000059   0.000234
 -0.000051  -0.000027   0.000079
  0.000171   0.000165  -0.000542
  0.000242   0.000040  -0.000669
 -0.000134  -0.000025  -0.000149
  0.000263  -0.000142  -0.000344
   69    2  0.0000  0.0150 -0.0000
 -0.000095  -0.000044  -0.000013
  0.000193   0.000283  -0.000017
  0.000016   0.000012  -0.000018
 -0.000056  -0.000266  -0.000193
  0.000015   0.000002   0.000002
 -0.000009  -0.000443   0.000019
 -0.000002  -0.000037   0.000016
 -0.000099   0.000087   0.000121
 -0.000015   0.000013   0.000014
 -0.000045   0.000105   0.000010
  0.000002   0.000019  -0.000001
 -0.000114  -0.000071   0.000012
 -0.000022   0.000032   0.000017
  0.000126   0.000232  -0.000027
 -0.000023   0.000008  -0.000023
  0.000031  -0.000089  -0.000015
  0.000034   0.000008   0.000014
  0.000170   0.000087   0.000017
 -0.000039  -0.000010   0.000057
  0.000064  -0.000010  -0.000019
 -0.000069   0.000325   0.000217
  0.000072  -0.000112   0.000039
  0.000140  -0.001214  -0.000352
  0.000054   0.000080  -0.000001
  0.001052   0.000521  -0.000321
  0.000205  -0.000136   0.000183
 -0.065031   0.127898  -0.127426
 -0.000025   0.000036  -0.000122
 -0.019285   0.021754  -0.031647
 -0.000021   0.000024   0.000026
 -0.000396   0.007740   0.003816
  0.000053   0.000014  -0.000047
  0.005575   0.002787   0.000418
  0.000002  -0.000040  -0.000011
  0.011366  -0.009002   0.022215
  0.000014  -0.000001   0.000022
 -0.002109  -0.001662  -0.001593
  0.000003  -0.000050   0.000025
  0.000562  -0.000188   0.000465
 -0.000043   0.000032   0.000000
 -0.000179   0.000304  -0.000147
  0.000032  -0.000093   0.000135
 -0.000004   0.000001   0.000019
 -0.000023  -0.000009  -0.000024
  0.000015   0.000002   0.000011
 -0.000017  -0.000063  -0.000025
 -0.000015  -0.000036  -0.000026
 -0.000000  -0.000002   0.000004
 -0.000006   0.000014   0.000001
 -0.000008   0.000001  -0.000023
 -0.000007  -0.000005   0.000033
 -0.000002  -0.000004   0.000003
 -0.000003  -0.000006   0.000006
 -0.000008   0.000009   0.000008
  0.000011  -0.000005   0.000008
 -0.000001  -0.000010  -0.000001
 -0.000018   0.000011  -0.000015
 -0.000012   0.000014  -0.000001
  0.000033  -0.000019  -0.000038
 -0.000012   0.000022   0.000008
  0.000074  -0.000002   0.000027
  0.000085  -0.000004   0.000068
 -0.000099  -0.000032   0.000137
  0.000004   0.000013  -0.000016
  0.000375  -0.000085  -0.000175
 -0.000022  -0.000007  -0.000026
  0.000016  -0.000392  -0.000237
  0.000140   0.000137  -0.000157
  0.068822  -0.143834   0.134990
  0.000003  -0.000005   0.000017
  0.000512  -0.001892  -0.000292
  0.000032  -0.000030  -0.000012
 -0.000296   0.000271  -0.000492
  0.000020   0.000005  -0.000006
 -0.001270   0.000025  -0.001659
 -0.000009  -0.000000   0.000005
  0.000049  -0.000059   0.000204
 -0.000007   0.000005  -0.000002
  0.000282  -0.000528   0.001233
 -0.000007   0.000016  -0.000021
  0.000102  -0.000302   0.000301
  0.000006   0.000004   0.000007
 -0.000940  -0.001234   0.000095
  0.000017   0.000010  -0.000023
 -0.000656  -0.000418  -0.000619
 -0.000033  -0.000031  -0.000006
  0.001278   0.000075   0.000699
 -0.000008   0.000007  -0.000029
 -0.000063  -0.000223   0.000066
  0.000001   0.000002  -0.000005
  0.000051   0.000073  -0.000021
  0.000005   0.000009   0.000002
 -0.000005   0.000002  -0.000041
 -0.000037   0.000371  -0.000171
  0.000223  -0.000392   0.000440
 -0.000065  -0.000014   0.000010
  0.000041  -0.000007  -0.000031
 -0.000148  -0.000252   0.000044
 -0.000151  -0.000174  -0.000072
 -0.000124   0.000071  -0.000060
 -0.000090  -0.000002  -0.000097
  0.000025   0.000102  -0.000023
 -0.000059  -0.000065  -0.000100
  0.000004   0.000048   0.000004
 -0.000003  -0.000086  -0.000210
  0.000015   0.000137  -0.000065
 -0.000162   0.000020  -0.000230
 -0.000026   0.000009  -0.000008
  0.000296   0.000042   0.000353
  0.000019  -0.000150   0.000027
  0.000099  -0.000132   0.000264
 -0.000341   0.000046   0.000099
   69    3  0.0000  0.0000  0.0150
  0.000683  -0.000016  -0.000041
  0.000006  -0.000130   0.000104
 -0.000130   0.000023   0.000006
  0.000384   0.000059   0.000344
  0.000063   0.000031  -0.000021
  0.000062  -0.000176   0.000008
  0.000119  -0.000115  -0.000010
 -0.000000   0.000070  -0.000110
 -0.000054   0.000040   0.000022
  0.000005  -0.000023  -0.000005
  0.000022  -0.000036  -0.000008
 -0.000030   0.000013   0.000015
 -0.000082   0.000186   0.000014
  0.000062   0.000129  -0.000037
 -0.000001  -0.000080   0.000037
 -0.000013  -0.000044   0.000006
 -0.000162   0.000036  -0.000011
  0.000040  -0.000028  -0.000091
 -0.000033  -0.000039   0.000039
 -0.000016   0.000019  -0.000039
  0.000919  -0.002106   0.000497
 -0.000024   0.000027  -0.000091
 -0.005368   0.002567   0.003083
 -0.000011  -0.000078  -0.000182
  0.011253  -0.015392   0.026721
 -0.000128   0.000144  -0.000148
  0.120939  -0.128440   0.300266
  0.000038  -0.000031   0.000199
 -0.005212   0.006220  -0.008465
  0.000005  -0.000050  -0.000008
 -0.000396   0.003488   0.000126
  0.000015  -0.000010  -0.000001
  0.002018   0.001417  -0.001583
 -0.000005   0.000008  -0.000024
  0.005292  -0.003734   0.009922
  0.000048   0.000021  -0.000088
 -0.000332  -0.000148  -0.000688
  0.000066   0.000012   0.000028
 -0.000250  -0.000019  -0.000148
 -0.000036   0.000011  -0.000046
 -0.000067   0.000122  -0.000095
  0.000126  -0.000015  -0.000036
  0.000033  -0.000020   0.000004
 -0.000039   0.000014  -0.000099
 -0.000018   0.000003   0.000004
 -0.000011  -0.000048   0.000062
 -0.000011  -0.000031  -0.000030
 -0.000004   0.000011  -0.000019
 -0.000017   0.000006  -0.000007
  0.000004   0.000003  -0.000040
 -0.000027   0.000073  -0.000024
 -0.000011  -0.000007  -0.000019
  0.000006   0.000019  -0.000025
 -0.000006  -0.000010   0.000004
  0.000004  -0.000062   0.000011
 -0.000018   0.000005  -0.000024
  0.000005   0.000048   0.000020
 -0.000016   0.000019   0.000003
 -0.000290   0.000288   0.000580
 -0.000008  -0.000005   0.000010
 -0.000250  -0.000033  -0.000195
 -0.000076   0.000011  -0.000074
 -0.000019  -0.000038   0.000134
  0.000008   0.000013   0.000015
  0.000176   0.000534  -0.000033
 -0.000143   0.000090  -0.000112
  0.000247  -0.000047  -0.001795
 -0.000256  -0.000390   0.000173
 -0.128091   0.135181  -0.325789
 -0.000017  -0.000021   0.000026
  0.000041  -0.000552  -0.001208
  0.000008   0.000019   0.000005
 -0.000044  -0.000035  -0.000036
  0.000033   0.000008  -0.000003
 -0.000347   0.000200  -0.000640
 -0.000008  -0.000011   0.000007
 -0.000103   0.000180  -0.000194
  0.000006  -0.000058  -0.000112
  0.000001  -0.000169   0.000539
  0.000009   0.000009  -0.000017
  0.000051  -0.000167   0.000074
 -0.000019   0.000014  -0.000021
 -0.000255   0.000271  -0.000341
 -0.000029   0.000023  -0.000003
  0.000174   0.000235  -0.000377
  0.000050  -0.000013   0.000025
 -0.000257  -0.000661  -0.000059
  0.000014  -0.000003   0.000015
  0.000036   0.000102  -0.000022
 -0.000022  -0.000000   0.000013
 -0.000051   0.000053   0.000035
  0.000001   0.000033   0.000033
 -0.000170   0.000054   0.000003
 -0.000168   0.000297   0.000242
 -0.000529   0.000500  -0.000940
  0.000058   0.000082   0.000117
  0.000077  -0.000126  -0.000018
 -0.000038  -0.000096   0.000031
  0.000085   0.000433   0.000206
  0.000040  -0.000034   0.000104
  0.000088  -0.000110   0.000072
  0.000167   0.000134   0.000163
  0.000058  -0.000088   0.000111
 -0.000007   0.000091   0.000119
  0.000057   0.000015   0.000144
  0.000045   0.000067   0.000152
  0.000262  -0.000159   0.000151
  0.000109   0.000075   0.000112
 -0.000293   0.000142  -0.000312
 -0.000150  -0.000246  -0.000341
  0.000094  -0.000066   0.000092
 -0.000047   0.000020  -0.000140
   71    1  0.0150  0.0000  0.0000
  0.000134   0.000068   0.000063
  0.000158   0.000074  -0.000016
 -0.000067  -0.000009  -0.000013
 -0.000083  -0.000115   0.000040
  0.000017   0.000017  -0.000008
  0.000379  -0.000560  -0.000013
  0.000043  -0.000021  -0.000000
  0.000377   0.000367   0.000176
 -0.000022   0.000021   0.000017
 -0.000094   0.000150   0.000045
  0.000010  -0.000019  -0.000004
  0.000029  -0.000061   0.000060
 -0.000017   0.000026   0.000018
  0.000074   0.000472  -0.000016
  0.000032  -0.000015  -0.000010
  0.000020  -0.000232   0.000004
 -0.000053   0.000010  -0.000006
  0.000234   0.000216   0.000035
  0.000007  -0.000011   0.000013
  0.000259  -0.000069  -0.000227
 -0.000094  -0.000139  -0.000066
  0.000070  -0.000082  -0.000010
  0.001003  -0.000381   0.000151
  0.000087   0.000074  -0.000085
 -0.000493  -0.002920  -0.000030
 -0.000001  -0.000054   0.000044
  0.010861  -0.003741  -0.013310
  0.000127   0.000076  -0.000027
  0.183417   0.013094  -0.174872
 -0.000042  -0.000039   0.000015
 -0.011818  -0.001936   0.020710
 -0.000127   0.000094  -0.000030
 -0.000305  -0.000787   0.000124
 -0.000103  -0.000091  -0.000025
 -0.001091   0.001146   0.001293
 -0.000179  -0.000091   0.000029
  0.025866   0.011942  -0.022957
 -0.000036   0.000055  -0.000026
  0.000781  -0.002242   0.001485
  0.000068   0.000053   0.000028
  0.000119  -0.000131   0.000025
  0.002630   0.000314  -0.000155
  0.000009  -0.000001   0.000023
  0.000023  -0.000016  -0.000004
 -0.000015   0.000001   0.000005
 -0.000110  -0.000029   0.000015
 -0.000008  -0.000015  -0.000024
 -0.000057  -0.000007   0.000031
 -0.000015  -0.000005  -0.000000
 -0.000028  -0.000007   0.000004
  0.000001   0.000018  -0.000001
  0.000011   0.000015  -0.000029
 -0.000005   0.000014  -0.000008
 -0.000013   0.000011  -0.000011
 -0.000001  -0.000013   0.000000
  0.000010  -0.000054  -0.000027
  0.000018   0.000012   0.000013
  0.000102   0.000091   0.000076
 -0.000003   0.000020  -0.000035
 -0.000003   0.000035   0.000001
 -0.000172  -0.000046  -0.000157
 -0.000001  -0.000015  -0.000036
  0.000060   0.000061   0.000055
  0.000022   0.000010  -0.000026
  0.000381   0.000152  -0.000528
  0.000031  -0.000025  -0.000018
 -0.000108   0.000152   0.000111
 -0.000021   0.000041  -0.000040
 -0.000184   0.000484   0.000150
 -0.000025  -0.000031   0.000014
 -0.210160  -0.015617   0.176084
 -0.000035  -0.000020   0.000033
 -0.001106   0.000587   0.001586
 -0.000026  -0.000005   0.000045
  0.000553  -0.000781   0.001127
  0.000153   0.000218   0.000041
 -0.000429   0.001458   0.000315
 -0.000019   0.000055  -0.000050
 -0.000002   0.000037   0.000059
 -0.000011   0.000038   0.000010
  0.000046   0.000048  -0.000045
  0.000027  -0.000067  -0.000055
  0.000262   0.000101   0.000142
  0.000227  -0.000126   0.000037
 -0.000328  -0.000002   0.000097
 -0.000056  -0.000014   0.000056
 -0.000228  -0.000037   0.001237
 -0.000014  -0.000028   0.000006
  0.000589  -0.000264  -0.001282
  0.000091   0.000049   0.000054
 -0.001118   0.000774   0.001903
 -0.000050  -0.000040   0.000020
 -0.000041   0.000014   0.000024
 -0.000024   0.000226  -0.000283
  0.001773  -0.001125   0.006919
  0.000019  -0.000020   0.000035
  0.000002  -0.000029  -0.000004
 -0.000443  -0.000349   0.000129
 -0.000005   0.000105   0.000081
 -0.000108   0.000072   0.000035
  0.000100   0.000037   0.000211
  0.000277  -0.000236   0.000425
  0.000128  -0.000078   0.000333
  0.000129  -0.000075   0.000052
  0.000173   0.000437   0.000893
  0.000052  -0.000130   0.000323
  0.000478  -0.000321   0.000618
  0.000152  -0.000177   0.000236
 -0.000757  -0.000081  -0.001146
 -0.000329   0.000419  -0.000438
 -0.000036   0.000055  -0.000149
 -0.001979  -0.000479  -0.001740
   71    2  0.0000  0.0150 -0.0000
  0.000094   0.000032   0.000001
 -0.000021  -0.000018  -0.000016
 -0.000033   0.000018   0.000066
  0.000011   0.000048   0.000006
  0.000098   0.000014   0.000005
 -0.000195   0.000086  -0.000014
  0.000037  -0.000009   0.000000
  0.000167  -0.000155   0.000049
  0.000017   0.000003  -0.000005
  0.000002  -0.000004  -0.000099
 -0.000011  -0.000019   0.000004
  0.000082   0.000099  -0.000032
  0.000019   0.000011   0.000009
  0.000046   0.000126   0.000023
 -0.000009  -0.000046  -0.000027
 -0.000047  -0.000024   0.000054
 -0.000061   0.000090   0.000003
  0.000064   0.000080  -0.000005
 -0.000042  -0.000059   0.000075
  0.000047  -0.000056  -0.000110
  0.000038  -0.000057  -0.000101
 -0.000016   0.000010   0.000004
 -0.000254   0.001025  -0.000972
 -0.000021   0.000034   0.000061
 -0.001301   0.009333   0.002369
  0.000088  -0.000110   0.000030
 -0.027524   0.003829   0.036226
 -0.000006   0.000116  -0.000118
  0.016365   0.054533  -0.024459
  0.000041   0.000003  -0.000026
  0.007303   0.001330  -0.014681
  0.000055   0.000037  -0.000040
  0.000008  -0.000299   0.000229
 -0.000128   0.000098   0.000116
 -0.001846  -0.002423   0.000397
 -0.000026  -0.000153   0.000176
  0.022953   0.009128  -0.020717
 -0.000022   0.000073   0.000046
  0.001748  -0.000762   0.001573
  0.000047  -0.000009  -0.000054
 -0.000143   0.000032  -0.000045
  0.000402   0.000870  -0.000109
  0.000013  -0.000051  -0.000063
 -0.000001  -0.000007   0.000003
  0.000005  -0.000008  -0.000014
 -0.000008   0.000052  -0.000066
  0.000000  -0.000002   0.000001
 -0.000075   0.000007   0.000148
  0.000008  -0.000003  -0.000007
  0.000000   0.000006  -0.000017
  0.000000   0.000018   0.000019
  0.000003   0.000017  -0.000023
 -0.000008   0.000032  -0.000005
  0.000006   0.000007  -0.000002
 -0.000023  -0.000025  -0.000057
  0.000004  -0.000032  -0.000010
  0.000002  -0.000017   0.000003
  0.000042   0.000050   0.000034
 -0.000032   0.000026   0.000103
  0.000013   0.000008  -0.000016
 -0.000196  -0.000053  -0.000074
  0.000015  -0.000010   0.000010
  0.000053   0.000004   0.000101
  0.000009  -0.000000  -0.000019
 -0.002005   0.000002   0.002092
 -0.000013  -0.000008   0.000018
  0.000086  -0.000043  -0.000307
  0.000022   0.000068   0.000031
  0.000013  -0.001886  -0.000550
  0.000033  -0.000024  -0.000016
 -0.015575  -0.075488   0.019583
  0.000019   0.000007   0.000017
  0.000339  -0.001603   0.000449
 -0.000004   0.000067   0.000004
 -0.000411   0.001074  -0.000780
  0.000051   0.000068   0.000000
  0.000152  -0.000233  -0.000284
  0.000026   0.000049   0.000058
  0.000020  -0.000011  -0.000000
  0.000023   0.000113   0.000065
 -0.000084   0.000066  -0.000102
 -0.000013  -0.000063   0.000008
 -0.000156  -0.000227  -0.000383
 -0.000124  -0.000105   0.000090
  0.000942   0.000308  -0.000092
  0.000010   0.000228  -0.000218
  0.000042  -0.000287   0.000287
 -0.000015   0.000027  -0.000016
  0.000519  -0.000086  -0.001172
  0.000055   0.000005   0.000018
 -0.001211   0.000855   0.002016
 -0.000053  -0.000067   0.000065
 -0.000102  -0.000019  -0.000003
  0.000120  -0.000082   0.000106
 -0.000506   0.001008  -0.000703
  0.000015  -0.000062  -0.000081
  0.000052  -0.000015  -0.000003
 -0.000141  -0.000078   0.000060
  0.000214   0.000020   0.000235
  0.000011   0.000007  -0.000017
 -0.000029   0.000072   0.000031
  0.000090  -0.000118   0.000166
 -0.000023  -0.000001   0.000085
 -0.000012  -0.000066   0.000045
 -0.000005   0.000180   0.000220
 -0.000004  -0.000051   0.000079
  0.000039  -0.000011   0.000019
 -0.000004  -0.000071   0.000022
  0.000013  -0.000058  -0.000203
  0.000021   0.000151  -0.000131
  0.000092   0.000007   0.000036
 -0.000385  -0.000495  -0.000787
   71    3  0.0000  0.0000  0.0150
  0.000043   0.000043   0.000030
  0.000009   0.000055   0.000013
 -0.000047  -0.000015   0.000015
 -0.000119  -0.000011   0.000092
  0.000026   0.000015   0.000001
  0.000223  -0.000443  -0.000067
  0.000034  -0.000013   0.000005
  0.000192   0.000358   0.000107
 -0.000003  -0.000001  -0.000007
  0.000008  -0.000039  -0.000138
 -0.000005  -0.000021  -0.000010
  0.000086   0.000020   0.000035
 -0.000040   0.000063   0.000031
 -0.000073  -0.000028   0.000017
  0.000020  -0.000054  -0.000055
 -0.000092  -0.000040   0.000068
 -0.000060   0.000068   0.000005
  0.000022   0.000059   0.000044
 -0.000064  -0.000042   0.000108
 -0.000082   0.000015   0.000061
 -0.000034  -0.000056  -0.000020
  0.000012  -0.000002  -0.000050
  0.001010   0.000094  -0.000903
 -0.000043   0.000017  -0.000055
 -0.000069   0.001282  -0.000743
 -0.000061   0.000023  -0.000043
 -0.006034   0.001518   0.008348
  0.000011  -0.000013   0.000127
 -0.160680  -0.016899   0.283791
 -0.000014   0.000014  -0.000039
 -0.014149  -0.002163   0.029249
  0.000084  -0.000048  -0.000040
 -0.000449  -0.000845   0.000233
  0.000036   0.000001  -0.000066
 -0.000363  -0.001046   0.000221
  0.000075   0.000030  -0.000117
  0.002768  -0.002417  -0.012084
  0.000087   0.000111   0.000042
  0.001598   0.002843  -0.000750
 -0.000025  -0.000021  -0.000167
 -0.000115  -0.000084  -0.000230
 -0.001592  -0.000489   0.001726
  0.000009  -0.000013   0.000003
 -0.000029   0.000001  -0.000005
 -0.000015   0.000012   0.000016
  0.000015  -0.000016  -0.000028
 -0.000004  -0.000007   0.000017
 -0.000023   0.000039   0.000045
 -0.000012  -0.000007   0.000017
  0.000008  -0.000027  -0.000034
  0.000032   0.000024   0.000033
 -0.000019  -0.000024  -0.000005
  0.000015   0.000016  -0.000033
 -0.000002  -0.000007   0.000017
  0.000009  -0.000019  -0.000007
 -0.000012   0.000023   0.000006
  0.000028   0.000015   0.000017
 -0.000072  -0.000036  -0.000036
  0.000008   0.000017  -0.000029
 -0.000019  -0.000003   0.000018
  0.000074  -0.000033   0.000056
 -0.000044   0.000018  -0.000007
  0.000079   0.000056   0.000065
 -0.000035  -0.000006  -0.000025
 -0.000372  -0.000188   0.000138
  0.000004  -0.000006  -0.000005
 -0.000160   0.000127   0.000091
 -0.000010   0.000038   0.000035
  0.000315  -0.000291  -0.001301
  0.000015   0.000008   0.000002
  0.176283   0.019654  -0.315823
  0.000034  -0.000013   0.000026
 -0.000716   0.000652  -0.001332
  0.000016  -0.000010  -0.000021
  0.000853  -0.000328   0.001605
 -0.000108  -0.000132  -0.000024
 -0.000446   0.001370   0.000419
 -0.000018  -0.000066  -0.000058
  0.000039   0.000064   0.000004
  0.000017  -0.000002  -0.000050
  0.000062   0.000097  -0.000086
 -0.000031   0.000061   0.000020
  0.000100  -0.000043  -0.000332
  0.000006   0.000098  -0.000104
  0.000680   0.000529  -0.000267
  0.000017  -0.000132   0.000095
 -0.000734  -0.000579   0.000531
 -0.000005   0.000050   0.000040
  0.000363  -0.000072  -0.000172
 -0.000018  -0.000057  -0.000046
 -0.000754   0.000364   0.000948
 -0.000029  -0.000062   0.000148
 -0.000041   0.000004  -0.000049
 -0.000115   0.000160  -0.000102
  0.002345  -0.002774   0.005121
 -0.000008   0.000041   0.000116
  0.000061  -0.000058  -0.000039
  0.000089  -0.000042  -0.000046
 -0.000035   0.000027  -0.000060
  0.000016  -0.000029   0.000027
  0.000122  -0.000279  -0.000114
  0.000022   0.000414  -0.000214
  0.000158  -0.000027  -0.000154
 -0.000012   0.000135  -0.000014
  0.000103  -0.000251  -0.000388
  0.000012   0.000175  -0.000238
  0.000141  -0.000297   0.000170
  0.000026   0.000142  -0.000055
 -0.000403   0.000340   0.000338
 -0.000055  -0.000542   0.000204
  0.000047   0.000012   0.000315
  0.000001  -0.000147   0.001817
   73    1  0.0150  0.0000  0.0000
 -0.000088  -0.000020  -0.000164
 -0.000049   0.000027   0.000018
  0.000060   0.000004  -0.000021
  0.000003   0.000008   0.000000
 -0.000082  -0.000018   0.000034
  0.000020  -0.000008  -0.000011
 -0.000011   0.000051   0.000002
  0.000014   0.000011  -0.000005
 -0.000022  -0.000017   0.000016
  0.000039  -0.000014  -0.000007
 -0.000007   0.000017   0.000003
  0.000008  -0.000002   0.000001
 -0.000006  -0.000052   0.000006
 -0.000014  -0.000065  -0.000013
  0.000019   0.000030  -0.000032
 -0.000037  -0.000006   0.000028
  0.000057  -0.000009   0.000001
  0.000005  -0.000001   0.000018
  0.000019  -0.000016   0.000019
 -0.000048  -0.000009  -0.000006
  0.000354   0.000204   0.000996
 -0.000025   0.000038  -0.000016
 -0.001364   0.000133  -0.001765
 -0.000068   0.000005   0.000003
 -0.000239   0.000150  -0.000181
  0.000023  -0.000011   0.000019
  0.000425   0.000315   0.000877
 -0.000031   0.000012  -0.000137
  0.017615   0.003802  -0.001038
  0.000015   0.000013  -0.000008
  0.426277   0.025370  -0.074259
 -0.000015  -0.000008   0.000011
 -0.001151   0.001936   0.000761
  0.000085   0.000088  -0.000005
  0.000689  -0.000094   0.000214
 -0.000060  -0.000421   0.000114
  0.000975  -0.002716   0.001845
 -0.000057   0.000030  -0.000032
  0.000160  -0.000369   0.000065
  0.000016  -0.000030  -0.000035
 -0.000107  -0.000142   0.000104
 -0.000314  -0.000108   0.000097
 -0.000006   0.000001  -0.000010
 -0.000011  -0.000002  -0.000002
 -0.000021  -0.000011   0.000025
  0.000020   0.000005  -0.000001
 -0.000008  -0.000014  -0.000024
  0.000010   0.000002   0.000001
 -0.000030  -0.000004   0.000012
  0.000012  -0.000003  -0.000005
  0.000025  -0.000024   0.000028
 -0.000009  -0.000001  -0.000005
  0.000007   0.000000  -0.000007
 -0.000003  -0.000009   0.000002
  0.000020   0.000020  -0.000017
 -0.000009   0.000000  -0.000001
  0.000025  -0.000017   0.000002
 -0.000009  -0.000003   0.000003
  0.000021  -0.000031  -0.000001
 -0.000008  -0.000006  -0.000000
  0.000164   0.000002  -0.000018
 -0.000066   0.000010  -0.000027
 -0.000359  -0.000326   0.000085
 -0.000019  -0.000010  -0.000005
  0.000070  -0.000056   0.000012
 -0.000001  -0.000003   0.000001
 -0.000091  -0.000011   0.000045
  0.000020   0.000019   0.000008
  0.000063  -0.000291  -0.000035
  0.000018  -0.000013   0.000015
 -0.001016   0.000366  -0.000800
 -0.000029   0.000008   0.000013
 -0.457555  -0.026922   0.078080
  0.000018  -0.000005   0.000015
  0.007777  -0.000209  -0.000804
 -0.000016  -0.000009   0.000001
  0.000354  -0.000395  -0.000271
  0.000009  -0.000005   0.000014
 -0.000668  -0.000614  -0.000196
  0.000011  -0.000000   0.000020
 -0.000643   0.000246   0.000027
 -0.000016  -0.000015  -0.000020
 -0.000254   0.000011   0.000106
 -0.000078   0.000003  -0.000021
 -0.000223  -0.000240   0.000317
  0.000090   0.000235  -0.000135
  0.000653   0.000641   0.000433
 -0.000002   0.000010   0.000023
 -0.000050  -0.000060  -0.000116
 -0.000021   0.000003   0.000006
  0.000020   0.000087  -0.000040
 -0.000005  -0.000015   0.000027
  0.000082  -0.000000   0.000008
 -0.000016   0.000015  -0.000007
  0.008768  -0.000190  -0.004256
  0.000024  -0.000019  -0.000040
 -0.000036   0.000036   0.000009
  0.000039   0.000042  -0.000005
 -0.000325  -0.000491  -0.000174
  0.000059  -0.000031   0.000011
 -0.000009  -0.000096   0.000079
 -0.000066  -0.000027   0.000007
  0.000080  -0.000146   0.000575
 -0.000029  -0.000002   0.000050
 -0.000086   0.000036   0.000169
  0.000027  -0.000029   0.000182
 -0.000201   0.000061   0.000011
  0.000030  -0.000020   0.000030
  0.000443   0.000264  -0.000550
 -0.000007   0.000063  -0.000208
 -0.000189   0.000093  -0.000197
  0.000151  -0.000012   0.000032
   73    2  0.0000  0.0150 -0.0000
  0.000227   0.000277   0.000555
 -0.000038   0.000007  -0.000012
 -0.000170  -0.000093  -0.000005
  0.000004  -0.000000  -0.000016
 -0.000063   0.000059  -0.000044
 -0.000032   0.000021  -0.000008
  0.000087   0.000011  -0.000046
 -0.000009  -0.000044  -0.000010
  0.000042   0.000029  -0.000026
  0.000020   0.000006  -0.000003
  0.000032  -0.000055  -0.000013
  0.000002  -0.000014  -0.000004
 -0.000025   0.000067   0.000010
  0.000001   0.000003  -0.000018
 -0.000052  -0.000097  -0.000016
 -0.000005  -0.000008   0.000005
 -0.000192   0.000100  -0.000000
  0.000008   0.000025  -0.000005
 -0.000116  -0.000010   0.000120
  0.000007  -0.000026  -0.000035
 -0.002083  -0.000433  -0.000131
 -0.000035   0.000012  -0.000005
  0.001294   0.002545   0.004828
 -0.000013   0.000022   0.000048
  0.000395  -0.000797  -0.000196
  0.000056  -0.000085   0.000057
 -0.000556  -0.000317  -0.000677
 -0.000054   0.000169  -0.000147
 -0.014379  -0.001063   0.000999
  0.000033   0.000048  -0.000022
  0.036631   0.069101  -0.009159
  0.000027   0.000038  -0.000009
 -0.003426  -0.000918   0.000466
  0.000194   0.000122   0.000061
 -0.000056   0.000472   0.000131
 -0.000493  -0.000234   0.000323
 -0.000335   0.001642  -0.000574
 -0.000112   0.000041  -0.000015
  0.000208  -0.000072   0.000444
  0.000042  -0.000044   0.000039
 -0.000324  -0.000513   0.000184
  0.000075   0.000056   0.000469
 -0.000011  -0.000010   0.000028
 -0.000005  -0.000007  -0.000004
 -0.000060  -0.000008  -0.000081
 -0.000003   0.000003  -0.000008
 -0.000004   0.000029   0.000041
  0.000010  -0.000012  -0.000001
  0.000013  -0.000042   0.000019
  0.000006  -0.000003  -0.000004
 -0.000001   0.000018   0.000075
  0.000002   0.000007  -0.000006
  0.000016   0.000007  -0.000007
  0.000003  -0.000005  -0.000008
  0.000011  -0.000005  -0.000028
 -0.000001  -0.000016  -0.000004
 -0.000003  -0.000061  -0.000022
  0.000018   0.000005   0.000006
  0.000032   0.000025  -0.000109
  0.000009   0.000009  -0.000018
 -0.000079  -0.000031  -0.000036
 -0.000020  -0.000004  -0.000017
 -0.000381  -0.000310   0.000128
  0.000006   0.000001  -0.000008
  0.000137  -0.000048   0.000056
 -0.000018  -0.000004   0.000019
 -0.000018   0.000072  -0.000112
  0.000048  -0.000017  -0.000052
  0.000070   0.000248  -0.000046
 -0.000085   0.000018  -0.000003
  0.000606  -0.001597   0.000628
  0.000001   0.000066   0.000005
 -0.027041  -0.074170  -0.001520
  0.000006   0.000043  -0.000002
  0.040185   0.000184  -0.009169
  0.000027   0.000032  -0.000025
  0.000270  -0.000117  -0.000689
  0.000051   0.000032   0.000072
  0.000754   0.000160   0.000626
  0.000000  -0.000015   0.000010
  0.000149  -0.000192   0.000122
 -0.000018  -0.000090  -0.000055
  0.000168  -0.000027   0.000006
 -0.000093  -0.000158   0.000201
 -0.000019   0.000676  -0.000283
  0.000215   0.000681   0.000101
 -0.000395  -0.000322  -0.000003
 -0.000006   0.000003  -0.000002
 -0.000017  -0.000575  -0.000238
  0.000037   0.000009  -0.000057
  0.000096  -0.000133   0.000150
 -0.000025  -0.000032   0.000002
 -0.000081   0.000057   0.000034
  0.000062   0.000014   0.000061
 -0.031563   0.005762   0.013365
 -0.000055  -0.000083  -0.000166
  0.000111  -0.000102  -0.000029
 -0.000035  -0.000013   0.000012
  0.000257  -0.000027  -0.000251
  0.000025  -0.000013   0.000002
 -0.000015   0.000029   0.000109
  0.000053  -0.000088   0.000077
 -0.000095   0.000049   0.000431
  0.000009  -0.000025  -0.000009
 -0.000080   0.000103   0.000279
 -0.000040  -0.000126   0.000046
 -0.000147  -0.000155   0.000113
 -0.000026  -0.000052  -0.000017
  0.000315   0.000115  -0.000687
  0.000025   0.000099   0.000010
  0.000014   0.000231  -0.000255
 -0.000194  -0.000141  -0.000346
   73    3  0.0000  0.0000  0.0150
  0.000462   0.000219   0.000704
 -0.000036   0.000047   0.000029
 -0.000328   0.000013  -0.000020
 -0.000009   0.000006   0.000015
  0.000188  -0.000020  -0.000147
  0.000045  -0.000037  -0.000052
  0.000108  -0.000085  -0.000067
  0.000002   0.000050  -0.000019
 -0.000025   0.000047   0.000001
  0.000025  -0.000009  -0.000010
  0.000055   0.000018  -0.000031
  0.000016  -0.000002   0.000003
 -0.000014   0.000087   0.000006
 -0.000025  -0.000082  -0.000017
 -0.000001  -0.000075   0.000069
 -0.000038  -0.000003   0.000038
 -0.000255   0.000060  -0.000022
  0.000013  -0.000019   0.000010
 -0.000034  -0.000023   0.000008
 -0.000041   0.000009   0.000045
 -0.002472  -0.000145  -0.000553
 -0.000015  -0.000017  -0.000012
  0.001375   0.003437   0.005878
 -0.000076   0.000011   0.000023
 -0.000236  -0.000255   0.000424
 -0.000008  -0.000013   0.000005
  0.001143   0.000731   0.001720
 -0.000104  -0.000024  -0.000105
  0.033089   0.002152  -0.003515
  0.000054   0.000010  -0.000018
 -0.062433  -0.003543   0.073483
  0.000030  -0.000006  -0.000005
 -0.002161  -0.002749  -0.001146
  0.000075   0.000028   0.000116
  0.000171  -0.000000  -0.000740
  0.000052   0.000215   0.000059
  0.002736  -0.004006   0.002915
  0.000020   0.000032   0.000034
  0.000084  -0.000059  -0.000201
 -0.000014  -0.000037  -0.000085
  0.000084   0.000311  -0.000032
 -0.000214   0.000219  -0.000879
  0.000035  -0.000004   0.000036
 -0.000006  -0.000001  -0.000008
  0.000072  -0.000083   0.000070
  0.000020  -0.000004  -0.000009
 -0.000006   0.000020   0.000020
 -0.000002   0.000001   0.000015
  0.000089   0.000030   0.000049
  0.000007  -0.000004  -0.000010
 -0.000029   0.000039  -0.000040
 -0.000008  -0.000005  -0.000004
  0.000001   0.000008  -0.000006
  0.000008   0.000018   0.000011
 -0.000006  -0.000041   0.000016
  0.000003   0.000010   0.000023
 -0.000002   0.000033   0.000012
 -0.000045  -0.000022  -0.000014
  0.000001   0.000042  -0.000170
  0.000004  -0.000002  -0.000003
 -0.000161  -0.000010  -0.000084
  0.000080  -0.000027   0.000067
  0.000377   0.000291   0.000117
 -0.000034  -0.000008  -0.000011
  0.000013   0.000048  -0.000178
 -0.000012  -0.000001   0.000020
 -0.000137   0.000113  -0.000053
  0.000039   0.000013   0.000033
  0.000195  -0.000490  -0.000042
  0.000030   0.000008  -0.000010
  0.001586   0.000442  -0.001296
  0.000043  -0.000001  -0.000025
  0.077968  -0.001586  -0.093953
  0.000022  -0.000004  -0.000022
 -0.010206  -0.001224   0.001166
 -0.000050  -0.000058  -0.000012
 -0.000897  -0.000084  -0.000845
  0.000032  -0.000021   0.000044
  0.000659   0.000572   0.000164
  0.000010  -0.000004  -0.000002
  0.000224  -0.000232   0.000161
 -0.000006  -0.000014   0.000026
 -0.000105  -0.000043  -0.000003
 -0.000318  -0.000032   0.000257
 -0.000127  -0.000214  -0.000030
  0.000031   0.000378  -0.000118
  0.001141   0.000946   0.000916
 -0.000001   0.000012   0.000018
 -0.000087   0.000149  -0.000108
 -0.000028  -0.000036   0.000004
  0.000025   0.000150  -0.000082
  0.000004  -0.000002   0.000037
 -0.000267   0.000063   0.000048
 -0.000067   0.000005  -0.000024
 -0.042379   0.004401   0.016085
 -0.000036  -0.000043  -0.000085
  0.000070  -0.000110  -0.000019
  0.000069   0.000042  -0.000031
  0.000351   0.000350   0.000089
 -0.000016   0.000002  -0.000024
  0.000124   0.000305  -0.000234
  0.000059   0.000182  -0.000101
  0.000460   0.000513  -0.001395
  0.000003   0.000046  -0.000049
  0.000273  -0.000135  -0.000819
  0.000008   0.000114  -0.000200
  0.000648  -0.000161   0.000049
 -0.000023   0.000072  -0.000086
 -0.001563  -0.000948   0.001740
  0.000007  -0.000313   0.000239
  0.000168  -0.000246   0.000177
  0.000378   0.000305   0.000588
   75    1  0.0150  0.0000  0.0000
  0.000076  -0.000012   0.000021
  0.000048  -0.000064  -0.000019
 -0.000068   0.000042   0.000011
  0.000016   0.000018   0.000015
  0.000116   0.000103  -0.000039
 -0.000028   0.000027   0.000018
 -0.000047  -0.000191   0.000008
  0.000026  -0.000004   0.000019
  0.000023   0.000054  -0.000015
 -0.000053  -0.000012  -0.000009
  0.000009  -0.000000   0.000002
 -0.000006   0.000037  -0.000022
  0.000015   0.000027  -0.000023
  0.000010   0.000057   0.000024
 -0.000003   0.000051   0.000095
  0.000042   0.000010  -0.000040
  0.000037  -0.000084   0.000021
 -0.000054  -0.000019   0.000006
  0.000110   0.000040  -0.000225
  0.000033   0.000028   0.000036
 -0.000075   0.000103  -0.000164
  0.000036  -0.000059   0.000033
 -0.001332  -0.001772   0.000270
  0.000054  -0.000032  -0.000005
 -0.000213   0.000186   0.000631
 -0.000019   0.000038  -0.000013
  0.002426  -0.001438   0.003707
 -0.000014  -0.000039   0.000066
 -0.003515  -0.023592   0.005107
 -0.000038  -0.000007   0.000031
  0.083574   0.081013  -0.024303
 -0.000004  -0.000013  -0.000040
  0.000086  -0.000002  -0.000176
 -0.000102  -0.000099   0.000017
  0.000509   0.000167  -0.000044
  0.000259   0.000193  -0.000205
 -0.001511   0.000074  -0.000238
  0.000110  -0.000125   0.000065
  0.001461  -0.000531   0.001259
 -0.000050   0.000061   0.000038
 -0.000260   0.000687  -0.000350
 -0.000144  -0.000023  -0.000205
 -0.000003   0.000010   0.000002
  0.000008   0.000012  -0.000004
  0.000073   0.000011   0.000027
 -0.000011  -0.000003  -0.000005
  0.000005  -0.000033  -0.000001
 -0.000015   0.000005   0.000025
  0.000011   0.000033  -0.000029
 -0.000019   0.000014   0.000010
 -0.000046   0.000005  -0.000137
  0.000013  -0.000002   0.000012
 -0.000031  -0.000017   0.000056
  0.000004   0.000010  -0.000003
 -0.000046  -0.000036   0.000084
  0.000008   0.000011   0.000007
 -0.000062   0.000122   0.000019
  0.000001  -0.000005  -0.000004
 -0.000040   0.000008  -0.000018
  0.000012   0.000001   0.000009
 -0.000080   0.000001  -0.000042
  0.000154  -0.000007   0.000095
  0.000525   0.000008  -0.000229
  0.000029   0.000010   0.000011
 -0.000014   0.000067  -0.000095
 -0.000020   0.000014   0.000001
  0.000036  -0.000057   0.000012
 -0.000027  -0.000050   0.000005
  0.000417  -0.001272  -0.000334
  0.000026   0.000010  -0.000010
  0.000515  -0.000422   0.000896
  0.000161  -0.000049  -0.000111
  0.007902   0.040140  -0.010214
 -0.000011  -0.000026  -0.000051
 -0.089158  -0.085993   0.021916
 -0.000010  -0.000019   0.000026
 -0.000745   0.000991   0.000592
 -0.000006  -0.000002   0.000006
 -0.000578  -0.000116  -0.000263
 -0.000011   0.000025  -0.000007
 -0.000754  -0.000071   0.000083
  0.000020   0.000040   0.000049
 -0.000245  -0.000021  -0.000035
 -0.000083   0.000025   0.000071
 -0.000055  -0.000180   0.000188
  0.000024  -0.000106  -0.000207
 -0.000552  -0.000005  -0.000089
 -0.000001  -0.000017  -0.000029
  0.000438   0.002510   0.001487
 -0.000021  -0.000007   0.000024
 -0.000193   0.000153  -0.000525
  0.000033   0.000051  -0.000059
 -0.000236  -0.000011  -0.000111
 -0.000005  -0.000061  -0.000025
  0.000272  -0.010377   0.000702
 -0.000007   0.000028   0.000053
 -0.000044   0.000007   0.000026
 -0.000017  -0.000011  -0.000004
 -0.000006   0.000111   0.000149
 -0.000104   0.000050  -0.000057
 -0.000109  -0.000203  -0.000323
  0.000045   0.000202  -0.000128
 -0.000098  -0.000157  -0.000383
  0.000041   0.000012  -0.000139
 -0.000002  -0.000185  -0.000439
  0.000034   0.000350  -0.000565
  0.000102  -0.000194  -0.000463
 -0.000083   0.000055  -0.000107
  0.000217   0.000267   0.001115
  0.000057  -0.000294   0.000514
  0.000804  -0.000367   0.001328
  0.000018   0.000111   0.000281
   75    2  0.0000  0.0150 -0.0000
 -0.000285  -0.000029  -0.000047
 -0.000034   0.000016   0.000005
  0.000167   0.000007  -0.000032
  0.000014  -0.000003  -0.000002
 -0.000100  -0.000244   0.000040
  0.000006   0.000025   0.000003
 -0.000007   0.000287   0.000010
 -0.000008  -0.000010  -0.000002
 -0.000062  -0.000089   0.000035
 -0.000000   0.000012   0.000011
 -0.000033   0.000084   0.000004
  0.000006  -0.000032   0.000006
  0.000117  -0.000278  -0.000021
 -0.000001  -0.000030  -0.000010
 -0.000020   0.000075  -0.000103
 -0.000010  -0.000003   0.000020
  0.000100   0.000020  -0.000021
  0.000015   0.000005   0.000011
  0.000131   0.000040  -0.000151
 -0.000008   0.000002  -0.000006
  0.000112  -0.000064   0.000419
 -0.000005   0.000009  -0.000007
  0.001464   0.000343  -0.000915
 -0.000030   0.000005  -0.000002
 -0.000027  -0.000180  -0.000100
 -0.000041   0.000049  -0.000016
  0.000538  -0.000294  -0.001039
 -0.000024  -0.000071   0.000053
 -0.001351   0.005837  -0.007102
  0.000089  -0.000055  -0.000012
  0.077580   0.397872  -0.091251
  0.000010  -0.000003   0.000077
 -0.001971   0.001132   0.004045
  0.000013  -0.000002  -0.000010
 -0.000183  -0.000507   0.000269
  0.000033   0.000083  -0.000081
  0.001950   0.001476   0.000723
 -0.000109   0.000102  -0.000122
  0.001776  -0.001143   0.002067
  0.000069  -0.000054   0.000004
 -0.000090   0.003806   0.000215
  0.000020  -0.000051   0.000123
  0.000016   0.000008  -0.000003
 -0.000000  -0.000003  -0.000001
  0.000012  -0.000048  -0.000009
  0.000021   0.000014  -0.000005
 -0.000008   0.000039  -0.000024
  0.000008  -0.000014   0.000001
  0.000031   0.000007   0.000002
  0.000017  -0.000007  -0.000009
  0.000010  -0.000085   0.000110
 -0.000008   0.000005  -0.000005
 -0.000000  -0.000037   0.000014
  0.000003   0.000009   0.000002
  0.000033   0.000071  -0.000014
  0.000008  -0.000008   0.000002
  0.000184  -0.000072  -0.000037
  0.000004   0.000005   0.000000
 -0.000007   0.000008   0.000039
 -0.000011  -0.000003  -0.000004
  0.000201   0.000035  -0.000008
 -0.000045  -0.000012  -0.000032
 -0.001284  -0.000385   0.000321
 -0.000011  -0.000002   0.000005
  0.000065  -0.000146   0.000107
  0.000023   0.000000  -0.000014
 -0.000029  -0.000027   0.000010
  0.000012  -0.000004  -0.000000
  0.000085   0.000020   0.000184
 -0.000011  -0.000003   0.000012
 -0.000849   0.001053  -0.000269
 -0.000230   0.000063   0.000147
 -0.000266   0.000083  -0.001170
  0.000007   0.000028   0.000065
 -0.086099  -0.436021   0.094395
  0.000019   0.000021  -0.000021
  0.000240   0.000054  -0.000293
 -0.000011  -0.000012  -0.000036
 -0.000011  -0.000151   0.000020
  0.000008  -0.000024   0.000006
  0.000740   0.000707  -0.000670
  0.000006  -0.000011  -0.000006
  0.000143   0.000040   0.000042
  0.000080   0.000018  -0.000070
  0.000057   0.000025  -0.000063
 -0.000069  -0.000230   0.000194
  0.000065   0.000202   0.000163
 -0.000003   0.000006   0.000031
  0.001743   0.000676   0.001506
  0.000013   0.000012  -0.000003
  0.000027  -0.000040   0.000114
 -0.000013  -0.000039   0.000021
  0.000460  -0.000023   0.000213
  0.000015  -0.000007   0.000008
  0.006364   0.026610  -0.000306
  0.000028   0.000007  -0.000017
 -0.000242   0.000133   0.000106
  0.000014   0.000017   0.000003
 -0.000241  -0.000472  -0.000329
  0.000039  -0.000008   0.000024
 -0.000112   0.000782   0.000266
 -0.000111  -0.000367   0.000153
 -0.000194   0.000184  -0.000306
 -0.000061  -0.000037   0.000216
 -0.000190   0.000111  -0.000184
  0.000035  -0.000383   0.000866
 -0.000558   0.000065  -0.000538
  0.000127  -0.000081   0.000181
  0.001008  -0.001068   0.000664
 -0.000059   0.000517  -0.000834
 -0.001019  -0.000073  -0.001932
 -0.000032   0.000123  -0.000092
   75    3  0.0000  0.0000  0.0150
  0.000006  -0.000008   0.000035
 -0.000007  -0.000060  -0.000015
 -0.000009   0.000007   0.000002
  0.000033   0.000022   0.000011
  0.000023  -0.000038  -0.000009
 -0.000051   0.000085   0.000010
  0.000038  -0.000047  -0.000002
  0.000008  -0.000066  -0.000010
 -0.000048   0.000008   0.000029
 -0.000044   0.000002  -0.000017
  0.000023   0.000027   0.000000
 -0.000003   0.000016  -0.000015
 -0.000030   0.000072   0.000008
  0.000013   0.000052   0.000021
 -0.000067  -0.000041   0.000010
  0.000031   0.000014  -0.000038
  0.000007   0.000070  -0.000017
 -0.000054  -0.000023  -0.000005
 -0.000100  -0.000033   0.000137
  0.000024   0.000014   0.000007
  0.000204   0.000213  -0.000120
  0.000009  -0.000047   0.000026
  0.003272   0.000582  -0.000695
  0.000011  -0.000021   0.000025
 -0.000413  -0.000159  -0.000033
  0.000048  -0.000016   0.000029
  0.001654  -0.000513   0.005234
 -0.000002   0.000054  -0.000104
 -0.006106  -0.028673   0.005059
 -0.000021   0.000024   0.000019
 -0.028912  -0.109013   0.095592
 -0.000020   0.000010  -0.000011
 -0.003267   0.003781   0.007378
 -0.000021   0.000034   0.000030
  0.000184   0.000159   0.000582
 -0.000126  -0.000110   0.000201
 -0.001455  -0.000672  -0.001907
 -0.000008  -0.000060   0.000014
  0.001038  -0.000822   0.000885
  0.000003   0.000031   0.000069
  0.000172  -0.000225   0.000722
 -0.000075  -0.000027   0.000098
  0.000015  -0.000006   0.000008
  0.000003   0.000007  -0.000007
  0.000028  -0.000014  -0.000007
  0.000010   0.000016  -0.000024
 -0.000031  -0.000021  -0.000036
 -0.000006  -0.000016   0.000042
  0.000015   0.000021  -0.000008
  0.000005   0.000004   0.000012
 -0.000108   0.000028   0.000079
  0.000005   0.000005   0.000007
 -0.000008  -0.000029   0.000059
  0.000003   0.000012  -0.000005
  0.000056  -0.000019  -0.000035
  0.000013  -0.000006   0.000005
 -0.000114  -0.000083  -0.000113
  0.000020   0.000003  -0.000002
 -0.000054   0.000042   0.000013
  0.000003  -0.000003   0.000000
  0.000017   0.000028  -0.000191
  0.000115  -0.000014   0.000074
 -0.000103  -0.000442  -0.000397
  0.000024   0.000007   0.000005
  0.000164  -0.000010  -0.000052
 -0.000025   0.000010   0.000005
  0.000027   0.000055  -0.000114
  0.000005  -0.000054  -0.000020
  0.000598  -0.001670  -0.000634
  0.000004  -0.000008   0.000005
  0.001137  -0.000784   0.001571
  0.000043   0.000002  -0.000026
 -0.000868  -0.009132   0.001173
  0.000000   0.000026  -0.000012
  0.021899   0.094199  -0.108219
  0.000026   0.000023   0.000003
  0.000266   0.001432  -0.002510
  0.000006  -0.000009   0.000005
  0.000013  -0.000189  -0.000024
 -0.000007   0.000014   0.000052
  0.001404   0.002150  -0.000779
  0.000014  -0.000039   0.000006
 -0.000028  -0.000024  -0.000159
  0.000034  -0.000021  -0.000015
  0.000052   0.000174  -0.000174
 -0.000169   0.000152  -0.000012
 -0.000052   0.000084  -0.000378
  0.000004  -0.000015  -0.000020
  0.001126   0.002467   0.000335
  0.000014   0.000017  -0.000006
 -0.000507   0.000514  -0.000388
  0.000015   0.000019  -0.000055
 -0.000010   0.000038   0.000019
  0.000048  -0.000082   0.000047
  0.009050   0.047359  -0.002079
  0.000007   0.000008  -0.000021
  0.000146  -0.000017  -0.000059
 -0.000020  -0.000007   0.000007
 -0.000224  -0.000103   0.000180
 -0.000059   0.000037  -0.000054
 -0.000298   0.000227  -0.000102
  0.000029  -0.000103   0.000158
 -0.000352  -0.000210   0.000013
 -0.000043   0.000009   0.000104
 -0.000340  -0.000139  -0.000441
  0.000089   0.000142   0.000367
 -0.000939  -0.000383  -0.000674
  0.000068  -0.000019   0.000075
  0.001837   0.000028   0.000658
 -0.000029   0.000103  -0.000366
  0.000099  -0.000558  -0.000000
 -0.000120   0.000170  -0.000104
   77    1  0.0150  0.0000  0.0000
  0.000687   0.000990   0.000501
  0.000092   0.000059  -0.000035
 -0.000768   0.000035   0.000037
 -0.000025  -0.000072   0.000004
  0.000359  -0.000049  -0.000093
  0.000109  -0.000037  -0.000045
  0.000197  -0.000117  -0.000081
  0.000027   0.000075   0.000010
 -0.000121   0.000048   0.000038
 -0.000193   0.000082  -0.000008
  0.000072   0.000113  -0.000013
  0.000019  -0.000065  -0.000008
 -0.000052   0.000122  -0.000020
  0.000050   0.000194   0.000021
  0.000077  -0.000142   0.000127
  0.000072  -0.000056  -0.000019
 -0.000366  -0.000018  -0.000017
  0.000042   0.000007   0.000002
  0.000031  -0.000070  -0.000189
  0.000215   0.000030   0.000059
 -0.001781  -0.002069   0.001079
  0.000123  -0.000278   0.000085
  0.027464  -0.023554   0.034052
  0.000001   0.000033  -0.000007
  0.007107   0.001613  -0.001170
  0.000012   0.000042   0.000055
  0.000854   0.000212  -0.000311
 -0.000028  -0.000046  -0.000039
  0.000199  -0.001284  -0.001370
  0.000002  -0.000019   0.000011
 -0.005361   0.005153  -0.006294
 -0.000102   0.000007   0.000069
 -0.010417   0.008914  -0.021543
 -0.000031  -0.000048   0.000065
  0.002293   0.005577   0.000205
  0.000003   0.000023   0.000038
  0.000396   0.000310  -0.000188
  0.000019   0.000005  -0.000013
 -0.000054  -0.000201  -0.000034
  0.000024  -0.000006   0.000013
  0.000336   0.000233   0.000373
  0.000058  -0.000130  -0.000376
  0.000115  -0.000015   0.000032
  0.000050  -0.000001   0.000002
  0.000349  -0.000453  -0.000190
 -0.000026  -0.000011   0.000015
 -0.000021   0.000102  -0.000054
 -0.000025  -0.000043   0.000121
  0.000386   0.000226  -0.000096
 -0.000015  -0.000010   0.000007
  0.000007   0.000296  -0.000253
  0.000003   0.000011   0.000002
 -0.000067  -0.000029   0.000029
  0.000042   0.000150   0.000012
  0.000005  -0.000101   0.000034
  0.000071  -0.000029   0.000091
 -0.000007   0.000039   0.000040
 -0.000048  -0.000009  -0.000032
  0.000314   0.000406  -0.002314
  0.000015   0.000017  -0.000008
 -0.000587  -0.000344  -0.000793
  0.000511  -0.000249   0.000352
 -0.000189   0.000577   0.000269
  0.000018   0.000010  -0.000006
  0.000297  -0.000042   0.000140
  0.000023  -0.000002   0.000013
  0.000500  -0.001547   0.001124
  0.000029  -0.000031  -0.000061
 -0.000081   0.000060  -0.000108
  0.000006   0.000000   0.000005
 -0.000433   0.000152  -0.000450
 -0.000013  -0.000029  -0.000015
  0.000317   0.000247  -0.000920
  0.000001  -0.000055   0.000039
 -0.000724   0.000251   0.000201
 -0.000007   0.000012   0.000009
 -0.155509   0.074406  -0.124540
  0.000016  -0.000014   0.000057
  0.000116   0.000268  -0.000867
 -0.000015  -0.000002   0.000045
 -0.000242  -0.000503   0.000281
  0.000064  -0.000048   0.000097
 -0.000276   0.000403  -0.001426
 -0.000019   0.000007   0.000004
 -0.000207   0.000380  -0.000536
 -0.000031   0.000015  -0.000035
 -0.000162  -0.000020   0.000010
  0.000009  -0.000040   0.000019
 -0.000025   0.000079  -0.000037
 -0.000016   0.000020   0.000012
 -0.000021  -0.000034   0.000007
  0.000028   0.000030  -0.000016
 -0.000504   0.000172   0.000183
 -0.000014  -0.000045  -0.000023
  0.127868  -0.067255   0.119252
  0.000053   0.000017  -0.000033
  0.000058  -0.000126   0.000036
 -0.000148  -0.000151  -0.000022
 -0.000080   0.000485   0.000125
 -0.000313   0.000256  -0.000198
  0.001356   0.002670  -0.000949
  0.000377  -0.000342   0.000031
 -0.000827   0.005284  -0.006938
  0.000045  -0.000062  -0.000047
  0.001505   0.000178  -0.002894
  0.000156   0.000194   0.000194
  0.008892   0.002124  -0.002315
  0.000084  -0.000019  -0.000000
 -0.004069  -0.013553   0.018259
 -0.000057   0.000274  -0.000042
  0.000020  -0.001150  -0.000815
 -0.000567   0.000928   0.000917
   77    2  0.0000  0.0150 -0.0000
 -0.000781  -0.000324  -0.000702
 -0.000110  -0.000195   0.000081
  0.000630  -0.000090   0.000002
  0.000070   0.000194  -0.000018
 -0.000547  -0.000018   0.000189
 -0.000200   0.000003   0.000067
 -0.000267   0.000494   0.000058
  0.000025  -0.000186  -0.000076
  0.000223  -0.000077  -0.000131
  0.000564  -0.000182   0.000110
 -0.000044  -0.000153  -0.000032
 -0.000041   0.000192   0.000091
  0.000006  -0.000122   0.000013
  0.000059  -0.000138  -0.000088
  0.000313   0.000120  -0.000193
 -0.000173   0.000031   0.000091
  0.000302  -0.000439   0.000062
 -0.000058   0.000099  -0.000048
  0.000383   0.000177   0.000197
 -0.000184  -0.000150  -0.000076
 -0.000230  -0.000239   0.000646
 -0.000185   0.000706  -0.000254
 -0.010636   0.000873  -0.000064
  0.000002  -0.000122  -0.000107
  0.000822  -0.000334  -0.000049
 -0.000165   0.000078  -0.000041
  0.000191   0.000855   0.000035
 -0.000000   0.000009   0.000103
 -0.002546   0.004550   0.005907
  0.000005   0.000011  -0.000018
  0.015381  -0.016359   0.024234
  0.000083   0.000002  -0.000117
 -0.009319   0.020934  -0.028862
  0.000044   0.000109  -0.000178
  0.002600   0.003885   0.001010
 -0.000004  -0.000026  -0.000087
 -0.001010  -0.001421   0.000656
 -0.000107   0.000064  -0.000105
  0.000272   0.000456   0.000020
  0.000057  -0.000028  -0.000001
 -0.000176  -0.000599  -0.000892
 -0.000161   0.000188   0.000817
 -0.000121   0.000095   0.000005
 -0.000085   0.000008  -0.000021
 -0.000289   0.000227   0.000188
  0.000011   0.000041   0.000007
  0.000089   0.000173   0.000152
 -0.000006   0.000126  -0.000517
 -0.000208  -0.000239   0.000168
  0.000019   0.000049  -0.000029
  0.000822   0.000021   0.000091
  0.000012   0.000000  -0.000009
  0.000164   0.000220  -0.000288
 -0.000023  -0.000153   0.000032
 -0.000111   0.000142  -0.000014
 -0.000153   0.000043  -0.000111
  0.000114   0.000078   0.000167
  0.000043   0.000036   0.000024
  0.000952  -0.001224   0.000155
 -0.000021  -0.000003   0.000010
  0.000066   0.000559   0.001448
 -0.001653   0.000149  -0.001042
  0.001138   0.000093   0.000463
 -0.000017  -0.000017   0.000002
  0.000116  -0.000057   0.000009
 -0.000009  -0.000009  -0.000056
  0.000405  -0.000432   0.000343
 -0.000006  -0.000044  -0.000029
  0.000218  -0.000069   0.000175
 -0.000037   0.000003   0.000060
  0.001467  -0.000226   0.001356
 -0.000055   0.000058   0.000067
 -0.000386  -0.000115  -0.000104
  0.000012   0.000046   0.000014
  0.000983   0.000013   0.001453
  0.000007  -0.000007   0.000004
  0.074397  -0.165148   0.129058
  0.000011   0.000124  -0.000056
 -0.000308  -0.002127   0.000176
  0.000039   0.000019  -0.000080
 -0.001024  -0.000251   0.000855
 -0.000151   0.000137  -0.000228
 -0.000022   0.000171  -0.000946
  0.000063   0.000009  -0.000078
 -0.000109   0.000298  -0.000155
  0.000038  -0.000124   0.000117
  0.000524   0.000164  -0.000053
 -0.000014   0.000005   0.000085
  0.000026  -0.000081   0.000135
  0.000014   0.000013  -0.000032
  0.000042   0.000149  -0.000052
 -0.000017  -0.000030   0.000060
  0.000676  -0.000303  -0.000319
 -0.000002   0.000151   0.000250
 -0.067001   0.155728  -0.142959
  0.000009  -0.000003   0.000152
 -0.000470   0.000088  -0.000003
  0.000119   0.000157   0.000044
  0.000638   0.000049  -0.001089
  0.001113  -0.000475   0.000783
  0.006404  -0.004583   0.000560
 -0.000623  -0.000452  -0.000990
  0.006391   0.004023  -0.002146
  0.000094  -0.000526  -0.000142
  0.005262   0.003125   0.006574
 -0.000261  -0.001001  -0.000194
  0.014426  -0.002984   0.016632
 -0.000337  -0.000284  -0.000085
 -0.039470  -0.000293  -0.012221
  0.000401   0.001637   0.000257
 -0.000443   0.003055   0.001499
  0.001019  -0.002848  -0.001838
   77    3  0.0000  0.0000  0.0150
  0.000654  -0.000100   0.001400
  0.000080   0.000210  -0.000113
 -0.000273   0.000142  -0.000020
 -0.000003  -0.000183  -0.000004
  0.000484  -0.000037  -0.000236
  0.000055   0.000167  -0.000034
  0.000162  -0.000390  -0.000115
 -0.000059  -0.000006   0.000102
 -0.000175   0.000038   0.000202
 -0.000617   0.000196  -0.000147
  0.000034   0.000214   0.000073
  0.000060  -0.000192  -0.000124
  0.000035   0.000077  -0.000016
 -0.000082   0.000085   0.000111
 -0.000227  -0.000068   0.000435
  0.000234   0.000010  -0.000132
 -0.000111   0.000312  -0.000114
  0.000025  -0.000133   0.000072
 -0.000280  -0.000116  -0.000526
  0.000206   0.000152   0.000154
 -0.002419   0.001003  -0.003818
  0.000205  -0.000894   0.000387
  0.005310   0.005656  -0.011928
 -0.000025   0.000215   0.000204
 -0.005240  -0.000195   0.000072
  0.000262  -0.000135   0.000020
  0.000027   0.000173   0.000453
 -0.000018  -0.000028  -0.000162
 -0.002179   0.002749   0.002076
  0.000020  -0.000009  -0.000001
  0.010950  -0.005925   0.037476
 -0.000203  -0.000022   0.000291
 -0.007596  -0.005656  -0.003819
 -0.000004  -0.000067   0.000221
  0.001186   0.002566  -0.000802
 -0.000098   0.000012   0.000167
  0.000569   0.000068   0.000041
  0.000087  -0.000023   0.000139
 -0.000176  -0.000416  -0.000220
 -0.000049   0.000019  -0.000038
  0.000679   0.000063   0.001451
 -0.000096  -0.000330  -0.001427
  0.000059  -0.000070  -0.000035
  0.000114  -0.000015   0.000055
  0.000378  -0.000323  -0.000339
 -0.000061  -0.000048   0.000072
 -0.000026  -0.000087  -0.000296
  0.000006  -0.000144   0.000614
  0.000299   0.000290  -0.000264
 -0.000047  -0.000023   0.000068
 -0.000839  -0.000060  -0.000447
  0.000025   0.000011   0.000033
 -0.000213  -0.000232   0.000340
  0.000068   0.000180  -0.000061
  0.000101  -0.000008  -0.000044
  0.000179  -0.000039   0.000145
 -0.000018  -0.000106  -0.000065
 -0.000044  -0.000067  -0.000036
 -0.001966   0.000690   0.001132
  0.000080   0.000036  -0.000046
 -0.000892   0.000706  -0.000681
  0.002138  -0.000139   0.001403
 -0.000418  -0.000049   0.000060
  0.000012   0.000022   0.000022
 -0.000141   0.000405  -0.000390
  0.000009   0.000016   0.000088
 -0.000936   0.001054  -0.000926
 -0.000020   0.000117   0.000087
 -0.000333   0.000225  -0.000171
  0.000039   0.000006  -0.000123
  0.000313  -0.000293   0.000441
 -0.000065  -0.000065  -0.000058
 -0.000244  -0.000703  -0.000818
  0.000003  -0.000088   0.000068
  0.000599  -0.000312  -0.002532
  0.000008   0.000040   0.000023
 -0.124834   0.129405  -0.334536
  0.000079   0.000064   0.000392
  0.000221   0.000314  -0.000616
 -0.000047  -0.000034   0.000134
  0.000292   0.000689  -0.001025
  0.000190  -0.000166   0.000279
 -0.000379   0.000468  -0.001051
 -0.000065  -0.000040   0.000121
 -0.000108   0.000334  -0.000282
 -0.000012   0.000181  -0.000097
 -0.000188   0.000040   0.000043
  0.000041   0.000011  -0.000149
 -0.000106   0.000240  -0.000018
 -0.000009  -0.000005   0.000077
 -0.000105  -0.000069   0.000007
  0.000021   0.000027  -0.000064
 -0.000568   0.000348   0.000582
  0.000145  -0.000171  -0.000549
  0.117503  -0.140541   0.317270
 -0.000008  -0.000073  -0.000441
  0.000398  -0.000021   0.000155
 -0.000127  -0.000092  -0.000099
  0.000418  -0.000076   0.001823
 -0.001468   0.000619  -0.001142
 -0.009042   0.006678  -0.001096
  0.000020  -0.001716  -0.000006
 -0.007659  -0.002277   0.004262
 -0.000029  -0.000259  -0.000162
 -0.004702  -0.002328  -0.006522
  0.000159   0.000412   0.001076
 -0.016584   0.012063  -0.011493
 -0.000232  -0.000267  -0.000096
  0.047391  -0.004944   0.014502
  0.000639   0.001519  -0.000650
  0.000007  -0.003176  -0.003354
 -0.000814   0.002715   0.003653
   79    1  0.0150  0.0000  0.0000
 -0.000168  -0.000034  -0.000132
 -0.000027  -0.000018   0.000014
  0.000112  -0.000039  -0.000028
  0.000004   0.000008   0.000010
 -0.000097  -0.000052   0.000026
  0.000001  -0.000001   0.000021
  0.000113   0.000094  -0.000049
 -0.000005   0.000016   0.000006
  0.000256   0.000453   0.000506
  0.000020  -0.000010   0.000005
  0.000137   0.000136  -0.000016
 -0.000001   0.000005   0.000009
  0.000057  -0.000178  -0.000082
 -0.000013  -0.000033   0.000006
 -0.000003   0.000029  -0.000070
 -0.000021   0.000011   0.000005
  0.000023   0.000036  -0.000028
 -0.000007  -0.000002   0.000006
  0.000029   0.000010   0.000001
 -0.000034  -0.000002  -0.000001
  0.000159   0.000103   0.000342
 -0.000012   0.000040  -0.000014
 -0.001990   0.003795   0.000383
 -0.000021  -0.000020   0.000010
 -0.000781   0.000123  -0.000319
 -0.000020   0.000022   0.000011
 -0.000579  -0.001297   0.000518
 -0.000006  -0.000006  -0.000007
  0.000051  -0.000074   0.000058
 -0.000003   0.000015   0.000019
 -0.000168  -0.002013  -0.000841
  0.000019  -0.000008   0.000003
  0.428463  -0.067158   0.008108
  0.000021   0.000005   0.000016
  0.005679  -0.003151   0.000391
 -0.000016   0.000005   0.000015
 -0.000148   0.000177  -0.000031
 -0.000075   0.000025  -0.000009
 -0.000007  -0.000036   0.000054
 -0.000024  -0.000068   0.000026
 -0.000065   0.000040  -0.000087
 -0.000035   0.000052   0.000171
 -0.000017   0.000007   0.000003
 -0.000013   0.000005  -0.000001
 -0.000041   0.000026   0.000014
  0.000028   0.000013  -0.000013
  0.000103   0.000117   0.000157
  0.000011   0.000004  -0.000008
  0.000002  -0.000138   0.000126
  0.000014  -0.000006  -0.000004
  0.000051  -0.000038   0.000039
 -0.000015  -0.000002   0.000001
  0.000008  -0.000021  -0.000010
 -0.000018  -0.000008   0.000008
  0.000007   0.000035   0.000019
 -0.000010   0.000001  -0.000007
  0.000010   0.000002  -0.000010
 -0.000001   0.000007   0.000004
  0.000055  -0.000023  -0.000029
 -0.000018  -0.000014   0.000012
  0.000344  -0.000021   0.000271
 -0.000088   0.000021  -0.000040
  0.001026  -0.000238  -0.000324
 -0.000001  -0.000003  -0.000003
 -0.000066  -0.000024   0.000021
 -0.000003   0.000002  -0.000005
 -0.000014  -0.000004   0.000063
  0.000013  -0.000020  -0.000012
  0.000214   0.000253  -0.000005
 -0.000015   0.000011   0.000012
 -0.000010   0.000022   0.000043
 -0.000007  -0.000033   0.000019
 -0.000668   0.000779   0.000702
  0.000007   0.000003   0.000003
 -0.000575  -0.000006   0.000008
 -0.000011  -0.000007  -0.000003
  0.000159  -0.000295   0.000243
 -0.000015  -0.000042  -0.000058
 -0.464676   0.069093  -0.009487
  0.000003  -0.000002  -0.000003
  0.008321  -0.001848   0.001369
 -0.000012   0.000001  -0.000010
  0.000660   0.000365   0.001259
 -0.000013   0.000000   0.000021
 -0.002141   0.000328  -0.000492
  0.000015   0.000021   0.000012
 -0.000036  -0.000060  -0.000042
 -0.000004   0.000006   0.000010
  0.000031   0.000031   0.000003
 -0.000007  -0.000001   0.000000
 -0.000004   0.000015  -0.000023
  0.000009  -0.000007  -0.000003
  0.000132  -0.000036  -0.000009
 -0.000020  -0.000018   0.000014
  0.026231   0.001604  -0.002739
  0.000009   0.000016   0.000046
 -0.000066   0.000072  -0.000011
  0.000046   0.000025   0.000007
  0.000059  -0.000163  -0.000644
  0.000068  -0.000041   0.000044
 -0.000060  -0.000378   0.000111
 -0.000184   0.000067   0.000150
  0.000176  -0.001112   0.000944
 -0.000062   0.000063   0.000158
 -0.000157  -0.000002   0.000285
 -0.000083   0.000048   0.000173
 -0.000399   0.000069  -0.000134
  0.000081   0.000037   0.000093
  0.000922   0.000710  -0.000746
 -0.000040  -0.000130  -0.000485
 -0.000166  -0.000145   0.000054
  0.000101   0.000008  -0.000185
   79    2  0.0000  0.0150 -0.0000
 -0.000219  -0.000170  -0.000248
  0.000028   0.000025   0.000003
  0.000105  -0.000011   0.000007
 -0.000015  -0.000014  -0.000003
 -0.000025   0.000030   0.000054
  0.000025  -0.000025  -0.000016
 -0.000261   0.000436  -0.000007
 -0.000016   0.000022   0.000012
  0.000706  -0.000142  -0.000426
  0.000012  -0.000008  -0.000006
 -0.000106  -0.000355   0.000053
 -0.000002  -0.000007  -0.000001
  0.000223  -0.000276   0.000015
  0.000015  -0.000022   0.000017
 -0.000073   0.000049  -0.000084
 -0.000010  -0.000009  -0.000013
 -0.000083  -0.000068   0.000054
  0.000026   0.000025   0.000003
  0.000144  -0.000076   0.000004
  0.000010  -0.000016   0.000019
  0.000670   0.001288   0.000850
  0.000009   0.000041   0.000003
  0.001313   0.008978   0.000087
 -0.000008  -0.000002   0.000002
 -0.000173   0.000546  -0.000257
  0.000020  -0.000034   0.000017
 -0.000197   0.002089  -0.001445
 -0.000018   0.000065   0.000001
 -0.000107   0.000036   0.000378
  0.000019   0.000021  -0.000095
  0.002658  -0.002422  -0.002291
 -0.000043   0.000001  -0.000058
 -0.086640   0.081061   0.002578
 -0.000002   0.000019  -0.000000
 -0.013238  -0.000060   0.000023
 -0.000034  -0.000006   0.000012
  0.000089   0.000034  -0.000043
 -0.000048   0.000043   0.000033
 -0.000093  -0.000079   0.000041
 -0.000029  -0.000091   0.000061
  0.000197  -0.000164   0.000097
  0.000036  -0.000025  -0.000144
  0.000039  -0.000021  -0.000014
  0.000003  -0.000005   0.000009
 -0.000080   0.000082  -0.000002
 -0.000014  -0.000014   0.000015
  0.000185   0.000437   0.000973
  0.000007   0.000008  -0.000004
 -0.000170  -0.000056  -0.000092
 -0.000005  -0.000001   0.000008
  0.000081  -0.000037   0.000055
 -0.000003  -0.000002   0.000018
 -0.000023   0.000023   0.000019
 -0.000019  -0.000021   0.000012
  0.000043  -0.000051  -0.000071
 -0.000017   0.000007  -0.000010
 -0.000012  -0.000025  -0.000018
 -0.000011  -0.000002  -0.000005
  0.000010  -0.000105   0.000006
 -0.000011   0.000001   0.000015
 -0.000067   0.000009  -0.000498
 -0.000090   0.000037  -0.000031
  0.002697  -0.000464  -0.000680
  0.000002  -0.000003  -0.000015
  0.000178  -0.000240   0.000055
 -0.000004  -0.000008   0.000017
 -0.000022  -0.000185   0.000041
  0.000013   0.000022  -0.000026
 -0.000725  -0.000515  -0.000172
 -0.000010   0.000018  -0.000005
  0.000041  -0.000012   0.000062
 -0.000038   0.000113  -0.000005
 -0.000579   0.000153   0.000556
 -0.000009  -0.000021   0.000010
 -0.000104  -0.000156  -0.000199
 -0.000025  -0.000020  -0.000014
  0.000241  -0.002129   0.000314
 -0.000001   0.000014   0.000031
  0.068914  -0.091131   0.004111
 -0.000001   0.000002   0.000003
 -0.026529   0.001498  -0.002995
 -0.000010   0.000007  -0.000011
 -0.000262   0.000571  -0.000983
 -0.000008  -0.000007   0.000022
  0.000085  -0.001330   0.000107
  0.000007   0.000029  -0.000006
 -0.000000   0.000029  -0.000023
 -0.000008   0.000031  -0.000021
  0.000010  -0.000009  -0.000026
  0.000003  -0.000026  -0.000056
 -0.000003  -0.000030   0.000006
 -0.000001  -0.000018  -0.000025
  0.000100  -0.000166  -0.000055
 -0.000016   0.000047  -0.000006
  0.052682   0.003386  -0.001118
  0.000007  -0.000013   0.000009
 -0.000268   0.000279   0.000051
 -0.000001   0.000000  -0.000006
 -0.001466  -0.000944   0.001017
  0.000039  -0.000037   0.000005
 -0.000115  -0.000636   0.000128
  0.000160   0.000153  -0.000051
 -0.000571  -0.000603   0.001011
  0.000074   0.000001  -0.000135
 -0.000245  -0.000013   0.000459
  0.000286  -0.000034  -0.000337
 -0.000541   0.000034  -0.000059
  0.000078  -0.000011  -0.000079
  0.001575   0.001151  -0.001256
 -0.000211  -0.000216   0.000432
 -0.000234   0.000579   0.000203
  0.000099  -0.000128   0.000044
   79    3  0.0000  0.0000  0.0150
  0.000129  -0.000014   0.000016
 -0.000018  -0.000015   0.000000
 -0.000056   0.000017  -0.000007
  0.000002   0.000010   0.000036
  0.000067  -0.000029  -0.000023
  0.000016  -0.000000  -0.000027
 -0.000229   0.000223  -0.000042
  0.000008   0.000020  -0.000014
  0.000765  -0.000251  -0.000111
 -0.000013   0.000007  -0.000002
 -0.000055   0.000101   0.000056
  0.000002   0.000001   0.000004
  0.000122  -0.000126  -0.000020
  0.000005   0.000026   0.000008
 -0.000103  -0.000011   0.000067
  0.000005  -0.000006  -0.000009
 -0.000152  -0.000129   0.000008
 -0.000009   0.000003   0.000003
  0.000062  -0.000079  -0.000029
  0.000046  -0.000012   0.000066
  0.000283   0.000859  -0.000057
  0.000009  -0.000039   0.000039
  0.000324  -0.002202  -0.000486
 -0.000012  -0.000005   0.000010
 -0.000431  -0.000044   0.000368
 -0.000018   0.000033  -0.000011
  0.001575  -0.003982   0.005333
 -0.000032  -0.000045  -0.000000
  0.000179  -0.000530   0.000050
  0.000000  -0.000009   0.000056
  0.001808   0.000227   0.000193
  0.000024  -0.000051   0.000068
  0.009747   0.000524   0.062798
  0.000020   0.000004   0.000026
  0.037292  -0.005482   0.004397
  0.000015   0.000053  -0.000006
 -0.000060   0.000139   0.000004
  0.000102  -0.000118  -0.000050
  0.000034   0.000037  -0.000069
 -0.000018   0.000119  -0.000164
 -0.000027  -0.000086   0.000031
 -0.000171  -0.000043  -0.000304
  0.000065  -0.000017   0.000005
 -0.000004   0.000005  -0.000013
  0.000046  -0.000072  -0.000053
 -0.000007   0.000000  -0.000020
  0.000384   0.000840   0.000469
 -0.000011  -0.000005   0.000018
  0.000275  -0.000087  -0.000046
 -0.000008   0.000002  -0.000007
 -0.000042   0.000005  -0.000034
  0.000002   0.000005   0.000017
 -0.000025   0.000018   0.000009
  0.000017   0.000029   0.000013
  0.000040  -0.000092  -0.000032
  0.000003  -0.000005   0.000014
 -0.000016   0.000015   0.000002
 -0.000027  -0.000003  -0.000010
 -0.000066  -0.000031  -0.000050
  0.000010   0.000008  -0.000001
 -0.000401   0.000088  -0.000772
  0.000120  -0.000030   0.000092
 -0.000563   0.000001  -0.000029
 -0.000004   0.000002   0.000023
  0.000019  -0.000084   0.000037
 -0.000012   0.000011  -0.000004
  0.000011  -0.000004  -0.000116
 -0.000028  -0.000039   0.000020
  0.001539   0.001211   0.000542
 -0.000009   0.000020  -0.000010
  0.000059  -0.000008  -0.000003
  0.000009  -0.000063  -0.000044
 -0.000141   0.000618   0.000156
  0.000022  -0.000007  -0.000005
 -0.000244   0.000022  -0.000032
 -0.000009  -0.000005   0.000047
 -0.000846   0.000163  -0.000568
  0.000031   0.000058   0.000093
 -0.009438   0.004057  -0.071146
 -0.000002  -0.000000   0.000005
 -0.031758   0.003986  -0.002988
  0.000002  -0.000005   0.000026
  0.001438  -0.000897   0.001898
 -0.000031   0.000013   0.000045
  0.000250   0.000543  -0.002503
  0.000023   0.000030  -0.000010
 -0.000103  -0.000027  -0.000043
 -0.000012   0.000012   0.000016
 -0.000011   0.000056   0.000005
 -0.000028  -0.000002   0.000191
 -0.000005   0.000036  -0.000006
  0.000001   0.000006   0.000012
 -0.000118  -0.000021   0.000054
  0.000005  -0.000032  -0.000010
 -0.010400   0.000433   0.001294
 -0.000016  -0.000003  -0.000059
 -0.000129   0.000087   0.000028
 -0.000030  -0.000017  -0.000011
 -0.001321  -0.000443   0.001562
 -0.000068   0.000045  -0.000059
  0.000125   0.000693  -0.000307
  0.000280  -0.000133  -0.000233
  0.000559   0.001132  -0.000928
  0.000072  -0.000091  -0.000149
  0.000200  -0.000028  -0.000615
  0.000251  -0.000180  -0.000272
  0.000620   0.000108  -0.000026
  0.000011  -0.000082  -0.000122
 -0.001661  -0.001305   0.001726
 -0.000111   0.000243   0.000520
 -0.000039   0.000021  -0.000243
  0.000017   0.000104   0.000436
   81    1  0.0150  0.0000  0.0000
  0.000119  -0.000311  -0.000173
  0.000065   0.000021  -0.000003
 -0.000182   0.000054   0.000029
 -0.000018  -0.000005   0.000028
  0.000168   0.000107  -0.000035
  0.000021  -0.000030  -0.000081
 -0.000138  -0.000011   0.000040
  0.000003  -0.000008  -0.000027
  0.000446  -0.000070  -0.000220
 -0.000031   0.000014   0.000015
 -0.000145  -0.000136   0.000037
 -0.000002  -0.000004   0.000009
  0.000092  -0.000107   0.000007
  0.000003   0.000001  -0.000006
 -0.000063  -0.000004   0.000001
  0.000030  -0.000010  -0.000001
 -0.000265   0.000026   0.000013
  0.000024   0.000018  -0.000015
  0.000158  -0.000308   0.000032
  0.000073  -0.000011   0.000010
  0.001392   0.003244   0.001032
  0.000006   0.000010   0.000009
 -0.001975  -0.000522   0.000659
  0.000051   0.000017  -0.000005
  0.000311   0.000100   0.000018
 -0.000005  -0.000010  -0.000002
 -0.000239  -0.000457   0.000903
  0.000016   0.000012   0.000035
 -0.000396  -0.000502  -0.000610
  0.000007  -0.000019   0.000007
  0.002092   0.004122  -0.002194
  0.000013  -0.000018   0.000016
  0.096284  -0.067923  -0.080733
 -0.000013   0.000010   0.000009
 -0.004202   0.008901   0.011622
  0.000026   0.000010  -0.000021
 -0.000023  -0.000069  -0.000110
  0.000076  -0.000038   0.000027
  0.000021   0.000137  -0.000041
 -0.000027   0.000023  -0.000028
  0.000069  -0.000143   0.000110
 -0.000098   0.000077   0.000093
  0.000173  -0.000065   0.000004
  0.000012  -0.000003  -0.000019
  0.000007  -0.000012  -0.000022
 -0.000076  -0.000039  -0.000013
  0.000583   0.000124   0.000158
 -0.000005   0.000005   0.000002
  0.000006   0.000026  -0.000094
 -0.000047   0.000015  -0.000008
 -0.000042   0.000030   0.000005
  0.000026  -0.000002   0.000006
 -0.000082   0.000124   0.000020
  0.000019  -0.000004  -0.000011
  0.000196  -0.000450  -0.000215
  0.000003  -0.000004  -0.000003
 -0.000060   0.000023  -0.000000
  0.000004   0.000005   0.000011
 -0.000188  -0.000285  -0.000090
  0.000046   0.000023  -0.000011
 -0.001052   0.000259  -0.003070
  0.000089   0.000005   0.000032
 -0.000084  -0.000207  -0.000225
  0.000004  -0.000006   0.000007
  0.000852  -0.000139   0.000289
 -0.000001  -0.000004   0.000003
 -0.000012  -0.000188  -0.000079
 -0.000017   0.000005   0.000021
  0.000390   0.000087   0.000068
  0.000002  -0.000001  -0.000007
  0.000053  -0.000082   0.000057
  0.000032   0.000009  -0.000026
 -0.000614   0.000181   0.000243
 -0.000009   0.000015  -0.000001
 -0.000745   0.000746   0.001399
  0.000022  -0.000006   0.000018
 -0.000244  -0.001029   0.000312
  0.000059   0.000138   0.000169
  0.008505  -0.026575  -0.031845
 -0.000006   0.000009   0.000005
 -0.098302   0.061619   0.082624
  0.000013  -0.000000   0.000004
 -0.001770   0.000241  -0.000656
  0.000003  -0.000000   0.000022
  0.000185  -0.000169   0.001790
  0.000012   0.000001  -0.000006
  0.000018  -0.000004   0.000011
 -0.000011   0.000001  -0.000000
 -0.000029  -0.000050   0.000037
 -0.000001  -0.000016   0.000055
  0.000038  -0.000019   0.000029
 -0.000013  -0.000008   0.000013
 -0.000280  -0.000138   0.000038
  0.000047   0.000071   0.000058
 -0.002632   0.021756   0.019886
 -0.000031  -0.000050  -0.000046
 -0.000161   0.000205   0.000033
 -0.000056  -0.000023   0.000012
  0.000159  -0.002257  -0.000752
 -0.000053  -0.000004  -0.000001
 -0.000061  -0.000254  -0.000064
  0.000876   0.000556  -0.000504
 -0.000109   0.000084   0.000154
  0.000417  -0.000007  -0.000934
 -0.000027   0.000003  -0.000005
 -0.000048  -0.000592  -0.002327
  0.000089   0.000116  -0.000237
 -0.000376   0.000148  -0.000561
  0.000047   0.000047   0.000069
 -0.000030  -0.001221   0.003666
  0.000700   0.001308  -0.000138
 -0.000157  -0.000259   0.000182
   81    2  0.0000  0.0150 -0.0000
  0.000117  -0.000019  -0.000114
  0.000042   0.000054  -0.000014
 -0.000143   0.000007   0.000010
 -0.000048  -0.000033  -0.000006
  0.000085   0.000116  -0.000017
  0.000050  -0.000057  -0.000031
  0.000103  -0.000231   0.000000
 -0.000020   0.000048   0.000002
 -0.000062   0.000154   0.000057
  0.000000   0.000009  -0.000003
  0.000024  -0.000079  -0.000003
 -0.000018   0.000004  -0.000005
 -0.000103   0.000358  -0.000004
 -0.000012  -0.000021   0.000002
 -0.000021  -0.000128   0.000011
  0.000011  -0.000004   0.000001
 -0.000072   0.000131  -0.000004
  0.000032  -0.000001  -0.000004
 -0.000274   0.000308   0.000023
 -0.000006   0.000010   0.000008
  0.001356   0.001309  -0.000421
  0.000022   0.000000   0.000020
 -0.001790  -0.001022   0.000554
  0.000011   0.000022  -0.000022
  0.000315  -0.000389   0.000331
  0.000009   0.000003  -0.000008
  0.000816   0.000998  -0.001393
  0.000022  -0.000018   0.000017
 -0.000422   0.000210  -0.000419
 -0.000024   0.000003  -0.000010
  0.003372   0.006362  -0.003700
 -0.000082  -0.000030   0.000025
 -0.055448   0.202923   0.171756
 -0.000014  -0.000010  -0.000023
  0.004101  -0.011210  -0.016395
  0.000060   0.000009  -0.000035
  0.000131  -0.000273   0.000082
  0.000057  -0.000016   0.000044
 -0.000050   0.000110  -0.000024
 -0.000032   0.000016  -0.000039
 -0.000382  -0.000383   0.000220
  0.000049  -0.000127  -0.000178
  0.000033  -0.000050   0.000014
  0.000005  -0.000003   0.000004
 -0.000004   0.000025   0.000012
 -0.000036  -0.000061   0.000026
  0.000038  -0.000267  -0.000121
  0.000003   0.000018   0.000002
 -0.000041   0.000023  -0.000000
 -0.000029   0.000010   0.000024
 -0.000010   0.000060   0.000012
  0.000022  -0.000009   0.000003
  0.000023   0.000003   0.000007
 -0.000003  -0.000014  -0.000010
 -0.000358  -0.000085   0.000171
 -0.000003   0.000011   0.000002
 -0.000022   0.000043  -0.000006
 -0.000005  -0.000010   0.000006
  0.000034   0.000106  -0.000012
  0.000035   0.000017  -0.000003
  0.000254  -0.000938  -0.001580
  0.000062   0.000020   0.000036
 -0.000303   0.000013   0.000075
 -0.000003  -0.000002   0.000005
 -0.000029  -0.000189   0.000097
  0.000007  -0.000002   0.000001
 -0.000070  -0.000071   0.000031
 -0.000001   0.000026   0.000014
 -0.000416  -0.000300  -0.000170
  0.000022   0.000006  -0.000009
  0.000050   0.000073   0.000100
  0.000068  -0.000063  -0.000059
  0.000241  -0.000181  -0.000232
  0.000017  -0.000089   0.000014
 -0.000066   0.000720   0.002147
 -0.000037  -0.000009   0.000036
 -0.000504  -0.000250   0.000704
  0.000044   0.000124   0.000158
 -0.001841   0.001484   0.003974
  0.000000   0.000007   0.000003
  0.061548  -0.232731  -0.186038
  0.000003   0.000031   0.000012
  0.000113  -0.001697  -0.001060
 -0.000014   0.000021  -0.000013
 -0.001204   0.000393  -0.003631
 -0.000003  -0.000011  -0.000037
  0.000096   0.000034   0.000038
  0.000001   0.000007  -0.000007
 -0.000016  -0.000106  -0.000011
 -0.000018  -0.000002   0.000022
  0.000043  -0.000058   0.000055
  0.000004   0.000009   0.000007
 -0.000217  -0.000066   0.000009
 -0.000022   0.000060   0.000004
 -0.007573   0.033659   0.031540
  0.000023  -0.000016  -0.000037
  0.000369  -0.000370  -0.000069
  0.000008  -0.000011  -0.000011
 -0.002726   0.000084   0.002479
 -0.000040  -0.000001  -0.000025
 -0.000019  -0.000684  -0.000074
  0.000553   0.001852   0.000440
 -0.000031  -0.000493   0.000117
  0.000268   0.000444  -0.000904
 -0.000003  -0.000216  -0.000119
 -0.000567   0.002069  -0.001727
 -0.000021  -0.000222  -0.000188
 -0.000545   0.000599  -0.000984
  0.000104   0.001021  -0.000190
 -0.000283  -0.004219   0.004527
  0.001184   0.001223   0.000089
  0.000048   0.000085   0.000022
   81    3  0.0000  0.0000  0.0150
  0.000115   0.000275   0.000201
 -0.000000  -0.000049  -0.000014
  0.000044  -0.000012  -0.000017
  0.000026   0.000050  -0.000005
 -0.000065   0.000043   0.000008
 -0.000113   0.000009   0.000029
  0.000019  -0.000035  -0.000040
  0.000039  -0.000067   0.000002
 -0.000068   0.000019   0.000104
  0.000006  -0.000010  -0.000003
  0.000002  -0.000017   0.000026
 -0.000003   0.000056  -0.000004
 -0.000040   0.000054  -0.000010
 -0.000031  -0.000038   0.000004
  0.000028  -0.000002   0.000040
  0.000033   0.000024  -0.000013
  0.000140  -0.000049  -0.000046
 -0.000031   0.000006   0.000016
  0.000008   0.000007  -0.000042
  0.000005  -0.000005   0.000016
 -0.000198  -0.001616  -0.001165
 -0.000038   0.000052   0.000030
  0.001438   0.001087  -0.000670
  0.000062   0.000015   0.000052
 -0.000051   0.000583   0.000268
  0.000033  -0.000009   0.000007
 -0.000699  -0.000994   0.001701
 -0.000002   0.000001  -0.000026
 -0.000011  -0.000386  -0.000018
  0.000014   0.000004   0.000046
 -0.001650  -0.002561   0.000206
  0.000042  -0.000016   0.000075
 -0.075684   0.184322   0.292440
  0.000003   0.000058   0.000027
 -0.009267   0.015393   0.027967
 -0.000043  -0.000016   0.000045
  0.000051   0.000161  -0.000147
 -0.000000  -0.000017  -0.000011
 -0.000023  -0.000039  -0.000022
  0.000015   0.000023   0.000002
  0.000217   0.000209   0.000177
 -0.000140   0.000221  -0.000016
 -0.000073   0.000036  -0.000036
 -0.000010   0.000002   0.000009
 -0.000009   0.000015  -0.000007
 -0.000066  -0.000018   0.000051
  0.000081  -0.000078  -0.000281
 -0.000002   0.000007   0.000001
 -0.000035   0.000019  -0.000033
 -0.000046   0.000036   0.000023
 -0.000003   0.000003  -0.000037
  0.000037  -0.000002   0.000008
 -0.000025   0.000067   0.000019
  0.000018  -0.000018  -0.000030
 -0.000127   0.000201  -0.000215
 -0.000005  -0.000002  -0.000003
  0.000053  -0.000098   0.000028
  0.000022  -0.000005   0.000017
  0.000018   0.000106   0.000059
  0.000060   0.000028  -0.000029
 -0.002053  -0.000847   0.002773
 -0.000007   0.000020  -0.000028
 -0.000126   0.000037   0.000208
  0.000008  -0.000004   0.000025
  0.000327  -0.000208  -0.000174
 -0.000006   0.000001   0.000005
  0.000009  -0.000104  -0.000211
 -0.000010  -0.000003   0.000015
  0.000318   0.000285   0.000077
 -0.000009  -0.000005  -0.000014
 -0.000055  -0.000108  -0.000076
 -0.000056  -0.000005   0.000027
  0.000028   0.000117   0.000171
 -0.000020   0.000066   0.000030
  0.000087  -0.000671  -0.000775
  0.000052   0.000005   0.000009
  0.000287   0.000871  -0.001010
  0.000093   0.000218   0.000265
  0.001345  -0.003028  -0.002986
 -0.000011   0.000011   0.000031
  0.082659  -0.186134  -0.316566
  0.000004  -0.000014  -0.000010
 -0.000391   0.000999  -0.001929
  0.000007  -0.000023   0.000018
  0.003010  -0.001213   0.003720
  0.000002   0.000015   0.000019
 -0.000082  -0.000034   0.000000
 -0.000006  -0.000003  -0.000019
  0.000020   0.000059   0.000024
  0.000015  -0.000005   0.000026
 -0.000031   0.000009  -0.000005
 -0.000012  -0.000007  -0.000005
  0.000027  -0.000031   0.000139
  0.000102   0.000034  -0.000084
  0.003281  -0.009049  -0.010369
 -0.000057  -0.000094  -0.000151
  0.000016  -0.000036   0.000058
 -0.000001   0.000043   0.000002
 -0.002520   0.001419   0.004022
  0.000017  -0.000029   0.000004
  0.000041  -0.000406   0.000170
 -0.000270   0.000184  -0.000738
 -0.000020  -0.000234   0.000451
  0.000181  -0.000356  -0.000659
 -0.000022   0.000212   0.000407
 -0.000608   0.000315   0.000524
  0.000132  -0.000162   0.000474
 -0.000820  -0.000123  -0.000692
 -0.000220   0.000353  -0.000957
  0.001151   0.000700   0.004003
  0.000108   0.000654  -0.001341
  0.000016  -0.000722   0.000332
   83    1  0.0150  0.0000  0.0000
  0.000064  -0.000013  -0.000008
  0.000043   0.000032   0.000018
 -0.000061   0.000026   0.000036
 -0.000038  -0.000007  -0.000003
  0.000099   0.000118  -0.000021
  0.000029  -0.000027  -0.000027
  0.000012  -0.000156   0.000017
 -0.000012   0.000050  -0.000006
  0.000029   0.000051  -0.000019
  0.000006  -0.000005   0.000008
 -0.000016  -0.000025   0.000000
  0.000010  -0.000012   0.000011
  0.000011  -0.000055   0.000003
 -0.000042  -0.000101   0.000001
 -0.000007   0.000012  -0.000001
 -0.000009   0.000014   0.000020
 -0.000015   0.000037   0.000007
  0.000004  -0.000009   0.000003
  0.000049  -0.000054   0.000035
 -0.000013   0.000008   0.000016
  0.000077   0.000148  -0.000050
 -0.000027   0.000003  -0.000027
 -0.000144   0.000039  -0.000242
  0.000057  -0.000008   0.000049
 -0.002656   0.001134   0.001482
  0.000011  -0.000046  -0.000008
 -0.006660   0.038398   0.003641
 -0.000007   0.000084   0.000045
  0.006559   0.003416   0.001620
  0.000030  -0.000031  -0.000029
  0.000903  -0.000149   0.000492
  0.000332  -0.000101  -0.000129
  0.003620  -0.011838  -0.000761
 -0.000003   0.000026   0.000010
  0.081532  -0.081145  -0.011798
  0.000061  -0.000002  -0.000040
 -0.001575   0.002053   0.000558
  0.000165  -0.000095   0.000109
  0.000694   0.000334   0.000158
 -0.000062   0.000034  -0.000090
 -0.000282  -0.000558  -0.000654
 -0.000051  -0.000193  -0.000655
  0.000013  -0.000013  -0.000020
  0.000009  -0.000001   0.000012
  0.000014   0.000025   0.000009
 -0.000011  -0.000017   0.000010
 -0.000009  -0.000070   0.000008
  0.000003   0.000013  -0.000009
 -0.000020   0.000013  -0.000017
 -0.000013  -0.000004  -0.000002
 -0.000013   0.000020   0.000003
 -0.000003  -0.000012  -0.000005
 -0.000038   0.000026   0.000044
 -0.000002  -0.000004   0.000001
 -0.000018  -0.000004  -0.000085
 -0.000001   0.000016   0.000009
 -0.000073  -0.000074  -0.000027
 -0.000020  -0.000019  -0.000002
 -0.000022  -0.000003   0.000009
  0.000003  -0.000007   0.000001
 -0.000084  -0.000034  -0.000134
  0.000048   0.000005   0.000024
  0.000007  -0.000075   0.000149
 -0.000005  -0.000014  -0.000014
  0.000107  -0.000920  -0.000589
 -0.000001  -0.000017   0.000037
 -0.000286  -0.000352   0.000221
 -0.000008   0.000054   0.000034
 -0.001979  -0.000918  -0.000317
  0.000016  -0.000014  -0.000025
  0.000265  -0.000156   0.000103
  0.000234   0.000119   0.000004
 -0.000259   0.000182  -0.000102
 -0.000069   0.000084  -0.000317
 -0.000243   0.000149  -0.000025
 -0.000085  -0.000080   0.000038
 -0.000272  -0.000029  -0.000366
 -0.000020  -0.000065  -0.000064
  0.000688  -0.000272   0.001420
 -0.000012   0.000006  -0.000036
 -0.001784   0.000114  -0.000388
 -0.000002   0.000021   0.000006
 -0.086545   0.083047   0.007042
 -0.000047   0.000012   0.000024
  0.006114  -0.032072  -0.001925
  0.000001   0.000072  -0.000041
  0.000005  -0.000081   0.000038
 -0.000032   0.000032  -0.000021
 -0.000185  -0.000019   0.000046
 -0.000033  -0.000038   0.000028
  0.000212   0.000108  -0.000226
  0.000000  -0.000004   0.000024
 -0.000195  -0.000015  -0.000120
 -0.000046   0.000016  -0.000018
  0.001331   0.000082   0.000482
 -0.000181   0.000011   0.000089
  0.000018   0.000072  -0.000007
  0.000054   0.000052  -0.000026
 -0.000211  -0.000089   0.000281
 -0.000029  -0.000018   0.000000
 -0.000005  -0.000464  -0.000247
  0.000075   0.000296  -0.000072
 -0.000007  -0.000217   0.000066
  0.000028   0.000077  -0.000058
 -0.000002  -0.000200  -0.000185
  0.000057   0.000315  -0.000418
  0.000062  -0.000252   0.000061
 -0.000000   0.000108  -0.000044
 -0.000077   0.000630   0.000062
 -0.000045  -0.000481   0.000318
  0.000652  -0.000124   0.001178
  0.000257   0.000076   0.000303
   83    2  0.0000  0.0150 -0.0000
  0.000027  -0.000026  -0.000035
  0.000011   0.000042  -0.000004
 -0.000030   0.000031   0.000035
 -0.000019  -0.000018  -0.000007
  0.000092   0.000073  -0.000008
  0.000036   0.000034  -0.000018
 -0.000018  -0.000117   0.000005
 -0.000020  -0.000013   0.000004
  0.000001   0.000009   0.000004
 -0.000018   0.000010   0.000006
  0.000001   0.000012   0.000003
  0.000006  -0.000037   0.000001
  0.000015  -0.000038  -0.000001
 -0.000009  -0.000038   0.000003
 -0.000024   0.000001   0.000003
 -0.000003  -0.000006   0.000008
 -0.000009   0.000036   0.000005
  0.000018  -0.000004   0.000003
  0.000008  -0.000099   0.000079
  0.000017  -0.000001   0.000005
  0.000139   0.000137   0.000026
  0.000028  -0.000038   0.000026
 -0.000574   0.000080  -0.000016
 -0.000036   0.000031  -0.000017
 -0.001246  -0.000642   0.000113
  0.000008  -0.000001  -0.000023
 -0.003453   0.019279   0.003112
  0.000048  -0.000020   0.000020
  0.003947   0.000092   0.000896
 -0.000065   0.000013  -0.000022
  0.000326  -0.000855   0.000192
 -0.000190   0.000032   0.000028
 -0.002859   0.013594  -0.000362
 -0.000010  -0.000052  -0.000012
 -0.079673   0.415453   0.035034
  0.000046  -0.000015  -0.000033
 -0.000959   0.000756  -0.000067
  0.000034   0.000016   0.000073
  0.000381   0.000174   0.000169
 -0.000010  -0.000001  -0.000036
  0.000355   0.003189   0.000497
 -0.000039  -0.000095  -0.000033
  0.000013  -0.000015  -0.000025
  0.000017  -0.000005   0.000015
  0.000028   0.000002   0.000006
 -0.000009  -0.000005   0.000039
 -0.000005  -0.000004  -0.000004
 -0.000000  -0.000005   0.000007
  0.000015   0.000004   0.000003
 -0.000003  -0.000010   0.000016
 -0.000019   0.000007   0.000010
 -0.000001  -0.000002   0.000003
 -0.000025   0.000029   0.000026
 -0.000000   0.000005   0.000002
  0.000003  -0.000016  -0.000097
  0.000007  -0.000002   0.000009
 -0.000082  -0.000019   0.000009
 -0.000003  -0.000005   0.000003
 -0.000038  -0.000002   0.000055
  0.000001  -0.000003   0.000005
 -0.000063  -0.000018  -0.000065
  0.000096  -0.000012   0.000067
  0.000107  -0.000138   0.000099
 -0.000015  -0.000005  -0.000002
  0.000968  -0.000207  -0.000818
  0.000018  -0.000008   0.000016
 -0.000089  -0.000506   0.000027
 -0.000006   0.000049   0.000038
 -0.000113  -0.001279   0.000333
  0.000034   0.000008  -0.000018
  0.000086  -0.000210  -0.000044
  0.000121  -0.000107  -0.000096
  0.000016  -0.000033  -0.000047
 -0.000005  -0.000156   0.000046
 -0.000019   0.000022  -0.000016
 -0.000014   0.000017   0.000018
  0.000404   0.000159   0.000478
 -0.000010   0.000008   0.000041
  0.000276   0.000614  -0.000856
  0.000001  -0.000016  -0.000003
  0.000302  -0.001728   0.000937
  0.000009   0.000013   0.000023
  0.083268  -0.449799  -0.038339
 -0.000008   0.000003   0.000009
 -0.000176   0.002371   0.000197
 -0.000006   0.000019  -0.000043
  0.000073  -0.000005   0.000041
  0.000006   0.000006  -0.000011
 -0.000096   0.000030  -0.000012
 -0.000001   0.000000   0.000009
  0.000077   0.000064  -0.000059
 -0.000001  -0.000016   0.000017
 -0.000203   0.000009  -0.000098
  0.000005   0.000020   0.000000
 -0.001672   0.000021  -0.001909
  0.000078   0.000005  -0.000001
  0.000045   0.000059  -0.000022
 -0.000008   0.000009  -0.000009
 -0.000013  -0.000087   0.000131
 -0.000060   0.000026  -0.000048
 -0.000095  -0.000162  -0.000218
  0.000058   0.000057  -0.000020
 -0.000043  -0.000028  -0.000083
  0.000049  -0.000013  -0.000134
 -0.000004  -0.000133  -0.000219
  0.000063   0.000205  -0.000334
 -0.000095   0.000050  -0.000274
 -0.000003   0.000008  -0.000069
  0.000159   0.000249   0.000307
 -0.000048  -0.000083   0.000306
  0.000403  -0.000379   0.000911
 -0.000033   0.000096   0.000076
   83    3  0.0000  0.0000  0.0150
  0.000077   0.000056   0.000071
  0.000001   0.000027  -0.000013
 -0.000052  -0.000029   0.000005
 -0.000006  -0.000008  -0.000011
  0.000006   0.000059  -0.000010
  0.000019   0.000073  -0.000005
  0.000028  -0.000106  -0.000000
 -0.000013  -0.000063   0.000006
  0.000025   0.000062   0.000013
 -0.000008   0.000009   0.000008
  0.000024  -0.000050   0.000006
  0.000008  -0.000033  -0.000008
 -0.000094   0.000219   0.000015
  0.000009  -0.000015   0.000007
  0.000003  -0.000058   0.000014
 -0.000001  -0.000008   0.000011
 -0.000028   0.000029   0.000006
  0.000018   0.000009  -0.000000
 -0.000193   0.000125   0.000049
  0.000026  -0.000009  -0.000020
 -0.000174  -0.000228  -0.000170
  0.000042   0.000004   0.000027
  0.001353  -0.000052  -0.000127
 -0.000069   0.000027  -0.000062
 -0.000187  -0.001245  -0.000163
 -0.000009   0.000009  -0.000015
 -0.003361   0.014646   0.003860
  0.000044  -0.000031   0.000019
  0.003719   0.001589   0.000416
 -0.000038  -0.000014  -0.000060
 -0.000018   0.000907   0.001175
 -0.000509   0.000078   0.000062
  0.008107  -0.038456  -0.000044
 -0.000047  -0.000065  -0.000032
 -0.012128   0.040347   0.065211
  0.000004  -0.000021  -0.000002
 -0.000706   0.000953  -0.000288
 -0.000008   0.000066   0.000029
  0.000468   0.000250   0.000184
  0.000017  -0.000002   0.000006
 -0.000250  -0.000125   0.000375
 -0.000024   0.000061   0.000520
 -0.000022  -0.000003   0.000017
  0.000019  -0.000005   0.000018
 -0.000009   0.000025   0.000018
 -0.000017   0.000005   0.000064
  0.000017  -0.000067  -0.000020
  0.000002  -0.000006  -0.000009
 -0.000038   0.000002  -0.000006
  0.000001  -0.000005   0.000050
  0.000016   0.000036  -0.000001
  0.000005   0.000004   0.000002
  0.000045  -0.000026  -0.000024
 -0.000001  -0.000006  -0.000003
 -0.000063  -0.000089   0.000173
  0.000002  -0.000008  -0.000003
 -0.000040   0.000116   0.000001
  0.000020   0.000008   0.000010
  0.000043   0.000025  -0.000039
  0.000005   0.000002   0.000007
  0.000013  -0.000042   0.000020
 -0.000006   0.000001   0.000001
 -0.000146   0.000034   0.000046
 -0.000013   0.000003   0.000001
 -0.000099   0.000031  -0.000113
  0.000024  -0.000006   0.000006
 -0.000110   0.000079   0.000083
  0.000004   0.000028   0.000010
 -0.000549   0.000097  -0.000346
  0.000024   0.000016  -0.000001
  0.000130  -0.000391  -0.000324
  0.000036  -0.000090  -0.000101
  0.000104  -0.000001   0.000002
 -0.000059  -0.000196   0.000252
 -0.000035   0.000041  -0.000163
  0.000065   0.000070  -0.000014
 -0.001414  -0.000959  -0.001040
  0.000002   0.000062   0.000096
  0.001306  -0.000993   0.001898
  0.000012  -0.000026   0.000041
 -0.000664  -0.001049  -0.001911
  0.000016   0.000005   0.000013
  0.007042  -0.038287  -0.079799
  0.000022  -0.000014   0.000012
 -0.005044   0.028751   0.002176
 -0.000009  -0.000007  -0.000060
  0.000020  -0.000008   0.000016
  0.000024  -0.000018   0.000010
 -0.000069  -0.000042  -0.000086
  0.000029   0.000015  -0.000005
  0.000089   0.000108  -0.000045
 -0.000009  -0.000016   0.000010
 -0.000102   0.000010  -0.000051
  0.000038   0.000033   0.000037
  0.002503  -0.005812   0.007418
  0.000215  -0.000011  -0.000026
  0.000206  -0.000205  -0.000074
 -0.000032   0.000006   0.000006
  0.000093   0.000237  -0.000079
  0.000009   0.000001  -0.000002
  0.000133  -0.000351  -0.000019
  0.000026   0.000095  -0.000050
  0.000115  -0.000194   0.000194
  0.000089  -0.000043  -0.000270
  0.000087   0.000107   0.000304
 -0.000095   0.000146  -0.000563
  0.000384  -0.000526   0.000726
 -0.000100  -0.000005  -0.000168
 -0.000623   0.000349  -0.000484
 -0.000014  -0.000173   0.000731
  0.000451   0.000256   0.000655
 -0.000175  -0.000112  -0.000288
   85    1  0.0150  0.0000  0.0000
 -0.000064  -0.000018   0.000008
  0.000008   0.000011  -0.000006
  0.000022   0.000007  -0.000058
 -0.000015  -0.000037   0.000014
 -0.000099  -0.000028   0.000012
  0.000133   0.000029  -0.000020
 -0.000010   0.000028   0.000007
  0.000002   0.000009   0.000017
 -0.000055  -0.000008  -0.000009
 -0.000016   0.000000   0.000000
 -0.000003  -0.000003  -0.000014
 -0.000000  -0.000023  -0.000007
  0.000022  -0.000057   0.000009
  0.000027   0.000026   0.000004
  0.000017   0.000027  -0.000013
 -0.000011  -0.000025   0.000003
  0.000002  -0.000062   0.000006
  0.000023   0.000006   0.000003
  0.000032   0.000009   0.000000
  0.000021   0.000003   0.000002
 -0.000021   0.000362   0.000111
  0.000057  -0.000006  -0.000005
  0.001033  -0.000732   0.000847
 -0.000058  -0.000018  -0.000104
  0.006320   0.003941   0.003642
 -0.000069   0.000045   0.000021
  0.028532  -0.002774  -0.025727
 -0.000031  -0.000033  -0.000013
 -0.001374  -0.001817  -0.000952
  0.000008   0.000009  -0.000041
 -0.000139   0.000015  -0.000545
 -0.000312   0.000388  -0.000051
 -0.011074   0.001480   0.015723
 -0.000022  -0.000045  -0.000002
  0.253696  -0.027945  -0.183529
 -0.000019  -0.000004   0.000019
  0.000060  -0.000416   0.000428
 -0.000163   0.000095  -0.000111
 -0.000250  -0.000150  -0.000030
  0.000054  -0.000014   0.000159
  0.000011  -0.000028   0.000035
  0.001415  -0.001013  -0.001402
  0.000011   0.000021   0.000046
  0.000009   0.000002  -0.000004
 -0.000015   0.000007   0.000011
  0.000006  -0.000022   0.000074
 -0.000037  -0.000004   0.000016
 -0.000002  -0.000003   0.000005
 -0.000014  -0.000010   0.000021
  0.000011  -0.000013   0.000020
  0.000017  -0.000015   0.000014
 -0.000008  -0.000004   0.000001
  0.000007  -0.000019  -0.000002
 -0.000012   0.000000   0.000013
  0.000028  -0.000004   0.000037
 -0.000007   0.000004   0.000004
  0.000009   0.000017  -0.000002
 -0.000018  -0.000005  -0.000007
  0.000033  -0.000053  -0.000123
 -0.000018  -0.000008   0.000024
  0.000175   0.000022  -0.000136
 -0.000030   0.000003   0.000006
 -0.000147   0.000017  -0.000066
  0.000004   0.000005  -0.000017
 -0.000439   0.000225   0.000677
  0.000016  -0.000002  -0.000004
  0.001348   0.000645  -0.002071
  0.000014  -0.000053  -0.000106
 -0.000525  -0.000715   0.000196
 -0.000031   0.000030   0.000050
 -0.000335   0.000962   0.000677
 -0.000055  -0.000025   0.000013
 -0.000219  -0.000003  -0.000134
  0.000079  -0.000238   0.000053
 -0.000062   0.000041   0.000060
  0.000020   0.000071  -0.000148
 -0.000192  -0.000117  -0.000097
 -0.000025  -0.000034  -0.000006
 -0.002257   0.000133   0.000235
  0.000013  -0.000014   0.000025
  0.000232  -0.001258   0.002944
  0.000007   0.000005   0.000003
  0.006126  -0.000110  -0.004973
 -0.000002   0.000005  -0.000012
 -0.280981   0.029220   0.193117
  0.000011  -0.000007  -0.000007
 -0.000058  -0.000014  -0.000103
  0.000035  -0.000057   0.000071
  0.000012   0.000016  -0.000023
  0.000070  -0.000007  -0.000115
  0.000014  -0.000075  -0.000047
 -0.000028  -0.000025  -0.000017
  0.000083   0.000023  -0.000008
 -0.000035   0.000035  -0.000029
 -0.000153   0.000158   0.001266
  0.000279   0.000016   0.000004
 -0.000058   0.000042  -0.000006
 -0.000012  -0.000033  -0.000006
 -0.000427  -0.000167  -0.000010
  0.000011  -0.000005   0.000012
  0.000038   0.000009   0.000016
  0.000000  -0.000066   0.000057
  0.000052  -0.000041   0.000009
  0.000054  -0.000009  -0.000082
  0.000019  -0.000036   0.000003
  0.000100   0.000124   0.000080
  0.000008  -0.000057   0.000079
  0.000112  -0.000015   0.000031
 -0.000060   0.000061  -0.000004
 -0.000197   0.000115  -0.000017
 -0.000170  -0.000072   0.000018
 -0.000124   0.000143  -0.000040
   85    2  0.0000  0.0150 -0.0000
 -0.000020  -0.000001  -0.000008
  0.000057  -0.000033   0.000032
  0.000032   0.000031  -0.000024
 -0.000027   0.000026   0.000025
 -0.000051   0.000013   0.000010
  0.000015  -0.000104   0.000015
 -0.000017   0.000022   0.000011
  0.000019   0.000121   0.000003
  0.000014  -0.000009  -0.000022
  0.000017  -0.000039  -0.000011
 -0.000023  -0.000002   0.000003
  0.000011   0.000037   0.000000
  0.000051  -0.000144   0.000004
 -0.000031  -0.000070   0.000011
  0.000004   0.000055   0.000000
 -0.000011   0.000021   0.000007
  0.000036  -0.000069   0.000004
 -0.000034  -0.000016   0.000012
  0.000112  -0.000022  -0.000025
 -0.000035   0.000022   0.000056
 -0.000101   0.000049   0.000047
 -0.000075   0.000033  -0.000064
 -0.000504  -0.000607   0.000679
  0.000157  -0.000081   0.000093
  0.004133   0.001934   0.002071
 -0.000016  -0.000019   0.000029
  0.018118   0.000548  -0.016022
 -0.000122   0.000101  -0.000058
  0.000967  -0.001046  -0.001585
  0.000089   0.000029   0.000125
  0.000193  -0.000100  -0.000513
  0.000860   0.000087  -0.000275
  0.012390  -0.000978  -0.011641
 -0.000034   0.000118   0.000083
 -0.032963   0.072172   0.028436
  0.000019   0.000033   0.000012
  0.000058  -0.000257   0.000225
  0.000104  -0.000132  -0.000041
 -0.000163  -0.000134  -0.000015
 -0.000040   0.000052   0.000004
  0.000349  -0.000105  -0.000139
 -0.000695   0.000319  -0.000148
  0.000000   0.000016   0.000003
 -0.000008   0.000009   0.000002
 -0.000007   0.000008  -0.000001
 -0.000002  -0.000011  -0.000026
 -0.000008   0.000007   0.000036
 -0.000006   0.000021   0.000010
 -0.000005   0.000000  -0.000003
 -0.000015   0.000007  -0.000009
 -0.000001  -0.000016   0.000003
 -0.000004  -0.000018  -0.000001
 -0.000030   0.000012   0.000029
 -0.000005  -0.000005   0.000011
  0.000008   0.000052  -0.000086
 -0.000012   0.000031   0.000014
 -0.000004  -0.000080  -0.000008
 -0.000048  -0.000035  -0.000017
  0.000004  -0.000020  -0.000028
 -0.000003  -0.000008   0.000005
  0.000052   0.000019   0.000124
 -0.000027   0.000019  -0.000009
  0.000052  -0.000055   0.000108
  0.000027  -0.000012  -0.000020
  0.000278  -0.000296  -0.000175
 -0.000021  -0.000005   0.000027
  0.001081  -0.000147  -0.001281
  0.000002  -0.000035  -0.000069
 -0.000599  -0.000458   0.000323
 -0.000048  -0.000026   0.000019
  0.000021   0.000316   0.000518
  0.000015   0.000229   0.000129
 -0.000214   0.000683  -0.000214
 -0.000208   0.000676  -0.000356
 -0.000173   0.000013   0.000174
  0.000115  -0.000219  -0.000150
  0.000373   0.000291   0.000345
 -0.000014  -0.000114  -0.000163
  0.000230  -0.001317   0.000545
 -0.000023   0.000031  -0.000026
 -0.000157   0.000335  -0.001273
 -0.000000  -0.000004  -0.000017
 -0.032157   0.002588   0.028756
 -0.000071   0.000036   0.000005
  0.029288  -0.075413  -0.026072
  0.000002   0.000047   0.000004
 -0.000056  -0.000013  -0.000060
 -0.000056   0.000015   0.000025
 -0.000035  -0.000021   0.000004
 -0.000041  -0.000105  -0.000025
  0.000009  -0.000074  -0.000009
 -0.000009   0.000014  -0.000017
  0.000048  -0.000010  -0.000004
 -0.000133  -0.000026  -0.000105
 -0.000392   0.001034  -0.002553
 -0.000369  -0.000075   0.000088
 -0.000106   0.000128   0.000036
  0.000085   0.000043  -0.000038
  0.000139  -0.000095  -0.000191
  0.000015  -0.000043   0.000032
 -0.000014  -0.000111  -0.000070
 -0.000061   0.000265  -0.000189
 -0.000050   0.000011  -0.000071
 -0.000022   0.000086   0.000133
 -0.000043  -0.000213  -0.000366
 -0.000016  -0.000018  -0.000051
 -0.000179   0.000139  -0.000271
  0.000014   0.000129   0.000059
  0.000259   0.000131   0.000377
 -0.000004  -0.000364  -0.000090
 -0.000067   0.000070  -0.000027
  0.000562   0.000097   0.000788
   85    3  0.0000  0.0000  0.0150
  0.000022  -0.000003  -0.000014
  0.000028   0.000014   0.000015
 -0.000017   0.000000  -0.000012
 -0.000043  -0.000021   0.000018
 -0.000009   0.000004  -0.000000
  0.000090  -0.000069  -0.000029
  0.000035   0.000010   0.000016
 -0.000023   0.000109   0.000003
 -0.000043   0.000027  -0.000037
  0.000025  -0.000019  -0.000009
  0.000013  -0.000032  -0.000031
  0.000000  -0.000001   0.000001
  0.000036  -0.000048   0.000016
 -0.000002  -0.000036   0.000000
  0.000001   0.000001  -0.000004
 -0.000030  -0.000005   0.000011
 -0.000040  -0.000009   0.000014
  0.000012  -0.000008   0.000006
  0.000044  -0.000037   0.000029
 -0.000035   0.000010   0.000040
  0.000191   0.000451   0.000055
  0.000000   0.000010  -0.000042
  0.000838  -0.000110   0.000026
 -0.000011  -0.000041  -0.000012
  0.002620   0.002136  -0.000152
 -0.000017  -0.000032   0.000016
  0.010074  -0.001807  -0.011098
 -0.000051   0.000080   0.000050
  0.000082  -0.000245  -0.001134
  0.000113   0.000023  -0.000111
 -0.000814   0.000286   0.000656
  0.000044  -0.000185  -0.000063
 -0.023514   0.005331   0.029528
 -0.000002   0.000048  -0.000022
 -0.181737   0.024973   0.235324
  0.000037  -0.000014  -0.000001
  0.000078  -0.000108  -0.000102
  0.000026   0.000076   0.000044
 -0.000003  -0.000009   0.000025
 -0.000016  -0.000086   0.000136
  0.000019  -0.000130  -0.000214
 -0.001010   0.000535   0.001480
  0.000029  -0.000002   0.000021
 -0.000005   0.000005  -0.000005
 -0.000017   0.000009   0.000018
  0.000029  -0.000016   0.000008
 -0.000069  -0.000007   0.000082
 -0.000001   0.000017  -0.000001
 -0.000011  -0.000016   0.000035
  0.000009  -0.000011  -0.000006
  0.000011   0.000006   0.000010
 -0.000014  -0.000014   0.000000
 -0.000000  -0.000004  -0.000005
 -0.000011  -0.000001   0.000017
  0.000032  -0.000033   0.000006
 -0.000013   0.000029   0.000012
 -0.000014   0.000017  -0.000005
 -0.000054  -0.000030  -0.000025
  0.000021  -0.000030  -0.000076
 -0.000021  -0.000013   0.000020
  0.000181   0.000003  -0.000264
 -0.000040   0.000014   0.000002
 -0.000100   0.000009  -0.000010
  0.000002  -0.000004  -0.000031
  0.000042  -0.000020   0.000132
 -0.000018  -0.000000   0.000017
  0.000882   0.000207  -0.000699
  0.000007  -0.000005  -0.000040
 -0.000583  -0.000557  -0.000453
 -0.000002   0.000003   0.000022
  0.000103  -0.000118  -0.000263
  0.000053   0.000225   0.000092
  0.000306  -0.000285  -0.000022
 -0.000120  -0.000074  -0.000152
  0.000192  -0.000058  -0.000179
 -0.000205  -0.000191  -0.000025
 -0.000542  -0.000152  -0.000294
 -0.000043  -0.000120  -0.000098
 -0.000438   0.000081  -0.002518
  0.000006   0.000007  -0.000015
  0.001731  -0.003614   0.003749
 -0.000011   0.000039   0.000012
 -0.001941   0.000183   0.002152
 -0.000043   0.000050  -0.000066
  0.193121  -0.026004  -0.259099
 -0.000009  -0.000001  -0.000001
  0.000029   0.000003  -0.000019
 -0.000001  -0.000021   0.000017
  0.000010   0.000003  -0.000017
 -0.000024  -0.000069  -0.000208
 -0.000003   0.000003   0.000004
 -0.000007   0.000006  -0.000002
 -0.000017   0.000011  -0.000057
 -0.000152   0.000003  -0.000071
  0.000772  -0.000603   0.002528
 -0.000099   0.000017   0.000180
 -0.000042   0.000045  -0.000016
  0.000074   0.000005  -0.000036
 -0.000591  -0.000198   0.000208
  0.000027  -0.000030   0.000014
  0.000083  -0.000190  -0.000128
  0.000043   0.000276   0.000068
  0.000119   0.000007  -0.000166
 -0.000020   0.000124   0.000037
  0.000063  -0.000197  -0.000350
  0.000174   0.000345   0.000089
  0.000091  -0.000190   0.000099
  0.000160   0.000122   0.000045
 -0.000254   0.000246   0.000361
 -0.000231  -0.000401  -0.000198
 -0.000064  -0.000117   0.000430
  0.000418   0.000207   0.000710
   87    1  0.0150  0.0000  0.0000
  0.000068   0.000041   0.000059
 -0.000064  -0.000076   0.000789
 -0.000026   0.000002  -0.000005
  0.000001   0.000160   0.000014
 -0.000032   0.000010  -0.000018
  0.000105   0.000218  -0.000364
 -0.000007  -0.000013  -0.000021
 -0.000127  -0.000299   0.000158
 -0.000011   0.000006   0.000015
  0.000239  -0.000458   0.000027
  0.000003  -0.000005   0.000005
  0.000032   0.000080  -0.000077
 -0.000024   0.000015  -0.000017
 -0.000200  -0.000129  -0.000112
  0.000031  -0.000010   0.000026
  0.000121   0.000027   0.000025
 -0.000025  -0.000019   0.000003
 -0.000245  -0.000363   0.000879
  0.000037   0.000003  -0.000069
 -0.000124   0.000016   0.000040
 -0.000132  -0.000011  -0.000149
 -0.000129   0.000108   0.000063
  0.000484  -0.000153  -0.000183
  0.000286  -0.000645   0.000152
 -0.000007   0.000245   0.000252
  0.001109  -0.000562   0.000077
 -0.000813  -0.001811  -0.000156
 -0.000014   0.000055  -0.000061
  0.020360  -0.014269   0.021423
  0.000060  -0.000019   0.000011
  0.002788   0.004080  -0.001980
  0.000059  -0.000001  -0.000005
 -0.000368  -0.000389   0.000083
  0.000012  -0.000012   0.000018
 -0.000136   0.000190  -0.000430
 -0.000004  -0.000004   0.000065
  0.260278  -0.121130   0.150309
 -0.000038  -0.000245  -0.000004
 -0.006915   0.004633   0.000266
 -0.000138   0.000210   0.000058
  0.000079  -0.000127   0.000005
 -0.000027   0.000034  -0.000208
  0.000000  -0.000001  -0.000006
 -0.000025   0.000009   0.000014
 -0.000017   0.000008  -0.000011
  0.000057   0.000020  -0.000007
 -0.000001  -0.000009  -0.000018
  0.000014   0.000019  -0.000035
 -0.000018  -0.000000  -0.000015
  0.000036   0.000006  -0.000017
  0.000005   0.000005  -0.000043
  0.000018   0.000020   0.000035
  0.000009   0.000001  -0.000012
  0.000005  -0.000012  -0.000016
  0.000001  -0.000003   0.000003
 -0.000006   0.000002  -0.000005
  0.000010   0.000013   0.000011
  0.000004  -0.000010  -0.000006
  0.000042  -0.000010  -0.000068
  0.000009  -0.000019  -0.000038
  0.000002   0.000005  -0.000100
 -0.000052   0.000006  -0.000056
  0.000052   0.000020  -0.000025
  0.000075   0.000278   0.000054
 -0.000239   0.000015   0.000029
 -0.000125   0.000042   0.000033
 -0.000445  -0.000090   0.000038
 -0.000076  -0.000498  -0.000177
 -0.000265   0.001295  -0.000236
 -0.000021   0.000010   0.000015
 -0.000255   0.000016  -0.000661
 -0.000016   0.000018  -0.000003
  0.000672  -0.000408   0.001148
 -0.000007   0.000004   0.000001
 -0.000546   0.000057  -0.000064
 -0.000002   0.000003   0.000005
 -0.000178   0.000527  -0.000195
  0.000008   0.000020   0.000042
 -0.000049  -0.000009  -0.000094
  0.000000   0.000009  -0.000006
  0.000010   0.000101  -0.000075
 -0.000014   0.000001  -0.000004
 -0.000033   0.000105   0.000039
 -0.000032  -0.000007   0.000029
 -0.000031  -0.000059  -0.000048
  0.000065   0.000074  -0.000001
 -0.273120   0.126684  -0.172330
  0.000034   0.000013   0.000016
 -0.005045   0.003087   0.006337
  0.000009  -0.000008   0.000027
  0.001462  -0.001085  -0.005610
  0.000029  -0.000014  -0.000005
  0.000001   0.000014   0.000012
  0.000350   0.000485  -0.000010
  0.000662  -0.000411   0.000887
 -0.000084   0.000163  -0.000125
 -0.000019  -0.000006   0.000015
  0.000174   0.000186   0.000016
 -0.000012   0.000055   0.000117
  0.000088  -0.000016  -0.000018
  0.000061  -0.000088   0.000065
 -0.000057  -0.000051   0.000072
  0.000013  -0.000082   0.000209
 -0.000081  -0.000001   0.000072
 -0.000036   0.000063   0.000220
 -0.000008  -0.000034   0.000135
  0.000122  -0.000154   0.000310
 -0.000031  -0.000007  -0.000003
 -0.000191   0.000136  -0.000493
  0.000100   0.000035  -0.000204
 -0.000045   0.000045  -0.000104
  0.000435   0.000033  -0.000026
   87    2  0.0000  0.0150 -0.0000
 -0.000013  -0.000029   0.000018
 -0.000237  -0.000600  -0.000416
 -0.000022  -0.000010   0.000008
  0.000019   0.000229   0.000093
  0.000011   0.000049   0.000002
  0.000179   0.000127   0.000120
  0.000001  -0.000062   0.000008
 -0.000117  -0.000234  -0.000178
  0.000024   0.000002  -0.000005
  0.000010   0.000166  -0.000011
  0.000000  -0.000003  -0.000001
  0.000030   0.000062   0.000073
 -0.000059   0.000127   0.000030
 -0.000124   0.000731   0.000035
 -0.000030  -0.000031  -0.000039
  0.000318   0.000198  -0.000358
 -0.000003   0.000029  -0.000001
 -0.000302  -0.000584  -0.000255
 -0.000135  -0.000051   0.000165
  0.000082   0.000007   0.000014
 -0.000076   0.000002  -0.000002
 -0.000013  -0.000052   0.000112
  0.000322  -0.000010  -0.000013
  0.000054  -0.000319  -0.000055
 -0.000238   0.000045   0.000170
 -0.001081   0.000520  -0.000387
  0.000554  -0.002134   0.001445
  0.000075  -0.000124   0.000192
  0.017164  -0.009420   0.014016
 -0.000004  -0.000030   0.000036
  0.004185   0.002499   0.000055
  0.000013  -0.000005  -0.000041
 -0.000040  -0.000247   0.000190
 -0.000035  -0.000052  -0.000029
 -0.000035  -0.000237  -0.000326
  0.000034   0.000041  -0.000141
 -0.116239   0.146502  -0.093818
  0.000071  -0.000244   0.000044
 -0.033051   0.021897  -0.026793
 -0.000129   0.000194   0.000115
 -0.000393   0.000078  -0.000378
  0.000056   0.000029  -0.000034
 -0.000009   0.000001   0.000010
  0.000003   0.000037   0.000003
  0.000001   0.000013   0.000000
 -0.000021   0.000005  -0.000010
  0.000003  -0.000009   0.000002
 -0.000004  -0.000003  -0.000008
 -0.000005   0.000002   0.000001
 -0.000001   0.000002  -0.000029
  0.000002   0.000018   0.000041
  0.000048   0.000002   0.000062
  0.000009   0.000023  -0.000023
 -0.000006   0.000005   0.000009
  0.000008  -0.000016  -0.000007
 -0.000006   0.000005  -0.000011
  0.000002   0.000030   0.000045
 -0.000010   0.000019  -0.000026
  0.000002  -0.000005  -0.000005
  0.000035   0.000001   0.000034
  0.000012  -0.000008   0.000015
  0.000038   0.000017   0.000029
 -0.000043   0.000026   0.000046
  0.000342   0.000063   0.000078
 -0.000054  -0.000014  -0.000032
  0.000052   0.000040   0.000002
  0.000003   0.000220   0.000410
 -0.000368   0.000073   0.000380
 -0.000099   0.000051  -0.000656
 -0.000015   0.000005   0.000000
 -0.000001  -0.000275  -0.000642
  0.000031   0.000022  -0.000048
  0.000651  -0.000325   0.000945
  0.000004  -0.000003  -0.000015
 -0.000001   0.000208   0.000096
  0.000016   0.000008   0.000012
 -0.000016   0.000172   0.000024
  0.000038   0.000000  -0.000009
 -0.000044   0.000025  -0.000025
 -0.000003   0.000033  -0.000025
 -0.000002   0.000030  -0.000032
 -0.000003   0.000009   0.000000
 -0.000067  -0.000013  -0.000002
 -0.000032   0.000018   0.000015
 -0.000003  -0.000019   0.000002
  0.000048   0.000008   0.000003
  0.126534  -0.163631   0.106405
 -0.000014   0.000001  -0.000050
  0.003253   0.005789  -0.003468
  0.000027   0.000003  -0.000013
 -0.001233  -0.001075   0.002349
 -0.000033   0.000026  -0.000009
 -0.000064  -0.000002  -0.000062
 -0.000067  -0.000282  -0.000086
  0.000222  -0.000155   0.000342
  0.000016   0.000120   0.000099
  0.000106  -0.000063  -0.000050
 -0.000168  -0.000337   0.000036
  0.000006   0.000025  -0.000029
 -0.000051   0.000094  -0.000065
  0.000005  -0.000115  -0.000066
  0.000005   0.000069  -0.000050
  0.000020  -0.000041   0.000041
  0.000011  -0.000001  -0.000041
  0.000027  -0.000032  -0.000051
 -0.000012   0.000085  -0.000160
  0.000035  -0.000073   0.000028
 -0.000080   0.000014  -0.000048
 -0.000064   0.000185   0.000018
  0.000080  -0.000089   0.000189
  0.000149  -0.000021   0.000365
 -0.000067  -0.000051   0.000058
   87    3  0.0000  0.0000  0.0150
 -0.000016  -0.000013   0.000041
  0.000731  -0.000550   0.000825
 -0.000013   0.000016  -0.000015
  0.000049   0.000007  -0.000014
 -0.000030   0.000007   0.000008
 -0.000070  -0.000027  -0.000207
 -0.000011   0.000016   0.000024
 -0.000669  -0.000096   0.002148
 -0.000010  -0.000006   0.000001
  0.000010  -0.000160  -0.000116
 -0.000017  -0.000006  -0.000013
  0.000040  -0.000002   0.000055
  0.000023  -0.000029   0.000028
  0.000111   0.000495   0.000013
 -0.000002   0.000003  -0.000075
  0.000283   0.000236   0.000006
  0.000012  -0.000016  -0.000005
  0.000490   0.000032   0.001988
 -0.000027   0.000005   0.000069
  0.000209   0.000007  -0.000055
 -0.000008   0.000070   0.000081
  0.000190  -0.000037  -0.000175
  0.000249  -0.000175   0.000225
 -0.000152  -0.000253  -0.000407
  0.000173  -0.000111   0.000148
 -0.000588  -0.000075  -0.000286
  0.000110  -0.001576  -0.000753
  0.000127  -0.000098   0.000294
  0.007479  -0.004274   0.002242
 -0.000038   0.000025  -0.000063
  0.003069   0.000318  -0.001040
 -0.000061  -0.000025  -0.000038
 -0.000139  -0.000043   0.000072
 -0.000086   0.000015  -0.000052
 -0.000104   0.000133  -0.000135
  0.000067   0.000027  -0.000156
  0.150975  -0.098266   0.164996
 -0.000036   0.000345  -0.000288
  0.009014  -0.003717  -0.002601
  0.000304  -0.000218  -0.000030
  0.000145  -0.000095   0.000147
  0.000154   0.000068  -0.000001
  0.000001   0.000007   0.000028
  0.000039   0.000044  -0.000047
 -0.000016   0.000010   0.000005
 -0.000031  -0.000006  -0.000007
 -0.000007   0.000003   0.000007
 -0.000009  -0.000022   0.000006
 -0.000009  -0.000003   0.000010
 -0.000026   0.000011   0.000009
  0.000017  -0.000000   0.000038
 -0.000021  -0.000039  -0.000049
 -0.000007   0.000011   0.000005
 -0.000027   0.000010   0.000023
  0.000003   0.000006  -0.000001
 -0.000013   0.000015  -0.000010
  0.000017  -0.000003  -0.000001
 -0.000026   0.000019   0.000004
  0.000003  -0.000003  -0.000032
 -0.000032   0.000009   0.000067
  0.000027   0.000001   0.000062
 -0.000028   0.000022   0.000023
  0.000073   0.000002   0.000031
 -0.000137   0.000010  -0.000219
 -0.000267  -0.000054  -0.000102
  0.000272  -0.000085   0.000042
 -0.000459   0.000607   0.000745
 -0.000306   0.000794   0.000192
  0.000007   0.000716  -0.000047
 -0.000028   0.000026   0.000011
  0.001236   0.000267   0.000543
 -0.000015   0.000024   0.000051
  0.000447   0.000003   0.000921
  0.000009   0.000007   0.000019
 -0.000089   0.000166  -0.000382
 -0.000030  -0.000029  -0.000022
 -0.000003  -0.000033   0.000005
  0.000017  -0.000068  -0.000123
 -0.000040  -0.000025  -0.000044
 -0.000010   0.000023   0.000023
  0.000010   0.000042  -0.000007
 -0.000007   0.000010  -0.000024
  0.000034   0.000046   0.000017
 -0.000030   0.000022   0.000007
 -0.000097  -0.000060  -0.000016
  0.000027  -0.000014   0.000028
 -0.172173   0.106352  -0.164259
  0.000011   0.000056   0.000336
  0.005590  -0.003251  -0.011839
 -0.000023   0.000014  -0.000025
 -0.005203   0.002147   0.007217
 -0.000054  -0.000012   0.000018
  0.000030  -0.000006   0.000005
  0.000242   0.000417   0.000094
 -0.000220   0.000094  -0.000375
  0.000121   0.000107   0.000220
 -0.000003   0.000024  -0.000016
 -0.000312  -0.000436   0.000021
 -0.000030  -0.000031  -0.000130
 -0.000113   0.000022   0.000093
  0.000014  -0.000029  -0.000002
  0.000056   0.000095  -0.000059
  0.000011  -0.000003   0.000016
  0.000074   0.000008  -0.000025
  0.000047  -0.000033  -0.000065
  0.000014   0.000011  -0.000017
  0.000020  -0.000004  -0.000019
  0.000038   0.000041   0.000042
 -0.000037   0.000068   0.000060
 -0.000141  -0.000078   0.000048
 -0.000090   0.000029  -0.000061
 -0.000267  -0.000049   0.000046
   89    1  0.0150  0.0000  0.0000
  0.000036   0.000034   0.000001
  0.000010   0.000038   0.000053
 -0.000008   0.000019   0.000019
  0.000031   0.000018  -0.000039
  0.000041   0.000122  -0.000008
 -0.000035  -0.000015  -0.000061
 -0.000080  -0.000144  -0.000010
 -0.000080   0.000015   0.000142
 -0.000014   0.000045  -0.000015
 -0.000035  -0.000090   0.000045
  0.000010   0.000014   0.000001
  0.000159  -0.000023  -0.000014
  0.000187  -0.000278  -0.000093
  0.000038  -0.000154   0.000036
 -0.000004   0.000137   0.000164
 -0.000082   0.000045   0.000192
  0.000085  -0.000160   0.000028
  0.000105   0.000109   0.000007
  0.000481   0.000246  -0.000506
  0.000005  -0.000029  -0.000083
  0.000053   0.000022  -0.000115
 -0.000011   0.000015  -0.000009
 -0.000299  -0.000231  -0.000009
  0.000002   0.000083   0.000021
 -0.000088   0.000118   0.000188
 -0.000025   0.000026   0.000001
 -0.000489  -0.000221   0.000142
 -0.000001   0.000011   0.000083
  0.003122  -0.000813  -0.004117
  0.000010   0.000001  -0.000066
  0.000892   0.001864   0.000059
 -0.000014   0.000013  -0.000009
  0.000027  -0.000026   0.000030
 -0.000022  -0.000027  -0.000019
  0.000113  -0.000125   0.000059
  0.000085   0.000006  -0.000128
 -0.009356   0.002569  -0.001058
  0.000021   0.000202   0.000019
  0.248591  -0.138077   0.144283
  0.000224  -0.000299  -0.000257
  0.000783  -0.000584  -0.000020
  0.000048   0.000012  -0.000073
  0.000000   0.000021  -0.000017
  0.000007  -0.000008   0.000008
  0.000025   0.000008   0.000006
 -0.000003   0.000004   0.000012
 -0.000000  -0.000010   0.000009
 -0.000006  -0.000002  -0.000001
  0.000008   0.000008  -0.000008
 -0.000011   0.000007   0.000006
 -0.000071  -0.000038  -0.000123
 -0.000026   0.000005  -0.000048
 -0.000073  -0.000082   0.000169
  0.000000   0.000011   0.000013
 -0.000065   0.000012   0.000084
  0.000001   0.000002   0.000017
 -0.000260  -0.000043  -0.000148
 -0.000047   0.000004   0.000029
 -0.000020  -0.000003  -0.000002
  0.000002   0.000002  -0.000011
 -0.000091  -0.000000  -0.000049
  0.000037  -0.000003   0.000009
  0.000065  -0.000095  -0.000154
 -0.000023   0.000013  -0.000009
  0.000012   0.000046  -0.000075
 -0.000023   0.000004   0.000001
  0.000091  -0.000008  -0.000018
  0.000047  -0.000042   0.000016
  0.000023  -0.000044   0.000034
  0.000015   0.000001  -0.000015
  0.000596   0.000525   0.000356
  0.000085  -0.000055   0.000007
 -0.000056  -0.000022  -0.000091
 -0.000020  -0.000026  -0.000029
  0.000437   0.001739   0.001117
 -0.000020  -0.000013   0.000011
 -0.000026   0.000012  -0.000097
 -0.000024  -0.000006  -0.000001
  0.000027   0.000015  -0.000005
 -0.000007  -0.000007  -0.000015
 -0.000029  -0.000013   0.000024
  0.000004   0.000020   0.000014
 -0.000196  -0.000077  -0.000070
 -0.000034   0.000007   0.000028
  0.000011  -0.000026   0.000008
  0.000041   0.000033  -0.000007
 -0.005059   0.003275   0.005568
  0.000010  -0.000025  -0.000006
 -0.254691   0.147201  -0.159735
 -0.000128   0.000038   0.000025
  0.014476  -0.017538   0.013562
  0.000205  -0.000034   0.000114
 -0.000189   0.000024  -0.000123
  0.000012   0.000078   0.000017
  0.000071   0.000289  -0.000134
  0.000003  -0.000013   0.000003
 -0.000285   0.000200   0.000111
  0.000006   0.000005  -0.000031
  0.000036   0.000071   0.000134
 -0.000008  -0.000007  -0.000006
 -0.000013  -0.000212  -0.000134
  0.000050   0.000114  -0.000032
  0.000019  -0.000065   0.000007
  0.000035   0.000001  -0.000077
  0.000030  -0.000059  -0.000023
  0.000028   0.000210  -0.000344
  0.000117  -0.000079   0.000027
 -0.000001   0.000029  -0.000043
 -0.000181   0.000292  -0.000022
 -0.000035  -0.000126   0.000255
  0.000529  -0.000059   0.000993
  0.000040   0.000025   0.000046
   89    2  0.0000  0.0150 -0.0000
 -0.000066  -0.000020  -0.000037
  0.000058  -0.000085  -0.000079
  0.000038   0.000008  -0.000008
  0.000009  -0.000071  -0.000015
 -0.000021  -0.000085   0.000015
 -0.000058  -0.000038   0.000064
  0.000036   0.000124   0.000013
 -0.000157   0.000095  -0.000017
  0.000011  -0.000041   0.000004
 -0.000029   0.000024   0.000003
 -0.000025   0.000020   0.000009
  0.000045  -0.000049  -0.000023
  0.000055  -0.000162  -0.000001
  0.000114   0.000040  -0.000054
  0.000017   0.000009  -0.000084
 -0.000023  -0.000028   0.000156
  0.000006   0.000046  -0.000011
  0.000174   0.000283  -0.000100
  0.000044   0.000080  -0.000031
  0.000049  -0.000044  -0.000084
  0.000059   0.000005   0.000138
  0.000056  -0.000032   0.000021
 -0.000120   0.000312  -0.000015
  0.000052   0.000070   0.000034
  0.000002  -0.000017  -0.000101
  0.000086  -0.000017   0.000089
  0.000077   0.000129   0.000135
  0.000009   0.000020  -0.000021
 -0.002327  -0.001863   0.001238
 -0.000026   0.000001  -0.000030
  0.000573   0.001850  -0.000238
 -0.000045   0.000007   0.000001
  0.000183   0.000058  -0.000369
  0.000006  -0.000030  -0.000015
 -0.000038   0.000177   0.000078
  0.000007   0.000021  -0.000043
 -0.030521   0.016486  -0.023166
 -0.000036   0.000074  -0.000001
 -0.134289   0.183678  -0.105820
 -0.000004  -0.000057  -0.000075
 -0.000562   0.000519   0.000053
  0.000005  -0.000023   0.000080
  0.000009   0.000000  -0.000002
  0.000013  -0.000008   0.000008
 -0.000002  -0.000015  -0.000002
  0.000002   0.000004   0.000013
  0.000003   0.000014   0.000007
  0.000008  -0.000013  -0.000001
  0.000014  -0.000004   0.000005
  0.000000  -0.000008   0.000023
  0.000026  -0.000012   0.000081
 -0.000022   0.000006  -0.000035
 -0.000018  -0.000019   0.000032
 -0.000004   0.000014   0.000024
  0.000013   0.000046  -0.000057
  0.000002  -0.000012   0.000016
  0.000061  -0.000204  -0.000140
 -0.000050   0.000011   0.000017
 -0.000002   0.000003   0.000027
 -0.000007   0.000011   0.000001
  0.000047   0.000006   0.000051
  0.000002  -0.000005   0.000006
 -0.000174   0.000088   0.000149
  0.000018   0.000038  -0.000008
  0.000028  -0.000006  -0.000004
 -0.000007  -0.000001  -0.000003
  0.000033  -0.000040  -0.000058
  0.000005  -0.000040  -0.000114
  0.000079  -0.000213   0.000083
  0.000003  -0.000002   0.000009
 -0.000265  -0.000099  -0.000089
 -0.000014  -0.000006   0.000012
 -0.000058  -0.000566   0.000138
 -0.000016   0.000005   0.000040
  0.002519   0.000707   0.002483
  0.000002   0.000011  -0.000012
  0.000087  -0.000084   0.000253
 -0.000011   0.000006   0.000005
  0.000027  -0.000003   0.000052
 -0.000001  -0.000029  -0.000008
 -0.000049  -0.000103   0.000063
  0.000012  -0.000002   0.000004
 -0.000032   0.000069  -0.000041
  0.000037   0.000000  -0.000018
  0.000013  -0.000008   0.000005
  0.000027  -0.000104   0.000067
  0.003076   0.005750  -0.003252
  0.000009   0.000001  -0.000013
  0.147138  -0.193203   0.118504
 -0.000039  -0.000006   0.000017
  0.014726  -0.012679   0.010354
 -0.000043  -0.000044   0.000096
  0.000146  -0.000045   0.000082
  0.000005  -0.000058  -0.000007
 -0.000259  -0.000670   0.000162
  0.000001  -0.000013   0.000003
 -0.000052   0.000073   0.000028
 -0.000072  -0.000150   0.000012
 -0.000022  -0.000100  -0.000110
 -0.000015   0.000017  -0.000009
 -0.000044   0.000231   0.000087
 -0.000024  -0.000087   0.000003
 -0.000054   0.000080  -0.000083
  0.000010  -0.000021   0.000006
 -0.000046   0.000032  -0.000046
  0.000003  -0.000112   0.000123
 -0.000185   0.000111  -0.000184
  0.000030  -0.000031   0.000027
  0.000318  -0.000326   0.000183
 -0.000029   0.000132  -0.000097
 -0.000267   0.000200  -0.000621
 -0.000093   0.000015  -0.000036
   89    3  0.0000  0.0000  0.0150
  0.000009   0.000001  -0.000017
  0.000025  -0.000121  -0.000094
 -0.000009  -0.000017   0.000008
  0.000027   0.000000   0.000034
  0.000007   0.000040   0.000013
  0.000008   0.000025   0.000088
  0.000022  -0.000064  -0.000002
  0.000047  -0.000002  -0.000265
  0.000021   0.000014  -0.000006
 -0.000077   0.000034  -0.000176
  0.000011  -0.000029   0.000002
  0.000096   0.000044  -0.000009
 -0.000095   0.000181   0.000056
  0.000110   0.000044  -0.000009
 -0.000014  -0.000081  -0.000038
 -0.000061  -0.000062   0.000108
 -0.000041   0.000096   0.000015
  0.000065   0.000233  -0.000087
 -0.000277  -0.000137   0.000399
  0.000057  -0.000021  -0.000038
 -0.000031   0.000000   0.000058
  0.000045  -0.000017   0.000005
  0.000157   0.000089  -0.000048
 -0.000093  -0.000027  -0.000060
  0.000221  -0.000059  -0.000170
 -0.000031  -0.000076  -0.000026
  0.000635   0.000089   0.000153
  0.000010   0.000070  -0.000028
 -0.002837   0.002911   0.007642
  0.000016  -0.000031  -0.000044
 -0.000005   0.001897   0.000209
 -0.000159  -0.000031  -0.000020
 -0.000087   0.000105  -0.000049
 -0.000225   0.000039   0.000007
 -0.000064   0.000281   0.000069
 -0.000077  -0.000076   0.000130
  0.006376  -0.005313  -0.002522
 -0.000128   0.000078   0.000040
  0.142423  -0.106970   0.153184
  0.000027   0.000035  -0.000117
  0.000346  -0.000251   0.000196
 -0.000023   0.000014   0.000038
 -0.000003  -0.000008   0.000004
  0.000018   0.000004   0.000007
 -0.000001   0.000011   0.000007
 -0.000015   0.000010   0.000023
 -0.000007  -0.000011   0.000009
 -0.000032  -0.000017   0.000083
 -0.000006  -0.000004   0.000005
 -0.000003   0.000029   0.000103
  0.000011   0.000035   0.000076
 -0.000008   0.000002  -0.000018
  0.000035   0.000046  -0.000051
 -0.000008   0.000008   0.000016
  0.000034  -0.000025  -0.000067
 -0.000003  -0.000000   0.000010
 -0.000112  -0.000082   0.000165
 -0.000028   0.000003   0.000005
  0.000004   0.000004   0.000023
 -0.000004   0.000003   0.000018
  0.000038  -0.000014   0.000034
  0.000029   0.000003   0.000056
 -0.000065   0.000111   0.000075
 -0.000012  -0.000000  -0.000029
 -0.000039  -0.000014   0.000004
  0.000044  -0.000018   0.000019
 -0.000100  -0.000017  -0.000002
  0.000036   0.000079   0.000011
 -0.000019   0.000088  -0.000043
  0.000024   0.000003   0.000006
 -0.001279  -0.001183  -0.000195
  0.000018  -0.000009   0.000004
 -0.000103  -0.000235  -0.000118
 -0.000020   0.000060   0.000002
  0.001483   0.001504   0.000332
  0.000016   0.000008  -0.000006
 -0.000029   0.000123  -0.000014
  0.000009   0.000022   0.000055
  0.000004  -0.000020   0.000003
 -0.000029   0.000050   0.000198
  0.000037  -0.000007   0.000020
  0.000041  -0.000026   0.000023
  0.000034   0.000014  -0.000096
  0.000022  -0.000013  -0.000008
 -0.000018   0.000009  -0.000023
 -0.000122   0.000025  -0.000208
  0.006314  -0.003454  -0.011849
  0.000020   0.000016  -0.000015
 -0.159662   0.118451  -0.150173
  0.000014  -0.000018   0.000006
  0.006840  -0.007881   0.002791
 -0.000025  -0.000063   0.000083
 -0.000104   0.000016  -0.000063
 -0.000059  -0.000144  -0.000042
 -0.000039  -0.000080  -0.000023
  0.000107   0.000023   0.000026
  0.000287  -0.000104  -0.000142
 -0.000071  -0.000094  -0.000002
 -0.000023  -0.000015  -0.000064
 -0.000011   0.000004  -0.000028
 -0.000023  -0.000099  -0.000098
  0.000014   0.000043  -0.000070
 -0.000012  -0.000039  -0.000026
  0.000063  -0.000044  -0.000143
 -0.000009  -0.000059  -0.000159
  0.000003   0.000121  -0.000241
 -0.000099  -0.000101  -0.000081
 -0.000009  -0.000007  -0.000076
  0.000128   0.000151   0.000213
 -0.000047  -0.000047   0.000368
  0.000179  -0.000017   0.000572
 -0.000074  -0.000036   0.000088
   91    1  0.0150  0.0000  0.0000
  0.000016  -0.000000  -0.000001
 -0.000084   0.000053   0.000009
 -0.000004  -0.000003  -0.000012
 -0.000065  -0.000105   0.000020
 -0.000018  -0.000044  -0.000002
  0.000078  -0.000180  -0.000012
  0.000017   0.000047  -0.000007
 -0.000064   0.000093  -0.000129
 -0.000014  -0.000001   0.000016
  0.000286   0.000411   0.000031
 -0.000008   0.000004   0.000013
  0.000078  -0.000207   0.000339
 -0.000035   0.000051   0.000010
 -0.000319   0.000087   0.000254
  0.000023  -0.000004   0.000041
  0.000076   0.000226  -0.000002
 -0.000020   0.000006  -0.000010
  0.000008  -0.000112  -0.000201
  0.000022  -0.000015  -0.000051
 -0.000282   0.000037   0.000144
 -0.000028  -0.000039  -0.000037
 -0.000057   0.000040   0.000022
  0.000127  -0.000098  -0.000005
  0.000029  -0.000088   0.000028
  0.000207  -0.000043  -0.000173
  0.000011  -0.000071   0.000030
  0.001297   0.000411   0.000258
 -0.000069  -0.000042  -0.000005
 -0.006198   0.001362   0.006978
 -0.000139   0.000026   0.000163
 -0.000096  -0.000269   0.000101
  0.000038  -0.000009   0.000038
 -0.000081   0.000077   0.000030
  0.000058   0.000017   0.000035
 -0.000196   0.000452   0.000063
 -0.000061   0.000026   0.000078
  0.000142  -0.001441   0.002602
  0.000159  -0.000521  -0.000016
  0.325252   0.159632   0.126059
  0.000400   0.000538  -0.000545
  0.000470  -0.000237   0.000487
 -0.000145  -0.000043   0.000031
  0.000002  -0.000004  -0.000001
 -0.000042  -0.000019  -0.000027
 -0.000011  -0.000005  -0.000004
  0.000040  -0.000011  -0.000025
  0.000000   0.000000  -0.000013
  0.000017  -0.000007  -0.000017
 -0.000007  -0.000002  -0.000006
  0.000062  -0.000064  -0.000146
  0.000002  -0.000002  -0.000032
  0.000019  -0.000025   0.000054
  0.000020  -0.000000  -0.000024
  0.000033  -0.000037  -0.000038
  0.000009  -0.000009   0.000015
  0.000010  -0.000013  -0.000042
  0.000072   0.000040   0.000023
  0.000081  -0.000003  -0.000005
  0.000009  -0.000000  -0.000016
 -0.000004  -0.000001  -0.000009
 -0.000001   0.000001  -0.000045
 -0.000037   0.000001  -0.000038
  0.000029   0.000002   0.000037
  0.000028  -0.000022   0.000065
 -0.000025   0.000001   0.000043
 -0.000011   0.000006  -0.000009
 -0.000061  -0.000029  -0.000020
 -0.000001  -0.000015   0.000003
 -0.000041   0.000036  -0.000037
 -0.000012  -0.000010   0.000005
 -0.001120  -0.001226  -0.000740
 -0.000025   0.000047  -0.000071
  0.000028   0.000089   0.000023
  0.000001   0.000016   0.000016
 -0.000190   0.000025  -0.000521
  0.000027   0.000015   0.000016
 -0.000040   0.000042  -0.000100
  0.000019   0.000012   0.000012
 -0.000007  -0.000008  -0.000008
  0.000008   0.000004   0.000019
  0.000034   0.000040  -0.000033
 -0.000015  -0.000006  -0.000006
  0.000217   0.000063   0.000089
 -0.000005  -0.000002  -0.000003
  0.000011   0.000005   0.000005
 -0.000041   0.000012  -0.000002
  0.001486  -0.001227  -0.005171
  0.000023   0.000016  -0.000055
  0.014495   0.014714   0.006753
  0.000177   0.000060  -0.000027
 -0.337119  -0.172298  -0.135765
  0.001064  -0.000171  -0.000628
  0.000071   0.000002   0.000070
  0.000015   0.000067  -0.000002
  0.000005   0.000098  -0.000118
 -0.000027   0.000018  -0.000051
 -0.000035  -0.000040   0.000018
  0.000035  -0.000154  -0.000012
  0.000011   0.000012   0.000041
  0.000034  -0.000016   0.000013
  0.000023   0.000062   0.000095
 -0.000025  -0.000039   0.000076
 -0.000012  -0.000003   0.000067
 -0.000096   0.000051   0.000132
 -0.000023   0.000051   0.000141
 -0.000020  -0.000103   0.000250
  0.000040  -0.000002   0.000114
 -0.000026  -0.000003   0.000047
 -0.000036  -0.000089  -0.000240
  0.000094   0.000008  -0.000325
 -0.000148   0.000014  -0.000429
  0.000103   0.000012  -0.000049
   91    2  0.0000  0.0150 -0.0000
  0.000078   0.000029  -0.000010
  0.000044   0.000053   0.000032
 -0.000010   0.000008   0.000010
 -0.000008   0.000001  -0.000017
  0.000018   0.000028   0.000002
  0.000028  -0.000051  -0.000035
  0.000014  -0.000038   0.000002
 -0.000050   0.000171   0.000011
 -0.000013   0.000010  -0.000010
 -0.000046  -0.000060  -0.000051
 -0.000013  -0.000022  -0.000007
  0.000228  -0.000042   0.000094
  0.000022  -0.000085   0.000002
 -0.000200  -0.000989   0.000360
  0.000016   0.000007  -0.000006
 -0.000210   0.000093   0.000442
 -0.000024   0.000025  -0.000002
  0.000203   0.000316  -0.000086
 -0.000002  -0.000011   0.000018
  0.000094   0.000025   0.000010
  0.000051  -0.000028  -0.000043
  0.000003   0.000031  -0.000074
 -0.000040   0.000066  -0.000149
 -0.000075   0.000198   0.000013
  0.000008   0.000097  -0.000001
  0.000026   0.000027   0.000005
  0.001390   0.000026  -0.000166
  0.000053   0.000062   0.000041
 -0.001278   0.003432  -0.004722
 -0.000028   0.000010  -0.000113
 -0.000800   0.000140  -0.001127
 -0.000051  -0.000011  -0.000027
 -0.000002   0.000003  -0.000234
  0.000000   0.000027   0.000007
 -0.000287   0.000756   0.000132
 -0.000018  -0.000008  -0.000009
  0.038210   0.020521   0.015636
 -0.000014   0.000479   0.000052
  0.152266   0.161746   0.061366
  0.000264  -0.000347  -0.000628
 -0.000230   0.000122  -0.000279
  0.000171   0.000069  -0.000148
  0.000003  -0.000008  -0.000013
  0.000011   0.000007   0.000035
 -0.000006   0.000005   0.000000
 -0.000010   0.000003   0.000025
 -0.000014  -0.000012   0.000003
  0.000000   0.000004   0.000015
 -0.000008  -0.000003   0.000002
 -0.000041   0.000005   0.000038
 -0.000001   0.000012   0.000003
 -0.000061  -0.000017  -0.000091
 -0.000009  -0.000000   0.000007
 -0.000014  -0.000005  -0.000015
 -0.000006  -0.000008  -0.000025
  0.000005   0.000022   0.000028
 -0.000048  -0.000050   0.000014
  0.000044  -0.000075   0.000051
 -0.000009   0.000010   0.000021
 -0.000015  -0.000009  -0.000001
 -0.000024  -0.000009  -0.000020
 -0.000012  -0.000004  -0.000002
  0.000019  -0.000011  -0.000070
 -0.000127   0.000003  -0.000086
 -0.000065   0.000025   0.000030
  0.000025  -0.000022   0.000035
 -0.000002   0.000019   0.000027
  0.000019   0.000070   0.000010
 -0.000014   0.000082   0.000038
  0.000011   0.000010  -0.000022
  0.000775   0.000839   0.000356
  0.000053  -0.000072   0.000044
  0.000083  -0.000136   0.000143
  0.000006  -0.000040   0.000009
  0.000155  -0.000031   0.000518
 -0.000061  -0.000040  -0.000021
 -0.000037   0.000135  -0.000042
 -0.000034  -0.000040  -0.000031
  0.000006  -0.000030   0.000027
  0.000001  -0.000017  -0.000009
 -0.000023  -0.000065   0.000005
  0.000001   0.000011   0.000004
  0.000105   0.000071   0.000105
 -0.000001  -0.000004   0.000014
 -0.000088  -0.000071   0.000008
  0.000029   0.000019  -0.000004
 -0.001132  -0.001059   0.002116
  0.000013   0.000022   0.000012
 -0.017572  -0.012635  -0.007948
  0.000010  -0.000048   0.000059
 -0.172035  -0.173424  -0.066170
  0.000191  -0.000405   0.000155
 -0.000092   0.000020  -0.000058
 -0.000061   0.000027  -0.000023
  0.000012  -0.000337   0.000346
  0.000034  -0.000045   0.000038
  0.000014   0.000043  -0.000018
  0.000070   0.000430  -0.000295
  0.000010   0.000012   0.000035
  0.000015  -0.000076   0.000050
  0.000000  -0.000100  -0.000053
  0.000016   0.000066  -0.000033
 -0.000017  -0.000039   0.000004
  0.000032   0.000000  -0.000045
 -0.000014  -0.000047  -0.000049
  0.000020   0.000069  -0.000138
  0.000005  -0.000062   0.000011
  0.000050   0.000028   0.000002
 -0.000023   0.000153   0.000012
 -0.000094  -0.000090   0.000105
  0.000083   0.000003   0.000299
  0.000056   0.000033   0.000138
   91    3  0.0000  0.0000  0.0150
  0.000051   0.000021   0.000016
  0.000152  -0.000048   0.000105
  0.000010  -0.000012  -0.000004
  0.000022   0.000108   0.000019
 -0.000022  -0.000037   0.000025
  0.000015   0.000070  -0.000061
  0.000037   0.000033   0.000024
  0.000199  -0.000342   0.000231
 -0.000020  -0.000008   0.000004
 -0.000029   0.000026  -0.000075
 -0.000020  -0.000023  -0.000017
 -0.000137   0.000106   0.000272
 -0.000046   0.000033   0.000086
  0.000053   0.000277   0.000898
  0.000052  -0.000018  -0.000090
  0.000309   0.000132  -0.000301
 -0.000046   0.000038   0.000002
 -0.000496  -0.000572  -0.000041
 -0.000012  -0.000066   0.000115
  0.000247   0.000020   0.000036
  0.000007   0.000019   0.000013
  0.000062  -0.000051  -0.000035
  0.000029   0.000037   0.000007
  0.000028  -0.000010  -0.000044
 -0.000294   0.000041   0.000237
  0.000013   0.000022   0.000015
 -0.001953  -0.000831  -0.000805
  0.000135   0.000116  -0.000027
  0.006996  -0.005307  -0.011592
 -0.000032  -0.000127  -0.000189
  0.000096  -0.000420  -0.000092
 -0.000047  -0.000003  -0.000111
 -0.000020  -0.000044   0.000249
 -0.000071  -0.000009  -0.000023
  0.000295  -0.000706  -0.000018
 -0.000106  -0.000102   0.000040
 -0.006835  -0.007204  -0.006467
  0.000307   0.000481   0.000176
  0.127919   0.065314   0.101661
 -0.000488  -0.000108  -0.000906
  0.000342  -0.000227   0.000236
  0.000173   0.000074  -0.000026
  0.000010  -0.000008   0.000024
  0.000024   0.000020  -0.000006
 -0.000021   0.000001   0.000007
 -0.000030  -0.000007   0.000005
 -0.000010  -0.000001   0.000014
 -0.000020   0.000011   0.000003
 -0.000012  -0.000012   0.000028
 -0.000019   0.000027   0.000024
  0.000027   0.000001   0.000033
  0.000052   0.000006   0.000053
  0.000008   0.000014  -0.000032
 -0.000033  -0.000007   0.000016
  0.000010  -0.000021   0.000008
 -0.000013   0.000004  -0.000026
  0.000138   0.000090  -0.000020
  0.000042   0.000020  -0.000058
  0.000003  -0.000009   0.000001
  0.000018  -0.000006   0.000023
  0.000009  -0.000004   0.000040
  0.000007   0.000003   0.000019
  0.000117  -0.000070  -0.000150
  0.000047  -0.000007  -0.000115
  0.000049   0.000002   0.000030
 -0.000041   0.000004  -0.000021
  0.000069   0.000068  -0.000002
  0.000024  -0.000033  -0.000050
  0.000008  -0.000018   0.000022
 -0.000017  -0.000008   0.000024
  0.001915   0.001998   0.000913
 -0.000011  -0.000050   0.000159
 -0.000032   0.000142  -0.000081
  0.000012  -0.000001   0.000033
 -0.000526   0.000101  -0.000389
 -0.000058  -0.000021  -0.000060
 -0.000003  -0.000044  -0.000020
 -0.000016  -0.000047  -0.000041
 -0.000027   0.000004  -0.000008
 -0.000020   0.000021   0.000012
  0.000030   0.000052  -0.000017
  0.000006  -0.000009  -0.000011
 -0.000223  -0.000066  -0.000046
  0.000010  -0.000017  -0.000000
 -0.000048  -0.000015   0.000008
 -0.000034   0.000016  -0.000003
 -0.005651   0.002389   0.007202
  0.000003   0.000027   0.000023
  0.013466   0.010457   0.002678
  0.000080  -0.000085   0.000058
 -0.135444  -0.066118  -0.094934
 -0.000667  -0.000127   0.001316
  0.000039   0.000026   0.000024
  0.000059   0.000198   0.000017
  0.000193   0.000371  -0.000026
  0.000027   0.000034   0.000059
 -0.000010  -0.000060  -0.000016
 -0.000101   0.000102  -0.000061
  0.000010  -0.000003  -0.000042
 -0.000036   0.000015  -0.000004
  0.000011   0.000014   0.000000
  0.000002   0.000003  -0.000031
  0.000021   0.000020  -0.000030
  0.000031  -0.000030  -0.000022
  0.000027  -0.000004  -0.000050
 -0.000007  -0.000036   0.000009
  0.000052   0.000032  -0.000016
 -0.000017   0.000007   0.000002
 -0.000099  -0.000023   0.000076
 -0.000036   0.000004   0.000053
 -0.000125   0.000020  -0.000166
 -0.000125  -0.000054   0.000001
   93    1  0.0150  0.0000  0.0000
 -0.011780   0.005022   0.001896
  0.000507   0.000082  -0.000085
  0.046554   0.053477  -0.010638
 -0.000196  -0.000134   0.000061
  0.243449   0.148301  -0.025363
  0.000023  -0.000137  -0.000125
  0.257228  -0.110267  -0.016963
 -0.000010   0.000077  -0.000082
 -0.021669  -0.000610   0.002844
 -0.000200   0.000107   0.000041
 -0.004234   0.008156  -0.000767
 -0.000029  -0.000020  -0.000002
  0.004460   0.001995  -0.000385
  0.000047   0.000166  -0.000022
  0.008664   0.004751  -0.001823
  0.000130  -0.000023   0.000019
  0.042300  -0.047460  -0.005407
  0.000030   0.000106  -0.000074
  0.000049  -0.000548   0.000219
  0.000175   0.000052  -0.000049
  0.001115  -0.002902  -0.000317
  0.000337  -0.000130   0.000105
 -0.000495   0.001576   0.002286
  0.000026  -0.000006  -0.000044
  0.000223  -0.000288  -0.000331
  0.000112  -0.000090  -0.000074
 -0.000471   0.000110   0.000192
  0.000067   0.000139  -0.000035
  0.000141   0.000031  -0.000013
  0.000172  -0.000023  -0.000136
  0.000464   0.000322   0.000258
 -0.000150  -0.000011  -0.000041
  0.000144  -0.000464   0.000088
 -0.000078  -0.000071   0.000024
  0.000146  -0.000166  -0.000045
  0.000096  -0.000041  -0.000069
  0.000245  -0.000085   0.000069
  0.000283  -0.000182   0.000224
 -0.000108   0.000192  -0.000234
 -0.000188   0.000079   0.000054
  0.009337  -0.001617   0.003824
  0.000048  -0.000039  -0.000192
  0.008564  -0.001583  -0.002479
  0.000092  -0.000015  -0.000080
 -0.018432  -0.018074   0.003819
 -0.000131  -0.000080  -0.000018
 -0.001911   0.000672   0.000730
 -0.000082   0.000013   0.000043
 -0.000768   0.001123  -0.000025
 -0.000098   0.000011  -0.000008
  0.000863  -0.002664  -0.000535
  0.000025  -0.000062   0.000023
 -0.000185   0.000152  -0.000157
  0.000036   0.000038  -0.000012
 -0.000428  -0.000455   0.000079
  0.000058   0.000020   0.000047
 -0.000287   0.000227   0.000180
 -0.000005  -0.000015   0.000011
  0.000032   0.001107  -0.000410
 -0.000064  -0.000095   0.000336
 -0.001584  -0.000411  -0.001322
  0.000924   0.000121   0.000953
 -0.000044   0.000047   0.000294
  0.000029  -0.000008  -0.000033
 -0.000246  -0.000111   0.000261
 -0.000010  -0.000005   0.000039
  0.000278   0.000192   0.000089
 -0.000039   0.000057   0.000060
  0.000134  -0.000011  -0.000163
  0.000203   0.000032  -0.000166
 -0.000040  -0.000105  -0.000041
  0.000006  -0.000132  -0.000128
  0.000081  -0.000043  -0.000268
 -0.000013  -0.000064  -0.000081
 -0.000268   0.000463  -0.000001
  0.000009  -0.000021   0.000054
 -0.000539   0.000688  -0.000538
  0.000012   0.000019   0.000190
  0.000136   0.000113  -0.000112
 -0.000031   0.000025  -0.000008
 -0.000319  -0.000250   0.000025
  0.000061   0.000023   0.000104
 -0.000202  -0.000232  -0.000092
 -0.000042   0.000005   0.000037
  0.000083   0.000043  -0.000011
 -0.000025   0.000137  -0.000161
  0.000017  -0.000071   0.000050
  0.000340   0.000071   0.000256
 -0.000216   0.000179  -0.000085
  0.000009  -0.000007  -0.000059
  0.000099  -0.000066   0.000040
  0.000006   0.000075   0.000095
 -0.653196  -0.032959   0.064026
 -0.000050   0.000029   0.000063
  0.000285  -0.000381  -0.000791
 -0.000013   0.000004   0.000108
 -0.000857   0.000773   0.000076
 -0.000184  -0.000168   0.000007
  0.003085   0.001240   0.000985
 -0.000816   0.000160  -0.000460
  0.007180  -0.011488  -0.004658
  0.001069   0.001244   0.000089
  0.000929  -0.001041   0.000079
  0.000296   0.000195  -0.000937
  0.000711  -0.002471  -0.001640
  0.003071   0.001689  -0.003187
  0.003025  -0.001710   0.000802
  0.000004   0.000485  -0.000616
 -0.003590   0.007133  -0.002117
  0.000162  -0.003188   0.004552
  0.076628  -0.000493  -0.006545
 -0.000793   0.000445   0.000457
   93    2  0.0000  0.0150 -0.0000
 -0.011445   0.071075  -0.001059
  0.000115  -0.000115  -0.000022
  0.111636  -0.009990  -0.014527
  0.000049   0.000027   0.000103
  0.121274   0.443316  -0.024549
 -0.000024   0.000075   0.000106
 -0.120043   0.293421   0.007813
 -0.000072   0.000023   0.000066
 -0.027478   0.112194  -0.000414
  0.000109  -0.000068  -0.000046
  0.032335  -0.012969  -0.004744
  0.000072   0.000003  -0.000054
 -0.023256  -0.010337   0.003109
 -0.000234   0.000023  -0.000033
  0.000137   0.012771  -0.000427
  0.000113  -0.000021   0.000095
 -0.069134  -0.031375   0.008483
 -0.000112  -0.000257  -0.000008
 -0.000679   0.000945   0.000007
  0.000200   0.000013   0.000004
  0.000055   0.002268   0.002005
  0.000213  -0.000291   0.000531
 -0.000393  -0.000246  -0.000702
 -0.000110  -0.000048   0.000087
 -0.000015  -0.000028  -0.000193
  0.000273   0.000135   0.000062
  0.000154  -0.000184   0.000146
 -0.000437  -0.000379  -0.000214
  0.000039   0.000012  -0.000098
  0.000187  -0.000281   0.000155
 -0.000151  -0.000004  -0.000124
 -0.000107  -0.000005   0.000040
 -0.000091   0.000108  -0.000103
  0.000104  -0.000022  -0.000065
  0.000005   0.000048  -0.000063
 -0.000012   0.000146   0.000110
 -0.000023   0.000022   0.000007
  0.000770  -0.000054  -0.000173
 -0.000019  -0.000014   0.000041
  0.000115  -0.000041  -0.000207
 -0.001684  -0.001646  -0.001339
 -0.000028   0.000094   0.000054
  0.000562  -0.002923   0.000049
  0.000087   0.000050  -0.000016
  0.025854   0.040023  -0.004564
 -0.000082  -0.000036   0.000023
 -0.002882  -0.004077   0.000629
  0.000031   0.000022  -0.000042
 -0.000865   0.001396   0.000203
 -0.000060   0.000038  -0.000027
  0.000410   0.000156   0.000144
  0.000113   0.000060  -0.000156
  0.000367  -0.000195  -0.000040
  0.000040  -0.000078  -0.000048
 -0.000049   0.000066  -0.000115
 -0.000042   0.000072  -0.000028
  0.000379  -0.000276  -0.000163
 -0.000005   0.000010   0.000018
  0.000059  -0.000060   0.000068
  0.000225  -0.000373  -0.000338
 -0.000214  -0.000324  -0.000399
 -0.001679   0.000277   0.000251
  0.000204   0.000035  -0.000334
  0.000027   0.000024  -0.000016
 -0.000245  -0.000137   0.000175
  0.000001   0.000013   0.000022
  0.000193   0.000124   0.000060
 -0.000025  -0.000014  -0.000001
 -0.000016   0.000006   0.000059
  0.000359   0.000371  -0.000317
  0.000015  -0.000016   0.000004
 -0.000236  -0.000075  -0.000152
 -0.000010   0.000052   0.000071
 -0.000008   0.000020   0.000004
  0.000003  -0.000015   0.000044
  0.000067  -0.000014   0.000082
  0.000202  -0.000327   0.000362
  0.000056   0.000165   0.000184
 -0.000032  -0.000183  -0.000025
  0.000017   0.000046   0.000031
 -0.000139  -0.000067  -0.000029
 -0.000074   0.000066  -0.000042
 -0.000010   0.000010   0.000014
 -0.000010   0.000030  -0.000037
  0.000019  -0.000012   0.000009
 -0.000033  -0.000026  -0.000000
  0.000011  -0.000002  -0.000010
 -0.000474  -0.000280  -0.000397
  0.000021  -0.000043   0.000010
 -0.000065  -0.000065   0.000146
 -0.000002   0.000020   0.000023
 -0.000056   0.000007  -0.000208
 -0.033197  -0.922503   0.028442
 -0.000050   0.000161  -0.000015
 -0.000164   0.000178   0.000495
 -0.000006  -0.000043  -0.000005
  0.002631  -0.001642  -0.000039
 -0.000053  -0.000002   0.000102
  0.000960  -0.000819  -0.000749
  0.000874   0.000214  -0.001360
 -0.004080   0.008721   0.004788
  0.000196   0.001539  -0.000726
 -0.001159   0.001203   0.000311
  0.000168  -0.000122  -0.001218
 -0.000412   0.002043   0.001707
  0.003722   0.003582  -0.005947
 -0.001384   0.000516  -0.000546
 -0.000518   0.000134  -0.000710
  0.001915  -0.003684   0.000995
  0.001012  -0.001943   0.005056
 -0.005184   0.011415   0.000427
  0.000312  -0.000833  -0.000052
   93    3  0.0000  0.0000  0.0150
  0.003017  -0.002932   0.007929
 -0.000506   0.000041  -0.000017
 -0.011827  -0.007594  -0.025699
  0.000242   0.000070  -0.000114
 -0.025393  -0.030872   0.092219
 -0.000050   0.000042  -0.000004
 -0.016517   0.005500   0.088319
 -0.000054  -0.000047   0.000002
  0.004294  -0.003885   0.002579
  0.000115   0.000025  -0.000023
 -0.001759  -0.000811  -0.007097
 -0.000052  -0.000043   0.000003
  0.000037   0.000275   0.001031
  0.000019   0.000082   0.000010
 -0.001796  -0.001210  -0.006639
 -0.000058  -0.000071   0.000058
 -0.004435   0.006667  -0.015021
  0.000125  -0.000008  -0.000069
  0.000044  -0.000051   0.000656
 -0.000090  -0.000070  -0.000044
  0.000084   0.000165   0.004682
 -0.000966   0.000458  -0.000096
 -0.000761  -0.000245  -0.000442
  0.000250   0.000228  -0.000029
  0.000045   0.000011  -0.000024
 -0.000073  -0.000078   0.000176
 -0.000054   0.000022   0.000004
 -0.000031   0.000147  -0.000261
  0.000041  -0.000032  -0.000025
  0.000354   0.000017  -0.000086
 -0.000123   0.000148   0.000029
 -0.000152   0.000078  -0.000307
 -0.000071   0.000008   0.000007
 -0.000018  -0.000093  -0.000139
  0.000075  -0.000087   0.000008
  0.000041  -0.000031  -0.000068
  0.000089   0.000031   0.000054
  0.000071  -0.000163   0.000297
 -0.000099   0.000065  -0.000051
 -0.000042  -0.000033  -0.000042
  0.006750  -0.001760   0.004441
  0.000098   0.000038   0.000360
 -0.001835   0.000671  -0.009130
 -0.000119  -0.000019   0.000012
  0.001981   0.001276   0.004782
  0.000086   0.000032  -0.000020
  0.001065   0.000297   0.003890
  0.000046  -0.000003  -0.000067
 -0.000073  -0.000261  -0.001147
  0.000056  -0.000026  -0.000022
 -0.000331   0.000308  -0.001353
 -0.000048   0.000085  -0.000071
  0.000145  -0.000126  -0.000071
 -0.000023   0.000013   0.000031
  0.000087   0.000005   0.000082
 -0.000028  -0.000099  -0.000062
 -0.000244   0.000166  -0.000028
  0.000007   0.000040  -0.000022
  0.000746   0.000076  -0.000096
  0.000135   0.000792   0.000370
  0.000484   0.000164   0.000416
 -0.000068  -0.000689  -0.000985
 -0.000031  -0.000034  -0.000018
 -0.000034  -0.000037  -0.000007
 -0.000036  -0.000033   0.000018
 -0.000067  -0.000040  -0.000038
  0.000017   0.000031  -0.000004
 -0.000010   0.000009   0.000026
 -0.000006  -0.000043  -0.000007
  0.000180   0.000157   0.000222
  0.000021   0.000000  -0.000053
 -0.000275  -0.000108  -0.000123
 -0.000000   0.000045   0.000051
  0.000006  -0.000069  -0.000034
 -0.000114   0.000216   0.000022
 -0.000031  -0.000007   0.000032
  0.000195  -0.000312   0.000543
 -0.000037  -0.000248  -0.000532
  0.000006  -0.000068   0.000069
  0.000002   0.000008  -0.000034
  0.000047   0.000012   0.000145
  0.000052  -0.000001  -0.000097
 -0.000112  -0.000115  -0.000049
 -0.000021   0.000003   0.000015
 -0.000011  -0.000016  -0.000063
 -0.000031   0.000108  -0.000083
  0.000006  -0.000057  -0.000016
  0.000007   0.000060   0.000086
 -0.000129   0.000098  -0.000067
  0.000009   0.000009  -0.000059
  0.000062  -0.000052  -0.000001
 -0.000010   0.000026   0.000015
  0.063991   0.028214  -0.161169
  0.000073   0.000007   0.000065
 -0.000135   0.000143   0.000191
  0.000074   0.000131   0.000398
  0.000321  -0.000134   0.000468
  0.000023  -0.000046   0.000010
 -0.000627   0.000023  -0.000179
  0.000655  -0.000454   0.001954
 -0.005315   0.010222   0.001937
 -0.000447  -0.000942   0.000312
 -0.000082   0.001030  -0.000735
 -0.000415   0.000105   0.000669
 -0.000452   0.001858   0.001163
 -0.003459  -0.002529   0.002204
 -0.001775   0.000940  -0.001003
 -0.000654  -0.000502   0.000840
  0.002019  -0.005629   0.002293
  0.000950   0.001552  -0.003144
 -0.007641  -0.000093   0.011428
  0.000303  -0.000145  -0.000743
   95    1  0.0150  0.0000  0.0000
 -0.001535  -0.002674  -0.003182
 -0.000043  -0.000011   0.000013
  0.000484   0.000940  -0.000379
  0.000002   0.000038  -0.000006
  0.000044  -0.000116   0.000385
  0.000013  -0.000019  -0.000005
 -0.000240  -0.000198   0.000376
  0.000016  -0.000021  -0.000047
 -0.000089   0.000106   0.000390
  0.000132  -0.000022   0.000020
 -0.000034   0.000167   0.000068
  0.000001   0.000033   0.000025
 -0.000153  -0.000037  -0.000006
 -0.000006  -0.000112  -0.000018
  0.000038   0.000027  -0.000114
 -0.000062   0.000033   0.000044
  0.000337  -0.000658  -0.000012
 -0.000014  -0.000019  -0.000018
  0.000083   0.000051   0.000055
 -0.000103  -0.000012  -0.000012
  0.022419  -0.001505  -0.010099
 -0.000054   0.000143  -0.000055
  0.165247   0.002335   0.004115
 -0.000018  -0.000133  -0.000059
  0.039733  -0.004990   0.013642
 -0.000237   0.000173   0.000119
 -0.001190  -0.000846  -0.000116
 -0.000185  -0.000012  -0.000157
 -0.004689   0.015495   0.020154
  0.000045   0.000051   0.000081
  0.120684  -0.008098  -0.006317
  0.000113  -0.000033   0.000006
  0.136464   0.025541  -0.001387
  0.000180   0.000087   0.000043
 -0.007934  -0.009793  -0.001696
 -0.000136  -0.000143   0.000064
  0.000511  -0.001470   0.001773
 -0.000129  -0.000143  -0.000246
  0.000202   0.000606   0.000098
  0.000080   0.000124  -0.000079
 -0.000363   0.000005  -0.000188
 -0.000352   0.000077   0.000007
 -0.000017   0.000029  -0.000054
 -0.000021   0.000003  -0.000010
 -0.000020   0.000188   0.000080
  0.000013   0.000004  -0.000013
  0.000174  -0.000198  -0.000463
 -0.000006   0.000017  -0.000076
 -0.000151   0.000009  -0.000046
  0.000012   0.000004  -0.000015
  0.000281   0.000155  -0.000059
 -0.000006  -0.000008  -0.000008
  0.000038   0.000027  -0.000055
 -0.000006  -0.000044  -0.000005
 -0.000012  -0.000036   0.000048
 -0.000030   0.000017  -0.000022
  0.000015   0.000024   0.000056
  0.000001  -0.000005   0.000012
 -0.001276  -0.000214   0.001860
 -0.000020  -0.000020   0.000009
 -0.000373  -0.000221   0.000013
 -0.000271   0.000079  -0.000144
  0.035408  -0.001405  -0.005284
 -0.000006  -0.000007   0.000001
 -0.000337  -0.000421  -0.000430
  0.000025  -0.000014   0.000005
  0.000118  -0.005587   0.002265
  0.000230  -0.000156  -0.000100
 -0.000291   0.000199  -0.000520
 -0.000108   0.000072   0.000055
  0.001787  -0.000507   0.002339
  0.000021  -0.000019  -0.000012
  0.008766  -0.031573  -0.042361
  0.000035   0.000042  -0.000021
  0.000307   0.006428   0.009059
 -0.000011  -0.000028   0.000011
  0.127922  -0.066911   0.117230
  0.000052  -0.000007   0.000000
  0.026204   0.052632  -0.010430
  0.000015  -0.000009  -0.000018
 -0.002624  -0.007608   0.003166
 -0.000045  -0.000012  -0.000064
  0.001336  -0.001666   0.002526
 -0.000187  -0.000065   0.000233
 -0.000130  -0.000420   0.000773
  0.000279   0.000393  -0.000088
  0.000659   0.000219  -0.000242
 -0.000070  -0.000004   0.000132
  0.000080  -0.000235  -0.000031
 -0.000015  -0.000006   0.000132
 -0.000012   0.000011   0.000174
 -0.000031  -0.000037   0.000038
  0.000302  -0.000157  -0.000228
 -0.000024   0.000029   0.000074
 -0.665246   0.043841  -0.101838
 -0.000006  -0.000028  -0.000038
 -0.000088   0.000126  -0.000006
  0.000074   0.000078   0.000005
 -0.000781   0.001461   0.001115
  0.000193  -0.000113   0.000099
  0.000342  -0.000633   0.000151
 -0.000016   0.000041  -0.000165
  0.002148  -0.001505   0.002426
  0.000020  -0.000043  -0.000011
  0.000177   0.000121   0.000801
 -0.000193  -0.000196  -0.000229
 -0.001172  -0.002175   0.003618
 -0.000076   0.000037  -0.000047
 -0.002964   0.001097  -0.002791
  0.000076  -0.000028   0.000073
 -0.000078   0.000333   0.000229
  0.000348  -0.000364  -0.000162
   95    2  0.0000  0.0150 -0.0000
  0.000775  -0.000448   0.002893
  0.000022   0.000096  -0.000032
 -0.000625   0.000132  -0.000315
 -0.000027  -0.000065  -0.000010
  0.000342   0.000049  -0.000318
  0.000074  -0.000012  -0.000011
 -0.000144  -0.000354  -0.000130
  0.000008   0.000113   0.000038
 -0.000009   0.000193   0.000005
 -0.000206   0.000065  -0.000043
  0.000220   0.000012   0.000020
  0.000026  -0.000088  -0.000042
 -0.000016  -0.000374  -0.000098
 -0.000027   0.000015   0.000023
 -0.000041  -0.000086  -0.000373
  0.000050  -0.000015  -0.000039
 -0.000771   0.000649  -0.000216
  0.000047   0.000008   0.000017
 -0.000135  -0.000101  -0.000064
  0.000074   0.000046   0.000043
 -0.017520   0.001207   0.003579
  0.000071  -0.000273   0.000111
 -0.006271   0.122612  -0.004131
 -0.000043   0.000144   0.000069
 -0.036173   0.000799  -0.002012
  0.000140  -0.000134  -0.000088
  0.001643  -0.000560   0.000748
  0.000081   0.000017   0.000073
  0.003497  -0.011395  -0.006025
 -0.000027   0.000044  -0.000029
 -0.014238   0.148708   0.035258
 -0.000164  -0.000013   0.000048
  0.033715   0.183608  -0.009001
 -0.000044  -0.000089   0.000042
  0.002923   0.035047  -0.016866
  0.000126   0.000079  -0.000152
  0.000896   0.001648  -0.000906
 -0.000033  -0.000052   0.000061
 -0.000034   0.000239   0.000230
 -0.000072  -0.000023   0.000008
 -0.000348   0.001327  -0.000452
  0.000144  -0.000174  -0.000479
 -0.000008  -0.000042   0.000131
  0.000031  -0.000002   0.000021
  0.000072  -0.000093  -0.000044
  0.000003  -0.000000   0.000037
 -0.000108   0.000039  -0.000039
  0.000010  -0.000038   0.000196
  0.000118   0.000036  -0.000011
 -0.000003  -0.000020   0.000022
  0.000277   0.000055   0.000044
 -0.000006   0.000007   0.000012
 -0.000057  -0.000054   0.000089
  0.000007   0.000062  -0.000011
  0.000060   0.000054  -0.000069
  0.000056  -0.000016   0.000044
 -0.000004  -0.000086  -0.000042
 -0.000024  -0.000013  -0.000013
  0.000943   0.000277  -0.001255
  0.000010   0.000011  -0.000014
  0.000092  -0.000049   0.000574
  0.000627  -0.000056   0.000406
  0.045700  -0.003153  -0.005185
 -0.000012   0.000005  -0.000011
 -0.000718   0.000532  -0.000560
 -0.000001   0.000010   0.000031
 -0.002209   0.004385  -0.002839
 -0.000120   0.000170   0.000109
  0.000192  -0.000380   0.000512
  0.000072  -0.000011  -0.000087
 -0.001076   0.001024  -0.002810
  0.000013  -0.000075  -0.000036
 -0.000234   0.005754   0.004417
 -0.000001  -0.000110   0.000066
 -0.010388   0.026649   0.047247
 -0.000032   0.000018  -0.000004
 -0.067232   0.155823  -0.140108
 -0.000022  -0.000015   0.000070
  0.001731   0.003297   0.000397
 -0.000013  -0.000019   0.000013
  0.021701   0.033755  -0.008992
  0.000064  -0.000020   0.000104
  0.000066  -0.000049  -0.005858
 -0.000004   0.000013   0.000008
  0.000090   0.001053  -0.000561
 -0.000020  -0.000084  -0.000016
 -0.000374  -0.000144   0.000119
 -0.000160   0.000137  -0.000122
  0.000277  -0.000706  -0.000096
  0.000005  -0.000010  -0.000008
  0.000113  -0.000343   0.000388
 -0.000020  -0.000052  -0.000036
 -0.000410   0.000171   0.000154
  0.000001  -0.000028  -0.000142
  0.043483  -0.723692   0.137133
  0.000022  -0.000015  -0.000086
  0.000132   0.000057   0.000021
 -0.000042  -0.000048  -0.000031
  0.001674  -0.000848  -0.002572
 -0.000436   0.000191  -0.000320
 -0.002654   0.001728   0.000021
 -0.000078  -0.000305  -0.000075
 -0.001704  -0.000530   0.000610
 -0.000082  -0.000022   0.000129
 -0.002052  -0.001351  -0.002045
  0.000269   0.000468   0.000896
 -0.010253   0.011367  -0.021775
  0.000102  -0.000101   0.000086
  0.014875   0.002339   0.000473
  0.000082   0.000683  -0.000661
  0.000051  -0.001109  -0.000379
 -0.000375   0.000916   0.000896
   95    3  0.0000  0.0000  0.0150
  0.001453   0.003797   0.008915
 -0.000058  -0.000122   0.000106
 -0.002020  -0.000864  -0.000147
  0.000052   0.000095   0.000011
 -0.000091   0.000276  -0.000996
 -0.000179   0.000144  -0.000008
  0.000770  -0.000466  -0.000577
 -0.000059  -0.000211  -0.000163
 -0.000130   0.000330   0.000110
  0.000305  -0.000056   0.000114
  0.000363  -0.000268  -0.000047
 -0.000035   0.000054   0.000092
 -0.000384   0.000438   0.000055
 -0.000001  -0.000132  -0.000121
  0.000142  -0.000259  -0.000052
 -0.000079   0.000066   0.000160
 -0.001622   0.000655  -0.000162
 -0.000068   0.000030  -0.000090
 -0.000231  -0.000047   0.000289
 -0.000128  -0.000073  -0.000183
 -0.051869  -0.000691   0.007436
 -0.000192   0.000525  -0.000358
  0.000051  -0.007718   0.117105
  0.000100  -0.000175  -0.000178
  0.036170  -0.002735   0.000816
 -0.000281   0.000207   0.000059
  0.000844   0.001338  -0.002087
 -0.000019   0.000013   0.000246
 -0.003058   0.017560   0.054084
 -0.000039  -0.000032   0.000093
 -0.010418   0.039397   0.169327
  0.000286   0.000028  -0.000151
 -0.000012  -0.005277   0.125473
  0.000048   0.000033  -0.000098
 -0.016974  -0.045946   0.012834
  0.000015   0.000007  -0.000145
 -0.002745  -0.003571   0.002154
 -0.000010   0.000071  -0.000244
  0.000239   0.000579  -0.000413
  0.000110   0.000034  -0.000053
 -0.000450  -0.000505  -0.001109
 -0.000475   0.000092   0.001090
  0.000002   0.000097   0.000506
 -0.000060   0.000004  -0.000084
 -0.000273   0.000022   0.000190
  0.000060   0.000069  -0.000106
 -0.000169  -0.000021  -0.000048
  0.000010   0.000042  -0.000356
 -0.000063  -0.000108   0.000058
  0.000040   0.000001  -0.000092
  0.000266  -0.000049   0.000204
 -0.000027   0.000008  -0.000083
  0.000166   0.000120  -0.000197
 -0.000001  -0.000078   0.000007
  0.000083  -0.000023   0.000039
 -0.000069  -0.000003  -0.000086
  0.000088   0.000118   0.000039
  0.000057   0.000059   0.000045
  0.000231  -0.000260  -0.003052
 -0.000022  -0.000014  -0.000025
  0.000286   0.000531   0.000162
 -0.001005   0.000013  -0.000857
  0.002627   0.000130   0.000118
 -0.000022  -0.000020  -0.000003
  0.000930  -0.000501   0.000555
  0.000025  -0.000017  -0.000072
  0.003112  -0.005813   0.003941
 -0.000001  -0.000168  -0.000244
 -0.000681   0.000414  -0.000951
 -0.000148  -0.000015   0.000152
  0.006920  -0.000665   0.005094
  0.000042   0.000089   0.000131
 -0.004198   0.013341   0.016136
 -0.000025   0.000176  -0.000092
  0.000688  -0.000394  -0.002099
  0.000052   0.000018  -0.000028
  0.119317  -0.143249   0.317244
 -0.000065  -0.000175  -0.000459
 -0.002672  -0.001100   0.001312
  0.000021  -0.000013  -0.000103
  0.019899   0.031543  -0.010317
 -0.000080   0.000047  -0.000179
  0.000493  -0.001889   0.007460
  0.000086   0.000002  -0.000043
  0.001279  -0.002564   0.002510
  0.000028  -0.000117   0.000174
  0.000874   0.000334  -0.000383
 -0.000135  -0.000108   0.000274
 -0.000123   0.000140   0.000004
  0.000010   0.000006   0.000024
 -0.000123   0.000362  -0.000051
 -0.000070  -0.000021   0.000121
 -0.000804   0.000490   0.000143
  0.000137   0.000007   0.000454
 -0.102095   0.137055  -0.851800
 -0.000021   0.000097   0.000353
  0.000328  -0.000686  -0.000144
  0.000076   0.000121   0.000124
  0.002569  -0.001634  -0.003649
  0.000719  -0.000361   0.000820
  0.004202  -0.001944   0.000470
 -0.000131  -0.000412   0.000413
  0.002278   0.001140  -0.000988
 -0.000265  -0.000080   0.000889
  0.002333   0.001759   0.003254
  0.000281   0.000104   0.002249
  0.014007  -0.019037   0.023423
  0.000365  -0.000138   0.000746
 -0.021545  -0.004113  -0.002769
 -0.000150   0.001285  -0.002775
  0.000377   0.000538   0.001387
  0.000360  -0.001113  -0.002281
   97    1  0.0150  0.0000  0.0000
  0.000931   0.002126  -0.000012
  0.000190  -0.000099  -0.000000
  0.002285  -0.000141   0.000158
 -0.000004   0.000095  -0.000081
 -0.000456  -0.004741   0.000492
  0.000272   0.000214   0.000005
  0.000880  -0.005774   0.000131
  0.000253  -0.000286   0.000107
  0.006700   0.012232  -0.001807
 -0.000167  -0.000148   0.000243
  0.053520  -0.076916  -0.007653
  0.000199  -0.000185  -0.000046
  0.190810  -0.126284  -0.017973
  0.000447  -0.000200  -0.000075
 -0.019558   0.001794   0.000315
 -0.000304  -0.000175  -0.000281
  0.000774   0.003628  -0.001935
 -0.000118   0.000283   0.000023
  0.256006   0.041119  -0.033891
  0.000605   0.000006   0.000107
  0.001712   0.001921   0.000922
  0.000299  -0.000085   0.000264
  0.000046  -0.000538  -0.000890
 -0.000332  -0.000102   0.000041
 -0.000144   0.000463   0.000279
  0.000188   0.000068  -0.000014
  0.000220  -0.000215  -0.000053
 -0.000236  -0.000154  -0.000272
  0.000043   0.000043  -0.000157
  0.000185   0.000052  -0.000119
 -0.000368  -0.000472  -0.000115
 -0.000039   0.000016   0.000003
 -0.000525   0.000431   0.000138
 -0.000023   0.000008  -0.000007
 -0.000024   0.000383   0.000059
 -0.000139   0.000019   0.000114
 -0.000291  -0.000100  -0.000039
 -0.000605   0.000012  -0.000105
  0.000545  -0.000015   0.000032
  0.000280  -0.000256   0.000291
  0.003461  -0.000213  -0.000627
  0.000114   0.000006   0.000048
  0.001109   0.001314   0.000013
  0.000127   0.000054   0.000018
 -0.000730   0.000180  -0.000020
  0.000005   0.000137  -0.000090
  0.000899  -0.002298   0.000136
 -0.000159  -0.000140  -0.000178
 -0.004249  -0.000241   0.001094
 -0.000023   0.000191  -0.000592
  0.002258  -0.002965   0.000232
 -0.000097   0.000053   0.000218
  0.050335   0.001242  -0.008600
 -0.000208   0.000025   0.000217
  0.032553   0.001464  -0.006612
 -0.000079   0.000035   0.000012
  0.035459   0.003692  -0.012881
 -0.000163   0.000035  -0.000114
  0.000011  -0.000391  -0.000009
 -0.000259  -0.000082   0.000217
  0.000157   0.000559   0.000121
 -0.000789   0.000083   0.000201
  0.000431  -0.000190  -0.000397
  0.000040   0.000013  -0.000076
  0.000261   0.000141   0.000083
  0.000008  -0.000007   0.000045
 -0.000059  -0.000155  -0.000173
  0.000053   0.000008  -0.000052
 -0.000028   0.000054   0.000093
  0.000096   0.000126  -0.000027
  0.000003   0.000049   0.000065
 -0.000488   0.000175   0.000118
 -0.000057   0.000112   0.000067
  0.000041   0.000028   0.000082
 -0.000046  -0.000256   0.000156
 -0.000025  -0.000008  -0.000030
  0.000014  -0.000479   0.000362
 -0.000213  -0.000132  -0.000107
 -0.000078  -0.000277  -0.000123
  0.000032  -0.000003  -0.000030
 -0.000191   0.000403   0.000035
 -0.000073  -0.000006  -0.000001
  0.000004   0.000058   0.000233
  0.000040   0.000005  -0.000049
 -0.000066  -0.000114  -0.000042
 -0.000027  -0.000097   0.000078
 -0.000027   0.000141  -0.000003
  0.000206   0.000154  -0.000330
 -0.000329  -0.000110   0.000305
 -0.000016   0.000108  -0.000107
 -0.000009  -0.000005  -0.000010
  0.000100  -0.000078  -0.000132
 -0.000826   0.002655   0.000360
 -0.000219   0.000082   0.000036
 -0.000064   0.000131   0.000257
  0.000081   0.000034   0.000050
 -0.609861   0.148063   0.090230
 -0.000299   0.000053   0.000078
 -0.001794  -0.002878  -0.000484
  0.000334   0.000042  -0.000650
  0.001654   0.000256  -0.000237
  0.000111  -0.001114   0.000152
  0.002174   0.000706  -0.001110
  0.001349  -0.001171   0.000345
  0.000703   0.000104   0.000052
  0.003204  -0.001596   0.000765
  0.002541   0.001969   0.000255
  0.002018  -0.000373   0.000392
 -0.004818  -0.001291   0.000654
 -0.003535   0.003172  -0.001816
 -0.006115   0.000549  -0.000159
 -0.000026   0.000180  -0.000208
   97    2  0.0000  0.0150 -0.0000
 -0.002960   0.005480   0.000178
 -0.000369  -0.000094  -0.000049
  0.000015  -0.001438  -0.000234
  0.000214  -0.000261   0.000022
 -0.003295   0.004178  -0.000341
 -0.000270  -0.000420  -0.000011
 -0.004390   0.005965   0.000490
 -0.000377   0.000052   0.000050
  0.004446  -0.005379  -0.000491
  0.000362   0.000473  -0.000291
 -0.035443   0.011762   0.005389
 -0.000607   0.000041  -0.000130
 -0.071966   0.365484   0.006647
  0.000644   0.002128   0.000444
 -0.028928   0.085810   0.001059
  0.000214  -0.000145   0.000103
  0.016539  -0.007760  -0.002063
  0.000410  -0.000049  -0.000061
 -0.001245   0.113586   0.001240
 -0.001248  -0.000021   0.000222
 -0.002951  -0.002916  -0.001180
 -0.000350   0.000076  -0.000307
  0.000021   0.000470   0.001047
  0.000292   0.000152  -0.000037
  0.000232  -0.000802  -0.000366
 -0.000170  -0.000131   0.000036
 -0.000157   0.000278   0.000038
  0.000162   0.000100   0.000143
 -0.000013  -0.000077   0.000204
 -0.000080  -0.000236  -0.000015
  0.000347   0.000278   0.000223
  0.000009   0.000034   0.000030
  0.000352  -0.000604  -0.000123
  0.000029   0.000031  -0.000025
  0.000017  -0.000312  -0.000053
  0.000018  -0.000076  -0.000069
  0.000193   0.000020  -0.000023
  0.000658   0.000344   0.000361
 -0.000165  -0.000032  -0.000021
 -0.000717   0.000082  -0.000420
 -0.001857  -0.000175  -0.000176
 -0.000062   0.000036  -0.000037
  0.000095  -0.000853   0.000034
 -0.000175  -0.000155   0.000186
  0.000305  -0.000566   0.000104
  0.000111  -0.000126   0.000116
  0.000223  -0.000346  -0.000172
  0.000072   0.000037   0.000001
  0.000854  -0.000738   0.000145
  0.000355  -0.000162   0.000533
 -0.002648  -0.001796   0.000796
  0.000078  -0.000010  -0.000193
  0.016134  -0.002762  -0.008425
  0.000158   0.000009  -0.000064
 -0.053177  -0.007614   0.010902
  0.000016  -0.000115   0.000054
  0.016493  -0.002128   0.001607
  0.000205  -0.000076   0.000042
 -0.000026   0.000271  -0.000002
  0.000286   0.000148  -0.000285
 -0.000027  -0.000555  -0.000180
  0.000404  -0.000157  -0.000521
 -0.000545   0.000165   0.000707
 -0.000030  -0.000001   0.000097
 -0.000090  -0.000043  -0.000128
 -0.000029   0.000006  -0.000103
  0.000095   0.000123   0.000201
 -0.000028  -0.000042   0.000050
  0.000054  -0.000030  -0.000138
 -0.000146  -0.000275   0.000102
 -0.000022  -0.000018  -0.000056
  0.000344  -0.000087   0.000057
  0.000034  -0.000114  -0.000102
 -0.000045  -0.000007  -0.000044
  0.000016   0.000139  -0.000018
  0.000019   0.000015   0.000014
 -0.000087   0.000087  -0.000025
  0.000192   0.000175   0.000099
  0.000066   0.000282   0.000088
 -0.000014  -0.000003   0.000023
  0.000252  -0.000387  -0.000048
  0.000023  -0.000013  -0.000040
  0.000088   0.000055  -0.000220
 -0.000058  -0.000001  -0.000011
  0.000047   0.000134   0.000052
  0.000034   0.000039  -0.000008
 -0.000003  -0.000091   0.000027
 -0.000192  -0.000332   0.000442
  0.000252   0.000110  -0.000107
 -0.000009  -0.000145   0.000096
 -0.000057   0.000067  -0.000073
  0.000157   0.000501  -0.000125
  0.000749  -0.001577  -0.000140
  0.000197   0.000002   0.000023
  0.000116   0.000031  -0.000681
 -0.000097  -0.000058  -0.000136
  0.148357  -0.559833  -0.016777
 -0.000039  -0.001382  -0.001162
  0.002277   0.004211   0.000760
 -0.000108   0.000076   0.000840
 -0.001057   0.000228   0.000554
 -0.000145   0.000869  -0.000051
 -0.000899  -0.000064   0.000700
 -0.001203   0.000765  -0.000189
 -0.000215   0.000344   0.000736
 -0.002984   0.000674  -0.000617
 -0.000312  -0.000551   0.000163
 -0.001767   0.000220  -0.000351
  0.001315  -0.000213  -0.001356
  0.002839  -0.002343   0.001296
  0.005224   0.000494  -0.000420
  0.000141  -0.000448  -0.000083
   97    3  0.0000  0.0000  0.0150
 -0.000176  -0.000413   0.000238
  0.000193  -0.000078  -0.000026
 -0.000142   0.000021   0.001023
  0.000017   0.000205   0.000100
  0.000047   0.000451  -0.000265
 -0.000123   0.000240   0.000062
  0.000051   0.000278   0.000980
  0.000019   0.000170   0.000021
 -0.002035  -0.001434  -0.004240
 -0.000074  -0.000092  -0.000241
 -0.008237   0.011388  -0.004554
  0.000188  -0.000250  -0.000333
 -0.019035   0.016551   0.068376
 -0.000785  -0.001860  -0.000302
 -0.000759  -0.000737  -0.015579
 -0.000037   0.000208  -0.000275
 -0.001317  -0.000385  -0.011229
 -0.000134   0.000088   0.000037
 -0.033553  -0.008014   0.089027
  0.000569   0.000099  -0.000202
 -0.000080  -0.000063  -0.000339
 -0.000046  -0.000006  -0.000052
  0.000042   0.000088   0.000220
  0.000057  -0.000021  -0.000128
  0.000048  -0.000295  -0.000110
 -0.000043  -0.000010  -0.000016
 -0.000052   0.000091  -0.000070
  0.000049   0.000005  -0.000069
 -0.000013  -0.000042   0.000050
 -0.000096  -0.000016   0.000019
  0.000054   0.000183   0.000047
 -0.000033   0.000025  -0.000120
  0.000090  -0.000094  -0.000006
 -0.000051  -0.000050  -0.000058
  0.000044  -0.000151   0.000011
  0.000035  -0.000046  -0.000043
  0.000074   0.000064   0.000014
  0.000206   0.000021   0.000200
 -0.000202   0.000047   0.000014
 -0.000298  -0.000011  -0.000283
 -0.001738   0.000058   0.000314
  0.000044   0.000004   0.000128
  0.000025  -0.000077   0.000581
  0.000055   0.000087  -0.000167
  0.000040   0.000010  -0.000009
 -0.000077   0.000019  -0.000030
 -0.000228   0.000406  -0.000353
 -0.000008  -0.000007  -0.000013
  0.001167   0.000143   0.002981
 -0.000216   0.000035  -0.000137
 -0.000009   0.000417   0.004147
  0.000009  -0.000013  -0.000036
  0.026959  -0.004732  -0.015016
  0.000002  -0.000077   0.000008
 -0.005157  -0.000369   0.001400
  0.000009   0.000038  -0.000059
 -0.046661   0.003392   0.000446
 -0.000109   0.000023   0.000062
  0.000035   0.000087  -0.000028
  0.000029   0.000002   0.000031
  0.000004   0.000021   0.000118
  0.000149   0.000017   0.000016
 -0.000149   0.000075   0.000044
  0.000000   0.000003  -0.000031
  0.000060  -0.000052   0.000060
 -0.000001  -0.000005  -0.000054
 -0.000012  -0.000010   0.000001
 -0.000013  -0.000009  -0.000009
  0.000023  -0.000042  -0.000039
 -0.000015  -0.000069   0.000053
 -0.000008  -0.000001  -0.000048
  0.000140  -0.000069  -0.000035
  0.000005  -0.000027  -0.000020
  0.000002  -0.000025  -0.000036
  0.000032   0.000113  -0.000060
 -0.000012  -0.000003  -0.000002
  0.000053  -0.000020   0.000161
 -0.000035  -0.000060  -0.000111
  0.000014   0.000049   0.000045
 -0.000003   0.000016  -0.000031
  0.000054  -0.000076   0.000067
  0.000017   0.000010  -0.000007
  0.000013  -0.000037  -0.000083
 -0.000032   0.000012  -0.000017
 -0.000003   0.000029  -0.000025
 -0.000011   0.000043  -0.000041
  0.000024  -0.000062  -0.000049
  0.000016  -0.000043   0.000028
  0.000142   0.000066  -0.000162
 -0.000040  -0.000000  -0.000025
  0.000013   0.000013  -0.000081
 -0.000009   0.000374  -0.000096
  0.000049  -0.000037   0.000456
  0.000036  -0.000125   0.000019
 -0.000003   0.000021  -0.000132
  0.000008   0.000032   0.000119
  0.090008  -0.016651  -0.117959
  0.000071   0.001181   0.001330
  0.000219   0.000123  -0.000136
 -0.000139  -0.000062   0.000112
 -0.000066  -0.000014  -0.000152
  0.000018  -0.000072  -0.000072
 -0.000154  -0.000066  -0.000043
  0.000272  -0.000187  -0.000041
 -0.000033  -0.000049  -0.000097
  0.000223  -0.000139  -0.000245
 -0.000100   0.000108  -0.000242
  0.000028   0.000010   0.000010
  0.000266   0.000082   0.000122
 -0.000227   0.000317   0.000267
  0.000678  -0.000291   0.001128
 -0.000202  -0.000009  -0.000125
   99    1  0.0150  0.0000  0.0000
  0.022475   0.060657   0.015724
 -0.000470  -0.000338   0.000100
  0.003821  -0.001022   0.000742
  0.000188   0.000082  -0.000383
 -0.002423   0.002187   0.000576
  0.000655   0.000136   0.000099
 -0.000070   0.003236  -0.001299
  0.000188   0.000827  -0.000023
  0.000447  -0.000562   0.000029
  0.000159  -0.000246  -0.000083
 -0.000084   0.000591   0.000116
  0.000165  -0.000038  -0.000049
 -0.000095  -0.001768   0.000242
  0.000001   0.000064   0.000066
  0.000751   0.000609   0.000060
 -0.000348  -0.000084  -0.000031
  0.010043  -0.004875  -0.000208
 -0.000255   0.000058  -0.000002
  0.000984  -0.000133  -0.000986
 -0.000363   0.000043  -0.000000
  0.119943   0.059661   0.031605
  0.000183  -0.000226   0.000059
 -0.001971   0.002935   0.008404
 -0.000496  -0.000148  -0.000004
 -0.000891   0.002141   0.000484
  0.000068   0.000062  -0.000028
  0.000737   0.000475  -0.000491
 -0.000168  -0.000116  -0.000193
 -0.000218  -0.000100   0.000106
  0.000031   0.000065  -0.000066
 -0.001148  -0.000410   0.000423
  0.000007   0.000058  -0.000213
  0.004103   0.003593  -0.000847
  0.000137  -0.000168  -0.000004
  0.000834  -0.000906  -0.000052
 -0.000009   0.000102  -0.000004
  0.000034   0.000104   0.000034
 -0.000341  -0.000064  -0.000091
 -0.000081  -0.000125   0.000141
  0.000010  -0.000020   0.000095
  0.000435   0.000307  -0.000240
  0.000368  -0.000498   0.001162
  0.003108   0.002758   0.000087
 -0.000059   0.000077   0.000203
 -0.000321   0.000134   0.000276
  0.000580   0.000104  -0.000325
 -0.000130   0.000315   0.000067
  0.000031   0.000002  -0.000003
 -0.000286   0.000048   0.000037
  0.000308  -0.000157  -0.000071
 -0.000043  -0.000221  -0.000040
 -0.000235   0.000014   0.000049
 -0.000005  -0.000350   0.000072
 -0.000169   0.000038   0.000210
  0.001139  -0.001425   0.001178
 -0.000040   0.000037   0.000032
 -0.000205   0.000230  -0.000003
 -0.000090  -0.000007  -0.000099
 -0.007391  -0.008215  -0.005890
 -0.000444  -0.000225   0.000283
  0.389512  -0.069296   0.267418
 -0.000510   0.000025   0.000158
 -0.001552   0.000127  -0.000317
 -0.000021   0.000023  -0.000083
  0.000290   0.000220  -0.001193
 -0.000008   0.000021   0.000020
 -0.000221   0.000110   0.000028
  0.000064  -0.000008  -0.000055
 -0.000335  -0.000146   0.000077
  0.000029   0.000113   0.000030
  0.000013   0.000230  -0.000041
 -0.000121  -0.000013   0.000012
 -0.000341   0.000273   0.000341
  0.000067  -0.000067  -0.000029
  0.000008  -0.000240  -0.000229
 -0.000145  -0.000032  -0.000084
 -0.000033   0.000668   0.000421
 -0.000410  -0.001160  -0.001467
  0.000024  -0.001474  -0.001308
  0.000064  -0.000062  -0.000084
  0.000250  -0.002711  -0.002513
 -0.000088   0.000055   0.000014
 -0.000198  -0.000017   0.000084
 -0.000043   0.000073  -0.000011
 -0.000430   0.000128  -0.000602
  0.000006  -0.000011   0.000015
 -0.000025   0.000004  -0.000052
  0.000132   0.000046  -0.000130
  0.000063  -0.000013  -0.000048
 -0.000029   0.000038  -0.000027
 -0.000007  -0.000001  -0.000034
  0.000063  -0.000002  -0.000066
  0.003103   0.001034  -0.000637
 -0.000878  -0.000831   0.000687
 -0.000758   0.001660   0.002587
  0.000203   0.000417   0.000680
 -0.001819   0.002196   0.000219
  0.000361   0.000042  -0.000138
 -0.569504  -0.054953  -0.336298
  0.000360   0.000155  -0.000342
  0.000560  -0.000291  -0.000546
  0.028875   0.011713   0.022760
  0.000529  -0.000463  -0.000559
 -0.000945   0.004128   0.002028
  0.000161  -0.001465  -0.001146
  0.002557   0.004385  -0.002354
 -0.000660  -0.000078  -0.000272
  0.005786   0.005633   0.001420
  0.000138   0.001444   0.002082
 -0.004658  -0.024883   0.000718
 -0.003410  -0.001719   0.001889
  0.000845   0.005667  -0.004056
   99    2  0.0000  0.0150 -0.0000
  0.021047   0.023476   0.006121
  0.000127   0.000524   0.000071
 -0.002931   0.002586  -0.002132
 -0.000383  -0.000312   0.000134
 -0.000619  -0.001393  -0.000234
  0.000932   0.000630  -0.000326
 -0.001226   0.002760  -0.000281
 -0.000252  -0.000109  -0.000032
  0.000387  -0.000922  -0.000197
 -0.000145   0.000064  -0.000057
 -0.000704   0.001098   0.000126
  0.000035  -0.000443   0.000056
  0.001973  -0.004813   0.000154
  0.000178  -0.000316  -0.000004
 -0.000129   0.002283   0.000143
 -0.000100   0.000087  -0.000045
  0.004654  -0.002951   0.001518
  0.000037  -0.000170  -0.000071
  0.003137   0.000474  -0.001444
  0.000117   0.000048  -0.000059
  0.015501   0.290629   0.012817
  0.000135  -0.000168   0.000020
  0.012931   0.037465   0.025479
 -0.000199  -0.000048  -0.000093
 -0.003315   0.001907  -0.002547
 -0.000063   0.000063  -0.000033
  0.000900  -0.000999   0.000073
 -0.000045  -0.000047  -0.000049
  0.000142   0.000119  -0.000559
  0.000013   0.000077  -0.000029
 -0.000163  -0.000709  -0.000443
 -0.000008   0.000027  -0.000131
  0.000944   0.000957   0.000274
 -0.000002  -0.000118  -0.000016
  0.000114  -0.000021   0.000255
  0.000005   0.000050  -0.000044
 -0.000236   0.000325   0.000109
 -0.000276  -0.000071  -0.000151
 -0.000011  -0.000186   0.000441
  0.000072  -0.000003   0.000074
  0.000359   0.000380  -0.000300
  0.000135  -0.000221   0.000547
 -0.000824  -0.001741   0.000108
  0.000176  -0.000034  -0.000163
  0.000293   0.000071   0.000191
 -0.000149  -0.000078  -0.000506
 -0.000087   0.000324   0.000104
  0.000045  -0.000067   0.000081
  0.000132   0.000020  -0.000024
  0.000040  -0.000167  -0.000225
  0.000367  -0.001489  -0.000225
 -0.000112   0.000012   0.000021
 -0.000495   0.000555   0.000205
 -0.000085   0.000040   0.000094
 -0.000247   0.003017   0.000441
  0.000023   0.000004   0.000004
 -0.000789   0.001315  -0.000136
 -0.000071   0.000023  -0.000026
  0.020950   0.051637   0.016071
 -0.000200  -0.000094   0.000125
 -0.015570   0.062127  -0.008673
  0.000111  -0.000000   0.000258
 -0.002061  -0.001113   0.005252
 -0.000019   0.000002  -0.000064
  0.000614  -0.002409   0.000170
  0.000021  -0.000010   0.000000
 -0.000096  -0.000307  -0.000507
  0.000034  -0.000012  -0.000048
 -0.000422  -0.000168   0.000421
 -0.000004   0.000055   0.000024
  0.000103   0.000022   0.000021
 -0.000080   0.000013   0.000027
 -0.000497  -0.000013   0.000336
  0.000019  -0.000021  -0.000019
  0.000111  -0.000481  -0.000112
 -0.000057  -0.000001  -0.000056
  0.000466   0.000043  -0.000070
 -0.000302  -0.000497  -0.000598
 -0.000142  -0.000929  -0.000460
  0.000018  -0.000053  -0.000064
 -0.002334   0.000098   0.001448
 -0.000003  -0.000012   0.000026
 -0.000082  -0.000089   0.000267
  0.000017   0.000026  -0.000019
 -0.000160  -0.000105  -0.000200
 -0.000003  -0.000061   0.000029
  0.000058   0.000024  -0.000051
  0.000013   0.000090  -0.000008
  0.000055  -0.000118  -0.000018
  0.000004   0.000027  -0.000020
  0.000028   0.000024  -0.000002
  0.000005  -0.000082  -0.000010
  0.001141  -0.000848   0.000040
 -0.000137   0.000233   0.000464
  0.001507  -0.000812  -0.001638
  0.000089   0.000158   0.000296
 -0.002840   0.004188   0.000193
 -0.000017   0.000104   0.000075
 -0.055172  -0.462418  -0.054770
 -0.000164   0.000054  -0.000191
 -0.000832   0.001302  -0.000557
  0.006783  -0.004237   0.004581
 -0.000808  -0.000224  -0.000346
  0.001001   0.000632   0.001051
 -0.000419  -0.000748  -0.001261
  0.003858   0.002080   0.000745
 -0.003522   0.001179  -0.000906
  0.002384   0.000603   0.001069
  0.003218  -0.000105   0.002471
 -0.005693  -0.003187  -0.003798
 -0.002177  -0.001831   0.001087
 -0.000078   0.002450  -0.001159
   99    3  0.0000  0.0000  0.0150
  0.006349   0.007557  -0.003639
  0.000647   0.001197   0.000030
  0.000061   0.001145  -0.000815
 -0.000596  -0.000869   0.000841
  0.000136   0.000288  -0.000083
  0.001577  -0.001146   0.000169
 -0.000816   0.001737  -0.000064
 -0.000690   0.000135  -0.000337
  0.000250  -0.000623  -0.000108
 -0.000264   0.000354   0.000098
 -0.000499   0.000280   0.000003
 -0.000307  -0.000549   0.000113
  0.000648  -0.000376  -0.000117
  0.000497   0.000539  -0.000012
 -0.000199  -0.000549  -0.000439
 -0.000078  -0.000415   0.000056
  0.003211  -0.000353  -0.000972
  0.000766  -0.000118  -0.000265
 -0.000190   0.000469  -0.000867
  0.000420  -0.000005  -0.000187
  0.035890   0.050896   0.101506
  0.000388  -0.000350  -0.000115
  0.018565   0.054241   0.013177
 -0.000194  -0.000060  -0.000393
  0.002083   0.000317  -0.003224
 -0.000228   0.000110   0.000050
  0.000001   0.000730  -0.001357
 -0.000011  -0.000025  -0.000057
 -0.000097   0.000032  -0.000016
 -0.000020   0.000079  -0.000008
  0.000726  -0.000195  -0.000799
  0.000084   0.000120  -0.000346
 -0.005415  -0.002064   0.000224
 -0.000015  -0.000220  -0.000056
 -0.000343   0.000372  -0.000268
  0.000070   0.000048  -0.000093
 -0.000634   0.000467   0.000258
 -0.000205  -0.000067  -0.000154
 -0.000070  -0.000103   0.000664
  0.000008  -0.000014   0.000087
 -0.000316   0.000024  -0.000545
  0.000401  -0.000227   0.001500
 -0.001045   0.000059   0.000861
  0.000180  -0.000057  -0.000179
  0.000108   0.000089   0.000000
 -0.000307  -0.000462  -0.000566
  0.000037   0.000246   0.000402
  0.000004   0.000007  -0.000008
 -0.000014  -0.000006   0.000127
  0.000048  -0.000196  -0.000106
  0.000085   0.000197   0.000560
 -0.000172  -0.000013  -0.000005
  0.000082  -0.000520   0.000055
 -0.000170   0.000088   0.000160
  0.000782  -0.001875   0.001508
  0.000000  -0.000012  -0.000007
 -0.000220   0.000424  -0.000122
 -0.000116   0.000091  -0.000035
 -0.008198  -0.016350  -0.010694
 -0.000301  -0.000087   0.000238
  0.264680  -0.046193   0.188354
  0.000112  -0.000028   0.000337
 -0.003587   0.001833   0.009894
 -0.000011   0.000018  -0.000154
 -0.000779   0.001492   0.001089
  0.000055  -0.000014  -0.000051
 -0.000186   0.001120   0.000489
  0.000007  -0.000041  -0.000166
  0.000282  -0.000093   0.000166
 -0.000041   0.000060   0.000134
  0.000080   0.000254  -0.000089
  0.000061   0.000021   0.000027
 -0.000191  -0.000273   0.000046
  0.000012   0.000009  -0.000077
  0.000166  -0.000319   0.000181
 -0.000081  -0.000019  -0.000094
  0.000187  -0.001179   0.001889
 -0.000276  -0.000832  -0.001168
 -0.000578   0.001029   0.001631
  0.000012  -0.000002  -0.000111
 -0.000650   0.002527   0.004078
 -0.000009   0.000029  -0.000003
  0.000314   0.000148  -0.000094
  0.000001   0.000059  -0.000038
 -0.000027  -0.000173   0.000177
  0.000001  -0.000045   0.000013
  0.000149  -0.000063  -0.000202
 -0.000015   0.000066   0.000122
  0.000149  -0.000102  -0.000092
  0.000011   0.000021  -0.000077
  0.000065   0.000094  -0.000094
  0.000004  -0.000040   0.000011
  0.000998  -0.000726  -0.000265
 -0.000409   0.001346   0.001962
  0.001063  -0.002517  -0.003673
  0.000099   0.000335   0.000845
 -0.000503   0.000751  -0.000201
 -0.000609  -0.000823   0.000109
 -0.335604  -0.055059  -0.309177
 -0.000361   0.000209  -0.000134
  0.000035   0.000103  -0.000810
  0.023434   0.008763   0.011050
  0.000207   0.000430  -0.001327
  0.000321   0.002728   0.000562
  0.000238  -0.001241  -0.001676
  0.000715   0.002768  -0.004380
 -0.000159   0.000325  -0.001503
  0.003945   0.004395   0.000672
  0.000442   0.000054   0.003350
 -0.003779  -0.018766   0.004005
 -0.000862  -0.000807   0.002005
 -0.001504   0.003937  -0.003167
  101    1  0.0150  0.0000  0.0000
 -0.001076  -0.000362   0.000646
 -0.000712  -0.001470   0.000812
  0.001177  -0.001225  -0.000370
  0.000822   0.000183  -0.000103
 -0.001135  -0.000894  -0.001565
 -0.000837   0.000330   0.000099
  0.000906   0.002414  -0.000617
 -0.000368  -0.000444  -0.000075
  0.000451  -0.000172  -0.000157
 -0.000503   0.000204  -0.000078
 -0.000013  -0.000224  -0.000006
 -0.000004  -0.000336  -0.000065
 -0.000282   0.001098   0.000036
 -0.000379  -0.000238   0.000134
 -0.000237  -0.000617   0.000145
  0.000271  -0.000090  -0.000029
  0.000280   0.000260   0.000261
  0.001181   0.000245  -0.000128
 -0.001511  -0.000180  -0.000257
 -0.000240  -0.000202   0.000124
  0.000562   0.000585  -0.000851
 -0.001523   0.012430  -0.001558
 -0.001259   0.000513  -0.000082
  0.001465  -0.001147  -0.000011
 -0.000056  -0.000026  -0.000050
 -0.000435  -0.000124  -0.000045
 -0.000068   0.000067  -0.000045
  0.000424   0.000045   0.000020
 -0.000181   0.000088   0.000084
 -0.000184   0.000042   0.000089
  0.000688  -0.000606  -0.000755
  0.000078   0.000251  -0.000344
  0.001102   0.000830   0.000310
 -0.000076   0.000080  -0.000236
 -0.000143  -0.000472  -0.000043
 -0.000050  -0.000111  -0.000072
 -0.000235  -0.000100  -0.000070
 -0.000038  -0.000018   0.000031
 -0.000007   0.000094  -0.000021
 -0.000021   0.000056   0.000024
 -0.000380   0.000850   0.003068
 -0.000212  -0.000279  -0.000786
 -0.000175  -0.000044  -0.000039
 -0.000765  -0.000365  -0.000034
  0.000944  -0.001746   0.000543
  0.000024  -0.000067   0.000047
  0.000127   0.000039  -0.000009
 -0.000055  -0.000050   0.000896
  0.000183  -0.000095  -0.000028
 -0.000116  -0.000088   0.000087
 -0.000823  -0.000311  -0.000153
  0.000103   0.000169  -0.000048
 -0.000272  -0.000260   0.000475
  0.000183   0.000234  -0.000079
  0.000117   0.000064   0.000075
  0.000212  -0.000971  -0.000196
 -0.000023  -0.000053  -0.000212
  0.000167   0.000210  -0.000003
 -0.001431   0.000789   0.000961
 -0.000148  -0.000464  -0.000402
 -0.000059   0.000471   0.000180
 -0.012949   0.001933  -0.014998
 -0.000209  -0.000085  -0.000144
 -0.000350  -0.000216   0.000698
 -0.000038  -0.000123   0.000052
 -0.000145  -0.000190  -0.000490
  0.000123  -0.000006   0.000084
 -0.000009  -0.000126   0.000107
 -0.000011  -0.000103   0.000082
 -0.000120  -0.000014   0.000156
  0.000110  -0.000029   0.000108
  0.000304  -0.000104   0.000002
  0.000004  -0.000029   0.000096
 -0.000067  -0.000024   0.000040
 -0.000118  -0.000119  -0.000331
  0.000074   0.000119   0.000022
  0.001340   0.006434  -0.009047
  0.000465   0.000658   0.000033
 -0.000047  -0.000092   0.000130
 -0.000174  -0.000165   0.000318
 -0.000068  -0.000023   0.000048
  0.000976  -0.000592  -0.000251
  0.000002  -0.000101   0.000119
  0.000101  -0.000072   0.000018
  0.000047  -0.000001   0.000078
  0.000010   0.000053   0.000030
  0.000078  -0.000006   0.000017
 -0.000071   0.000012   0.000049
 -0.000004  -0.000045  -0.000035
  0.000078   0.000015   0.000001
  0.000025   0.000022   0.000021
 -0.000040  -0.000039   0.000012
  0.007180  -0.004074  -0.005323
  0.001185  -0.000227  -0.000405
  0.000313  -0.002623   0.004201
 -0.000037   0.000083  -0.000166
  0.001689  -0.000998  -0.000063
  0.000102   0.000138  -0.000014
  0.000564  -0.000758   0.000104
  0.028887  -0.006756   0.023427
 -0.153589   0.114689  -0.023694
 -0.000670  -0.001490  -0.000554
 -0.020782   0.020709  -0.009113
 -0.000733   0.000371  -0.000442
 -0.015260  -0.009988  -0.004813
 -0.001887   0.001512  -0.000918
  0.030069  -0.062509   0.017035
 -0.002474  -0.001273  -0.000472
  0.133189  -0.071360   0.013008
  0.004358   0.001431   0.001944
  0.005250   0.005077   0.006769
 -0.002108   0.002313   0.002938
  101    2  0.0000  0.0150 -0.0000
  0.001049   0.000339  -0.000235
  0.000858  -0.000050  -0.000309
 -0.001347  -0.000342  -0.000224
 -0.001015   0.000325   0.000029
  0.002261   0.006125  -0.000596
 -0.000019  -0.001222   0.000064
 -0.002327  -0.006712   0.001085
  0.000381   0.001265  -0.000029
  0.000565   0.001179   0.000158
  0.000746  -0.000996  -0.000010
  0.000278  -0.001076  -0.000076
 -0.000219   0.000770   0.000054
 -0.000710   0.000737   0.000091
 -0.000392  -0.001200  -0.000027
  0.000013   0.000078  -0.000080
 -0.000265   0.000322   0.000039
 -0.000701   0.000759  -0.000653
 -0.000522  -0.000183  -0.000025
 -0.000244  -0.000071  -0.000036
 -0.000958  -0.000152  -0.000161
 -0.000017  -0.001046   0.000761
  0.002248  -0.004073   0.001935
  0.001437  -0.000230  -0.000469
 -0.000030  -0.000038   0.000020
 -0.000145  -0.000126   0.000028
  0.000245   0.000163  -0.000135
 -0.000199   0.000168  -0.000195
 -0.000247  -0.000013  -0.000124
  0.000084  -0.000234   0.000069
  0.000097   0.000166  -0.000131
  0.000034   0.000967   0.000657
 -0.000035  -0.000592   0.000074
  0.000139  -0.001083  -0.000566
  0.000060  -0.000037  -0.000213
 -0.000013   0.000167   0.000184
  0.000179   0.000198  -0.000072
  0.000446   0.000393   0.000113
  0.000317  -0.000344   0.000173
 -0.000296  -0.000099  -0.000164
 -0.000201   0.000121  -0.000093
  0.002219   0.001993   0.007232
  0.000572   0.002007   0.003444
 -0.000405   0.000005   0.000108
  0.000096   0.000255   0.000006
 -0.000486   0.002832   0.000053
 -0.000339  -0.000340   0.000198
  0.000200  -0.001183  -0.000104
  0.000416   0.001332  -0.000504
 -0.002109  -0.000722   0.000549
 -0.000389   0.000079   0.000190
  0.000645   0.000666   0.000209
  0.000116  -0.000351   0.000098
 -0.000297   0.000675  -0.000020
 -0.000290  -0.001005   0.000017
 -0.000360  -0.000367  -0.000118
 -0.000733   0.000899  -0.000364
 -0.000136   0.000204   0.000177
  0.000074  -0.000119   0.000188
  0.001114  -0.000523  -0.000671
  0.000951  -0.000661   0.000439
 -0.000322  -0.001180  -0.000040
  0.013551   0.014036   0.010784
  0.000063   0.000119   0.000135
  0.000108   0.000027  -0.000236
 -0.000055   0.000106  -0.000061
 -0.000017   0.000071   0.000192
 -0.000167   0.000113  -0.000153
 -0.000061   0.000020  -0.000078
 -0.000070  -0.000006  -0.000125
  0.000066   0.000115  -0.000138
  0.000040   0.000076  -0.000284
  0.000243  -0.000113  -0.000422
 -0.000075   0.000058   0.000365
  0.000039  -0.000119  -0.000165
 -0.000206   0.000820   0.000273
 -0.000220  -0.000385   0.000121
  0.002785  -0.004633   0.006663
  0.000387  -0.000474   0.001720
 -0.000355  -0.000720   0.000695
 -0.000072   0.000201   0.000123
 -0.000259  -0.000745  -0.000428
 -0.000574   0.001922  -0.000213
 -0.000466  -0.000183  -0.000349
 -0.000304   0.000090  -0.000093
  0.000015  -0.000148  -0.000200
  0.000075   0.000310  -0.000277
 -0.000104  -0.000125  -0.000055
  0.000055   0.000073  -0.000099
 -0.000223   0.000278  -0.000088
 -0.000126  -0.000115  -0.000029
  0.000052  -0.000106  -0.000019
  0.000028   0.000085  -0.000022
 -0.011467   0.008715   0.010224
 -0.001309   0.001577   0.000920
 -0.000588   0.001693  -0.001915
 -0.000006  -0.000278   0.000453
  0.000182   0.000261  -0.000014
  0.001091   0.000823   0.000067
 -0.000314   0.001274   0.000097
 -0.011678  -0.004205  -0.008762
  0.114942  -0.531185  -0.030462
  0.001548   0.015426  -0.003623
 -0.007113   0.048630  -0.021789
  0.001517   0.004118  -0.002650
 -0.022913   0.062539   0.042247
  0.005707   0.022191  -0.011174
 -0.022940   0.014375  -0.008424
 -0.000136   0.004289  -0.002924
 -0.075502   0.355091  -0.029545
 -0.002602  -0.020488   0.017140
  0.006070   0.021022   0.029673
  0.009288  -0.015334  -0.009068
  101    3  0.0000  0.0000  0.0150
 -0.000450  -0.000169   0.000179
 -0.000342  -0.001298   0.000631
 -0.000235   0.000565   0.000104
  0.000420   0.000267  -0.000107
  0.000465   0.000476   0.000887
 -0.000603  -0.000336   0.000143
 -0.001206  -0.001812   0.000573
 -0.000450  -0.000122   0.000004
 -0.000105   0.000054  -0.000069
  0.000862   0.000034  -0.000158
 -0.000228   0.000472  -0.000003
 -0.000261  -0.000010  -0.000040
  0.000349  -0.000779   0.000090
  0.000144  -0.000042   0.000105
 -0.000499   0.000248   0.000001
 -0.000216  -0.000140  -0.000025
 -0.000132   0.000366   0.000016
  0.000798   0.000437  -0.000079
  0.000147   0.000063   0.000262
 -0.000256  -0.000567   0.000120
  0.000823   0.000782   0.000061
 -0.000570   0.008370  -0.001354
 -0.000426   0.000084  -0.000222
  0.000180  -0.000780  -0.000145
 -0.000038  -0.000082  -0.000001
 -0.000207   0.000025  -0.000078
 -0.000134   0.000028  -0.000029
  0.000030   0.000198  -0.000037
  0.000037  -0.000100  -0.000171
 -0.000122   0.000119  -0.000108
  0.000061  -0.000025  -0.000326
  0.000289   0.000106  -0.000845
 -0.000221   0.000201  -0.000000
  0.000351   0.001213  -0.000582
  0.000382  -0.000076  -0.000172
  0.000050  -0.000625  -0.000132
 -0.000047   0.000061   0.000119
 -0.000125  -0.000155   0.000213
 -0.000174   0.000109   0.000001
 -0.000159  -0.000049   0.000121
  0.002986   0.003474   0.007558
  0.000215   0.000985   0.002425
 -0.000007  -0.000039   0.000177
 -0.000600  -0.000222   0.000059
  0.000484   0.000354  -0.000073
  0.000105  -0.000011   0.000047
  0.000009   0.000003   0.000212
  0.000759  -0.000172  -0.000328
  0.000754   0.000303  -0.000084
  0.000124   0.000016   0.000020
 -0.000346  -0.000052   0.000044
  0.000007   0.000075   0.000097
 -0.000043  -0.000172   0.000245
 -0.000027   0.000145   0.000297
 -0.000015  -0.000034   0.000092
 -0.000315  -0.000489  -0.000091
 -0.000304   0.000029  -0.000159
 -0.000108   0.000133  -0.000135
 -0.000622   0.000361   0.000420
 -0.000242  -0.000487   0.000180
  0.000794   0.000129   0.001067
 -0.015826   0.002433  -0.000599
  0.000001  -0.000027  -0.000159
 -0.000091  -0.000127   0.000293
 -0.000004  -0.000029   0.000030
 -0.000178  -0.000132  -0.000291
  0.000037   0.000004  -0.000071
  0.000040  -0.000080   0.000049
  0.000099  -0.000108   0.000063
  0.000206   0.000024   0.000156
  0.000231   0.000041  -0.000140
  0.000454  -0.000184  -0.000242
  0.000081   0.000113  -0.000294
  0.000006  -0.000070  -0.000156
 -0.000347   0.000271  -0.000120
 -0.000139  -0.000155   0.000137
 -0.000942   0.000530  -0.001071
  0.000033   0.001044  -0.000010
  0.000134   0.000121  -0.000321
  0.000177   0.000074  -0.000285
 -0.000049  -0.000084   0.000192
 -0.000510  -0.000449  -0.000727
 -0.000235  -0.000236  -0.000050
 -0.000056   0.000033  -0.000094
  0.000005  -0.000074  -0.000157
  0.000034   0.000191   0.000038
  0.000097  -0.000087  -0.000033
  0.000104   0.000065  -0.000098
 -0.000121   0.000103  -0.000144
 -0.000020  -0.000010  -0.000128
  0.000111  -0.000030  -0.000042
  0.000091   0.000014  -0.000069
 -0.004609   0.004841   0.001879
  0.000217   0.000724   0.000315
  0.000149   0.000017   0.000500
 -0.000186   0.000091   0.000412
 -0.000257   0.000564  -0.000182
  0.000130   0.000037  -0.000100
 -0.000573  -0.000631  -0.000779
  0.022806  -0.004498   0.011054
 -0.023752  -0.030551  -0.167985
 -0.000581   0.003608  -0.003046
  0.000928  -0.039667  -0.009065
  0.000220  -0.001262  -0.001607
 -0.017206   0.067899   0.016832
  0.000590   0.004003  -0.005985
  0.012103  -0.015720  -0.016519
 -0.001091  -0.000596  -0.001645
  0.013988  -0.028914   0.116678
  0.000149  -0.001216   0.008417
  0.006610   0.033778   0.048302
  0.005151  -0.007127  -0.004150
  103    1  0.0150  0.0000  0.0000
 -0.000967  -0.000056   0.000377
 -0.000118   0.000156   0.000016
  0.001509  -0.001848  -0.000121
  0.000044   0.000043   0.000076
 -0.001058   0.001358  -0.000936
 -0.000219   0.000367   0.000028
 -0.000303  -0.001319   0.000310
 -0.000056   0.000097  -0.000021
  0.001632   0.000334  -0.000206
 -0.000692   0.000146  -0.000116
  0.000906  -0.001142  -0.000802
  0.000172  -0.000183  -0.000178
 -0.000950   0.002139   0.000070
 -0.001002  -0.001716   0.000106
  0.000258  -0.000616   0.000187
  0.000271   0.000553   0.000028
  0.000145   0.000906   0.000029
 -0.000116  -0.000436   0.000057
 -0.002013   0.000081  -0.000267
 -0.001269   0.000539  -0.000110
 -0.000060   0.000515  -0.000612
 -0.000564   0.000395  -0.000108
 -0.001105   0.000049   0.000667
  0.000381  -0.000137   0.000030
  0.000171   0.000092  -0.000091
 -0.000146   0.000002  -0.000056
  0.000052   0.000065  -0.000040
  0.000195   0.000070   0.000223
 -0.000319   0.000051   0.000224
 -0.000067   0.000018   0.000095
  0.000939  -0.000598  -0.001223
  0.000015   0.000022   0.000127
  0.001644   0.001378   0.000029
 -0.000102  -0.000089   0.000210
 -0.000315  -0.000439   0.000047
  0.000056   0.000127  -0.000049
 -0.000115  -0.000084  -0.000046
  0.000158  -0.000067  -0.000106
 -0.000014   0.000067  -0.000059
  0.000043   0.000135  -0.000131
 -0.000802   0.000338   0.000200
 -0.000317  -0.000383  -0.000700
 -0.000592   0.000095   0.000090
 -0.000123   0.000039  -0.000128
 -0.001426   0.002941   0.001523
 -0.000005  -0.000019  -0.000017
  0.000119  -0.000442   0.000001
  0.000165  -0.000216   0.000753
 -0.000556  -0.000074   0.000987
 -0.000054  -0.000062   0.000009
 -0.001264   0.000019  -0.000526
  0.000047  -0.000125  -0.000111
 -0.000021  -0.000526   0.000571
  0.000083  -0.001149  -0.000328
  0.000250   0.000143   0.000115
  0.000063   0.000267  -0.000704
  0.000068  -0.000104  -0.000282
  0.000592   0.000077   0.000428
 -0.001561   0.001359   0.000442
  0.000191  -0.000096  -0.000066
 -0.000024   0.000488   0.000004
  0.002461   0.001566  -0.000667
 -0.000258  -0.000092  -0.000131
 -0.000079  -0.000034   0.000115
 -0.000035  -0.000145   0.000071
  0.000014   0.000019  -0.000027
  0.000111  -0.000086   0.000184
 -0.000019  -0.000029   0.000013
 -0.000051  -0.000068   0.000054
 -0.000192   0.000026  -0.000005
  0.000136  -0.000020   0.000154
  0.000153   0.000012  -0.000019
  0.000125  -0.000105   0.000458
 -0.000016   0.000010  -0.000012
 -0.000098  -0.000212  -0.000378
  0.000067   0.000064  -0.000044
 -0.000792   0.006421  -0.007659
  0.000081  -0.000094  -0.000034
  0.000225  -0.000550   0.000573
 -0.000054  -0.000085   0.000080
 -0.000116  -0.000029  -0.000008
  0.000456  -0.000284   0.000185
  0.000009  -0.000052   0.000120
  0.000052  -0.000051   0.000112
  0.000070  -0.000047   0.000124
  0.000081   0.000018  -0.000014
  0.000023   0.000013   0.000020
 -0.000104  -0.000003   0.000104
  0.000018  -0.000050  -0.000002
  0.000063  -0.000035   0.000089
 -0.000009   0.000006   0.000055
 -0.000131  -0.000050   0.000072
  0.000940  -0.001159  -0.000083
  0.000325  -0.000208  -0.000399
  0.002132  -0.001674   0.002269
  0.000026   0.000096  -0.000284
  0.002118  -0.000800  -0.000132
  0.001302   0.001162   0.000251
  0.000540  -0.000753   0.000263
 -0.000948  -0.001004   0.000316
 -0.020763  -0.007082   0.000916
 -0.000693  -0.001537   0.000257
 -0.321424  -0.184697   0.235881
 -0.000434   0.000038   0.000158
 -0.014975   0.005451  -0.006322
 -0.000770  -0.000365   0.000736
  0.055112   0.032343  -0.034937
 -0.000960   0.000076   0.000189
  0.300089   0.147324  -0.193002
  0.001994   0.000855  -0.000790
  0.003057  -0.000968  -0.001405
 -0.000706   0.003320   0.002612
  103    2  0.0000  0.0150 -0.0000
 -0.000298  -0.000829   0.000255
  0.000270   0.000278  -0.000215
 -0.000930   0.001519  -0.000019
 -0.000282  -0.000046   0.000036
  0.000624   0.000072   0.000272
  0.000224   0.000034  -0.000031
 -0.000561  -0.001575   0.000133
  0.000158   0.000331   0.000011
  0.000255   0.000290   0.000003
 -0.000390  -0.000129  -0.000022
  0.001223  -0.000576  -0.000684
  0.000053   0.000112  -0.000076
 -0.000798   0.001572   0.000037
 -0.000603  -0.001199   0.000014
  0.000486   0.000016   0.000056
  0.000032   0.000414   0.000023
  0.000608   0.000580  -0.000199
 -0.000343  -0.000383   0.000050
 -0.000667  -0.000126  -0.000120
 -0.001039   0.000769  -0.000370
  0.000325   0.000569  -0.000435
  0.000580  -0.002020   0.000615
  0.000920   0.000062  -0.000956
 -0.000040   0.000132   0.000076
 -0.000369  -0.000083   0.000053
  0.000106   0.000058  -0.000014
 -0.000021   0.000333  -0.000250
 -0.000049  -0.000062  -0.000041
 -0.000098  -0.000091   0.000164
  0.000024   0.000022   0.000049
  0.000318   0.000597   0.000372
 -0.000077  -0.000162   0.000174
  0.001342  -0.000159  -0.000366
  0.000089  -0.000301   0.000223
 -0.000566  -0.000449   0.000325
  0.000076   0.000196  -0.000002
  0.000223   0.000175  -0.000018
  0.000186  -0.000176   0.000008
 -0.000142  -0.000077  -0.000078
 -0.000034   0.000138  -0.000069
  0.000790   0.000591   0.001847
 -0.000093  -0.000135  -0.000341
 -0.000145   0.000051   0.000048
  0.000117   0.000125   0.000000
 -0.000308   0.003232  -0.000597
 -0.000049  -0.000087  -0.000006
  0.000101  -0.001120   0.000023
  0.000095   0.000248   0.000324
 -0.001334   0.000332   0.000872
 -0.000114  -0.000027   0.000057
 -0.000246   0.000211  -0.000179
  0.000001  -0.000188  -0.000043
 -0.000141   0.000002   0.000132
 -0.000274  -0.000954  -0.000277
  0.000036  -0.000061  -0.000013
 -0.000017   0.000467  -0.000169
 -0.000032   0.000027  -0.000024
  0.000328  -0.000114   0.000340
 -0.000425   0.000448   0.000107
  0.000207  -0.000204   0.000037
  0.000485  -0.000162  -0.000146
  0.007621   0.000857   0.004639
 -0.000267   0.000009  -0.000007
  0.000021   0.000028  -0.000109
  0.000005   0.000021  -0.000030
  0.000023   0.000048   0.000101
 -0.000109   0.000086  -0.000068
 -0.000027   0.000026  -0.000011
 -0.000214  -0.000067  -0.000077
 -0.000010   0.000068  -0.000080
 -0.000078   0.000011  -0.000014
  0.000076  -0.000074  -0.000129
 -0.000115   0.000113   0.000556
  0.000007  -0.000045  -0.000036
 -0.000185   0.000191  -0.000216
 -0.000017  -0.000039   0.000006
  0.005296   0.004106  -0.002240
  0.000067  -0.000559   0.000284
 -0.001112  -0.000629   0.001167
 -0.000066   0.000013   0.000107
  0.000125  -0.000534  -0.000248
  0.000020   0.000473   0.000360
 -0.000222  -0.000042  -0.000188
 -0.000076   0.000011   0.000061
 -0.000038  -0.000003   0.000017
  0.000010   0.000105  -0.000119
 -0.000082  -0.000042   0.000004
 -0.000000   0.000003  -0.000006
 -0.000075   0.000097  -0.000028
  0.000001  -0.000032   0.000073
 -0.000007  -0.000051   0.000028
 -0.000059   0.000009   0.000025
 -0.001042   0.001186   0.001014
 -0.000230  -0.000107  -0.000113
 -0.001468  -0.000527   0.001175
  0.000067  -0.000015   0.000113
  0.000625  -0.000021  -0.000078
  0.001119   0.000722   0.000152
 -0.000518  -0.000244   0.000369
 -0.004133   0.000684  -0.002782
  0.020762   0.048705  -0.039771
 -0.000354   0.004117   0.001163
 -0.184543  -0.259058   0.208569
 -0.000021   0.002094  -0.000028
 -0.001768  -0.020864   0.011322
  0.000707   0.004307  -0.001672
  0.010828  -0.019176  -0.009009
  0.000052   0.001830  -0.000187
  0.148882   0.247354  -0.166852
 -0.000384  -0.008082   0.001997
 -0.000029  -0.010736  -0.009121
  0.001137   0.001161  -0.001059
  103    3  0.0000  0.0000  0.0150
 -0.000172  -0.000284  -0.000161
 -0.000113  -0.000214   0.000185
 -0.000596   0.001390   0.000036
 -0.000134   0.000286  -0.000028
 -0.000101  -0.001305  -0.000109
 -0.000292  -0.000696   0.000100
  0.000215   0.001369   0.000005
 -0.000252   0.000388   0.000018
 -0.000841  -0.000466  -0.000021
  0.000941  -0.000662  -0.000158
 -0.001089   0.000329  -0.000170
 -0.000466   0.000339   0.000049
  0.000774  -0.001589   0.000018
  0.000224  -0.000251   0.000057
 -0.000370   0.000468  -0.000066
 -0.000399  -0.000044   0.000038
  0.000178  -0.000514   0.000093
 -0.000002   0.000261   0.000016
  0.000944   0.000034   0.000232
 -0.000465  -0.000507   0.000031
  0.000357   0.000541   0.000841
 -0.000146   0.001162  -0.000417
 -0.001377  -0.000409   0.000938
 -0.000347  -0.000306  -0.000118
  0.000508   0.000078  -0.000014
 -0.000026   0.000186  -0.000028
  0.000073  -0.000177   0.000298
 -0.000197  -0.000053  -0.000166
  0.000322   0.000023  -0.000748
  0.000010   0.000033  -0.000122
 -0.001219  -0.000593  -0.000175
  0.000233  -0.000118  -0.000582
 -0.001167   0.000679   0.000152
  0.000337   0.000280  -0.000671
  0.000718   0.000280  -0.000418
  0.000136  -0.000199  -0.000165
 -0.000227  -0.000318   0.000268
 -0.000170   0.000044   0.000132
  0.000001   0.000214   0.000145
 -0.000139  -0.000193   0.000161
  0.000266   0.000778  -0.000764
  0.000569   0.001567   0.003176
  0.000355  -0.000054   0.000045
 -0.000192   0.000021   0.000063
  0.002539  -0.003157   0.000378
  0.000083   0.000018   0.000017
 -0.000044   0.000561   0.000328
  0.000943   0.000788  -0.000513
  0.002261   0.001541  -0.000017
  0.000087  -0.000013   0.000008
  0.000229  -0.000178   0.000231
 -0.000066  -0.000047   0.000095
 -0.000011  -0.000036  -0.000087
 -0.000145  -0.000256   0.000512
 -0.000038   0.000023   0.000073
 -0.000674   0.000188  -0.000226
 -0.000145   0.000015   0.000006
 -0.000085   0.000069  -0.000072
  0.000270  -0.000231   0.000105
 -0.000148  -0.000096   0.000218
  0.001050   0.000060   0.001292
 -0.003447   0.001013  -0.000856
  0.000223  -0.000027  -0.000080
  0.000040  -0.000028  -0.000055
  0.000048  -0.000029   0.000064
 -0.000079  -0.000021  -0.000086
  0.000121  -0.000172   0.000060
  0.000032  -0.000047  -0.000009
  0.000319  -0.000109   0.000096
  0.000321  -0.000032   0.000147
  0.000347   0.000102  -0.000180
  0.000075  -0.000059  -0.000020
  0.000562   0.000459  -0.001518
  0.000049   0.000012  -0.000085
 -0.000410  -0.000317  -0.000001
 -0.000162  -0.000220   0.000081
 -0.006918  -0.002244   0.004326
 -0.000085   0.000135  -0.000179
  0.000989   0.001055  -0.000868
  0.000161   0.000160  -0.000189
  0.000219   0.000139   0.000498
 -0.000956   0.000934  -0.000655
  0.000086  -0.000085   0.000174
 -0.000051   0.000152  -0.000354
 -0.000009  -0.000063  -0.000199
 -0.000117  -0.000156   0.000023
  0.000237   0.000026  -0.000025
  0.000105   0.000043  -0.000038
  0.000021  -0.000082  -0.000065
 -0.000069   0.000010  -0.000227
  0.000092   0.000034  -0.000077
  0.000160   0.000047  -0.000046
  0.000122   0.000315  -0.000817
 -0.000880   0.001205   0.000648
  0.002391   0.000664  -0.001006
  0.000001  -0.000116   0.000930
 -0.001140   0.000676  -0.000089
  0.000417   0.000192  -0.000073
 -0.000604  -0.000430  -0.001309
  0.002001  -0.001077   0.000596
 -0.009199  -0.021767  -0.009050
 -0.000475   0.002678  -0.001608
  0.235949   0.208738  -0.360897
  0.000140  -0.000037  -0.000205
 -0.037477  -0.013243   0.055750
  0.000078  -0.000631  -0.001961
  0.001612  -0.002626  -0.020393
  0.000284   0.000092  -0.000402
 -0.191151  -0.164209   0.333172
 -0.001122  -0.001244   0.001348
 -0.001869   0.002418   0.007325
  0.006250  -0.013274  -0.005954
  105    1  0.0150  0.0000  0.0000
 -0.000576  -0.000140   0.000204
 -0.000323  -0.000310   0.000161
  0.000481  -0.000246  -0.000046
  0.000674  -0.000418   0.000166
 -0.000609   0.000080   0.000146
  0.000999   0.001720  -0.000252
  0.000092   0.000161   0.000010
  0.000703  -0.001103   0.000006
  0.000266  -0.000060  -0.000048
 -0.002130   0.001709  -0.000584
 -0.000110  -0.000268  -0.000008
  0.001410  -0.000209  -0.000333
 -0.000226   0.000328   0.000035
 -0.001072  -0.002441   0.000260
 -0.000076  -0.000144   0.000067
  0.000269   0.000774  -0.000067
  0.000180   0.000338   0.000038
  0.000282  -0.000441   0.000367
 -0.000695   0.000017  -0.000065
 -0.000880  -0.001303  -0.000037
 -0.000060   0.000443  -0.000379
 -0.000678   0.002261  -0.001273
 -0.000423   0.000345  -0.000090
  0.000059  -0.000326   0.000238
 -0.000128  -0.000022  -0.000051
 -0.000068   0.000133  -0.000126
  0.000086   0.000001   0.000031
 -0.000028   0.000084   0.000051
 -0.000244  -0.000014   0.000150
 -0.000051   0.000032   0.000003
  0.000567  -0.000154  -0.000604
  0.000214  -0.000212  -0.000229
  0.000915   0.000441   0.000287
  0.000651   0.000156  -0.000365
 -0.000159  -0.000281  -0.000015
 -0.000209  -0.000078  -0.000024
  0.000002  -0.000011  -0.000048
 -0.000062  -0.000015  -0.000049
 -0.000031  -0.000015  -0.000063
 -0.000010   0.000015  -0.000033
 -0.000694   0.000010  -0.000498
 -0.000530   0.000046   0.001106
 -0.000137   0.000007   0.000023
 -0.000087   0.000033  -0.000015
 -0.000507   0.000519   0.000233
  0.000151   0.000039  -0.000149
  0.000070  -0.000104   0.000031
  0.002589  -0.000128   0.000434
 -0.000451  -0.000281   0.000264
  0.000019  -0.000013  -0.000043
 -0.000657  -0.000078  -0.000094
  0.000078  -0.000106  -0.000031
  0.000009  -0.000260   0.000253
  0.000177  -0.001189   0.000350
  0.000146   0.000099   0.000023
 -0.000466   0.001364  -0.000866
  0.000016  -0.000111  -0.000176
  0.000362   0.000278   0.000262
 -0.000894   0.000592   0.000119
  0.000159  -0.000294   0.000046
  0.000009   0.000370  -0.000194
 -0.001414   0.002820   0.000715
 -0.000209  -0.000071  -0.000138
 -0.000072  -0.000081   0.000188
  0.000006  -0.000073   0.000015
 -0.000142   0.000002  -0.000112
  0.000025  -0.000010   0.000047
  0.000038  -0.000082   0.000063
 -0.000067  -0.000011   0.000059
 -0.000011  -0.000001   0.000029
  0.000189   0.000001   0.000096
  0.000058   0.000006   0.000002
 -0.000065  -0.000103   0.000277
  0.000039   0.000054  -0.000001
  0.000013  -0.000194  -0.000357
  0.000046  -0.000035   0.000084
  0.001554   0.005273  -0.004727
  0.000184   0.000270   0.000153
 -0.000135  -0.000253   0.000212
 -0.000060  -0.000297   0.000278
 -0.000014   0.000004  -0.000016
  0.000006   0.000568  -0.000613
  0.000011  -0.000004   0.000088
  0.000073  -0.000064  -0.000108
  0.000035  -0.000042   0.000062
  0.000116   0.000012   0.000169
 -0.000044   0.000023   0.000053
 -0.000013   0.000023   0.000016
  0.000042  -0.000040  -0.000007
  0.000046  -0.000017   0.000002
 -0.000037  -0.000007   0.000040
 -0.000037  -0.000035   0.000002
  0.000699  -0.000384  -0.000443
  0.003052  -0.003769  -0.003498
  0.000180  -0.002045   0.002358
 -0.000219  -0.000266   0.000253
  0.000678  -0.000157  -0.000023
  0.003167   0.002888   0.000179
  0.000192  -0.000394   0.000307
  0.002488  -0.003895   0.000734
 -0.015226  -0.022929  -0.017141
 -0.001842  -0.005695   0.000648
 -0.014943  -0.001805  -0.037423
 -0.000764  -0.000674   0.000116
 -0.136065   0.035424  -0.017030
 -0.000994  -0.002235   0.001612
  0.009881   0.014211   0.057624
 -0.001284  -0.000368  -0.000045
  0.118671   0.013496   0.037346
  0.003375   0.003102  -0.001289
  0.000585   0.003178   0.002607
  0.029844  -0.036936  -0.021968
  105    2  0.0000  0.0150 -0.0000
  0.000077  -0.000340   0.000019
  0.000521   0.000700  -0.000164
 -0.000451   0.000260   0.000011
 -0.001010   0.000172  -0.000120
  0.001250   0.001008  -0.000142
 -0.000546  -0.001722   0.000192
 -0.000722  -0.001824   0.000297
  0.000491   0.002838   0.000089
 -0.000070   0.000123   0.000006
 -0.000119  -0.000648  -0.000322
 -0.000089   0.000115  -0.000025
  0.000427  -0.000064  -0.000131
  0.000026  -0.000268   0.000050
 -0.000410  -0.000960   0.000168
 -0.000306   0.000186   0.000014
 -0.000272   0.000216   0.000016
  0.000004   0.000346  -0.000125
 -0.000305  -0.000652  -0.000090
 -0.000180  -0.000134  -0.000063
 -0.000646   0.000219  -0.000588
  0.000566   0.001162   0.000222
  0.000674  -0.002757   0.000966
 -0.000583   0.000119  -0.000170
 -0.000076   0.000194  -0.000190
  0.000085  -0.000011  -0.000034
  0.000113   0.000152  -0.000002
  0.000001   0.000028  -0.000064
 -0.000122  -0.000276  -0.000175
 -0.000114  -0.000042  -0.000059
  0.000044   0.000078  -0.000035
  0.000079  -0.000136  -0.000580
 -0.000106  -0.000011   0.000175
  0.000296   0.000501   0.000263
 -0.001309  -0.000432  -0.000051
  0.000244  -0.000179  -0.000226
  0.000464   0.000763  -0.000280
  0.000162   0.000144   0.000210
  0.000218  -0.000130   0.000105
 -0.000190  -0.000039  -0.000050
 -0.000227  -0.000037  -0.000129
  0.001026   0.001079   0.002425
  0.000762   0.003830   0.008978
  0.000005  -0.000019   0.000052
 -0.000041   0.000144   0.000053
  0.000339   0.000650  -0.000447
  0.000060  -0.000244   0.000092
 -0.000018  -0.000225   0.000205
 -0.000153   0.000694   0.000753
 -0.000023   0.000111   0.000132
 -0.000072  -0.000140   0.000029
 -0.000282   0.000065   0.000005
 -0.000113  -0.000286   0.000048
 -0.000205  -0.000103   0.000198
 -0.000145  -0.000783   0.000656
  0.000044  -0.000086   0.000084
 -0.000097   0.001053  -0.000049
 -0.000145   0.000021  -0.000086
 -0.000242  -0.000168   0.000050
 -0.000241   0.000322   0.000399
 -0.000029  -0.000134   0.000184
  0.002234   0.000046   0.001793
  0.007040  -0.000432   0.003806
 -0.000043  -0.000052  -0.000196
 -0.000051   0.000037  -0.000211
  0.000014  -0.000032   0.000063
  0.000043   0.000071   0.000106
 -0.000014  -0.000078   0.000013
 -0.000056   0.000032  -0.000069
  0.000104  -0.000073  -0.000010
 -0.000010   0.000141  -0.000090
  0.000447   0.000201  -0.000266
  0.000136  -0.000053  -0.000191
  0.000049   0.000151  -0.000161
  0.000026  -0.000170  -0.000136
 -0.000208   0.000116  -0.000154
 -0.000379  -0.000381  -0.000155
  0.000161   0.003184  -0.002332
 -0.000216  -0.001059  -0.000411
 -0.000000  -0.000020  -0.000047
 -0.000071  -0.000040   0.000191
  0.000009  -0.000225   0.000212
  0.000622   0.002106  -0.000323
 -0.000196  -0.000148   0.000091
 -0.000313   0.000244  -0.000161
 -0.000026  -0.000231  -0.000220
 -0.000117   0.000007  -0.000363
  0.000062  -0.000031  -0.000058
  0.000035   0.000094  -0.000029
 -0.000069   0.000052  -0.000066
 -0.000212  -0.000136  -0.000128
  0.000045  -0.000057  -0.000024
  0.000089   0.000086  -0.000003
 -0.002496   0.002025   0.001845
 -0.001748   0.003637   0.002537
  0.000117  -0.001345   0.001747
  0.000193   0.000462  -0.000109
  0.000076   0.000388  -0.000029
  0.001635   0.000694   0.000120
 -0.001427  -0.000779  -0.001163
 -0.004386   0.002116  -0.002662
 -0.009931   0.062523   0.067982
 -0.001439   0.022216  -0.003868
  0.005447  -0.020864  -0.013130
  0.000361   0.004290   0.000728
  0.035293  -0.231269  -0.204789
  0.002240   0.008120  -0.006524
  0.006139  -0.018265   0.013612
  0.001490   0.003096  -0.000379
  0.006111   0.142736   0.105977
 -0.006236  -0.017285   0.004053
 -0.001515  -0.014119  -0.008790
 -0.037379   0.043829   0.029622
  105    3  0.0000  0.0000  0.0150
 -0.000478  -0.000658   0.000254
  0.000159   0.000189  -0.000057
 -0.000460   0.000826  -0.000037
 -0.000965   0.000658  -0.000016
  0.001553  -0.000644  -0.000134
 -0.001445  -0.002385   0.000373
 -0.000491  -0.000696   0.000207
 -0.000528   0.002312   0.000246
 -0.000297  -0.000307  -0.000052
  0.001932  -0.002258  -0.000490
 -0.000166   0.001094  -0.000119
 -0.001480   0.000719  -0.000043
  0.000677  -0.001050   0.000112
  0.000308  -0.000845   0.000170
 -0.000917   0.000358   0.000051
 -0.000653   0.000001  -0.000055
  0.000289   0.000265  -0.000037
 -0.000555   0.000235   0.000191
 -0.000152   0.000036  -0.000157
 -0.000163  -0.001542   0.000289
  0.000954   0.001704   0.000211
  0.000724  -0.001180   0.000262
 -0.001846   0.000462  -0.000072
 -0.001171  -0.000231  -0.000022
  0.000063  -0.000081  -0.000101
  0.000109   0.000359  -0.000092
  0.000077  -0.000105   0.000151
 -0.000603   0.000029  -0.000098
 -0.000191  -0.000084  -0.000434
  0.000060   0.000246  -0.000295
 -0.000035  -0.000581  -0.001332
  0.000676  -0.000910  -0.001002
 -0.000015   0.001395   0.000217
  0.002172  -0.000344  -0.000764
  0.000619  -0.000153  -0.000489
  0.000178  -0.000415  -0.000320
 -0.000058  -0.000017   0.000530
 -0.000089  -0.000140   0.000318
 -0.000314   0.000141   0.000221
 -0.000314  -0.000289   0.000054
  0.000566   0.001585   0.002728
  0.002219   0.008891   0.015905
  0.000164  -0.000095   0.000092
 -0.000270   0.000122   0.000192
  0.002157  -0.001782  -0.000638
 -0.000065  -0.000226   0.000251
 -0.000001   0.000236   0.000237
  0.000775   0.001683   0.000582
  0.001725   0.001160  -0.000141
 -0.000032  -0.000091   0.000242
 -0.001196  -0.000134   0.000083
 -0.000069  -0.000233   0.000261
 -0.000387  -0.000521   0.000782
 -0.000150   0.000094   0.000675
  0.000145   0.000042   0.000151
 -0.001000   0.000961   0.000379
 -0.000355  -0.000204  -0.000410
 -0.000689  -0.000219  -0.000335
 -0.001404   0.001041   0.001014
  0.000077  -0.000266   0.000428
  0.001874   0.000343   0.002342
  0.006303   0.001232   0.007856
 -0.000126  -0.000141  -0.000503
  0.000196  -0.000004  -0.000276
  0.000028  -0.000100   0.000125
 -0.000179   0.000010   0.000069
  0.000083  -0.000155   0.000055
  0.000085  -0.000092  -0.000076
  0.000301  -0.000210   0.000169
  0.000457   0.000071   0.000144
  0.000935   0.000244  -0.000395
  0.000353  -0.000109  -0.000269
  0.000169   0.000309  -0.000958
  0.000166  -0.000041  -0.000273
 -0.000499  -0.000196  -0.000507
 -0.000592  -0.000872   0.000361
 -0.003011   0.006640  -0.006495
  0.000248   0.000255   0.001167
  0.000280   0.000486  -0.000659
  0.000232   0.000374  -0.000254
  0.000012  -0.000123   0.000442
 -0.002277   0.001751   0.000598
 -0.000173  -0.000233   0.000262
 -0.000394   0.000340  -0.000624
 -0.000027  -0.000362  -0.000367
  0.000040   0.000034   0.000046
  0.000275  -0.000068  -0.000086
  0.000186   0.000208  -0.000073
  0.000007  -0.000046  -0.000236
 -0.000318  -0.000136  -0.000302
  0.000164  -0.000040  -0.000079
  0.000297   0.000100  -0.000061
 -0.001563   0.001753   0.001123
 -0.003224   0.005891   0.001927
  0.000776  -0.002037   0.003336
 -0.000222  -0.000955   0.002238
  0.000095   0.000745  -0.000143
  0.000948   0.000657  -0.000422
 -0.001207  -0.001334  -0.001675
 -0.002581  -0.000757  -0.004399
 -0.004847   0.042174   0.016762
 -0.000991   0.011153  -0.006032
 -0.006244   0.011564   0.055662
  0.000705   0.001558  -0.002007
 -0.017176  -0.205265  -0.528249
  0.001501   0.006753  -0.007623
  0.023220   0.011897   0.027733
 -0.000194   0.001643  -0.002530
  0.027829   0.102236   0.403923
 -0.002340  -0.010278   0.009199
 -0.001085  -0.012210  -0.006235
 -0.017872   0.017185   0.016154
  107    1  0.0150  0.0000  0.0000
 -0.002839  -0.001601   0.001929
 -0.000717  -0.000067   0.000388
  0.002596  -0.001078  -0.000511
  0.000235   0.000083   0.000023
 -0.002657  -0.000118   0.000094
 -0.000554   0.000076   0.000116
  0.000092   0.000794  -0.000165
 -0.000713   0.000325  -0.000046
  0.000964  -0.000335  -0.000201
 -0.000070   0.000267  -0.001249
 -0.000078  -0.000520  -0.000207
 -0.000332  -0.000413  -0.000433
 -0.000194   0.001188   0.000135
 -0.000945  -0.002288   0.000368
  0.000141  -0.000407   0.000539
  0.000209   0.000668  -0.000085
  0.001031   0.001408   0.000198
  0.000111  -0.000339   0.000237
 -0.002142   0.000404  -0.000590
 -0.001737  -0.000422  -0.000038
  0.005198   0.001142  -0.002027
 -0.001308   0.003794  -0.001181
 -0.001957   0.001332  -0.001619
  0.000046  -0.000501   0.000088
 -0.000762   0.000001  -0.000005
 -0.000242   0.000076  -0.000087
  0.000257  -0.000043  -0.000068
  0.000001   0.000112   0.000171
 -0.000558   0.000099   0.000315
 -0.000090   0.000094  -0.000008
  0.001614  -0.001422  -0.001903
  0.000337  -0.000105  -0.000435
  0.002973   0.001975   0.001358
  0.000494   0.000496  -0.000572
 -0.000483  -0.001143  -0.000008
 -0.000054  -0.000140  -0.000122
 -0.000259  -0.000023   0.000033
 -0.000150  -0.000043  -0.000091
 -0.000108   0.000060   0.000117
 -0.000040   0.000002  -0.000073
 -0.001940   0.000335  -0.000920
 -0.000359   0.000958   0.001966
 -0.000428  -0.000022   0.000141
 -0.000445  -0.000073  -0.000001
 -0.001578   0.001863   0.001201
  0.000251   0.000013  -0.000013
  0.000107  -0.000231   0.000155
  0.001922   0.000130   0.000513
 -0.001705  -0.001309   0.000774
  0.000151  -0.000163   0.000040
 -0.001473  -0.000192  -0.000576
 -0.000048  -0.000088  -0.000036
  0.000118  -0.001140   0.001391
 -0.000115  -0.000839  -0.000012
  0.000628   0.000464   0.000281
 -0.000577   0.000193  -0.000525
 -0.000031  -0.000456  -0.000764
  0.000297   0.000078   0.000189
 -0.000968  -0.000640   0.002406
 -0.000194  -0.000108  -0.000009
  0.002199   0.001403   0.001484
 -0.008078   0.000177  -0.005464
 -0.000629  -0.000337  -0.000578
 -0.000121  -0.000100   0.000247
 -0.000011  -0.000249   0.000075
 -0.000141  -0.000042  -0.000165
  0.000123  -0.000024   0.000115
  0.000064  -0.000121   0.000027
 -0.000091  -0.000181   0.000231
 -0.000067   0.000042   0.000106
  0.000499   0.000049   0.000106
  0.000171   0.000001   0.000015
 -0.000214  -0.000211   0.000650
  0.000041   0.000035  -0.000047
  0.000160  -0.000549  -0.000943
 -0.000100  -0.000136   0.000052
  0.009049   0.014321  -0.016565
  0.000082   0.000338  -0.000259
 -0.000380  -0.000579   0.000654
  0.000089  -0.000097  -0.000008
  0.000162  -0.000010   0.000142
 -0.000399   0.000561  -0.000833
  0.000082  -0.000089   0.000369
  0.000002   0.000001  -0.000113
  0.000009  -0.000178   0.000072
  0.000130  -0.000025   0.000159
  0.000096  -0.000001  -0.000006
 -0.000021   0.000094   0.000059
  0.000152  -0.000168  -0.000119
  0.000011  -0.000050  -0.000008
  0.000013   0.000021   0.000030
 -0.000040  -0.000073   0.000008
  0.003100  -0.001341  -0.001835
 -0.000001   0.000536  -0.000665
 -0.001237  -0.010261   0.013942
 -0.000079  -0.000108   0.000381
  0.002547  -0.000319  -0.000144
  0.002088   0.001715   0.000003
 -0.000679  -0.003542  -0.000107
  0.005799  -0.002525   0.003954
  0.030082  -0.022975   0.012173
 -0.002499   0.000209  -0.001054
  0.054987   0.010737   0.001672
 -0.001029  -0.000006   0.000332
  0.009863   0.006055   0.023280
 -0.001341  -0.001445  -0.000125
 -0.652971  -0.001079  -0.147623
 -0.001354  -0.000523  -0.000058
  0.545248   0.006346   0.110914
  0.002375   0.000879  -0.000815
  0.003084   0.008157   0.008192
  0.008258  -0.006496  -0.002497
  107    2  0.0000  0.0150 -0.0000
  0.001203   0.001023  -0.000794
  0.000323   0.000441  -0.000198
 -0.001113  -0.000171   0.000208
 -0.000439  -0.000127  -0.000004
  0.000977   0.001002  -0.000083
  0.000324  -0.000635  -0.000066
  0.000232  -0.001523   0.000112
  0.000215   0.001179  -0.000042
  0.000108   0.000372   0.000043
 -0.000446  -0.000217  -0.000522
  0.000123  -0.000375  -0.000016
  0.000002  -0.000039  -0.000079
 -0.000789   0.001449  -0.000004
 -0.000419  -0.000276   0.000105
 -0.000299  -0.000633   0.000158
  0.000086  -0.000055  -0.000058
 -0.000606   0.000604   0.000028
  0.000051  -0.000172  -0.000002
 -0.001341  -0.000133  -0.001050
 -0.000205  -0.000015  -0.000015
 -0.002743  -0.001364   0.001470
  0.000575  -0.002561   0.000597
  0.003655   0.000306  -0.000658
 -0.000205   0.000226   0.000054
 -0.000490  -0.000298  -0.000106
  0.000166  -0.000007  -0.000011
  0.000079   0.000016   0.000312
 -0.000066   0.000029  -0.000033
  0.000291  -0.000743  -0.000653
 -0.000037   0.000032  -0.000014
 -0.001411   0.003470   0.001651
 -0.000081  -0.000181   0.000066
 -0.002403  -0.002324  -0.001307
  0.000143  -0.000155   0.000030
  0.000459   0.000979   0.000055
  0.000026   0.000075   0.000009
  0.000505   0.000421  -0.000133
  0.000180  -0.000093   0.000126
 -0.000206  -0.000178  -0.000125
 -0.000115   0.000049  -0.000072
  0.000060   0.001207   0.002415
  0.000212   0.000182   0.000040
 -0.000010  -0.000100  -0.000033
  0.000123   0.000069   0.000004
 -0.000253   0.001272  -0.000064
 -0.000053  -0.000116   0.000028
 -0.000036  -0.000319  -0.000084
  0.000392   0.000480   0.000499
 -0.000486  -0.000426   0.000108
 -0.000109  -0.000112   0.000127
 -0.000162   0.000578  -0.000102
 -0.000013  -0.000120   0.000016
 -0.000212  -0.000102   0.001113
 -0.000059  -0.000208  -0.000034
  0.000251  -0.000201   0.000212
 -0.000168   0.000303  -0.000035
 -0.000166  -0.000083  -0.000290
  0.000009  -0.000057   0.000056
 -0.002937   0.003983  -0.001008
  0.000224  -0.000104   0.000118
 -0.000126  -0.001072  -0.000566
  0.008414   0.001693   0.006492
 -0.000361   0.000086  -0.000117
  0.000053   0.000040  -0.000122
 -0.000039   0.000057  -0.000033
  0.000007   0.000038   0.000120
 -0.000236   0.000241  -0.000204
 -0.000031   0.000062   0.000007
 -0.000057   0.000024  -0.000155
  0.000029   0.000016  -0.000081
 -0.000321  -0.000014  -0.000291
  0.000174  -0.000081  -0.000150
  0.000086  -0.000113  -0.000142
  0.000017  -0.000086  -0.000067
 -0.000218   0.000091  -0.000420
 -0.000067  -0.000086   0.000030
  0.002080  -0.002902   0.012064
  0.000025  -0.000307   0.000273
  0.000052   0.000005   0.000076
 -0.000033  -0.000000   0.000098
  0.000092  -0.000272  -0.000193
 -0.000144   0.000618   0.000123
 -0.000261   0.000017  -0.000531
 -0.000110   0.000029   0.000019
 -0.000053   0.000117  -0.000187
  0.000016   0.000155  -0.000130
 -0.000158  -0.000065   0.000007
 -0.000006   0.000010  -0.000060
 -0.000091   0.000129  -0.000104
 -0.000047  -0.000050   0.000024
 -0.000014  -0.000086   0.000030
 -0.000009   0.000040  -0.000031
 -0.001742   0.000493   0.000942
 -0.000500   0.000158   0.000487
 -0.002129   0.011379  -0.019041
 -0.000048  -0.000099   0.000150
  0.001885  -0.000466   0.000112
  0.000285   0.000181  -0.000004
 -0.000046   0.001131   0.000310
 -0.005631   0.000649  -0.004366
 -0.062428   0.014348  -0.015701
  0.001321   0.004271   0.000593
  0.032352  -0.019151  -0.002640
 -0.000038   0.001822  -0.000068
  0.014264  -0.018230   0.011911
  0.000407   0.003066  -0.001590
 -0.001128  -0.105112   0.016075
  0.000576   0.001348  -0.000268
  0.019970   0.117649   0.002503
 -0.001170  -0.006740   0.001979
  0.001722  -0.008767  -0.006386
  0.000504  -0.001785  -0.002838
  107    3  0.0000  0.0000  0.0150
 -0.000748  -0.000343  -0.000298
 -0.000097  -0.000301   0.000140
  0.000374   0.000003  -0.000036
 -0.000094   0.000369  -0.000027
 -0.000352  -0.000385   0.000245
 -0.000221  -0.000531   0.000152
  0.000114   0.000566  -0.000026
 -0.000021   0.000097   0.000035
  0.000030  -0.000271  -0.000175
  0.001591  -0.000857   0.001502
 -0.000196   0.000282   0.000035
 -0.000288   0.000638   0.000208
  0.000329  -0.000363   0.000087
  0.000137  -0.000176  -0.000194
 -0.000228   0.000128  -0.000195
 -0.000535  -0.000076   0.000163
  0.000378   0.000062   0.000147
 -0.000090   0.000278  -0.000149
 -0.000123   0.000191   0.000594
 -0.000288  -0.000853  -0.000058
  0.001089   0.000114   0.000555
 -0.000132   0.001028  -0.000500
 -0.005765   0.000791   0.001403
 -0.000156  -0.000272  -0.000188
  0.000996   0.000080  -0.000263
 -0.000202   0.000170  -0.000067
 -0.000332   0.000154  -0.000295
 -0.000058   0.000086   0.000063
 -0.000442   0.000267   0.000121
 -0.000078   0.000089  -0.000066
  0.001734  -0.002600  -0.003539
  0.000254  -0.000128  -0.000560
  0.004111   0.002991   0.002738
  0.000118   0.000213  -0.000519
 -0.000392  -0.001781  -0.000191
  0.000146  -0.000117  -0.000252
 -0.000590  -0.000396   0.000303
 -0.000076  -0.000053   0.000035
 -0.000027   0.000403   0.000179
 -0.000113  -0.000045   0.000031
 -0.001215   0.001569   0.000132
  0.000102   0.001113   0.002841
 -0.000005  -0.000013   0.000029
 -0.000176   0.000038  -0.000001
  0.000194  -0.000600   0.000113
  0.000040   0.000023   0.000005
  0.000025   0.000172   0.000253
 -0.000327   0.000634  -0.000578
  0.000560   0.000306  -0.000094
  0.000056   0.000021   0.000097
 -0.000631  -0.000156   0.000308
 -0.000018  -0.000051   0.000060
  0.000046  -0.000247   0.000427
 -0.000123  -0.000156   0.000334
  0.000099   0.000102   0.000038
 -0.000706   0.000317  -0.000139
 -0.000269  -0.000169  -0.000482
 -0.000118   0.000067  -0.000079
 -0.000188   0.000780   0.000473
 -0.000063  -0.000091   0.000142
  0.001206   0.000043   0.001534
 -0.001838   0.000685  -0.000766
  0.000092  -0.000217  -0.000282
  0.000023  -0.000038  -0.000081
  0.000033  -0.000211   0.000183
 -0.000075  -0.000022  -0.000085
  0.000312  -0.000332   0.000251
  0.000021  -0.000077  -0.000043
  0.000252  -0.000249   0.000119
  0.000088   0.000007   0.000124
  0.000634   0.000036   0.000128
  0.000272  -0.000029  -0.000071
  0.000015   0.000096  -0.000024
  0.000031   0.000029  -0.000144
 -0.000464  -0.000544  -0.000718
 -0.000126  -0.000186   0.000048
 -0.002245   0.016535  -0.011423
 -0.000019   0.000079  -0.000121
 -0.000080  -0.000049   0.000012
  0.000092   0.000103  -0.000180
 -0.000183  -0.000170   0.000521
 -0.000567   0.001003  -0.000693
  0.000084  -0.000276   0.000699
 -0.000032   0.000084  -0.000226
  0.000069  -0.000263   0.000063
  0.000016  -0.000069   0.000031
  0.000342  -0.000010  -0.000076
  0.000012   0.000064   0.000043
  0.000042  -0.000177  -0.000127
 -0.000022  -0.000031  -0.000132
  0.000144   0.000062  -0.000062
  0.000042  -0.000007  -0.000004
  0.000834  -0.000529  -0.001096
 -0.000528   0.000673   0.000844
  0.003568  -0.021711   0.023401
 -0.000046  -0.000070   0.000775
  0.000220   0.000181  -0.000289
  0.000404   0.000352  -0.000013
 -0.000296  -0.000962  -0.001477
  0.001364  -0.001060   0.000719
  0.017008  -0.008451  -0.016510
 -0.000493   0.002945  -0.001645
 -0.034960  -0.008955  -0.020415
  0.000175   0.000114  -0.000401
  0.057605   0.013569   0.027837
 -0.000099   0.000479  -0.002472
 -0.147351   0.016082  -0.156034
 -0.000101   0.000300  -0.000516
  0.101101  -0.000932   0.152950
 -0.000602  -0.002112   0.002462
  0.001683   0.001413   0.005085
  0.005298  -0.010304  -0.006720
  109    1  0.0150  0.0000  0.0000
  0.003670   0.001178  -0.001670
  0.001023   0.000132  -0.000676
 -0.003976   0.002758   0.000625
 -0.000450  -0.000135  -0.000057
  0.004365  -0.002225  -0.000053
  0.001246  -0.000443  -0.000113
 -0.000655  -0.000328  -0.000029
  0.000899  -0.000774  -0.000180
 -0.001379   0.000093   0.000315
  0.002273  -0.000043   0.000932
  0.000060   0.001251   0.000377
 -0.000102   0.000768   0.000641
  0.001340  -0.002530  -0.000213
  0.002018   0.003816  -0.000582
 -0.000068   0.001132  -0.000371
 -0.000531  -0.001137   0.000134
 -0.000773  -0.001957  -0.000250
 -0.000449   0.000875  -0.000245
  0.004116  -0.000079   0.000839
  0.003196   0.000010   0.000094
 -0.002639  -0.003213   0.001280
  0.002126  -0.005560   0.001557
  0.004538  -0.001356   0.000520
 -0.000527   0.000917  -0.000144
  0.000295  -0.000028   0.000193
  0.000453  -0.000045   0.000111
 -0.000206  -0.000272   0.000317
 -0.000214  -0.000194  -0.000419
  0.001275  -0.000248  -0.000896
  0.000212  -0.000101  -0.000129
 -0.003745   0.002321   0.003769
 -0.000408  -0.000040   0.000446
 -0.005982  -0.003966  -0.001524
 -0.000599  -0.000706   0.000397
  0.001151   0.002145  -0.000184
  0.000075   0.000147   0.000058
  0.000480   0.000145  -0.000039
  0.000067   0.000068   0.000125
  0.000081  -0.000192  -0.000157
  0.000011  -0.000084   0.000124
  0.004237  -0.000841   0.002258
  0.000247  -0.000971  -0.001771
  0.000793   0.000022  -0.000193
  0.000719   0.000101   0.000097
  0.006007  -0.004059  -0.004262
 -0.000341  -0.000017   0.000065
 -0.000233   0.000623  -0.000234
 -0.001430   0.000467  -0.004217
  0.002940   0.002114  -0.001469
 -0.000154   0.000314  -0.000030
  0.004118   0.000399   0.000875
  0.000045   0.000160   0.000122
  0.000593   0.002135  -0.001913
  0.000271   0.001842   0.000281
 -0.000939  -0.000595  -0.000402
  0.000739   0.000079   0.001674
  0.000048   0.000548   0.001102
 -0.000904  -0.000360  -0.000540
  0.007838  -0.004979  -0.001328
 -0.000098   0.000369  -0.000137
 -0.002090  -0.002484  -0.001676
  0.012841  -0.011450   0.009742
  0.000892   0.000385   0.000756
  0.000260   0.000167  -0.000504
 -0.000012   0.000428  -0.000212
  0.000149   0.000052   0.000249
 -0.000306   0.000183  -0.000356
 -0.000076   0.000165  -0.000061
  0.000159   0.000321  -0.000285
  0.000245  -0.000067  -0.000165
 -0.000778  -0.000003  -0.000389
 -0.000355  -0.000012  -0.000055
  0.000393   0.000367  -0.001576
 -0.000023  -0.000048   0.000039
  0.000173   0.000992   0.001861
  0.000053   0.000060  -0.000016
 -0.004155  -0.039435   0.047366
 -0.000075  -0.000399   0.000649
  0.000861   0.001590  -0.001687
 -0.000065   0.000226  -0.000096
 -0.000042   0.000093  -0.000234
 -0.000046   0.000289   0.001143
 -0.000106   0.000149  -0.000622
 -0.000068   0.000052  -0.000035
 -0.000077   0.000245  -0.000248
 -0.000216   0.000015  -0.000240
 -0.000190  -0.000029  -0.000018
  0.000098  -0.000102  -0.000162
 -0.000220   0.000297   0.000131
 -0.000071   0.000063  -0.000066
 -0.000027  -0.000045  -0.000097
  0.000118   0.000119  -0.000071
 -0.003644   0.001841   0.002092
  0.000088  -0.001019   0.000931
 -0.002952   0.014857  -0.021514
  0.000070  -0.000076  -0.000177
 -0.004690   0.001228   0.000308
 -0.003483  -0.002758  -0.000167
  0.000174   0.003234   0.000467
 -0.004629   0.005745  -0.003716
  0.133011  -0.075162   0.014117
  0.004298   0.002562   0.000194
  0.300011   0.148915  -0.191048
  0.001948   0.000390  -0.001080
  0.118510   0.006192   0.027755
  0.003365   0.006157  -0.002294
  0.545306   0.019861   0.101613
  0.002309   0.001104  -0.000571
 -1.115253  -0.056471   0.040297
 -0.004744  -0.004783   0.005376
 -0.006743  -0.015622  -0.014523
 -0.006951   0.002171  -0.006022
  109    2  0.0000  0.0150 -0.0000
 -0.000436   0.000349  -0.000150
 -0.001412  -0.001266   0.000990
  0.001016  -0.000301  -0.000134
  0.001832  -0.000295  -0.000163
 -0.003667  -0.003596   0.000649
 -0.000456   0.001851  -0.000053
  0.001879   0.006950  -0.000756
 -0.000831  -0.002750   0.000018
 -0.000765  -0.001506   0.000010
  0.000093   0.002335   0.000020
  0.000217   0.001216   0.000277
  0.000402  -0.001157  -0.000010
  0.001257  -0.001310  -0.000117
  0.001172   0.003185   0.000010
 -0.000066  -0.000195   0.000055
  0.000389  -0.000935  -0.000092
  0.000268  -0.000718   0.000457
  0.001564   0.000901  -0.000126
  0.001179   0.000555   0.000320
  0.002415  -0.000029   0.000660
 -0.001797   0.000020   0.000151
 -0.002348   0.010737  -0.002383
 -0.001407  -0.000247   0.001644
  0.000869  -0.000672  -0.000054
  0.000430   0.000129  -0.000124
 -0.000424  -0.000338   0.000168
  0.000239  -0.000269   0.000363
  0.000458   0.000051   0.000091
  0.000083   0.000262  -0.000310
 -0.000067  -0.000229   0.000120
 -0.000650  -0.000989  -0.000277
 -0.000022   0.000998  -0.000147
 -0.001176   0.001119  -0.000445
 -0.000768   0.001230  -0.000085
  0.000102   0.000411  -0.000237
 -0.000226  -0.000505   0.000260
 -0.000635  -0.000540  -0.000182
 -0.000507   0.000484  -0.000199
  0.000458   0.000159   0.000237
  0.000292  -0.000219   0.000195
 -0.004043  -0.002144  -0.010339
 -0.000543  -0.001722  -0.002316
  0.000516  -0.000049  -0.000228
 -0.000424  -0.000521  -0.000015
  0.001270  -0.008345   0.001313
  0.000314   0.000400  -0.000127
 -0.000180   0.001628  -0.000046
 -0.000764  -0.003188  -0.000777
  0.003408   0.002408  -0.001458
  0.000521   0.000115  -0.000304
 -0.000592  -0.000466  -0.000130
 -0.000023   0.000698  -0.000071
  0.000805  -0.000627  -0.000164
  0.000776   0.002479  -0.000069
  0.000249   0.000450   0.000051
  0.001459  -0.002183   0.000787
  0.000173  -0.000296  -0.000170
 -0.000424   0.000206  -0.000559
 -0.000415  -0.000063  -0.000478
 -0.000901   0.000656  -0.000504
 -0.001583   0.001275  -0.000630
 -0.044087  -0.003076  -0.030682
  0.000157  -0.000060  -0.000006
 -0.000271  -0.000138   0.000724
  0.000078  -0.000072   0.000042
 -0.000019  -0.000171  -0.000466
  0.000211  -0.000140   0.000174
  0.000092  -0.000061   0.000137
  0.000164   0.000050   0.000146
 -0.000028  -0.000174   0.000255
 -0.000086  -0.000063   0.000339
 -0.000418   0.000154   0.000550
  0.000215   0.000084  -0.001000
 -0.000078   0.000154   0.000317
  0.000280  -0.001088   0.000005
  0.000324   0.000538  -0.000116
 -0.013637  -0.000326  -0.004947
 -0.000302   0.001663  -0.001522
  0.000685   0.001223  -0.001285
  0.000130  -0.000251  -0.000233
  0.000058   0.001086   0.000368
  0.001234  -0.004287  -0.000681
  0.000622   0.000292   0.000350
  0.000477  -0.000117   0.000155
  0.000058   0.000180   0.000247
 -0.000126  -0.000412   0.000404
  0.000147   0.000192   0.000087
 -0.000031  -0.000092   0.000090
  0.000301  -0.000372   0.000139
  0.000136   0.000188   0.000018
 -0.000074   0.000171   0.000007
  0.000012  -0.000094   0.000016
  0.007138  -0.003682  -0.005580
  0.003298  -0.001930  -0.001423
  0.001055   0.002365  -0.004165
  0.000014   0.000673  -0.001295
 -0.001166  -0.000280   0.000071
 -0.003122  -0.002271  -0.000281
  0.001442  -0.000081   0.000040
  0.024937  -0.003143   0.018769
 -0.071719   0.354950  -0.029055
 -0.001496  -0.020469   0.001192
  0.147188   0.247347  -0.164118
 -0.000866  -0.008077   0.001236
  0.013492   0.142718   0.101921
 -0.003131  -0.017274   0.010246
  0.006161   0.117663  -0.000943
 -0.000974  -0.006773   0.002087
 -0.056218  -0.914837   0.074192
  0.004831   0.031746  -0.012162
 -0.002893   0.056334   0.037996
 -0.012750   0.024454   0.023225
  109    3  0.0000  0.0000  0.0150
  0.001386   0.001254  -0.000426
  0.000208   0.000374  -0.000368
  0.000314  -0.002056   0.000152
  0.001019  -0.000877   0.000115
 -0.001220   0.003994  -0.000525
  0.001112   0.002920  -0.000435
 -0.000437  -0.002378   0.000358
  0.001010  -0.002235  -0.000088
  0.001096   0.001181   0.000225
 -0.003340   0.002248   0.000360
  0.001013  -0.001713  -0.000437
  0.002007  -0.001070   0.000122
 -0.001555   0.002519  -0.000166
 -0.000484   0.001419  -0.000223
  0.001116  -0.000721  -0.000190
  0.001030  -0.000081   0.000018
 -0.000733   0.000285  -0.000269
  0.000470  -0.000620  -0.000107
 -0.000488  -0.000130   0.000102
  0.000902   0.002966  -0.000059
 -0.002445  -0.002568  -0.001014
 -0.000625  -0.001139   0.000841
  0.003699   0.000168  -0.000845
  0.001283   0.000695   0.000136
 -0.000573  -0.000037   0.000098
  0.000016  -0.000533   0.000116
 -0.000121   0.000203  -0.000320
  0.000658  -0.000116   0.000131
  0.000164   0.000063   0.000867
 -0.000016  -0.000270   0.000348
  0.000260   0.001178   0.002325
 -0.000776   0.000754   0.001618
  0.000431  -0.002891   0.000006
 -0.001210  -0.001223   0.001457
 -0.001073   0.000088   0.000747
 -0.000330   0.000744   0.000357
  0.000488   0.000359  -0.000746
  0.000368   0.000121  -0.000429
  0.000278  -0.000451  -0.000468
  0.000420   0.000401  -0.000333
  0.000069  -0.002432  -0.000676
 -0.001019  -0.004045  -0.010020
 -0.000571   0.000160  -0.000114
  0.000536  -0.000133  -0.000261
 -0.006472   0.006269   0.002418
 -0.000179   0.000073  -0.000189
  0.000095  -0.001128  -0.000537
 -0.005474  -0.003266   0.003054
 -0.004942  -0.003363   0.001530
 -0.000179   0.000122  -0.000261
  0.001653   0.000521   0.000289
  0.000158   0.000249  -0.000350
  0.000457   0.001030  -0.001014
  0.000407   0.000077  -0.001673
 -0.000264  -0.000183  -0.000339
  0.002848  -0.000989   0.000322
  0.000552   0.000246   0.000551
  0.000762  -0.000146   0.000549
  0.002745  -0.002233  -0.001379
 -0.000050   0.000562  -0.000699
 -0.003830  -0.000907  -0.004417
  0.001895  -0.008860  -0.007306
 -0.000142   0.000183   0.000592
 -0.000208   0.000065   0.000267
 -0.000085   0.000179  -0.000205
  0.000294   0.000052   0.000093
 -0.000283   0.000336  -0.000136
 -0.000133   0.000175   0.000072
 -0.000562   0.000362  -0.000313
 -0.000699  -0.000025  -0.000350
 -0.001189  -0.000239   0.000369
 -0.000483   0.000170   0.000235
 -0.000534  -0.000690   0.001912
 -0.000193  -0.000021   0.000339
  0.001149   0.000664   0.000711
  0.000551   0.000840  -0.000328
  0.018311  -0.012180   0.014450
 -0.000042  -0.000301  -0.000704
 -0.000763  -0.001263   0.001733
 -0.000524  -0.000457   0.000525
 -0.000010  -0.000205  -0.001004
  0.003603  -0.004549   0.003952
  0.000037   0.000309  -0.000435
  0.000293  -0.000310   0.000821
  0.000037   0.000361   0.000400
  0.000034   0.000122  -0.000156
 -0.000546   0.000054   0.000129
 -0.000271  -0.000231   0.000110
 -0.000072   0.000172   0.000315
  0.000208   0.000102   0.000479
 -0.000277  -0.000017   0.000167
 -0.000384  -0.000070   0.000144
 -0.002248   0.000924   0.002415
  0.004499  -0.004993  -0.002919
 -0.002743   0.000477  -0.002828
  0.000055   0.000692  -0.002818
  0.000636  -0.001305   0.000223
 -0.001961  -0.001369   0.000420
  0.002195   0.002609   0.003353
  0.000903   0.003829   0.004014
  0.013060  -0.029409   0.116752
  0.002009  -0.017137   0.008438
 -0.193004  -0.167023   0.333230
 -0.000765  -0.001846   0.001383
  0.037546   0.106452   0.403925
 -0.001177  -0.004324   0.009141
  0.110552   0.002441   0.153030
 -0.000759  -0.002046   0.002505
  0.040810   0.073888  -1.054844
  0.005477   0.012207  -0.008075
 -0.000452   0.010042  -0.006896
 -0.026274   0.047856   0.032834
  111    1  0.0150  0.0000  0.0000
  0.002379  -0.001598  -0.000001
  0.000228  -0.000022  -0.000128
 -0.005910   0.000219   0.000527
 -0.000307  -0.000127  -0.000101
  0.018011   0.017587  -0.002739
  0.000660  -0.000031  -0.000006
  0.006160  -0.017098  -0.000279
  0.000014   0.000191   0.000127
  0.000685   0.002088  -0.000116
  0.000017  -0.000033  -0.000033
  0.000280   0.000965  -0.000017
  0.000046  -0.000165  -0.000065
  0.001730  -0.006109  -0.000081
  0.000450   0.000210   0.000107
 -0.000535   0.002699   0.000198
 -0.000414  -0.000064  -0.000268
 -0.001406   0.000120  -0.000273
 -0.000083   0.000058   0.000025
  0.004583   0.000065  -0.000474
  0.000071  -0.000023   0.000140
  0.001400   0.002801   0.000812
  0.000991  -0.000143   0.001020
  0.000633  -0.000908  -0.001514
 -0.001141  -0.000386   0.000184
 -0.000233   0.000274   0.000344
  0.000598   0.000171   0.000021
  0.000672  -0.000272  -0.000286
 -0.000637  -0.000268  -0.000669
 -0.000159   0.000151   0.000140
  0.000969  -0.000199  -0.000546
 -0.000925  -0.000672  -0.000119
 -0.000295  -0.000007   0.000264
 -0.001021   0.000988   0.000403
  0.000203   0.000119   0.000171
 -0.000387   0.000301   0.000142
 -0.000453   0.000337   0.000344
 -0.000152   0.000042  -0.000026
 -0.000879   0.000118  -0.000310
  0.000089  -0.000225   0.000432
  0.000225  -0.000378   0.000513
  0.031769  -0.007876   0.048137
  0.000195  -0.000271   0.000235
 -0.000517  -0.000030   0.000083
  0.000110   0.000055   0.000166
  0.000104   0.001568   0.000238
  0.000380   0.000283  -0.000135
 -0.001958  -0.001001   0.000591
 -0.000075  -0.000128  -0.000033
 -0.000522   0.000244   0.000163
  0.000369  -0.000106  -0.000103
 -0.000101   0.000135  -0.000012
 -0.000276  -0.000033   0.000290
  0.000210  -0.000860  -0.000749
 -0.000251   0.000076   0.000240
  0.000676   0.000942  -0.000014
 -0.000087   0.000111   0.000084
  0.000476  -0.000544   0.000367
 -0.000175  -0.000019  -0.000160
 -0.000113  -0.000576   0.000202
 -0.000317  -0.000777   0.000975
  0.002404   0.000877   0.001105
 -0.001872   0.001800   0.001808
  0.000198  -0.000103  -0.000366
  0.000048   0.000049  -0.000142
  0.000327   0.000134  -0.000120
 -0.000007   0.000025   0.000119
 -0.000234  -0.000211  -0.000212
  0.000152  -0.000007  -0.000126
 -0.000138   0.000119   0.000132
  0.000264   0.000341  -0.000032
 -0.000033   0.000101   0.000069
 -0.002029   0.000392   0.000021
 -0.000211  -0.000001   0.000173
  0.000148   0.000179   0.000404
  0.000823  -0.001029   0.000091
 -0.000008   0.000036  -0.000126
 -0.000001  -0.000446  -0.000002
 -0.000640  -0.001020  -0.000789
 -0.000201  -0.000262  -0.000048
  0.000113  -0.000121   0.000062
  0.000742   0.001224   0.000113
 -0.000173  -0.000043   0.000031
  0.000650   0.000411   0.000446
  0.000245   0.000035  -0.000180
 -0.000204  -0.000074  -0.000056
 -0.000146  -0.000574   0.000423
 -0.000054   0.000170  -0.000090
  0.000486   0.000056  -0.000295
  0.000540  -0.000297   0.000136
  0.000016   0.000121  -0.000090
 -0.000161   0.000061  -0.000147
  0.000153  -0.000077  -0.000167
  0.076810  -0.005128  -0.007648
 -0.000870  -0.000273   0.000294
 -0.000075   0.000030   0.000403
  0.000370   0.000346   0.000368
 -0.006173   0.005131   0.000680
 -0.000027  -0.000144  -0.000222
 -0.003481  -0.002283  -0.000896
  0.000814   0.000070  -0.001538
  0.005249   0.006103   0.006600
 -0.002139  -0.009343   0.005155
  0.003110   0.000047  -0.001873
 -0.000710  -0.001177   0.006240
  0.000576  -0.001538  -0.001066
  0.029858   0.037322  -0.017931
  0.003070   0.001782   0.001672
  0.008255  -0.000564   0.005276
 -0.006822  -0.002963  -0.000471
 -0.007079   0.012805  -0.026265
 -0.158202  -0.036405  -0.018095
  0.000215   0.002349  -0.001257
  111    2  0.0000  0.0150 -0.0000
 -0.000674  -0.000479   0.000028
  0.000022   0.000678  -0.000120
  0.001052   0.003651  -0.000406
 -0.000209  -0.000453   0.000051
  0.013574  -0.004412  -0.001682
  0.000757   0.000460  -0.000129
 -0.007787   0.000579   0.000865
 -0.000021   0.000260   0.000030
 -0.006470  -0.001847   0.001130
 -0.000757   0.000238   0.000025
  0.001463   0.001742  -0.000162
  0.000097  -0.000551   0.000006
 -0.000319  -0.000461   0.000076
  0.000152   0.000535  -0.000023
  0.000098   0.000073  -0.000110
 -0.000046  -0.000064   0.000109
  0.000203   0.001197  -0.000141
 -0.000166  -0.000417   0.000021
 -0.000095  -0.001068   0.000004
  0.000169   0.000370  -0.000169
  0.000644   0.002006   0.000389
  0.000844  -0.003828   0.000613
 -0.000547  -0.000196   0.000068
 -0.000614   0.000304   0.000034
  0.000128   0.000022  -0.000012
  0.000107   0.000073   0.000025
 -0.000019   0.000338  -0.000020
  0.000023  -0.000195  -0.000138
  0.000002   0.000034  -0.000118
 -0.000311   0.000061   0.000220
 -0.000270  -0.000264   0.000321
 -0.000019   0.000257  -0.000134
  0.000107   0.001154   0.001046
 -0.000045  -0.000956   0.000395
  0.000335  -0.000489   0.000050
  0.000287   0.000338  -0.000200
  0.000124  -0.000083   0.000065
  0.000152  -0.000028   0.000039
 -0.000088  -0.000043  -0.000125
 -0.000035   0.000180  -0.000182
 -0.005796   0.004984  -0.007571
  0.000072  -0.001072  -0.000130
  0.000750   0.000018  -0.000051
  0.000325   0.000093  -0.000004
  0.003043   0.002642  -0.000741
  0.000558   0.000439  -0.000346
 -0.000043   0.003896   0.000175
 -0.000273  -0.000100   0.000524
  0.000649   0.000482  -0.000218
  0.000426  -0.000364  -0.000175
 -0.000464  -0.000015  -0.000048
 -0.000406   0.000055  -0.000166
 -0.000127  -0.000630   0.000259
 -0.000027   0.000451   0.000118
  0.000871   0.000287   0.000388
  0.000346   0.000079   0.000302
 -0.000372   0.000133  -0.000254
 -0.000137  -0.000025  -0.000108
 -0.000735   0.000330   0.000182
 -0.000542  -0.000391   0.000033
  0.002483   0.001611   0.000686
  0.009245  -0.000814   0.006381
 -0.000198  -0.000068  -0.000100
 -0.000023   0.000117  -0.000271
  0.000089  -0.000074   0.000129
  0.000101   0.000086   0.000132
  0.000028  -0.000088   0.000041
 -0.000028   0.000105   0.000027
 -0.000020  -0.000115  -0.000081
  0.000145   0.000028  -0.000031
  0.000052   0.000020   0.000007
  0.000479  -0.000505   0.000151
  0.000073   0.000275  -0.000281
 -0.000006  -0.000158  -0.000343
 -0.000397  -0.000076  -0.000589
 -0.000128   0.000139  -0.000193
 -0.001239   0.003104  -0.003155
 -0.001005  -0.002902  -0.002705
 -0.000155   0.000642   0.000027
 -0.000032  -0.000148  -0.000110
  0.001322   0.001261   0.000667
  0.000266   0.000067   0.000736
 -0.000124  -0.000370   0.000267
 -0.000081   0.000106   0.000102
 -0.000065   0.000089  -0.000120
 -0.000150   0.000094  -0.000217
  0.000050  -0.000016   0.000031
 -0.000041  -0.000051   0.000060
 -0.000068   0.000208  -0.000011
 -0.000027   0.000033   0.000034
  0.000021   0.000016   0.000030
 -0.000021   0.000047   0.000063
 -0.000542   0.011350  -0.000084
 -0.000449  -0.000822   0.000177
  0.000314  -0.001025   0.000469
  0.000328   0.000873   0.001074
  0.000600   0.000508  -0.000282
 -0.000139  -0.000407   0.000024
 -0.001646  -0.001804  -0.000773
 -0.005622   0.002443  -0.003858
  0.005084   0.020966   0.033844
 -0.002331  -0.015267   0.007124
 -0.000993  -0.010677   0.002442
 -0.003317   0.001133   0.013270
  0.003167  -0.014059  -0.012086
  0.036946   0.043817  -0.017089
  0.008074  -0.008722   0.001411
  0.006433  -0.001766   0.010296
 -0.015617   0.056311   0.009982
 -0.002120   0.024488  -0.047918
 -0.036354  -0.128342   0.006451
 -0.002331   0.008329   0.000252
  111    3  0.0000  0.0000  0.0150
 -0.000376   0.000345   0.000468
  0.000454  -0.000028  -0.000626
  0.000627   0.000224  -0.002322
 -0.000151   0.000060   0.000056
 -0.002841  -0.003650  -0.001021
 -0.000214   0.000027   0.000038
 -0.000275   0.003439  -0.000900
  0.000298  -0.000109   0.000061
  0.000070  -0.000378   0.001416
 -0.000546  -0.000065  -0.000073
 -0.000295   0.000122   0.000352
  0.000134   0.000261  -0.000113
  0.000249   0.000061  -0.000235
 -0.000238  -0.000127   0.000055
  0.000150  -0.000144   0.000220
  0.000485   0.000150  -0.000221
  0.000242  -0.000628  -0.001812
 -0.000361  -0.000120   0.000128
 -0.000306   0.000417  -0.002045
  0.000400   0.000229   0.000314
 -0.000345  -0.001334  -0.000671
  0.000673  -0.001678   0.001513
  0.000099  -0.000013  -0.000154
  0.000129   0.000325   0.000419
 -0.000199   0.000253  -0.000017
  0.000351   0.000251  -0.000031
  0.000849  -0.000609   0.000126
 -0.000337  -0.000581  -0.000221
 -0.000312   0.000397   0.000206
  0.000321  -0.000208   0.000242
 -0.000508  -0.000805  -0.000543
 -0.000041  -0.000411   0.001567
  0.000130   0.000707  -0.000005
  0.000040   0.000492   0.000472
 -0.000912   0.000551   0.000026
 -0.000619   0.000342   0.000503
 -0.000515  -0.000196  -0.000361
 -0.000830   0.000642  -0.000890
  0.000515  -0.000309   0.000369
  0.000568  -0.000392   0.000057
  0.046801  -0.010620   0.075979
 -0.000522   0.000024  -0.002562
  0.000126   0.000050  -0.000246
  0.000217   0.000018   0.000058
  0.000372  -0.000590  -0.000292
 -0.000544  -0.000347   0.000350
  0.000877  -0.000177  -0.001793
 -0.000222   0.000123   0.000524
  0.000468   0.000150  -0.000342
 -0.000491   0.000235   0.000300
 -0.000238  -0.000258  -0.000414
  0.000397  -0.000089   0.000142
 -0.000509   0.000526   0.000467
  0.000210   0.000014  -0.000305
 -0.000356   0.000159  -0.000562
  0.000169   0.000149   0.000205
  0.001162  -0.000728   0.000330
  0.000045  -0.000185   0.000082
 -0.000352   0.000336   0.000088
  0.001222  -0.000062  -0.000071
 -0.002905  -0.000850  -0.001641
  0.006952   0.001124   0.004978
  0.000064  -0.000028  -0.000012
  0.000077   0.000029   0.000138
  0.000097   0.000063  -0.000191
  0.000156   0.000065   0.000058
 -0.000027  -0.000115   0.000162
  0.000062  -0.000103  -0.000124
 -0.000155   0.000298   0.000155
 -0.000348  -0.000084  -0.000149
 -0.000147   0.000019   0.000373
 -0.001783   0.000800   0.001837
 -0.000179  -0.000270   0.000211
  0.000024   0.000381   0.000681
  0.001337  -0.001945  -0.000014
  0.000337   0.000090  -0.000046
 -0.000943   0.001588  -0.003416
  0.001040   0.001926   0.003706
  0.000002   0.000224  -0.000304
 -0.000140  -0.000053   0.000569
 -0.000195   0.000110  -0.001371
  0.000247  -0.000048   0.000368
  0.001165   0.000915   0.000659
  0.000316  -0.000089  -0.000233
  0.000027  -0.000015   0.000489
 -0.000020  -0.000795   0.000725
 -0.000108   0.000412   0.000022
 -0.000034  -0.000055   0.000039
  0.000978  -0.000674   0.000576
  0.000040   0.000040   0.000148
 -0.000454   0.000258  -0.000075
 -0.000032  -0.000169  -0.000009
 -0.006499   0.000416   0.011626
  0.000406   0.000071  -0.000796
  0.000277  -0.000383   0.001391
 -0.000161  -0.000935  -0.002297
 -0.000124  -0.000427   0.001198
 -0.000261   0.000119  -0.000102
  0.001954   0.001187   0.001973
 -0.004039   0.001168  -0.003127
  0.006811   0.029715   0.048341
  0.002957   0.009038  -0.004150
 -0.001370  -0.009137   0.007301
  0.002638   0.001084  -0.005942
  0.002680  -0.008690  -0.006258
 -0.021948  -0.029718   0.016000
  0.008208  -0.006349   0.005077
 -0.002494   0.002767  -0.006701
 -0.014498   0.037959  -0.006826
 -0.006007  -0.023185   0.032941
 -0.018109   0.006288  -0.171233
 -0.001267  -0.000278   0.004989
