    6  108  162
 12.011 18.998  1.000 14.001 16.000 65.390
    1    1  0.0150  0.0000  0.0000
 -0.753219   0.214751   0.261866
  0.001257   0.000225  -0.000604
 -0.000070  -0.000086   0.000044
  0.000013  -0.000040  -0.000016
  0.000539  -0.001811  -0.001410
 -0.001596   0.002531   0.002272
  0.000003  -0.000037  -0.000064
  0.000191  -0.000187   0.000046
 -0.000008  -0.000602   0.000000
 -0.000091  -0.000115   0.000009
 -0.000000  -0.000011  -0.000051
 -0.000001   0.000001   0.000002
  0.000001   0.000116   0.000573
  0.000105   0.000304  -0.000124
  0.000016  -0.000427  -0.000031
  0.000174  -0.000374   0.000002
 -0.000186  -0.000008   0.000038
 -0.000332   0.000410   0.000168
  0.000003   0.000109  -0.000020
 -0.000010   0.000049   0.000002
 -0.034741  -0.010759   0.037902
 -0.000332  -0.000408  -0.000077
  0.000053  -0.000129  -0.000031
  0.000024  -0.000033  -0.000029
 -0.000073   0.000060   0.000041
 -0.000073  -0.000171   0.000279
 -0.000015   0.000074   0.000028
  0.000194   0.000217  -0.000189
  0.000163   0.000137   0.000070
  0.000082  -0.000118  -0.000138
 -0.000018   0.000021  -0.000033
  0.000001   0.000022   0.000003
  0.000000   0.000183  -0.000213
 -0.000004   0.000098   0.000057
  0.000330  -0.000176  -0.000200
  0.000108  -0.000426   0.001177
 -0.000047  -0.000020   0.000044
  0.000007  -0.000004  -0.000030
 -0.000236   0.000156  -0.000024
  0.001592   0.001216  -0.000149
 -0.000127  -0.000692   0.001423
  0.000014  -0.000342  -0.000104
 -0.000064   0.000207   0.000101
  0.000016   0.000164  -0.000070
 -0.000014   0.000157   0.000147
  0.000017   0.000062  -0.000025
 -0.000014   0.000090   0.000005
 -0.000048   0.000065  -0.000028
  0.000059   0.000118  -0.000017
  0.000016   0.000047   0.000004
 -0.000042   0.000336  -0.000083
  0.000011   0.000069   0.000027
  0.000071   0.000211  -0.000104
 -0.000070   0.000182   0.000096
  0.103229   0.021624  -0.120692
 -0.000688   0.000393  -0.001427
 -0.000017  -0.000068   0.000001
 -0.000006  -0.000014  -0.000000
 -0.000025  -0.000076  -0.000043
  0.000033  -0.000237  -0.000241
  0.000012  -0.000037  -0.000003
 -0.000003  -0.000012   0.000001
  0.003968  -0.003679  -0.005371
 -0.000311  -0.000102   0.000245
  0.000022   0.000005   0.000012
 -0.000033  -0.000026   0.000026
  0.000003  -0.000005   0.000014
  0.000025  -0.000038   0.000017
  0.000060  -0.000012  -0.000083
  0.000172   0.000063  -0.000012
  0.000027  -0.000018   0.000027
 -0.000008   0.000003  -0.000013
  0.000964  -0.000397  -0.000996
 -0.000107  -0.000040   0.000177
 -0.001599  -0.000364  -0.001762
 -0.001023  -0.000230  -0.000259
  0.000093   0.000022   0.000004
  0.000023  -0.000032  -0.000022
  0.000114  -0.000063   0.000001
 -0.000015   0.000005  -0.000010
  0.000078   0.000179  -0.000035
  0.000106   0.000116  -0.000012
  0.403550  -0.103472  -0.154988
  0.000967  -0.001145  -0.002043
  0.210533  -0.115979   0.079590
  0.000330  -0.000415  -0.000908
  0.000047   0.000128   0.000241
  0.000379  -0.000316  -0.001343
  0.000015  -0.000032   0.000144
 -0.002079  -0.000482   0.000396
 -0.000275  -0.000061  -0.000303
 -0.001828  -0.000377   0.000638
  0.044271   0.012804  -0.108021
  0.000480  -0.001183   0.000864
 -0.000073   0.002394   0.000421
  0.002327   0.001503   0.000406
 -0.000945   0.002411   0.000924
  0.000907  -0.001434  -0.001216
 -0.000624   0.000603   0.003763
  0.000649   0.000033   0.000076
 -0.000491   0.000575  -0.001256
  0.000008   0.000131   0.000098
 -0.000188   0.000362   0.000256
  0.000013   0.000207  -0.000079
  0.013691  -0.009698   0.002411
 -0.003971   0.002133   0.004542
  0.013716  -0.011064   0.003456
 -0.000132   0.000003  -0.000175
    1    2  0.0000  0.0150 -0.0000
  0.214367  -0.510274   0.309506
 -0.000197  -0.000460   0.000190
  0.000074   0.000075  -0.000029
 -0.000012   0.000051   0.000022
 -0.001612   0.000542   0.000646
  0.000613  -0.000714   0.002070
  0.000006   0.000073   0.000082
 -0.000030   0.000183  -0.000039
 -0.000051   0.000587  -0.000018
  0.000107  -0.000016  -0.000077
  0.000012  -0.000015   0.000081
 -0.000000   0.000020  -0.000024
  0.000139  -0.000136  -0.000115
  0.000276  -0.000094  -0.000107
  0.000074   0.000457   0.000007
 -0.000204   0.000376  -0.000040
  0.000062   0.000008   0.000008
  0.000257  -0.000190  -0.000277
  0.000006  -0.000127   0.000045
  0.000013  -0.000050  -0.000012
  0.034389   0.014637  -0.101867
 -0.000170   0.001476  -0.001331
 -0.000034   0.000121   0.000013
 -0.000018   0.000075   0.000011
  0.000050   0.000001  -0.000017
  0.000074   0.000175  -0.000283
  0.000030  -0.000063  -0.000050
 -0.000164  -0.000011   0.000107
 -0.000094  -0.000042  -0.000016
 -0.000007   0.000096  -0.000181
  0.000023  -0.000032   0.000022
 -0.000005  -0.000003  -0.000020
 -0.000126  -0.000300   0.000252
  0.000030  -0.000114  -0.000078
 -0.000036   0.000094   0.000270
 -0.000708   0.000044  -0.001063
  0.000022  -0.000025  -0.000093
 -0.000001   0.000008   0.000039
  0.000105  -0.000160  -0.000259
 -0.000823  -0.001300   0.000926
  0.000035   0.001035  -0.001495
  0.000005   0.000559   0.000218
  0.000056  -0.000195  -0.000102
 -0.000016  -0.000151   0.000075
  0.000029  -0.000149  -0.000139
 -0.000009  -0.000019   0.000026
  0.000001  -0.000080  -0.000014
  0.000076  -0.000059   0.000036
 -0.000033  -0.000106   0.000012
 -0.000039  -0.000011   0.000014
  0.000052  -0.000324   0.000089
 -0.000007   0.000008   0.000012
 -0.000074  -0.000222   0.000112
  0.000089  -0.000168  -0.000086
  0.022245   0.088761  -0.126254
  0.000763  -0.000022  -0.000070
  0.000028   0.000094  -0.000014
  0.000004   0.000035  -0.000006
  0.000018   0.000060   0.000001
 -0.000048   0.000182   0.000257
 -0.000010   0.000043   0.000009
  0.000011   0.000023  -0.000007
 -0.003317  -0.005002  -0.000781
  0.000111   0.000155   0.000035
 -0.000027   0.000020  -0.000012
  0.000047   0.000042  -0.000025
  0.000009   0.000023  -0.000010
 -0.000032   0.000056  -0.000032
 -0.000014   0.000003  -0.000003
 -0.000147  -0.000074   0.000085
 -0.000021   0.000012  -0.000029
  0.000013   0.000015   0.000008
 -0.000476   0.000111   0.000170
  0.000149   0.000061  -0.000138
  0.001115  -0.000644   0.002207
  0.000396   0.000200   0.000060
 -0.000012  -0.000022   0.000009
 -0.000110  -0.000011  -0.000004
 -0.000065   0.000052  -0.000004
  0.000030   0.000012   0.000005
 -0.000047  -0.000157   0.000024
  0.000020  -0.000084  -0.000035
 -0.117273   0.152450   0.046474
 -0.000484  -0.000532   0.001213
 -0.112736   0.245986  -0.122410
 -0.000469   0.000035   0.000896
  0.000276   0.000038   0.000045
  0.000466   0.000612   0.000640
  0.000108   0.000124  -0.000082
  0.001545   0.000422  -0.000228
  0.000154  -0.000096   0.000173
  0.002446   0.000152  -0.000979
 -0.020702  -0.006082  -0.008383
 -0.000982   0.001622  -0.001122
  0.000688  -0.000917  -0.000544
  0.001521   0.003368   0.000847
  0.000449   0.000794  -0.000094
 -0.000114   0.001162  -0.000060
 -0.000245   0.000771  -0.003279
 -0.000405  -0.000101   0.000148
  0.000655  -0.001312   0.001091
 -0.000094  -0.000290  -0.000196
  0.000455  -0.000792   0.000491
 -0.000094  -0.000337   0.000047
 -0.009606   0.004669   0.002240
 -0.001871  -0.000224  -0.001717
 -0.011611   0.008991   0.002450
  0.000690   0.000456  -0.000163
    1    3  0.0000 -0.0000  0.0150
  0.261832   0.309507  -1.108758
 -0.000570  -0.000218   0.001970
 -0.000062  -0.000025  -0.000039
 -0.000027   0.000008   0.000020
  0.002088   0.001019   0.000461
  0.005981   0.002743  -0.001934
  0.000005  -0.000075  -0.000069
 -0.000139  -0.000066   0.000082
  0.000135  -0.000289   0.000023
 -0.000185   0.000587   0.000131
 -0.000018   0.000048  -0.000132
  0.000005  -0.000002   0.000043
 -0.000220   0.000014  -0.000200
 -0.000339  -0.000249   0.000461
 -0.000197  -0.000205   0.000020
  0.000420  -0.000152   0.000020
  0.000056  -0.000017  -0.000075
 -0.000247  -0.000075   0.000338
 -0.000026   0.000158  -0.000091
 -0.000006   0.000022  -0.000004
 -0.039715  -0.051346   0.119726
 -0.000754  -0.001037  -0.000141
  0.000007  -0.000087   0.000006
  0.000035  -0.000011  -0.000046
 -0.000010  -0.000046  -0.000026
 -0.000073  -0.000018   0.000141
 -0.000047   0.000016   0.000039
  0.000184  -0.000117  -0.000014
  0.000021  -0.000030  -0.000039
  0.000190  -0.000283   0.000217
 -0.000021   0.000004  -0.000009
 -0.000001  -0.000006   0.000004
  0.000305   0.000223  -0.000452
 -0.000041   0.000069   0.000043
 -0.000422   0.000126  -0.000170
  0.001378   0.000613   0.000644
  0.000061   0.000124   0.000158
  0.000002   0.000008  -0.000026
  0.000167   0.000136   0.000528
 -0.000553   0.000401  -0.001958
  0.000424  -0.000140   0.003835
 -0.000021  -0.000437  -0.000124
 -0.000004   0.000090   0.000032
 -0.000047   0.000047  -0.000006
 -0.000032   0.000086   0.000068
  0.000003  -0.000105   0.000077
  0.000042   0.000042   0.000025
 -0.000152   0.000026  -0.000056
 -0.000025   0.000054  -0.000007
  0.000138  -0.000088  -0.000037
 -0.000044   0.000174  -0.000059
 -0.000020  -0.000333  -0.000083
  0.000068   0.000132  -0.000075
 -0.000103   0.000086   0.000049
 -0.118056  -0.122678   0.430286
 -0.000001   0.000670   0.000885
 -0.000054  -0.000135   0.000012
  0.000005  -0.000029   0.000006
 -0.000002  -0.000016   0.000035
 -0.000009   0.000012  -0.000316
  0.000022  -0.000028  -0.000020
 -0.000015  -0.000007   0.000008
 -0.007227  -0.000063   0.001396
  0.000227  -0.000233  -0.000387
  0.000035  -0.000031   0.000004
 -0.000050  -0.000068   0.000024
 -0.000014  -0.000019  -0.000002
  0.000055  -0.000068   0.000039
 -0.000031   0.000017   0.000073
  0.000082  -0.000003  -0.000178
  0.000012   0.000011   0.000013
  0.000013   0.000009   0.000013
 -0.000151   0.000216   0.001254
 -0.000087  -0.000043  -0.000083
 -0.002215   0.002655  -0.000185
  0.000318   0.000052   0.000115
 -0.000091   0.000023  -0.000010
  0.000225   0.000100   0.000046
  0.000013  -0.000017  -0.000015
 -0.000023  -0.000011  -0.000005
  0.000028   0.000094   0.000004
 -0.000150  -0.000009   0.000093
 -0.138308   0.030889   0.206760
 -0.000518   0.000586   0.001293
  0.077171  -0.124043   0.242895
  0.000178   0.000503  -0.000473
 -0.000372  -0.000483  -0.000303
 -0.001524  -0.000554   0.001009
 -0.000143  -0.000160  -0.000111
  0.002191  -0.000521  -0.000411
  0.000187   0.000208   0.000102
 -0.001245   0.000986   0.000168
 -0.044019  -0.046544   0.115520
  0.000205   0.000599  -0.000116
 -0.001200  -0.000297   0.000340
 -0.001927  -0.001158   0.004282
 -0.000220  -0.002844  -0.000840
 -0.002570   0.000380   0.000647
  0.001033  -0.001409   0.002687
 -0.000051  -0.000008  -0.000273
 -0.002453   0.003574  -0.002754
  0.000147   0.000285   0.000138
 -0.000472  -0.000328  -0.001768
  0.000165   0.000347   0.000006
  0.001019   0.004185  -0.006939
  0.005621  -0.003479  -0.000949
  0.005750  -0.001581  -0.009145
 -0.000927  -0.000637   0.000596
    3    1  0.0150  0.0000  0.0000
 -0.000065   0.000083  -0.000158
  0.000012   0.000018  -0.000013
 -0.313149  -0.143726  -0.151176
 -0.000014  -0.000021  -0.000025
  0.000058   0.000787   0.000302
 -0.000085   0.000175  -0.000101
 -0.001948  -0.000463   0.002588
  0.000013  -0.000037   0.000033
 -0.008584  -0.023683   0.004796
 -0.000228  -0.000141   0.000019
 -0.014791  -0.028020   0.000635
 -0.000014   0.000034  -0.000057
 -0.000039  -0.000388  -0.000297
  0.000040   0.000014  -0.000042
  0.006306   0.036334  -0.017883
  0.000242  -0.000867   0.000045
  0.000070   0.000017   0.000425
 -0.000106  -0.000010   0.000057
  0.119355   0.073928   0.070671
 -0.000005   0.000044   0.000010
 -0.000070   0.000057  -0.000007
 -0.000023   0.000024   0.000042
  0.099464   0.020670  -0.000891
 -0.000023   0.000046  -0.000005
  0.000421  -0.002696  -0.001278
 -0.000028  -0.000009  -0.000004
  0.000571  -0.000272   0.000155
  0.000039  -0.000005  -0.000030
 -0.000137  -0.000137   0.000024
  0.000010  -0.000006  -0.000024
  0.109671   0.021067   0.070867
 -0.000002  -0.000041   0.000043
  0.016599   0.006333   0.018669
  0.000009   0.000063   0.000013
  0.000037  -0.000004  -0.000030
  0.000069   0.000023   0.000041
 -0.008256   0.028523  -0.019130
  0.000035  -0.000012   0.000019
 -0.000002   0.000026   0.000009
  0.000052   0.000055  -0.000057
  0.002181   0.001910   0.000702
 -0.000181  -0.000209  -0.000108
  0.000246   0.001502  -0.001289
  0.000332   0.000427  -0.000285
  0.000509   0.002039   0.001121
  0.000007   0.000054  -0.000002
  0.000584   0.000804  -0.000385
 -0.000088   0.000159   0.000057
  0.000138  -0.001565   0.001974
  0.000273  -0.000131   0.000173
  0.004946  -0.005932   0.006505
  0.000024   0.000096   0.000026
  0.008451   0.004003  -0.006060
 -0.000259   0.000232   0.000147
  0.000000   0.000029   0.000016
 -0.000011   0.000047   0.000014
 -0.009520   0.002727   0.001404
 -0.000046  -0.000017   0.000019
 -0.000058   0.000003  -0.000076
 -0.000021   0.000107  -0.000037
 -0.001251   0.007870   0.003806
 -0.000024  -0.000020   0.000002
 -0.000004   0.000022   0.000003
 -0.000068   0.000046   0.000031
 -0.000119  -0.000506  -0.000175
 -0.000000  -0.000001   0.000057
 -0.000149  -0.000132  -0.000195
  0.000030   0.000009   0.000023
 -0.000000   0.000031  -0.000081
  0.000022   0.000043   0.000004
 -0.001451  -0.001767   0.012866
  0.000013  -0.000022   0.000006
 -0.000101  -0.000070   0.000109
 -0.000055  -0.000038   0.000110
 -0.000012   0.000036  -0.000007
 -0.000256   0.000042  -0.000033
  0.000024  -0.000025   0.000005
  0.000016   0.000034  -0.000005
 -0.009448   0.001879   0.001507
 -0.000023  -0.000011   0.000020
  0.000010   0.000029   0.000010
 -0.000003   0.000026  -0.000001
  0.000065  -0.000117   0.000011
  0.000033  -0.000064  -0.000012
  0.000051  -0.000129   0.000047
 -0.000016  -0.000068   0.000011
  0.000020  -0.000053   0.000013
 -0.000029  -0.000058  -0.000018
 -0.000008  -0.000050   0.000018
 -0.000052  -0.000095   0.000022
 -0.000001  -0.000032   0.000006
 -0.000090  -0.000150   0.000037
  0.000105  -0.000057  -0.000102
  0.000025  -0.000048   0.000024
  0.000183  -0.000307  -0.000055
  0.000020  -0.000060   0.000015
 -0.000171  -0.000480  -0.000257
  0.000072  -0.000173   0.000067
 -0.000033   0.000162   0.000080
  0.000167  -0.000012   0.000003
 -0.000188  -0.000969   0.000581
  0.000083   0.000081   0.000091
 -0.000347  -0.000238  -0.000610
  0.000050   0.000085  -0.000020
  0.000002   0.000434   0.000091
 -0.000016   0.000294   0.000018
 -0.000027   0.000569  -0.000188
 -0.000058  -0.000009  -0.000104
    3    2  0.0000  0.0150 -0.0000
 -0.000049   0.000054  -0.000009
  0.000043   0.000048  -0.000003
 -0.143891  -0.801837  -0.024966
  0.000023  -0.000112  -0.000171
  0.000132   0.000401  -0.000012
 -0.000091   0.000399  -0.000264
  0.005732   0.047361   0.001623
 -0.000042  -0.000010   0.000057
 -0.016029   0.007771  -0.022048
 -0.000498  -0.000025   0.000142
 -0.012963  -0.025267  -0.042589
 -0.000018  -0.000075   0.000041
  0.000609  -0.000001  -0.000109
  0.000024  -0.000010  -0.000010
  0.031333   0.007868  -0.016152
  0.001329   0.000455   0.000667
  0.001059  -0.000156  -0.000135
 -0.000210  -0.000072   0.000129
  0.092141   0.333129   0.152453
 -0.000011   0.000083   0.000091
 -0.000013   0.000008   0.000038
  0.000003   0.000035   0.000018
  0.016112   0.185554  -0.034503
 -0.000030  -0.000197  -0.000149
  0.000579  -0.000308  -0.001797
  0.000057  -0.000008   0.000042
 -0.002738   0.000273  -0.001023
  0.000086  -0.000073  -0.000078
  0.000216   0.000073   0.001587
 -0.000002   0.000070  -0.000075
  0.002248   0.158782  -0.058586
  0.000020  -0.000224   0.000123
  0.007132   0.010859   0.030913
 -0.000037   0.000206   0.000043
 -0.000016   0.000034   0.000013
  0.000036   0.000012   0.000076
  0.014100   0.078226  -0.020035
 -0.000038  -0.000013  -0.000162
 -0.000026   0.000037   0.000021
  0.000038   0.000055  -0.000045
  0.000335   0.002110   0.002752
  0.000098  -0.000164  -0.000320
 -0.003662   0.002881   0.004319
 -0.000256   0.000033   0.000008
  0.000683   0.002322   0.003719
  0.000039   0.000115  -0.000128
 -0.004620   0.000320  -0.002105
 -0.000960  -0.000054  -0.000663
  0.004502   0.001003   0.000557
  0.000007   0.000145  -0.000013
  0.003246  -0.004083   0.003351
  0.000062   0.000063   0.000009
 -0.004346  -0.002719   0.002701
 -0.000002  -0.000317  -0.000329
 -0.000002   0.000039   0.000003
  0.000002   0.000039  -0.000001
  0.002134   0.005190  -0.002921
  0.000060  -0.000073   0.000036
 -0.000074  -0.000098  -0.000331
 -0.000046   0.000216  -0.000019
 -0.002620  -0.006852  -0.003532
  0.000077  -0.000080   0.000079
  0.000049   0.000019  -0.000022
 -0.000034   0.000050   0.000016
 -0.000369   0.000299   0.000152
 -0.000076  -0.000066  -0.000005
 -0.000096   0.000249  -0.000177
  0.000011   0.000144   0.000076
  0.000039  -0.000027   0.000167
  0.000010   0.000033  -0.000011
  0.007402  -0.006839   0.033375
  0.000186   0.000047  -0.000018
  0.000202  -0.000197  -0.000514
  0.000005   0.000015  -0.000023
  0.000059   0.000098  -0.000024
 -0.000086   0.000056  -0.000015
  0.000025   0.000061  -0.000008
 -0.000066   0.000002   0.000009
  0.001982   0.003456  -0.004632
 -0.000000   0.000021   0.000012
  0.000001   0.000029   0.000000
 -0.000002   0.000027  -0.000005
  0.000031  -0.000075   0.000012
 -0.000020  -0.000090  -0.000024
  0.000037  -0.000104   0.000001
 -0.000051  -0.000070  -0.000016
  0.000013  -0.000049   0.000034
 -0.000036  -0.000065  -0.000041
  0.000023  -0.000084  -0.000043
 -0.000018  -0.000067  -0.000001
  0.000048  -0.000076  -0.000010
 -0.000032  -0.000090  -0.000006
  0.000032  -0.000058  -0.000046
 -0.000017  -0.000047   0.000042
 -0.000012  -0.000187   0.000036
 -0.000038  -0.000172   0.000085
 -0.000104  -0.000238  -0.000063
  0.000116  -0.000305   0.000156
 -0.000186  -0.000187   0.000304
  0.000036  -0.000049   0.000031
  0.000148  -0.000414  -0.000023
 -0.000098   0.000002   0.000190
 -0.000114   0.000030  -0.001499
 -0.000047   0.000067   0.000054
 -0.000015   0.000397  -0.000016
 -0.000024   0.000383   0.000001
  0.000056   0.000459   0.000159
  0.000023   0.000167   0.000005
    3    3  0.0000 -0.0000  0.0150
  0.000041  -0.000025  -0.000046
 -0.000013  -0.000024   0.000020
 -0.151354  -0.024882  -0.879380
 -0.000029   0.000173   0.000146
  0.000312  -0.000804  -0.001084
  0.000065  -0.000315   0.000185
  0.008647   0.020345  -0.017245
  0.000020  -0.000166   0.000090
 -0.005168  -0.030787   0.021680
  0.001512  -0.000596  -0.000943
 -0.010067  -0.098433   0.034401
 -0.000013   0.000020  -0.000074
  0.000082   0.000954   0.000297
  0.000051   0.000121  -0.000114
 -0.017227  -0.015856   0.015426
 -0.000805  -0.000993  -0.000377
  0.000166  -0.000515   0.000159
 -0.000059  -0.000004   0.000046
  0.054682   0.076471   0.241470
 -0.000004  -0.000072  -0.000030
 -0.000022  -0.000030   0.000061
  0.000036   0.000001   0.000028
  0.002722  -0.035701   0.132280
 -0.000164   0.000171   0.000312
 -0.000452   0.002020   0.001203
  0.000026  -0.000014  -0.000075
 -0.002214   0.002262   0.004198
 -0.000030   0.000052  -0.000040
  0.001363  -0.000053   0.001460
  0.000009  -0.000015   0.000018
  0.090257   0.018625   0.427546
 -0.000011  -0.000092   0.000049
  0.017255   0.030324   0.057985
  0.000023  -0.000187  -0.000072
 -0.000019  -0.000014   0.000026
  0.000030  -0.000030   0.000067
 -0.008909   0.036219  -0.074088
 -0.000037   0.000114   0.000051
  0.000007  -0.000032  -0.000012
 -0.000016  -0.000014  -0.000019
  0.001173   0.001631   0.004437
 -0.000024   0.000466   0.000335
 -0.000364  -0.003728  -0.000184
  0.000714   0.000225  -0.000141
  0.000846   0.001842  -0.002112
 -0.000314  -0.000162   0.000411
  0.002586   0.000419   0.000220
  0.000611   0.000232   0.000461
 -0.003051  -0.000585  -0.000966
 -0.001919   0.000618   0.000331
  0.004111  -0.004442   0.003133
 -0.000271   0.000605   0.000189
 -0.002023  -0.000970  -0.000303
  0.000019   0.000225   0.000009
  0.000001  -0.000031  -0.000002
  0.000008  -0.000036   0.000004
  0.001731  -0.002918  -0.002022
 -0.000004   0.000052  -0.000033
 -0.000048   0.000000   0.000096
 -0.000026   0.000062  -0.000070
  0.011441   0.034966   0.014616
  0.000010   0.000112  -0.000089
  0.000014  -0.000038   0.000026
  0.000037   0.000012  -0.000035
 -0.000542   0.000588  -0.000384
  0.000004  -0.000027   0.000166
 -0.000275   0.000223  -0.000497
  0.000014  -0.000087   0.000043
 -0.000129   0.000287   0.000277
  0.000006  -0.000004  -0.000021
  0.003779  -0.003222   0.016569
  0.000075   0.000001  -0.000012
  0.000006  -0.000107  -0.000654
  0.000026   0.000074  -0.000108
 -0.000091  -0.000128  -0.000052
  0.000275   0.000017   0.000019
 -0.000044   0.000002   0.000008
 -0.000056  -0.000078   0.000027
  0.001751  -0.005204   0.000210
 -0.000010  -0.000010  -0.000003
 -0.000013  -0.000035  -0.000002
  0.000000  -0.000030  -0.000003
  0.000001   0.000112  -0.000012
 -0.000029   0.000062  -0.000017
 -0.000019   0.000001  -0.000017
  0.000006   0.000032   0.000013
  0.000005   0.000053  -0.000022
 -0.000010   0.000046   0.000020
  0.000033   0.000077   0.000006
  0.000005   0.000104  -0.000049
  0.000006   0.000064  -0.000011
  0.000039   0.000038  -0.000020
  0.000008   0.000038   0.000034
 -0.000011   0.000051  -0.000020
 -0.000566   0.000250   0.000464
  0.000066   0.000168  -0.000027
  0.000086   0.000566   0.000430
 -0.000087   0.000287  -0.000130
  0.000189  -0.000017   0.000385
 -0.000181  -0.000051   0.000037
 -0.000431  -0.001594   0.000279
  0.000028  -0.000170  -0.000261
  0.000090   0.001620  -0.000542
  0.000031  -0.000237   0.000002
 -0.000005  -0.000442  -0.000105
  0.000002  -0.000396   0.000025
  0.000030   0.000236  -0.000039
 -0.000015   0.000070   0.000080
    5    1  0.0150  0.0000  0.0000
  0.000576  -0.001730   0.002112
 -0.001674  -0.000572   0.006035
  0.000107   0.000144   0.000345
 -0.000053   0.000139   0.000081
 -1.130029  -0.122081   0.123303
 -0.002322   0.000878  -0.000221
  0.005467   0.001487  -0.000873
  0.000036   0.000182  -0.000247
 -0.001667   0.003477  -0.000901
  0.000315   0.000894   0.000029
 -0.000039  -0.000113   0.000142
 -0.000012   0.000172  -0.000256
  0.121342  -0.014593  -0.018678
  0.000062  -0.000304   0.000128
  0.000597  -0.001084   0.000827
 -0.000410   0.000983   0.000150
 -0.018748   0.010779   0.018124
  0.000034  -0.000001  -0.000048
 -0.000121  -0.000131  -0.000106
 -0.000041  -0.000180   0.000120
  0.000567  -0.000470  -0.000893
 -0.002887  -0.002619  -0.001783
  0.000836  -0.000587   0.000217
  0.000099   0.000271   0.000009
  0.002382   0.010603   0.002153
  0.000039  -0.000141   0.000058
  0.006435   0.001691  -0.007289
 -0.000071  -0.000153   0.000067
  0.001301  -0.029326  -0.025671
 -0.000170   0.000160  -0.000179
 -0.000144   0.000011  -0.000175
  0.000006  -0.000132  -0.000088
  0.000136  -0.000038   0.000160
  0.000215  -0.000426  -0.000443
  0.003039   0.000339   0.004138
 -0.000082  -0.000198   0.000359
  0.000066   0.000160  -0.000096
 -0.000390  -0.000115   0.000312
  0.001356  -0.002199  -0.003797
  0.002116   0.000708   0.000942
  0.000134   0.000729  -0.000169
  0.000481   0.003138  -0.000298
 -0.000129   0.000323   0.000089
 -0.000018  -0.000382   0.000112
  0.000502  -0.000759  -0.000142
 -0.000060  -0.000280   0.000228
 -0.000380   0.000115  -0.000397
  0.000088  -0.000196  -0.000001
  0.000543  -0.000289   0.000389
 -0.000041  -0.000203  -0.000030
  0.000484  -0.002420   0.000865
 -0.000117  -0.000549  -0.000160
  0.000121   0.000558  -0.000512
  0.000273  -0.000536  -0.000318
  0.000130  -0.000805  -0.000186
  0.001715  -0.003124   0.000619
 -0.000000   0.000048  -0.000015
 -0.000020   0.000155   0.000048
  0.003914   0.001673   0.001998
  0.000050  -0.000008   0.000018
 -0.000032   0.000058   0.000017
  0.000108   0.000073  -0.000015
  0.000086  -0.000232   0.000037
  0.005266  -0.001012  -0.009736
 -0.000641   0.001706   0.001053
  0.000118   0.000027  -0.000007
  0.000431  -0.001481  -0.001146
  0.000029   0.000160  -0.000022
  0.003605  -0.001253   0.000263
  0.000023   0.000174   0.000152
  0.000099  -0.000041   0.000070
  0.000050   0.000003   0.000045
  0.000158   0.000044  -0.000021
  0.003495   0.001867  -0.006603
  0.000149  -0.000216  -0.000031
  0.043676   0.002546   0.003389
  0.002543  -0.000438   0.000192
 -0.000030   0.000153  -0.000091
  0.000016   0.000039  -0.000034
  0.000823   0.000309  -0.000009
  0.000964   0.000334  -0.000379
  0.000208   0.000002  -0.000106
  0.003504  -0.001611  -0.002444
  0.002191   0.003546   0.004932
  0.001752  -0.001050   0.000302
  0.002549   0.004959  -0.000180
 -0.001168  -0.002424  -0.004349
 -0.000548  -0.000464  -0.001960
 -0.003505   0.000736  -0.000381
 -0.001906  -0.004591  -0.001511
 -0.003315   0.000548  -0.001798
 -0.002903  -0.001538   0.001252
  0.000718   0.001227  -0.000056
  0.002726  -0.003150  -0.006276
  0.603356  -0.060315  -0.198798
  0.001256   0.000399  -0.000183
  0.383390   0.187891   0.092974
  0.001644  -0.001178   0.000620
 -0.000456   0.000049  -0.000236
 -0.026331  -0.001880  -0.003007
 -0.000228  -0.000504   0.000241
 -0.000965  -0.001131  -0.000313
 -0.000398  -0.000515   0.000088
 -0.004053  -0.002397   0.003271
 -0.018802   0.025348   0.027931
 -0.006777   0.002879  -0.004415
  0.002060   0.000735   0.000131
  0.009122  -0.001463   0.006941
    5    2  0.0000  0.0150 -0.0000
 -0.001812   0.000558   0.001010
 -0.002503  -0.000753  -0.002728
  0.000781   0.000416  -0.000813
 -0.000164   0.000465   0.000320
 -0.121930  -0.633873  -0.269997
 -0.000845   0.002695  -0.001603
  0.001388   0.001759  -0.000090
 -0.000064   0.000253  -0.000215
  0.002394   0.003733   0.000419
 -0.000577   0.002351  -0.000111
  0.000074   0.000147   0.000004
  0.000038  -0.000006   0.000531
 -0.013153   0.184146   0.066241
 -0.000084  -0.000635   0.000492
 -0.003189   0.001299   0.001820
  0.001078   0.002608  -0.000310
  0.005383   0.030919   0.024868
 -0.000291  -0.000024  -0.000004
  0.000042  -0.000598   0.000447
 -0.000027   0.000041  -0.000245
  0.000038  -0.000057  -0.000028
 -0.001722  -0.001101   0.001739
 -0.001172   0.002007  -0.000163
  0.000142   0.000150  -0.000161
  0.008031  -0.004602   0.001952
 -0.000158  -0.000042   0.000041
  0.004817  -0.009558  -0.000120
  0.000055  -0.000321   0.000085
 -0.021879  -0.002030   0.008776
  0.000134   0.000033  -0.000215
  0.000287  -0.000396   0.000479
 -0.000116   0.000129  -0.000040
 -0.000134  -0.001407   0.000637
  0.000028   0.000167  -0.000023
  0.000896   0.000161   0.002179
  0.000294   0.000198  -0.000052
 -0.000062  -0.000130  -0.000316
  0.000225   0.000025   0.000002
 -0.000026  -0.001031  -0.002297
  0.000978   0.000564   0.000157
  0.000312   0.004570  -0.001539
  0.000566  -0.004049   0.001545
  0.001088  -0.001131  -0.001008
 -0.000553  -0.001209   0.000735
 -0.000267  -0.001155  -0.001478
  0.000011  -0.000606   0.000569
  0.001112  -0.000693  -0.000331
 -0.000388  -0.000487  -0.000043
 -0.001485  -0.000924   0.000031
  0.000529  -0.000492  -0.000002
 -0.000253  -0.001150  -0.000597
 -0.000061  -0.001320  -0.000263
  0.000640  -0.000294  -0.000410
  0.000026  -0.001042  -0.000345
 -0.000038  -0.000013  -0.000028
 -0.000682   0.000400  -0.000414
  0.000012   0.000236   0.000059
  0.000188  -0.000042  -0.000112
 -0.002677   0.001012  -0.002204
 -0.000003   0.000252   0.000031
  0.000067   0.000233   0.000005
 -0.000100   0.000138   0.000058
  0.000091   0.000190  -0.000164
  0.000272   0.000582   0.000310
 -0.000265  -0.000264   0.000374
  0.000034   0.000054   0.000060
  0.000696  -0.001267  -0.000772
  0.000049   0.000274   0.000021
  0.002311   0.001849  -0.003206
  0.000107   0.000224   0.000102
 -0.000469   0.000262  -0.000436
  0.000142   0.000207   0.000142
 -0.000497   0.000860   0.000897
 -0.000535  -0.000852   0.001137
 -0.000483   0.000467  -0.000051
 -0.009748   0.001991  -0.005100
  0.001612  -0.000764   0.000442
  0.000123   0.000296  -0.000096
 -0.000148   0.000010  -0.000047
 -0.000279  -0.000388  -0.000143
  0.000329   0.000180  -0.000243
 -0.000005   0.000107   0.000006
  0.001422  -0.002999  -0.001044
  0.002055   0.000973   0.000423
  0.002321  -0.001848   0.000686
  0.001586   0.002272  -0.000171
 -0.000574  -0.000693  -0.000912
 -0.000644  -0.000463  -0.000671
 -0.001438   0.000417   0.000341
 -0.000531  -0.000946   0.000223
 -0.000886   0.001197  -0.000770
 -0.001485  -0.001424   0.000316
  0.000490  -0.000059  -0.001294
  0.000256  -0.000861  -0.001581
 -0.071909   0.130767   0.055896
  0.000137  -0.001219   0.000528
  0.203642   0.273233   0.106613
  0.000841  -0.002510   0.001275
  0.000586  -0.001321  -0.000813
  0.008293   0.000887   0.002433
  0.000120  -0.002302   0.001434
 -0.000302   0.002037  -0.000664
 -0.000126  -0.003112  -0.000403
 -0.000375   0.003437  -0.001368
  0.007028   0.026163   0.023362
  0.000511   0.004772  -0.003379
 -0.000272   0.003285   0.000057
  0.000676  -0.004190  -0.000676
    5    3  0.0000 -0.0000  0.0150
 -0.001398   0.000696   0.000455
  0.002315  -0.002093  -0.001945
  0.000294   0.000009  -0.001088
 -0.000105   0.000301   0.000179
  0.122950  -0.269871  -0.573623
 -0.000205   0.001605  -0.000977
  0.000578  -0.000309   0.001731
 -0.000063   0.000152  -0.000092
  0.002045  -0.003412   0.001918
 -0.000494   0.001395  -0.000110
  0.000019   0.000114  -0.000134
  0.000024  -0.000073   0.000510
 -0.020692   0.067031   0.179172
 -0.000073  -0.000355   0.000285
 -0.002570   0.000536   0.001828
  0.000821   0.001680  -0.000385
  0.012677   0.019496   0.008649
 -0.000193  -0.000010   0.000008
  0.000052  -0.000502   0.000528
 -0.000041   0.000082  -0.000232
  0.000114   0.000012   0.000153
 -0.001748  -0.000243   0.003402
 -0.000298   0.001286   0.001872
  0.000079   0.000019  -0.000115
 -0.000460   0.000504  -0.010139
 -0.000111   0.000009   0.000020
 -0.004282   0.000406  -0.009287
  0.000067  -0.000190   0.000046
 -0.021486   0.014729   0.019005
  0.000105   0.000021  -0.000132
  0.000268  -0.000182   0.000431
 -0.000077   0.000136  -0.000001
 -0.000123  -0.000997   0.000429
 -0.000022   0.000245   0.000072
  0.000194  -0.000084   0.000708
  0.000215   0.000163  -0.000152
 -0.000095  -0.000167  -0.000269
  0.000283   0.000031  -0.000070
 -0.000567  -0.000274  -0.000887
  0.000578   0.000282   0.000096
  0.000198   0.003114  -0.001089
  0.000419  -0.003898   0.001423
  0.000911  -0.000792  -0.000907
 -0.000378  -0.000811   0.000554
 -0.000532   0.000338  -0.000595
  0.000015  -0.000339   0.000350
  0.000630  -0.000370  -0.000341
 -0.000225  -0.000279   0.000025
 -0.000267   0.000326  -0.000728
  0.000355  -0.000274   0.000011
 -0.000580   0.001074  -0.000633
 -0.000010  -0.000755  -0.000130
  0.000531   0.000014  -0.000725
 -0.000026  -0.000611  -0.000154
 -0.000025   0.000151   0.000094
 -0.000220   0.000790   0.000079
  0.000014   0.000144   0.000051
  0.000165  -0.000059  -0.000086
 -0.000942  -0.003637   0.002696
 -0.000016   0.000172   0.000026
  0.000048   0.000110  -0.000004
 -0.000096   0.000082   0.000048
  0.000049   0.000169  -0.000117
 -0.001617   0.000519   0.001850
 -0.000223  -0.000808  -0.000591
 -0.000015   0.000039   0.000039
  0.000375  -0.000193  -0.000511
  0.000036   0.000169   0.000015
  0.003796  -0.002648   0.002633
  0.000067   0.000130   0.000067
 -0.000401   0.000311  -0.000487
  0.000083   0.000143   0.000099
 -0.000353   0.000586   0.000609
 -0.000826  -0.001347   0.003642
 -0.000283   0.000334  -0.000014
 -0.027836  -0.004629  -0.004611
  0.000518  -0.000312   0.000332
  0.000084   0.000180  -0.000058
 -0.000106  -0.000009  -0.000011
 -0.000483  -0.000415  -0.000111
  0.000128   0.000128  -0.000078
 -0.000040   0.000063   0.000028
  0.000522  -0.001699  -0.000437
  0.000937  -0.000494   0.000037
  0.001075  -0.001097   0.000440
  0.000507  -0.000021  -0.000191
  0.000090   0.000400   0.001287
 -0.000315  -0.000083  -0.000415
  0.000104   0.000201   0.000497
 -0.000399  -0.000541   0.000172
  0.000222   0.000519   0.000007
 -0.000802  -0.000823   0.000170
  0.000276  -0.000145  -0.000797
 -0.000849   0.000487   0.000457
 -0.200190   0.051372   0.198176
 -0.000124  -0.000783   0.000340
  0.106167   0.110958   0.167385
  0.000366  -0.001336   0.000672
  0.000352  -0.000874  -0.000508
  0.021080   0.003143   0.003382
  0.000084  -0.001507   0.000974
 -0.000162   0.001721  -0.000532
 -0.000069  -0.002078  -0.000262
  0.000638   0.003286  -0.002312
  0.010093   0.018692   0.012147
  0.000516   0.001523  -0.001646
 -0.000344   0.002173   0.000030
 -0.001270  -0.002077  -0.003626
    7    1  0.0150  0.0000  0.0000
  0.000000   0.000013   0.000018
  0.000192   0.000029  -0.000153
 -0.001961   0.005740   0.008647
  0.000014   0.000046   0.000022
  0.005494   0.001453   0.000554
  0.000037   0.000056  -0.000055
 -0.827989  -0.176477   0.147327
 -0.000012  -0.000004   0.000004
 -0.011732   0.022686   0.009012
  0.000096   0.000119  -0.000106
 -0.000166  -0.000660  -0.000040
  0.000029   0.000010  -0.000032
  0.069812   0.025146  -0.005598
 -0.000017  -0.000006   0.000025
  0.002715  -0.032837  -0.027329
 -0.000313   0.000319  -0.000274
 -0.005960  -0.079903  -0.066075
  0.000046  -0.000007  -0.000022
 -0.000353   0.001855  -0.001886
 -0.000064  -0.000039  -0.000024
  0.000025   0.000000  -0.000003
 -0.000132  -0.000012   0.000017
  0.123007  -0.001229  -0.011371
  0.000002   0.000012   0.000036
  0.368497   0.046243  -0.100926
 -0.000066   0.000041  -0.000059
  0.292854   0.122297  -0.005267
  0.000001  -0.000002   0.000027
 -0.058934   0.045628   0.058457
  0.000022   0.000010   0.000001
 -0.000723  -0.001243  -0.000227
  0.000000   0.000047  -0.000071
  0.000048   0.000359   0.000399
 -0.000032  -0.000032   0.000001
  0.000378  -0.000093  -0.000010
 -0.000013   0.000002   0.000014
  0.000494   0.000738  -0.000132
 -0.000091  -0.000140   0.000114
 -0.000024   0.000230  -0.000092
 -0.000024   0.000011  -0.000005
 -0.000062  -0.000276   0.000216
  0.000182  -0.000211   0.001099
  0.009995  -0.004746  -0.006984
  0.000019  -0.000184   0.000117
  0.002506   0.000091   0.010441
 -0.000023  -0.000042   0.000084
 -0.001930   0.001176  -0.000793
  0.000212   0.000004   0.000135
  0.002091  -0.001008  -0.001213
 -0.000077   0.000007   0.000011
 -0.000271  -0.000811   0.002403
 -0.000021  -0.000047  -0.000003
 -0.000458   0.001362   0.001812
  0.000108  -0.000102  -0.000034
  0.000005  -0.000003   0.000007
 -0.000017   0.000049  -0.000015
  0.000121  -0.000030  -0.000027
 -0.000019   0.000081   0.000015
 -0.003521   0.001303  -0.002513
  0.000012   0.000010  -0.000001
 -0.000219  -0.000312  -0.000081
  0.000035   0.000017  -0.000021
  0.000013  -0.000003  -0.000006
 -0.000089  -0.000041   0.000243
  0.020395  -0.002965  -0.013996
  0.000019   0.000079   0.000085
  0.019958   0.026661   0.010292
  0.000001  -0.000013  -0.000006
 -0.002220  -0.000495  -0.004128
 -0.000006  -0.000008   0.000001
 -0.000419  -0.000326  -0.000168
 -0.000034  -0.000014   0.000015
  0.000050  -0.000078  -0.000072
  0.000019  -0.000041   0.000157
  0.000103  -0.000010   0.000014
 -0.000818  -0.000246  -0.000145
  0.000062  -0.000033  -0.000010
 -0.000017  -0.000008   0.000004
  0.000063   0.000211  -0.000105
  0.000107   0.000065  -0.000097
  0.000017   0.000029   0.000014
  0.000006   0.000005   0.000006
 -0.000061   0.000060   0.000015
  0.000034   0.000214  -0.000010
 -0.000055   0.000057   0.000007
  0.000061  -0.000059  -0.000142
 -0.000244  -0.000112   0.000236
  0.000021   0.000006   0.000009
  0.000041   0.000223   0.000127
  0.000056   0.000055   0.000023
 -0.000124  -0.000057   0.000018
  0.000056   0.000057   0.000001
 -0.000016   0.000022   0.000003
  0.000018   0.000072   0.000065
  0.000113  -0.001398  -0.001503
 -0.000064   0.000003   0.000010
 -0.000749   0.001149   0.001010
  0.000006  -0.000000   0.000010
 -0.000117   0.000101   0.000077
  0.000271   0.000227   0.000100
 -0.000023   0.000147  -0.000193
 -0.000143   0.000062  -0.000698
  0.000005   0.000217  -0.000019
 -0.000144   0.000319  -0.000377
 -0.000018   0.000006  -0.000298
 -0.000076  -0.000096   0.000035
  0.000032  -0.000172   0.000019
  0.000078  -0.000608  -0.000202
    7    2  0.0000  0.0150 -0.0000
 -0.000009   0.000055  -0.000064
  0.000194   0.000180   0.000084
 -0.000431   0.047382   0.020353
  0.000042  -0.000020   0.000162
  0.001459   0.001819  -0.000260
 -0.000138   0.000213  -0.000121
 -0.176574  -0.650378  -0.232069
  0.000010  -0.000060   0.000069
  0.015988  -0.003852   0.018837
 -0.000447   0.000072  -0.000009
  0.000454   0.000582   0.001422
  0.000055   0.000021  -0.000405
  0.026382   0.012147  -0.010730
 -0.000012  -0.000017   0.000027
 -0.020658  -0.001185   0.004279
  0.000342  -0.000700   0.000734
 -0.036018  -0.024839   0.006042
 -0.000012  -0.000022   0.000019
 -0.001828   0.002698  -0.002991
  0.000020   0.000102  -0.000015
 -0.000051   0.000028   0.000022
 -0.000068  -0.000086  -0.000110
 -0.005126   0.157853   0.055708
 -0.000009   0.000028  -0.000071
 -0.013744   0.136417   0.044601
 -0.000066   0.000102  -0.000066
  0.183301   0.271396   0.059979
  0.000056  -0.000022  -0.000010
  0.000707   0.051806   0.047954
  0.000020   0.000002  -0.000022
 -0.001397   0.003504  -0.000162
 -0.000013   0.000018  -0.000019
  0.000250  -0.000099   0.000095
  0.000024   0.000192   0.000225
 -0.000018   0.000091  -0.000318
  0.000062   0.000035   0.000048
  0.001300   0.000736   0.000511
 -0.000009  -0.000319   0.000109
 -0.000084   0.000314   0.000207
  0.000006   0.000064  -0.000100
  0.000136   0.000789  -0.000202
 -0.000085  -0.000347  -0.000802
  0.005593  -0.003835  -0.003532
  0.000108   0.000522  -0.000430
 -0.002434  -0.000699  -0.005444
  0.000093   0.000015  -0.000008
  0.002783   0.000551   0.002016
 -0.000287   0.000044  -0.000313
 -0.003630  -0.000335  -0.000638
  0.000229  -0.000049   0.000006
 -0.002438   0.003428  -0.005425
  0.000057  -0.000027   0.000007
  0.002147   0.002475  -0.000727
 -0.000093   0.000240   0.000013
 -0.000003   0.000039   0.000002
  0.000013   0.000029   0.000001
 -0.000196  -0.000114   0.000136
 -0.000251  -0.000043   0.000028
  0.000979   0.000565   0.007840
 -0.000003   0.000048  -0.000008
 -0.000197   0.000026   0.000079
 -0.000100  -0.000080  -0.000061
 -0.000011   0.000028  -0.000001
 -0.000001  -0.000016  -0.000050
  0.027289  -0.004744  -0.014628
 -0.000042   0.000042   0.000068
 -0.002727  -0.004328  -0.000100
  0.000018   0.000012   0.000012
 -0.000396  -0.001713   0.007342
  0.000011   0.000023  -0.000000
 -0.000619   0.001917  -0.000599
 -0.000004   0.000005  -0.000032
 -0.000041   0.000104   0.000142
  0.000095   0.000014  -0.000037
 -0.000064   0.000056  -0.000008
  0.000252  -0.000198   0.000029
  0.000026   0.000024  -0.000115
  0.000028   0.000047  -0.000007
  0.000168   0.000238  -0.000187
  0.000212   0.000140   0.000070
 -0.000015   0.000005   0.000002
  0.000010   0.000051  -0.000000
  0.000009  -0.000015   0.000070
 -0.000141   0.000002   0.000050
  0.000029  -0.000083   0.000002
 -0.000031  -0.000142  -0.000028
 -0.000034  -0.000195   0.000052
 -0.000039  -0.000098  -0.000002
  0.000200  -0.000163   0.000126
 -0.000020  -0.000061   0.000074
 -0.000009  -0.000331   0.000125
 -0.000033  -0.000090   0.000016
  0.000034  -0.000065  -0.000001
  0.000077  -0.000091   0.000141
  0.000533  -0.000279  -0.000378
  0.000068  -0.000099   0.000020
 -0.000911   0.000537   0.000971
  0.000115  -0.000238   0.000094
  0.000054  -0.000143  -0.000066
 -0.000326   0.000117  -0.000066
 -0.000017  -0.000323   0.000203
 -0.000203   0.000125   0.000604
 -0.000107  -0.000405  -0.000108
 -0.000040  -0.000001   0.000220
 -0.000141  -0.000013  -0.000659
 -0.000116   0.000306   0.000174
  0.000018   0.000348  -0.000067
  0.000461   0.000193   0.000052
    7    3  0.0000 -0.0000  0.0150
 -0.000055   0.000086  -0.000071
  0.000038   0.000046   0.000087
  0.002590   0.001565  -0.017235
  0.000028  -0.000073   0.000077
 -0.000878  -0.000035   0.001764
 -0.000213   0.000200  -0.000081
  0.147135  -0.232037  -0.512015
  0.000004  -0.000068   0.000089
  0.008236   0.024697   0.042509
 -0.000534  -0.000094   0.000039
  0.000199  -0.000251   0.000461
  0.000033  -0.000007  -0.000325
 -0.007263  -0.011377   0.004452
  0.000007   0.000003  -0.000002
 -0.015873   0.009999   0.017273
  0.000355  -0.000998   0.000506
 -0.029858   0.025091   0.025697
 -0.000069  -0.000013   0.000050
 -0.000839  -0.003922   0.003914
  0.000029   0.000103   0.000017
 -0.000081   0.000037   0.000033
  0.000010   0.000040  -0.000054
 -0.017064   0.057198   0.143144
 -0.000001  -0.000017  -0.000064
 -0.148658   0.016871   0.172383
 -0.000029   0.000084  -0.000024
  0.041681   0.087734   0.132359
  0.000074  -0.000011  -0.000036
  0.025040   0.027894   0.001868
  0.000010  -0.000004  -0.000022
  0.000609  -0.006049   0.001347
  0.000006  -0.000022   0.000058
  0.000015  -0.000593   0.000369
  0.000044   0.000175   0.000176
 -0.000152   0.000003  -0.000234
  0.000085   0.000043   0.000052
 -0.000920  -0.000486  -0.001218
  0.000032  -0.000132   0.000003
 -0.000241   0.000279   0.000174
  0.000060   0.000088  -0.000104
  0.000122   0.001270  -0.000546
 -0.000171  -0.000233  -0.001259
  0.000806  -0.000632  -0.001729
  0.000098   0.000557  -0.000363
  0.002328  -0.000049   0.003509
  0.000103   0.000075  -0.000076
  0.003578  -0.000060   0.000819
 -0.000245   0.000111  -0.000233
 -0.002203  -0.001187  -0.001517
  0.000263  -0.000014   0.000005
 -0.000033   0.004098   0.004464
  0.000077   0.000066   0.000031
  0.001454   0.001541  -0.001839
 -0.000178   0.000362   0.000135
 -0.000010   0.000051   0.000001
  0.000014   0.000025   0.000005
 -0.000092  -0.000097   0.000153
 -0.000230  -0.000122   0.000048
 -0.002728   0.008028  -0.003360
 -0.000024   0.000054  -0.000003
  0.000226  -0.000004   0.000054
 -0.000107  -0.000077  -0.000039
 -0.000029   0.000040  -0.000000
  0.000005   0.000042  -0.000117
  0.008773   0.000406  -0.007820
 -0.000066  -0.000011   0.000020
 -0.013394  -0.013770  -0.008430
  0.000029   0.000016   0.000026
 -0.004021   0.007510  -0.001858
  0.000022   0.000042   0.000003
  0.000964  -0.002697   0.000533
  0.000010  -0.000002  -0.000030
 -0.000115   0.000235   0.000212
  0.000092   0.000086  -0.000169
 -0.000191   0.000075  -0.000022
  0.000389  -0.000053  -0.000044
  0.000041   0.000068  -0.000102
  0.000052   0.000067  -0.000017
  0.000085  -0.000382   0.000201
  0.000064   0.000048   0.000078
 -0.000019   0.000007  -0.000012
  0.000011   0.000060   0.000006
  0.000066  -0.000093   0.000055
 -0.000058  -0.000172  -0.000035
  0.000090  -0.000152   0.000017
 -0.000082  -0.000049   0.000008
 -0.000069  -0.000109   0.000220
 -0.000065  -0.000108  -0.000019
  0.000356   0.000021  -0.000165
 -0.000066  -0.000126   0.000068
  0.000083  -0.000358   0.000097
 -0.000091  -0.000158   0.000034
  0.000058  -0.000083  -0.000025
  0.000021  -0.000053   0.000057
  0.000657   0.000439  -0.000012
  0.000140  -0.000107   0.000006
 -0.000414  -0.000433  -0.000138
  0.000132  -0.000270   0.000096
  0.000176  -0.000282  -0.000126
 -0.000399  -0.000007   0.000044
  0.000012  -0.000505   0.000533
 -0.000030   0.000044   0.000825
 -0.000051  -0.000739  -0.000047
 -0.000037  -0.000160   0.000394
 -0.000163   0.000365  -0.000309
 -0.000051   0.000430   0.000125
 -0.000003   0.000588  -0.000068
  0.000447   0.000482   0.000229
    9    1  0.0150  0.0000  0.0000
  0.000018  -0.000074   0.000152
 -0.000115  -0.000123  -0.000199
 -0.008614  -0.016042  -0.005184
 -0.000207   0.000578   0.001532
 -0.001661   0.002376   0.002074
  0.000315   0.000576  -0.000517
 -0.011772   0.016061   0.008322
  0.000093   0.000514  -0.000592
 -0.689169   0.001809  -0.025201
  0.003113   0.000743   0.000121
 -0.000744  -0.000950  -0.002207
  0.001298   0.000493   0.000156
  0.000065  -0.001381  -0.001696
 -0.000006  -0.000310   0.000289
  0.058504  -0.007446   0.036865
  0.001167   0.004038   0.002219
  0.002122   0.000943   0.000982
  0.000005   0.000150  -0.000171
  0.001527   0.001536  -0.001363
 -0.000260   0.000286  -0.000185
  0.000150  -0.000041  -0.000046
 -0.000321  -0.000164  -0.000189
  0.129286  -0.009937   0.037094
  0.000015   0.000663   0.000029
 -0.002543  -0.006326  -0.001579
  0.000264  -0.000655   0.000291
  0.002855  -0.003329  -0.003632
 -0.000368  -0.000114   0.000140
 -0.000123  -0.000185   0.001024
 -0.000056   0.000122  -0.000037
  0.001648   0.007197  -0.002679
  0.000393   0.000047  -0.000577
 -0.000239   0.001182  -0.000000
 -0.000318  -0.000414   0.000704
  0.000192   0.000011   0.000206
 -0.000097  -0.000018  -0.000028
  0.001145   0.001207   0.000305
 -0.000005  -0.000325  -0.000036
  0.000144  -0.000109  -0.000185
 -0.000023  -0.000025   0.000088
 -0.000385  -0.002192   0.001278
  0.001769  -0.004054  -0.001491
 -0.005359   0.002253  -0.000585
 -0.000296  -0.001347   0.000285
  0.098035  -0.012772  -0.018602
 -0.000660  -0.000448   0.000486
 -0.000389   0.000285  -0.004622
 -0.000673  -0.001024  -0.001258
  0.322127   0.055970  -0.024661
 -0.001671   0.000036  -0.000083
  0.100447  -0.031422   0.012843
 -0.000574  -0.000611  -0.000296
 -0.004481  -0.000585  -0.001488
  0.000475  -0.001903  -0.001382
  0.000018  -0.000031   0.000002
 -0.000028  -0.000004  -0.000001
  0.000116  -0.000113  -0.000265
  0.000800  -0.000231  -0.001060
  0.000492  -0.000989   0.000049
  0.000049  -0.000142   0.000075
 -0.002347   0.000032   0.001672
  0.000498   0.000090  -0.000033
  0.000100  -0.000030  -0.000034
 -0.000159  -0.000322   0.000213
  0.001343   0.001304  -0.004837
  0.000363  -0.000075  -0.000202
  0.000402   0.000770   0.000313
 -0.000113   0.000231  -0.000042
  0.000247  -0.000328  -0.000423
 -0.000039  -0.000020   0.000041
  0.000455  -0.000083  -0.000670
  0.000642   0.000990  -0.000245
  0.000173  -0.000322  -0.000417
 -0.000008  -0.000645   0.000657
  0.000489  -0.000074   0.000049
 -0.001183  -0.000500  -0.000036
  0.000323   0.000047  -0.000089
 -0.000123  -0.000029   0.000031
  0.000082   0.000380  -0.000053
  0.000165   0.000123  -0.000268
  0.000059  -0.000001   0.000009
 -0.000004  -0.000012  -0.000012
 -0.000075   0.000014  -0.000074
  0.000332   0.000208   0.000240
 -0.000052   0.000107   0.000005
  0.000237   0.000324  -0.000021
 -0.000182   0.000072   0.000054
  0.000054   0.000018  -0.000052
 -0.000231   0.000059  -0.000059
  0.000082  -0.000000  -0.000024
 -0.000235   0.000147   0.000106
  0.000062   0.000094  -0.000028
 -0.000066   0.000064  -0.000021
  0.000127   0.000049  -0.000065
  0.002130  -0.000526  -0.001097
 -0.000440  -0.000158   0.000211
  0.000329  -0.000850  -0.000552
 -0.000006  -0.000249   0.000187
 -0.000360   0.000333   0.000196
  0.000611   0.000871  -0.000381
  0.000190   0.000964  -0.000971
 -0.001080   0.001571   0.001321
  0.000194   0.001453   0.000148
 -0.000652   0.002329  -0.000378
 -0.000168   0.000429   0.000440
 -0.000135   0.000164  -0.000199
  0.000021  -0.000726   0.000233
  0.000457  -0.001528  -0.000364
    9    2  0.0000  0.0150 -0.0000
 -0.000696   0.000648  -0.000276
  0.000090  -0.000006  -0.000631
 -0.023757   0.007572  -0.030774
  0.000117  -0.000013   0.000599
  0.003503   0.003731  -0.003451
 -0.000901   0.002380  -0.001424
  0.022678  -0.003993   0.024578
 -0.000137   0.000105   0.000086
  0.002123  -0.655043   0.008071
 -0.000769   0.000869   0.000458
  0.000976  -0.001818   0.000309
  0.000231  -0.000326   0.000244
 -0.000235   0.000116   0.001019
 -0.000050  -0.000425   0.000399
 -0.007544  -0.019338   0.003480
  0.006103   0.001931   0.004241
 -0.000015   0.000957  -0.000246
 -0.000366  -0.000080   0.000177
 -0.001390  -0.002955  -0.005572
 -0.000004   0.000356  -0.000235
 -0.000353   0.000164   0.000256
 -0.000484   0.000328   0.001190
 -0.009492   0.092272  -0.010488
 -0.000123  -0.000168  -0.000605
 -0.002756  -0.000648  -0.000259
 -0.000063   0.000135  -0.000019
 -0.002323   0.005264   0.003280
  0.000329  -0.000337  -0.000107
  0.002282   0.002231  -0.001136
  0.000057   0.000076  -0.000248
  0.001429   0.007159  -0.002170
  0.000005   0.000020  -0.000072
  0.000046  -0.000477   0.001232
 -0.000078   0.000914   0.001031
  0.000412   0.000024   0.000243
  0.000393   0.000212   0.000198
  0.001109   0.001541   0.000495
  0.000259  -0.000312  -0.000631
 -0.000115   0.000143  -0.000176
  0.000481   0.000456  -0.000379
  0.000502   0.004607  -0.000404
  0.000036  -0.005268  -0.001523
  0.001232   0.006238   0.004917
 -0.001158  -0.000037  -0.000588
 -0.015380   0.132777   0.082894
  0.000058  -0.000034   0.000029
  0.004315   0.001387   0.000454
 -0.003644  -0.000950  -0.002550
  0.051084   0.105551  -0.008292
  0.000431  -0.000118  -0.000103
 -0.024208   0.302950  -0.069908
  0.000074  -0.000496  -0.000117
  0.000403   0.010608  -0.005588
 -0.000867  -0.001020  -0.000895
 -0.000085   0.000384   0.000021
 -0.000106   0.000421  -0.000044
 -0.000575   0.001584  -0.000105
  0.000099  -0.000455  -0.000309
 -0.001200  -0.000175  -0.000604
 -0.000045   0.000286  -0.000027
  0.000160   0.005741   0.001579
 -0.000088  -0.000148   0.000044
 -0.000029   0.000258  -0.000076
 -0.001089   0.000892   0.000156
  0.000921  -0.001081  -0.000306
 -0.000220  -0.000042   0.000076
  0.000728  -0.000975   0.000813
  0.000047   0.000421   0.000078
 -0.000030   0.000361   0.000147
  0.000110   0.000244   0.000045
 -0.001109  -0.001146   0.002591
  0.000276   0.000413  -0.000113
 -0.000552   0.001054   0.000948
 -0.000702  -0.000546   0.001012
 -0.000714   0.000517  -0.000115
 -0.003033   0.000359  -0.000747
  0.000554   0.000186  -0.000088
  0.000161   0.000388  -0.000077
 -0.000101   0.000122  -0.000237
 -0.000171  -0.000036  -0.000199
  0.000043   0.000278  -0.000013
  0.000016   0.000289   0.000018
  0.000555  -0.001269   0.000132
  0.000167  -0.000936  -0.000508
  0.000871  -0.001184   0.000213
 -0.000047  -0.000497  -0.000177
 -0.000208  -0.000612   0.000203
 -0.000423  -0.000614  -0.000297
 -0.000231  -0.000585  -0.000025
 -0.000546  -0.001065   0.000293
  0.000083  -0.000146  -0.000093
 -0.000816  -0.001178   0.000209
  0.000432  -0.000670  -0.000507
  0.000269  -0.000543   0.000510
 -0.000580  -0.002822   0.002956
  0.000350  -0.001200   0.000412
 -0.001058  -0.002962   0.000150
  0.000864  -0.002430   0.001050
  0.000763  -0.001614  -0.000701
  0.002213   0.000300   0.000006
  0.000123  -0.002610   0.001146
  0.000404   0.002023   0.001485
 -0.000221  -0.003302  -0.000679
 -0.000071   0.003121  -0.000734
  0.000659   0.005203   0.000255
  0.000406   0.003552   0.000195
 -0.000203   0.003533  -0.000202
 -0.000866  -0.000944  -0.000772
    9    3  0.0000 -0.0000  0.0150
  0.000005   0.000004   0.000013
  0.000045   0.000089   0.000152
  0.004788  -0.022120   0.021707
  0.000045  -0.000154  -0.000959
 -0.000869   0.000434   0.001884
  0.000027   0.000110  -0.000091
  0.008959   0.018815   0.042558
 -0.000088   0.000010   0.000046
 -0.025313   0.007656  -0.667034
  0.000124  -0.000474   0.000645
  0.000426  -0.001534   0.000523
 -0.000033  -0.000146  -0.000117
 -0.000887  -0.002393  -0.001299
 -0.000051  -0.000024   0.000046
  0.018502   0.001087  -0.042601
  0.003818   0.002139   0.002607
  0.000592   0.001470   0.000119
 -0.000004  -0.000047   0.000055
 -0.001685   0.001154  -0.005392
 -0.000051  -0.000048   0.000673
 -0.000003   0.000002   0.000004
  0.000115  -0.000002  -0.000223
  0.039019  -0.016396   0.139206
 -0.000138  -0.000258  -0.000334
  0.001973   0.000427  -0.001995
 -0.000048   0.000128  -0.000025
  0.001631  -0.001575  -0.001359
  0.000178  -0.000072  -0.000036
 -0.001336  -0.000963  -0.000555
 -0.000021   0.000042  -0.000027
  0.002357   0.004561  -0.001557
  0.000344  -0.000002   0.000060
  0.000243   0.001903  -0.001045
 -0.000002   0.000438  -0.000510
 -0.000104   0.000041  -0.000130
  0.000023   0.000019   0.000012
  0.000034   0.000382   0.002106
 -0.000095  -0.000180   0.000028
 -0.000019   0.000067   0.000138
 -0.000001   0.000020  -0.000015
  0.000052  -0.000925   0.001385
 -0.000283   0.000928  -0.000689
 -0.000907   0.005929   0.011534
 -0.000807  -0.000517  -0.000416
 -0.025221   0.086566   0.276950
 -0.000102   0.000255  -0.000334
 -0.016503   0.000081  -0.000333
 -0.002336  -0.000841  -0.001399
 -0.016627  -0.006927   0.099046
 -0.000302   0.000194  -0.000136
  0.014139  -0.076717   0.118063
  0.000011   0.000237   0.000010
 -0.001957  -0.004437   0.007824
 -0.000198  -0.000827  -0.000661
  0.000002   0.000007   0.000003
  0.000013  -0.000000   0.000015
 -0.000783   0.002276  -0.000599
 -0.000144  -0.000016   0.000364
  0.001028  -0.000881   0.000051
 -0.000019   0.000024  -0.000018
  0.001108   0.002853  -0.002076
  0.000256  -0.000137   0.000185
  0.000015  -0.000002  -0.000002
  0.000154  -0.000094  -0.000041
 -0.001338  -0.000464   0.002737
 -0.000200   0.000053   0.000003
 -0.000196   0.000119   0.000012
  0.000003   0.000139  -0.000020
  0.000180  -0.000356  -0.000234
  0.000005  -0.000002   0.000001
 -0.001915  -0.000332   0.003444
 -0.000144  -0.000255   0.000021
  0.000038  -0.000058  -0.000115
  0.000137   0.000084  -0.000206
  0.000105   0.000002   0.000010
  0.000282  -0.000065   0.000127
 -0.000086  -0.000010   0.000006
 -0.000025   0.000007   0.000014
 -0.000016   0.000529  -0.000420
  0.000032   0.000010   0.000163
  0.000003   0.000021   0.000015
  0.000000   0.000013   0.000002
 -0.000020   0.000017   0.000000
 -0.000053  -0.000017   0.000057
 -0.000058   0.000024   0.000012
 -0.000064  -0.000061   0.000023
  0.000060  -0.000005   0.000009
  0.000029  -0.000012   0.000002
  0.000039  -0.000067  -0.000012
  0.000033   0.000006   0.000004
  0.000032  -0.000147   0.000018
  0.000040   0.000006   0.000005
 -0.000022   0.000003   0.000015
 -0.000038  -0.000008  -0.000022
  0.000641   0.000085  -0.000998
 -0.000134  -0.000042   0.000043
 -0.000097  -0.000377  -0.000766
  0.000013  -0.000087   0.000051
 -0.000166   0.000072   0.000125
 -0.000234  -0.000076   0.000006
 -0.000056  -0.000023  -0.000884
  0.000011  -0.000500   0.000277
  0.000054   0.000330  -0.000174
  0.000071  -0.000692   0.000415
 -0.000104  -0.000151   0.000008
 -0.000075   0.000123   0.000005
 -0.000000   0.000016   0.000007
  0.000145   0.000506   0.000211
   11    1  0.0150  0.0000  0.0000
  0.000007   0.000003  -0.000001
  0.000003  -0.000001  -0.000002
 -0.014798  -0.012934  -0.010121
  0.000007   0.000011  -0.000027
 -0.000051   0.000135   0.000081
 -0.000030  -0.000000   0.000008
 -0.000166   0.000438   0.000175
  0.000028  -0.000064   0.000044
 -0.000779   0.000964   0.000540
  0.001276  -0.000240  -0.000070
 -0.277192  -0.141363  -0.185961
  0.000009  -0.000018   0.000016
 -0.000187  -0.000136  -0.000047
 -0.000034  -0.000040   0.000024
  0.001949  -0.001272   0.000997
 -0.000386  -0.000160  -0.000831
  0.000165   0.000075   0.000297
  0.000087   0.000007  -0.000063
  0.010808   0.014644  -0.001264
  0.000002  -0.000019  -0.000004
 -0.000003   0.000027  -0.000040
  0.000002  -0.000001   0.000009
 -0.008488   0.000147   0.004240
  0.000182  -0.000043   0.000035
  0.000356  -0.000308  -0.000320
 -0.000051   0.000254  -0.000010
 -0.000092   0.000109   0.000140
 -0.000024  -0.000003  -0.000002
  0.000099  -0.000143  -0.000234
  0.000015  -0.000014   0.000002
  0.097307   0.029085   0.016102
  0.000010   0.000008  -0.000001
  0.122083   0.092771   0.056992
 -0.000010  -0.000001  -0.000014
  0.000003   0.000001   0.000013
 -0.000050  -0.000003  -0.000023
 -0.003022   0.002363   0.031064
 -0.000006  -0.000010   0.000000
  0.000001  -0.000000   0.000001
 -0.000012  -0.000012   0.000026
 -0.001417   0.007054  -0.004788
  0.000017   0.000036  -0.000002
 -0.000137   0.000136  -0.000015
  0.000910  -0.000144   0.000161
  0.000074  -0.000586  -0.000705
  0.000133   0.000066  -0.000156
 -0.000313   0.000073  -0.000500
  0.002041   0.000159  -0.000459
  0.000272   0.000118  -0.000267
  0.006520   0.000073  -0.001154
 -0.000024  -0.000005  -0.000455
  0.000098  -0.000098  -0.000015
 -0.001050  -0.000496   0.000503
  0.000687   0.000333   0.000170
  0.000006  -0.000003   0.000002
 -0.000002   0.000009   0.000002
  0.076654  -0.003838   0.095415
 -0.000010  -0.000002   0.000011
  0.000011  -0.000009   0.000011
  0.000041  -0.000051   0.000051
  0.001311   0.000131  -0.000395
 -0.000019  -0.000012   0.000016
 -0.000021   0.000042   0.000006
 -0.000011   0.000006   0.000004
 -0.000123  -0.000058  -0.000133
  0.000130  -0.000156   0.000007
 -0.000008  -0.000017   0.000056
 -0.000013  -0.000061  -0.000022
 -0.000016  -0.000006  -0.000012
 -0.000001  -0.000004   0.000014
 -0.004483   0.012580  -0.006723
 -0.000031  -0.000017   0.000021
 -0.000031  -0.000033   0.000503
 -0.000005  -0.000003   0.000012
  0.000122   0.000057   0.000065
 -0.000086   0.000009  -0.000007
  0.000012   0.000009  -0.000003
  0.000071   0.000034  -0.000036
 -0.007484   0.000849   0.003333
  0.000003  -0.000004   0.000002
  0.000004   0.000008   0.000001
 -0.000001   0.000002   0.000006
  0.000023  -0.000039   0.000020
  0.000018  -0.000008  -0.000000
  0.000028  -0.000047   0.000036
  0.000020  -0.000007  -0.000002
 -0.000024  -0.000007  -0.000004
  0.000010   0.000000   0.000009
 -0.000026  -0.000004   0.000005
  0.000001  -0.000023   0.000021
 -0.000014  -0.000002   0.000000
 -0.000002   0.000002   0.000029
 -0.000001  -0.000010   0.000003
  0.000019  -0.000011   0.000001
  0.000120  -0.000086  -0.000032
 -0.000015  -0.000028  -0.000043
 -0.000028  -0.000144  -0.000065
  0.000014  -0.000022   0.000015
 -0.000181   0.000388  -0.000054
  0.000090   0.000003  -0.000007
  0.000063   0.001689   0.002922
 -0.000001  -0.000017   0.000012
 -0.003038  -0.002011   0.001009
 -0.000008  -0.000006  -0.000005
  0.000009   0.000100   0.000041
  0.000007   0.000053   0.000002
  0.000081  -0.000197  -0.000211
 -0.000018   0.000002  -0.000000
   11    2  0.0000  0.0150 -0.0000
  0.000014  -0.000025   0.000051
  0.000007   0.000011  -0.000003
 -0.028005  -0.025249  -0.098561
 -0.000041  -0.000068  -0.000020
 -0.000062   0.000110   0.000068
 -0.000136  -0.000012   0.000062
 -0.000678   0.000551  -0.000238
 -0.000015   0.000013  -0.000007
 -0.000949  -0.001773  -0.001553
 -0.000472  -0.000268   0.000125
 -0.141566  -0.920996   0.059124
  0.000012  -0.000025  -0.000014
 -0.000283  -0.000089  -0.000057
 -0.000047  -0.000026   0.000045
  0.000721  -0.000875  -0.002909
  0.000246  -0.001340  -0.000480
  0.000039  -0.000037   0.000267
  0.000081   0.000011  -0.000052
  0.014987   0.079624   0.002426
  0.000002   0.000007   0.000071
  0.000038   0.000036  -0.000101
 -0.000003   0.000005  -0.000007
  0.001052  -0.003089   0.001914
 -0.000053   0.000180   0.000024
  0.000736  -0.000150  -0.000282
 -0.000045   0.000042  -0.000060
 -0.000053   0.000104   0.000172
  0.000034   0.000021   0.000037
  0.000120  -0.000311  -0.000317
 -0.000009  -0.000007   0.000027
  0.050510   0.416956  -0.092838
  0.000007   0.000089  -0.000042
  0.076756   0.342440   0.088577
 -0.000014   0.000019   0.000001
  0.000003   0.000004  -0.000006
 -0.000036  -0.000024  -0.000020
  0.012856  -0.047343   0.084814
  0.000002  -0.000015  -0.000012
 -0.000004   0.000006   0.000001
 -0.000003  -0.000012   0.000026
  0.011716   0.047032   0.002745
 -0.000001  -0.000055  -0.000087
  0.000137   0.001805   0.000586
 -0.000129   0.000453  -0.000220
 -0.000320   0.001421   0.001950
  0.000040   0.000092  -0.000125
  0.000070  -0.000587   0.001532
  0.000051  -0.000030   0.000196
  0.000091   0.000871  -0.000434
  0.000247  -0.000479  -0.000179
  0.000414  -0.000110   0.000510
  0.000064   0.000087   0.000034
 -0.000030   0.000102   0.000162
 -0.000837   0.000658   0.000805
 -0.000001   0.000009  -0.000000
 -0.000000   0.000007  -0.000002
 -0.002557   0.076676  -0.031012
 -0.000006   0.000003   0.000003
  0.000022  -0.000021   0.000048
  0.000092  -0.000098   0.000083
  0.000647   0.001709  -0.000231
  0.000021  -0.000004   0.000014
 -0.000031   0.000085  -0.000025
 -0.000008   0.000003   0.000004
 -0.000362  -0.000313  -0.000240
 -0.000154   0.000144  -0.000088
 -0.000010  -0.000002   0.000021
 -0.000007  -0.000023  -0.000092
 -0.000016   0.000036  -0.000037
 -0.000008  -0.000006   0.000011
  0.001811   0.025512  -0.018856
 -0.000081  -0.000001   0.000002
  0.000325  -0.000014   0.000206
 -0.000009  -0.000009   0.000016
 -0.000001   0.000066   0.000103
 -0.000044   0.000011   0.000001
  0.000004   0.000003  -0.000000
  0.000016   0.000094  -0.000046
  0.000585  -0.001865  -0.003229
 -0.000009  -0.000004   0.000008
 -0.000002   0.000006  -0.000000
 -0.000003   0.000006  -0.000002
 -0.000025  -0.000009   0.000034
  0.000002  -0.000010   0.000001
 -0.000023   0.000008  -0.000018
  0.000001  -0.000011  -0.000002
 -0.000002  -0.000010  -0.000001
  0.000006  -0.000008  -0.000002
 -0.000011  -0.000009   0.000001
 -0.000002  -0.000006   0.000017
 -0.000002  -0.000008  -0.000004
 -0.000022  -0.000041  -0.000012
 -0.000027   0.000002   0.000001
 -0.000004  -0.000008   0.000002
  0.000051  -0.000043  -0.000036
  0.000108  -0.000037  -0.000093
 -0.000018  -0.000107  -0.000071
  0.000052  -0.000042   0.000006
 -0.000096   0.000053  -0.000165
  0.000037  -0.000001  -0.000012
  0.002632   0.006525   0.007944
 -0.000000   0.000014   0.000056
 -0.000082   0.001973  -0.002249
  0.000001   0.000021   0.000010
  0.000004   0.000077   0.000022
 -0.000001   0.000083  -0.000012
 -0.000039  -0.000177   0.000214
 -0.000016   0.000008  -0.000013
   11    3  0.0000 -0.0000  0.0150
 -0.000058   0.000094  -0.000151
  0.000001   0.000033   0.000040
  0.000578  -0.042639   0.034287
 -0.000052  -0.000044  -0.000081
  0.000171  -0.000015  -0.000153
 -0.000259  -0.000517   0.000501
 -0.000042   0.001423   0.000478
 -0.000021   0.000386  -0.000321
 -0.002155   0.000284   0.000478
  0.000121  -0.000206  -0.000081
 -0.186213   0.058994  -0.984257
  0.000022   0.000008   0.000070
  0.000119   0.000074   0.000137
  0.000091   0.000097  -0.000090
  0.001202   0.002221   0.001546
 -0.000064  -0.000479  -0.002620
  0.000091  -0.000179  -0.000261
 -0.000090   0.000087   0.000007
 -0.000966   0.002326  -0.000140
  0.000010  -0.000005  -0.000035
 -0.000148   0.000063   0.000015
  0.000032   0.000025   0.000009
  0.004719   0.000004   0.006759
  0.000143   0.000084   0.000145
 -0.000194   0.000185  -0.000360
  0.000112  -0.000686   0.000191
 -0.000296  -0.000244  -0.000567
 -0.000155   0.000124   0.000109
 -0.000092  -0.000077   0.000010
 -0.000119  -0.000012   0.000088
 -0.000628  -0.173876   0.230724
  0.000014   0.000041   0.000025
  0.069679   0.153403   0.244067
 -0.000002  -0.000063  -0.000078
 -0.000031   0.000027  -0.000006
  0.000076   0.000073  -0.000056
  0.021713   0.036814   0.043083
  0.000010   0.000014   0.000009
 -0.000012   0.000034   0.000043
  0.000030   0.000027  -0.000084
 -0.007881  -0.006192  -0.026407
 -0.000021   0.000356   0.000115
  0.000010  -0.001301  -0.000783
 -0.000644  -0.000196   0.000514
  0.000147   0.000110   0.000205
  0.000003   0.000037  -0.000033
 -0.000671  -0.000148  -0.001015
  0.000037   0.000060   0.001715
  0.000287  -0.000315  -0.000049
 -0.000584   0.000026  -0.000257
  0.000805  -0.001680   0.000785
  0.000078   0.000027   0.000024
 -0.000214  -0.000503  -0.000025
 -0.000818   0.000487   0.000741
 -0.000013   0.000003   0.000002
 -0.000006   0.000028  -0.000004
  0.095126  -0.032240   0.450586
  0.000005   0.000012   0.000015
 -0.000018  -0.000001  -0.000039
  0.000046  -0.000203   0.000173
 -0.001129   0.000345  -0.000193
 -0.000021  -0.000008   0.000042
 -0.000171   0.000033   0.000056
  0.000004   0.000027   0.000001
  0.000087   0.000054   0.000146
  0.000875   0.000165   0.000144
 -0.000004   0.000012   0.000068
 -0.000032  -0.000061  -0.000178
  0.000003  -0.000007  -0.000015
 -0.000015  -0.000055   0.000018
  0.002546   0.020905  -0.015342
 -0.000040  -0.000021   0.000051
 -0.000462   0.000120   0.001750
  0.000033   0.000074  -0.000087
 -0.000337   0.000010   0.000028
  0.000065   0.000036   0.000000
 -0.000015   0.000034   0.000006
  0.000254   0.000106  -0.000044
  0.003720  -0.002237   0.007160
 -0.000004  -0.000014   0.000011
  0.000004   0.000028  -0.000009
  0.000019   0.000012   0.000027
  0.000168  -0.000153   0.000044
 -0.000024  -0.000020  -0.000032
  0.000246  -0.000254   0.000109
 -0.000020  -0.000048   0.000001
  0.000022  -0.000038  -0.000002
 -0.000062  -0.000041   0.000025
  0.000027  -0.000035  -0.000023
 -0.000162  -0.000145   0.000111
  0.000023  -0.000052  -0.000003
 -0.000208  -0.000198   0.000153
  0.000105  -0.000051   0.000000
 -0.000023  -0.000037  -0.000000
 -0.000138  -0.000037   0.000088
  0.000387   0.000193  -0.000234
 -0.000033  -0.000042   0.000024
 -0.000031   0.000270  -0.000234
  0.000394   0.000025  -0.000811
 -0.000060  -0.000105   0.000053
  0.000733  -0.003367   0.006872
 -0.000010  -0.000172  -0.000112
  0.000286  -0.012083   0.001522
  0.000021  -0.000240   0.000045
  0.000016   0.000136  -0.000080
  0.000037  -0.000042   0.000196
 -0.000088   0.000490  -0.001136
  0.000001   0.000225   0.000044
   13    1  0.0150  0.0000  0.0000
 -0.000005   0.000168  -0.000227
  0.000130  -0.000275  -0.000361
 -0.000058   0.000627   0.000068
  0.000041  -0.000029   0.000056
  0.121385  -0.013113  -0.020701
  0.000073   0.000096  -0.000083
  0.069764   0.026244  -0.007274
 -0.000016   0.000002   0.000015
  0.000129  -0.000227  -0.000896
 -0.000038   0.000078  -0.000039
 -0.000219  -0.000263   0.000018
 -0.000029   0.000039   0.000090
 -0.901633  -0.174636   0.175528
 -0.000005  -0.000025   0.000032
 -0.000534   0.000558   0.000879
  0.000178   0.000312  -0.000109
  0.300254   0.129933   0.003853
 -0.000007  -0.000015   0.000015
 -0.000420  -0.000341   0.000149
 -0.000014   0.000020  -0.000116
 -0.000087   0.000070   0.000082
  0.000245   0.000270   0.000124
  0.001401   0.001439   0.000419
 -0.000006  -0.000038  -0.000017
 -0.056393   0.038252   0.053854
  0.000006  -0.000001  -0.000002
 -0.006604  -0.075258  -0.060899
  0.000016  -0.000014  -0.000003
  0.400125   0.037466  -0.113918
  0.000019  -0.000013   0.000004
 -0.000488   0.000445  -0.000169
 -0.000033   0.000032  -0.000066
  0.000197   0.000150   0.000244
 -0.000003   0.000068   0.000141
 -0.000043  -0.000089  -0.000286
  0.000113   0.000069  -0.000028
  0.000006   0.000180  -0.000339
  0.000024  -0.000139   0.000024
  0.000070   0.000288   0.000280
 -0.000199  -0.000007  -0.000192
  0.000070   0.000147   0.000060
  0.000108  -0.000650   0.000358
  0.000142  -0.000143  -0.000125
 -0.000085  -0.000181   0.000111
  0.000138  -0.000093   0.000487
 -0.000002  -0.000025   0.000039
  0.000349  -0.000160  -0.000560
 -0.000055  -0.000042   0.000003
 -0.000392   0.000051  -0.000023
  0.000011  -0.000013  -0.000006
 -0.000491  -0.000125   0.000336
  0.000002  -0.000039   0.000002
  0.000328  -0.000203  -0.000378
 -0.000016  -0.000099  -0.000021
 -0.000006   0.000085   0.000036
 -0.000042   0.000161  -0.000166
 -0.000072   0.000020   0.000017
  0.000068  -0.000009  -0.000070
  0.021275   0.025584   0.008498
  0.000002   0.000011   0.000004
 -0.000015   0.000045   0.000020
 -0.000039  -0.000022  -0.000010
 -0.000009   0.000028  -0.000004
 -0.000509  -0.000286   0.001049
 -0.002312  -0.001081  -0.004742
  0.000008  -0.000005   0.000012
 -0.003505   0.001505  -0.002320
  0.000001   0.000007   0.000003
  0.022402  -0.000730  -0.012482
  0.000006  -0.000006  -0.000005
  0.000156   0.000460  -0.000143
  0.000005   0.000020   0.000008
 -0.000024   0.000039   0.000033
 -0.000327  -0.000184   0.000519
 -0.000015   0.000035  -0.000000
 -0.002593  -0.000218  -0.000895
 -0.000034   0.000050  -0.000034
  0.000015   0.000013   0.000005
  0.000069  -0.000024  -0.000015
 -0.000025   0.000051  -0.000056
 -0.000059  -0.000038  -0.000008
 -0.000006   0.000035   0.000015
 -0.000352   0.000328   0.000364
 -0.000012  -0.000159  -0.000144
 -0.000172   0.000076  -0.000077
 -0.000226  -0.000151  -0.000290
 -0.000311  -0.000039   0.000543
  0.000023  -0.000081   0.000174
  0.000486   0.000059   0.000415
  0.000323   0.000565   0.000290
  0.000191   0.000025   0.000215
  0.000214   0.000094  -0.000149
 -0.000026  -0.000153   0.000053
  0.000103   0.000025   0.000249
  0.033990  -0.038074  -0.050681
 -0.000070  -0.000088   0.000049
  0.000263   0.041830   0.032396
 -0.000022  -0.000092   0.000061
  0.000034  -0.000077   0.000007
  0.002095  -0.000192   0.000384
 -0.000009  -0.000105  -0.000053
 -0.000197   0.000223  -0.000044
 -0.000008  -0.000087  -0.000045
  0.000147   0.000473  -0.000380
  0.001795  -0.001025  -0.002582
  0.000280   0.000281   0.000243
 -0.000115   0.000096  -0.000032
 -0.000284  -0.000045  -0.000668
   13    2  0.0000  0.0150 -0.0000
  0.000134  -0.000171   0.000017
 -0.000310  -0.000076   0.000258
 -0.000376  -0.000000   0.000945
 -0.000002  -0.000036  -0.000119
 -0.014717   0.184184   0.067230
  0.000279  -0.000635   0.000368
  0.025293   0.012138  -0.011400
  0.000023  -0.000030   0.000006
 -0.001331   0.000072  -0.002344
  0.000290  -0.000424   0.000040
 -0.000088  -0.000099   0.000058
  0.000029  -0.000020  -0.000114
 -0.174743  -0.644376  -0.290767
  0.000016   0.000121  -0.000105
  0.001557  -0.000636  -0.000700
 -0.000351  -0.000308  -0.000007
  0.175793   0.268161   0.060998
  0.000075   0.000014  -0.000016
 -0.000287   0.000240  -0.000335
 -0.000009  -0.000074   0.000111
  0.000051  -0.000020  -0.000084
  0.000026   0.000161   0.000150
  0.001280   0.000496  -0.000934
 -0.000023   0.000010   0.000056
  0.000667   0.049540   0.048506
  0.000042  -0.000016  -0.000000
 -0.034083  -0.022395   0.008551
 -0.000041   0.000072  -0.000007
 -0.011180   0.134956   0.044299
 -0.000027  -0.000010   0.000050
 -0.000203   0.000376  -0.000288
  0.000032  -0.000028   0.000012
  0.000118   0.000555  -0.000145
  0.000002  -0.000093  -0.000131
 -0.000292   0.000087   0.000070
 -0.000050  -0.000027  -0.000093
  0.000108   0.000167   0.000066
 -0.000098  -0.000020   0.000055
  0.000180  -0.000196   0.000230
 -0.000209  -0.000173   0.000049
 -0.000075  -0.001350   0.000488
  0.000013   0.001207   0.000224
 -0.000477   0.000432   0.000427
  0.000085   0.000114  -0.000091
  0.000229   0.000327   0.001428
 -0.000029   0.000087  -0.000101
 -0.000390   0.000179  -0.000193
  0.000130   0.000068   0.000047
  0.000277   0.000215   0.000785
 -0.000176   0.000089  -0.000005
  0.000296   0.000521  -0.000038
 -0.000016   0.000229   0.000031
 -0.000272   0.000274   0.000536
  0.000049   0.000111   0.000025
  0.000027  -0.000086  -0.000011
 -0.000050  -0.000032   0.000112
 -0.000041  -0.000032  -0.000027
 -0.000050   0.000091   0.000069
 -0.001231  -0.006890   0.000086
  0.000011  -0.000064  -0.000006
 -0.000052  -0.000043  -0.000002
  0.000086  -0.000002   0.000009
  0.000006  -0.000058   0.000023
  0.000457   0.000084  -0.000296
 -0.000153  -0.000519   0.007726
  0.000025  -0.000011  -0.000016
  0.000968   0.000253   0.008423
 -0.000020  -0.000058  -0.000008
  0.027739  -0.005189  -0.013041
 -0.000026  -0.000059  -0.000020
  0.000242   0.000192   0.000247
 -0.000034  -0.000056  -0.000023
  0.000123  -0.000244  -0.000248
  0.000139   0.000294  -0.000462
  0.000127  -0.000120   0.000018
  0.001531   0.000341  -0.000102
 -0.000122   0.000189  -0.000088
 -0.000037  -0.000096   0.000026
  0.000089   0.000018  -0.000022
  0.000152   0.000129   0.000027
 -0.000057  -0.000166  -0.000030
 -0.000010  -0.000068   0.000005
 -0.000114   0.000256   0.000006
 -0.000083  -0.000138   0.000109
 -0.000206   0.000293  -0.000073
 -0.000041   0.000235   0.000240
 -0.000133   0.000375   0.000584
  0.000110   0.000150   0.000130
  0.000592   0.000178  -0.000028
  0.000180   0.000409  -0.000009
  0.000396   0.000288   0.000055
  0.000259   0.000310  -0.000126
 -0.000128   0.000148   0.000096
 -0.000308   0.000466   0.000094
 -0.018719  -0.005770   0.023885
 -0.000079   0.000287  -0.000091
  0.021884   0.035663   0.046115
 -0.000250   0.000629  -0.000247
 -0.000118   0.000337   0.000156
 -0.000832  -0.000271   0.000296
 -0.000009   0.000596  -0.000417
 -0.000463  -0.000616  -0.000324
  0.000055   0.000876   0.000116
 -0.000017  -0.000787   0.000210
  0.000526  -0.004727  -0.001616
  0.000100  -0.000822  -0.000029
 -0.000020  -0.000792   0.000058
  0.000357   0.000642   0.000347
   13    3  0.0000 -0.0000  0.0150
  0.000598  -0.000133  -0.000236
 -0.000147   0.000145   0.000496
 -0.000290  -0.000089   0.000296
 -0.000028   0.000008  -0.000106
 -0.018722   0.066288   0.179226
  0.000110  -0.000471   0.000271
 -0.005558  -0.010708   0.004453
  0.000029  -0.000042   0.000006
 -0.001632   0.000985  -0.001313
  0.000242  -0.000368   0.000064
 -0.000030  -0.000082   0.000128
  0.000014  -0.000028  -0.000111
  0.175319  -0.290660  -0.524202
  0.000021   0.000088  -0.000068
  0.000913  -0.000363  -0.001704
 -0.000270  -0.000379   0.000136
  0.044638   0.085447   0.136374
  0.000064   0.000001  -0.000010
 -0.000113   0.000081  -0.000305
  0.000008  -0.000026   0.000188
 -0.000121   0.000033  -0.000011
  0.000350   0.000072  -0.000271
  0.001002  -0.001353   0.000512
 -0.000023   0.000036   0.000047
  0.021052   0.030911   0.002269
  0.000038  -0.000020  -0.000001
 -0.032041   0.025556   0.023814
 -0.000042   0.000050  -0.000005
 -0.153199   0.022212   0.181108
 -0.000032  -0.000016   0.000046
 -0.000130   0.000376  -0.000214
  0.000030  -0.000011   0.000042
  0.000068   0.000438  -0.000143
 -0.000019  -0.000058  -0.000149
 -0.000094   0.000098  -0.000030
 -0.000011  -0.000026  -0.000004
  0.000046   0.000114   0.000079
 -0.000056   0.000095  -0.000013
  0.000098   0.000056  -0.000036
 -0.000227  -0.000074  -0.000099
 -0.000062  -0.001146   0.000450
 -0.000088   0.000925  -0.000343
 -0.000340   0.000358   0.000496
  0.000087   0.000210  -0.000170
  0.000294   0.000060   0.001089
 -0.000015   0.000076  -0.000099
 -0.000364   0.000701   0.000684
  0.000052   0.000051  -0.000016
  0.000429  -0.000205   0.000242
 -0.000126   0.000066  -0.000007
  0.000134  -0.001615   0.002955
 -0.000011   0.000182   0.000022
 -0.000254  -0.000168   0.000574
  0.000025   0.000118   0.000019
  0.000001  -0.000015  -0.000038
  0.000076  -0.000174   0.000157
 -0.000011  -0.000031  -0.000030
 -0.000043   0.000052   0.000056
 -0.013987  -0.014504  -0.008891
  0.000013  -0.000053  -0.000010
 -0.000023  -0.000026   0.000004
  0.000105   0.000001   0.000018
 -0.000016  -0.000056   0.000040
 -0.000016   0.000014  -0.000490
 -0.004351   0.007905  -0.002436
  0.000029  -0.000014  -0.000012
 -0.002783   0.008214  -0.002181
 -0.000019  -0.000049  -0.000003
  0.010154   0.000544  -0.010546
 -0.000018  -0.000045  -0.000020
  0.000195   0.000125   0.000345
 -0.000025  -0.000038  -0.000029
  0.000106  -0.000189  -0.000195
  0.000227   0.000186  -0.000521
  0.000082  -0.000095  -0.000001
  0.001221   0.000326   0.000773
 -0.000068   0.000085  -0.000098
 -0.000026  -0.000067   0.000022
  0.000037   0.000009  -0.000008
  0.000066   0.000073   0.000085
 -0.000051  -0.000103  -0.000022
  0.000000  -0.000029   0.000003
 -0.000494   0.001166   0.000524
  0.000124  -0.000329   0.000117
 -0.000412   0.000351  -0.000226
 -0.000037  -0.000379   0.000036
 -0.000152  -0.000118  -0.000420
  0.000099   0.000014   0.000197
  0.000141  -0.000005   0.000196
  0.000319   0.000465   0.000159
  0.000082   0.000140   0.000012
  0.000285   0.000284  -0.000120
 -0.000044  -0.000081   0.000329
  0.000107  -0.000157  -0.000218
 -0.034517   0.029503   0.009203
  0.000014   0.000199  -0.000070
  0.013478   0.040511   0.010540
 -0.000151   0.000383  -0.000180
 -0.000069   0.000242   0.000137
 -0.001013  -0.000006  -0.000288
 -0.000017   0.000486  -0.000351
 -0.000112  -0.000364   0.000051
  0.000038   0.000684   0.000069
  0.000071  -0.000620   0.000378
 -0.000377  -0.001432  -0.003561
  0.000063  -0.000392   0.000421
  0.000066  -0.000676  -0.000015
  0.000019   0.000291   0.000687
   15    1  0.0150  0.0000  0.0000
 -0.000004   0.000074  -0.000229
  0.000220   0.000254   0.000473
  0.006299   0.031344  -0.017219
  0.000296  -0.001415  -0.000819
  0.000605  -0.003213  -0.002616
 -0.000454  -0.001115   0.000896
  0.002682  -0.020673  -0.015917
 -0.000254  -0.000411   0.000412
  0.058517  -0.007492   0.018447
  0.001133  -0.006078   0.003887
  0.001865   0.000706   0.001238
 -0.000280  -0.000236  -0.000114
 -0.000536   0.001597   0.000989
  0.000181   0.000385  -0.000359
 -0.708738   0.001753   0.012651
  0.005092  -0.000444   0.000325
 -0.001437  -0.000662  -0.000483
 -0.000230  -0.000035   0.000353
 -0.000336  -0.004929   0.002447
 -0.000320   0.000739   0.002091
 -0.000226   0.000037   0.000079
  0.000477   0.000022  -0.000318
  0.174511  -0.005657  -0.029657
 -0.000081  -0.000468  -0.000090
  0.000492   0.006796   0.005577
  0.000195   0.000142  -0.000014
 -0.004594  -0.000077   0.003910
  0.000433   0.000156  -0.000432
  0.002640   0.001168   0.000127
 -0.000173  -0.000022   0.000017
 -0.000139  -0.005936   0.001542
 -0.000294  -0.000974  -0.000529
 -0.000319  -0.002800   0.001721
 -0.000326   0.000327  -0.000589
 -0.000597   0.000205  -0.000056
  0.000226   0.000062   0.000074
  0.000620  -0.000105  -0.001708
 -0.000372   0.000132  -0.001257
 -0.000245   0.000205   0.000384
  0.000075   0.000098  -0.000218
  0.000096   0.004318  -0.002232
  0.000268   0.005674  -0.002645
  0.121238  -0.056723  -0.046569
 -0.001167   0.000154   0.000069
 -0.001479  -0.001263  -0.005425
 -0.000514   0.002402  -0.002858
  0.237950  -0.008007   0.117767
 -0.002208  -0.000051  -0.000893
 -0.009766  -0.001126  -0.000942
 -0.000667   0.001548  -0.000957
 -0.003466   0.005778  -0.003760
  0.000132   0.002567   0.000124
  0.122747   0.060862  -0.046984
 -0.001422   0.000605   0.000512
 -0.000010   0.000009  -0.000001
  0.000076  -0.000020   0.000009
 -0.000415  -0.000597   0.000385
  0.001708   0.000184   0.000167
  0.000193   0.000589   0.000676
 -0.000197  -0.000101  -0.000068
 -0.000351   0.000869   0.000175
  0.002503  -0.000548   0.001353
 -0.000195   0.000007   0.000067
  0.000441  -0.000035  -0.000164
  0.000905  -0.000188  -0.000327
 -0.000346  -0.000310  -0.000165
 -0.000252   0.004045   0.000452
  0.000068   0.000061   0.000059
 -0.000168   0.000525   0.000491
  0.000042   0.000062  -0.000042
 -0.001781   0.000842   0.001057
  0.000328   0.000030  -0.000421
 -0.000363   0.000589   0.000787
  0.000796   0.000989  -0.001565
 -0.000962   0.000028  -0.000093
  0.002325   0.000026   0.000221
 -0.000328   0.000331   0.000012
  0.000216   0.000105  -0.000051
  0.000010  -0.000607   0.000193
  0.000228   0.000537   0.000458
 -0.000041   0.000030  -0.000032
  0.000026   0.000054   0.000017
  0.000152   0.000045   0.000077
 -0.000450  -0.000154  -0.000009
  0.000114  -0.000178  -0.000019
 -0.000458  -0.000430  -0.000072
  0.000328  -0.000064   0.000066
 -0.000128  -0.000093   0.000034
  0.000581  -0.000274  -0.000318
 -0.000167  -0.000070   0.000109
  0.000452  -0.000641  -0.000123
 -0.000138  -0.000211   0.000046
  0.000130  -0.000050   0.000067
 -0.000320  -0.000088  -0.000009
 -0.001745   0.001190   0.000765
  0.000784   0.000414  -0.000315
  0.000641   0.001737   0.001369
 -0.000024   0.000521  -0.000409
  0.000801  -0.000565  -0.000390
 -0.001960  -0.000966   0.000593
  0.000156  -0.001605   0.001998
 -0.002235  -0.003277   0.000649
 -0.000251  -0.002401  -0.000243
  0.000544  -0.003901   0.001870
 -0.000295  -0.000853  -0.000810
 -0.000149  -0.000357   0.000435
 -0.000105   0.001293  -0.000435
  0.000944   0.003280   0.001202
   15    2  0.0000  0.0150 -0.0000
 -0.000472   0.000478  -0.000177
  0.000405   0.000417   0.000134
  0.036302   0.007699  -0.015852
  0.000895   0.000393   0.000985
 -0.001100   0.001314   0.000542
 -0.000976   0.002664  -0.001718
 -0.032859  -0.001326   0.009893
 -0.000356  -0.000729   0.001038
 -0.007455  -0.019346   0.001119
 -0.004035   0.001918  -0.002182
 -0.001233  -0.000892   0.002286
  0.000128  -0.001384   0.000475
  0.000565  -0.000623  -0.000358
 -0.000332  -0.000325   0.000406
  0.001710  -0.645076  -0.004632
  0.000402  -0.001302   0.000528
 -0.001183  -0.001531  -0.000056
  0.000079  -0.000505   0.000085
 -0.001603   0.001770  -0.001741
 -0.000236   0.000246  -0.000034
 -0.000255   0.000164   0.000130
  0.000054   0.000064  -0.000158
  0.003322   0.087151   0.001074
 -0.000128  -0.000715  -0.000140
 -0.000054   0.006135   0.004747
 -0.001053   0.001252  -0.001259
 -0.005886  -0.001367   0.000118
  0.000733  -0.000334   0.000052
  0.002133   0.001691   0.000188
  0.000459  -0.000024  -0.000339
 -0.001204   0.002437  -0.002472
  0.000208   0.000642  -0.000674
  0.000644   0.000793   0.000134
  0.000149   0.001072   0.001425
 -0.000405   0.000443   0.000676
  0.000333   0.000195   0.000269
 -0.001870   0.002359  -0.000458
 -0.000838  -0.000920  -0.001489
 -0.000189   0.000233   0.000125
  0.000387   0.000473  -0.000445
  0.000737   0.002821   0.000178
  0.004247  -0.003374  -0.003386
 -0.046853   0.218392   0.101129
  0.000223   0.000872  -0.000400
 -0.003186   0.006856   0.004409
  0.000876  -0.000231   0.001193
 -0.005172   0.090913  -0.005756
 -0.000192   0.000231  -0.000221
  0.000744   0.001574  -0.000016
  0.002094  -0.000322   0.000457
  0.002730   0.010548  -0.003591
  0.000602  -0.000680   0.000276
  0.050740   0.222123  -0.096397
 -0.000324   0.000629   0.000377
 -0.000018   0.000326   0.000021
  0.000026   0.000311  -0.000013
  0.000844   0.001253   0.000159
 -0.000088  -0.000476  -0.000079
 -0.000052   0.000373   0.000252
  0.000157   0.000753  -0.000141
  0.002555   0.000123   0.000698
 -0.000225  -0.000235  -0.000021
  0.000050   0.000242  -0.000085
 -0.000085   0.000130   0.000096
  0.000765  -0.000176  -0.000348
 -0.000452   0.001135   0.001674
  0.003364   0.004290   0.005208
  0.000180   0.000010   0.000119
  0.000012   0.000498  -0.000215
  0.000139   0.000211   0.000001
  0.001078  -0.001383   0.000610
 -0.000433   0.000189   0.000036
 -0.000263   0.000725   0.000507
  0.000524   0.000144  -0.000730
 -0.000162   0.000551  -0.000092
 -0.000277   0.000098  -0.000068
  0.000475   0.001062  -0.000256
  0.000089   0.000333  -0.000062
  0.000049   0.000255  -0.000292
  0.000316   0.000334  -0.000551
  0.000077   0.000308  -0.000040
  0.000027   0.000342   0.000007
  0.000407  -0.000917   0.000148
 -0.000174  -0.000815   0.000000
  0.000591  -0.000974   0.000113
 -0.000433  -0.000577  -0.000199
 -0.000013  -0.000488   0.000472
 -0.000324  -0.000706  -0.000266
  0.000350  -0.001015  -0.000850
 -0.000327  -0.000963   0.000276
  0.000434  -0.000980  -0.000040
 -0.000598  -0.000956   0.000162
  0.000309  -0.000536  -0.000353
 -0.000114  -0.000557   0.000299
  0.001236  -0.000771  -0.000656
  0.000139  -0.001340   0.000504
  0.000756  -0.001811   0.000029
  0.001092  -0.002675   0.001293
  0.000146  -0.001319  -0.000440
 -0.000173  -0.000182   0.000374
 -0.000322  -0.001729   0.000287
 -0.002196   0.000690   0.002004
 -0.000207  -0.002254  -0.000586
 -0.002052   0.001890   0.000165
 -0.000602   0.003575  -0.000388
 -0.000454   0.003441   0.000259
  0.000214   0.002788   0.000003
  0.001194   0.001496   0.000498
   15    3  0.0000 -0.0000  0.0150
 -0.000027   0.000034   0.000015
  0.000015   0.000046   0.000021
 -0.017861  -0.016204   0.015407
  0.000008  -0.000669  -0.000366
  0.000848   0.001838   0.001813
  0.000164   0.000304  -0.000380
 -0.027349   0.004225   0.017260
 -0.000299  -0.000764   0.000541
  0.036882   0.003521  -0.042581
  0.002235  -0.004246   0.002610
  0.000948  -0.002907   0.001607
 -0.000849   0.000464  -0.002682
  0.000923  -0.000696  -0.001677
 -0.000147   0.000028   0.000119
  0.012585  -0.004685  -0.648894
  0.000302  -0.000541   0.000977
 -0.000471  -0.000605  -0.000610
  0.000269  -0.000217  -0.000017
 -0.000828   0.000487  -0.002350
 -0.000259   0.001190   0.002891
  0.000013   0.000001   0.000040
  0.000024   0.000030  -0.000074
 -0.030958   0.005800   0.105370
 -0.000121   0.000185   0.000249
  0.000218   0.002971   0.002326
 -0.000788   0.000890  -0.001052
 -0.001284  -0.003008   0.000986
  0.000398  -0.000036  -0.000064
  0.000057   0.000391   0.000766
  0.000233  -0.000015  -0.000062
  0.000422   0.000998  -0.001451
 -0.000184   0.000408  -0.000486
  0.000300   0.001722   0.000217
 -0.000053  -0.000206  -0.000198
  0.000020  -0.000129  -0.000789
 -0.000025   0.000001   0.000007
 -0.000140   0.001575  -0.000007
  0.000406  -0.000384   0.000234
 -0.000123   0.000213   0.000294
 -0.000026  -0.000008   0.000031
  0.000043  -0.000904   0.001345
 -0.002858   0.000381  -0.004512
 -0.043323   0.103659   0.173782
  0.000113   0.000367  -0.000486
 -0.006053   0.003622   0.009594
 -0.000773   0.001862  -0.001625
  0.105823  -0.005914   0.185311
 -0.000363   0.000021  -0.000433
  0.011575  -0.000182   0.009695
 -0.001369   0.001338  -0.000893
 -0.002929  -0.004132   0.005819
 -0.000199   0.001542  -0.000076
 -0.040773  -0.097967   0.163984
  0.000078   0.000021  -0.000219
 -0.000005   0.000019   0.000001
 -0.000009   0.000029   0.000006
  0.000396   0.001227   0.000081
  0.001070   0.000049   0.000432
  0.000055   0.000164   0.000111
  0.000011   0.000279  -0.000158
  0.001283   0.000561   0.000373
  0.003273  -0.000879   0.001843
  0.000029  -0.000013  -0.000015
 -0.000051  -0.000006   0.000037
  0.000303  -0.000168   0.000046
 -0.000323   0.000933   0.001362
  0.000293   0.005538  -0.001696
  0.000077  -0.000096   0.000055
  0.000017  -0.000402   0.000107
  0.000019  -0.000001  -0.000032
 -0.000738   0.000026   0.003282
 -0.000145  -0.000185  -0.000335
  0.000087  -0.000140  -0.000210
 -0.000226  -0.000124   0.000515
  0.000182   0.000046  -0.000015
 -0.000252   0.000027   0.000022
 -0.000225  -0.000582   0.000111
 -0.000038  -0.000030   0.000014
  0.000000   0.000278  -0.000220
 -0.000033   0.000348   0.000746
 -0.000015   0.000011   0.000039
 -0.000010  -0.000007  -0.000006
 -0.000026  -0.000032  -0.000012
 -0.000016  -0.000027   0.000004
 -0.000027   0.000013   0.000008
 -0.000013  -0.000116   0.000014
  0.000163  -0.000071  -0.000073
  0.000021   0.000021   0.000011
 -0.000027   0.000043   0.000382
  0.000028   0.000028  -0.000028
 -0.000049  -0.000113   0.000059
  0.000039   0.000029  -0.000008
 -0.000019  -0.000016  -0.000017
 -0.000028  -0.000015   0.000027
  0.000368  -0.000643  -0.000622
 -0.000220  -0.000129   0.000177
 -0.000918  -0.000772  -0.001165
  0.000027  -0.000214   0.000190
 -0.000211   0.000084   0.000163
  0.000246  -0.000064  -0.000299
 -0.000182   0.000204  -0.000834
 -0.000644  -0.001021   0.002869
  0.000071   0.000565  -0.000181
  0.001621  -0.001202   0.001519
  0.000264   0.000088   0.000173
  0.000127   0.000175  -0.000073
  0.000033  -0.000080   0.000102
 -0.000119   0.000642  -0.000208
   17    1  0.0150  0.0000  0.0000
 -0.000189   0.000080   0.000052
 -0.000315  -0.000241  -0.000242
  0.000082   0.001066   0.000156
 -0.000112   0.000225  -0.000039
 -0.018680   0.005383   0.012632
  0.000020   0.000277  -0.000177
 -0.005986  -0.036062  -0.029906
  0.000034   0.000022  -0.000051
  0.002173   0.000013   0.000556
 -0.000031   0.000334   0.000006
  0.000161   0.000038   0.000105
  0.000059  -0.000073  -0.000121
  0.300205   0.175665   0.044659
 -0.000010  -0.000056   0.000053
 -0.001524  -0.001187  -0.000576
 -0.000186  -0.000122   0.000288
 -0.910942  -0.141408   0.233752
 -0.000012   0.000013  -0.000021
  0.000004  -0.000119  -0.000090
 -0.000040  -0.000082   0.000132
  0.000018  -0.000010   0.000043
 -0.000454  -0.000088   0.000220
  0.006216   0.001633  -0.005954
  0.000025   0.000136  -0.000004
  0.172384  -0.063726  -0.092590
 -0.000047   0.000019   0.000001
  0.006285   0.015722   0.014135
 -0.000022  -0.000032   0.000029
  0.063902   0.024601  -0.015079
  0.000027  -0.000000  -0.000010
  0.000057  -0.000174   0.000175
  0.000024   0.000015   0.000071
 -0.000043  -0.000054  -0.000028
 -0.000100  -0.000054  -0.000248
  0.000264  -0.000071   0.000372
 -0.000030  -0.000015  -0.000023
  0.000001  -0.000058   0.000032
 -0.000066   0.000093   0.000100
  0.000139  -0.000276  -0.000416
  0.000109   0.000005   0.000105
 -0.000009   0.000231  -0.000050
 -0.000029  -0.000186   0.000200
  0.001189  -0.000987  -0.000989
  0.000082   0.000168  -0.000167
 -0.000391   0.000088  -0.000316
  0.000008  -0.000087   0.000071
 -0.000050  -0.000083  -0.000096
  0.000003   0.000002  -0.000076
 -0.000812   0.000052   0.001399
  0.000051  -0.000070   0.000001
  0.000098   0.000194   0.000163
 -0.000020  -0.000174  -0.000044
  0.000102   0.000324  -0.000147
  0.000079  -0.000031  -0.000062
 -0.000020   0.000031   0.000003
 -0.000087   0.000050  -0.000029
  0.000046   0.000006   0.000013
 -0.000170   0.000068   0.000153
  0.389221   0.005547  -0.165123
  0.000004   0.000028   0.000003
  0.000036   0.000005  -0.000013
  0.000025   0.000081   0.000044
  0.000017   0.000024  -0.000018
 -0.000278  -0.000098   0.000012
 -0.011784   0.022962   0.019909
  0.000018   0.000037   0.000022
 -0.000409  -0.000097   0.001230
  0.000002   0.000012   0.000004
  0.004676   0.000508  -0.006106
  0.000008   0.000014   0.000010
  0.000045  -0.000150   0.000010
 -0.000018  -0.000018   0.000012
 -0.000034   0.000046   0.000051
  0.000154  -0.000177  -0.000380
 -0.000021   0.000049  -0.000001
 -0.001072  -0.002713  -0.001296
  0.000124  -0.000080   0.000017
  0.000001   0.000006  -0.000004
 -0.000024   0.000009   0.000001
  0.000093  -0.000106   0.000006
 -0.000011  -0.000070  -0.000035
 -0.000006  -0.000024   0.000006
  0.000150  -0.000395  -0.000124
  0.000323   0.000201  -0.000142
  0.000206  -0.000148   0.000091
  0.000361  -0.000088  -0.000146
 -0.000200  -0.000185  -0.000448
 -0.000034   0.000040  -0.000071
 -0.000263   0.000216   0.000154
 -0.000135  -0.000212  -0.000085
 -0.000169   0.000565  -0.000242
 -0.000157  -0.000123   0.000058
  0.000054  -0.000043  -0.000147
  0.000495   0.000017   0.000019
  0.007477  -0.001226  -0.003719
 -0.000041  -0.000130   0.000054
 -0.002971  -0.007782  -0.008009
  0.000020  -0.000200   0.000101
  0.000042  -0.000084  -0.000055
 -0.000120   0.001678   0.000449
  0.000016  -0.000122   0.000068
  0.000133   0.000160  -0.000370
  0.000015  -0.000155  -0.000024
 -0.000113   0.000264   0.000030
  0.000314   0.001607   0.001360
  0.000380   0.000386  -0.000247
 -0.000069   0.000220   0.000029
  0.000051  -0.001283   0.000931
   17    2  0.0000  0.0150 -0.0000
  0.000007  -0.000007  -0.000007
 -0.000411  -0.000169   0.000090
  0.000036  -0.000197  -0.000534
  0.000020  -0.000094   0.000009
  0.010844   0.031018   0.019585
 -0.000016  -0.000057   0.000047
 -0.079971  -0.024768   0.025168
  0.000016  -0.000030   0.000027
  0.000965   0.001011   0.001473
 -0.000156  -0.000121   0.000056
  0.000113  -0.000048  -0.000168
 -0.000025   0.000024  -0.000119
  0.129975   0.268128   0.085468
  0.000011   0.000035  -0.000027
 -0.000683  -0.001498  -0.000596
  0.000032  -0.000513   0.000240
 -0.141423  -0.692287  -0.329004
  0.000004   0.000000   0.000010
  0.000405   0.000011  -0.000013
  0.000096  -0.000040  -0.000000
 -0.000020   0.000014  -0.000003
 -0.000207   0.000038  -0.000146
  0.002407  -0.005349   0.000854
 -0.000005   0.000012  -0.000014
 -0.002611   0.314174   0.174675
 -0.000009   0.000040  -0.000015
  0.016325   0.056793   0.031035
  0.000021   0.000013  -0.000014
  0.060947  -0.030751  -0.044664
  0.000002   0.000001   0.000003
  0.000568  -0.000283   0.000569
 -0.000013  -0.000018   0.000001
 -0.000142  -0.000168  -0.000050
  0.000066  -0.000052   0.000067
 -0.000073   0.000081   0.000171
  0.000020   0.000009  -0.000020
 -0.000078  -0.000230   0.000105
  0.000075   0.000238  -0.000083
  0.000173  -0.000243  -0.000017
  0.000003  -0.000007   0.000007
 -0.000034   0.000109  -0.000113
 -0.000010   0.000433   0.000047
  0.000607  -0.000251  -0.000434
  0.000062   0.000270  -0.000157
 -0.000194   0.000245  -0.000062
  0.000036   0.000059  -0.000066
 -0.000074   0.000339   0.000552
 -0.000069   0.000059  -0.000091
 -0.000040  -0.000175   0.000098
  0.000078   0.000015  -0.000009
  0.000204   0.000246  -0.001595
  0.000028   0.000071   0.000011
  0.000029   0.000406   0.000025
 -0.000039   0.000163   0.000038
 -0.000005  -0.000001  -0.000007
 -0.000013  -0.000013  -0.000001
  0.000070  -0.000008   0.000000
 -0.000103   0.000018  -0.000015
  0.003948   0.068966   0.010172
 -0.000004   0.000005  -0.000005
  0.000043  -0.000024  -0.000014
 -0.000067  -0.000012  -0.000013
 -0.000008   0.000001   0.000000
  0.000035  -0.000022   0.000041
 -0.009008   0.016574   0.021809
 -0.000020   0.000002   0.000002
 -0.000021   0.001603   0.000220
  0.000008  -0.000010   0.000005
 -0.000457  -0.003979   0.003480
  0.000002   0.000003  -0.000005
 -0.000376  -0.000610  -0.000038
 -0.000013  -0.000021  -0.000027
 -0.000006   0.000012   0.000020
  0.000085   0.000341  -0.000383
 -0.000035   0.000000  -0.000004
  0.000005  -0.000610  -0.000386
  0.000010   0.000014   0.000026
  0.000012  -0.000003  -0.000004
 -0.000078   0.000000   0.000027
 -0.000137   0.000005   0.000042
  0.000027  -0.000013   0.000006
 -0.000001  -0.000012  -0.000004
  0.000049  -0.000048   0.000008
  0.000253  -0.000076   0.000199
  0.000020   0.000015  -0.000004
 -0.000128   0.000519  -0.000158
  0.000133   0.000211  -0.000085
  0.000002   0.000007  -0.000003
 -0.000193  -0.000205  -0.000040
 -0.000001   0.000015  -0.000004
 -0.000018   0.000116  -0.000056
 -0.000021   0.000008  -0.000007
  0.000018  -0.000009  -0.000012
  0.000102  -0.000170  -0.000152
  0.008225   0.001637  -0.000976
  0.000040   0.000033  -0.000027
 -0.000100  -0.000708   0.002520
 -0.000010   0.000045  -0.000019
  0.000020   0.000009  -0.000004
 -0.000629   0.000264   0.000545
 -0.000001  -0.000024   0.000074
  0.000062  -0.000217  -0.000027
  0.000010  -0.000074   0.000004
  0.000007  -0.000351   0.000224
  0.000161  -0.000037   0.000267
  0.000053   0.000108  -0.000054
  0.000002   0.000004  -0.000014
  0.000171   0.000018   0.000447
   17    3  0.0000 -0.0000  0.0150
  0.000053   0.000021  -0.000088
  0.000172   0.000296   0.000343
  0.000425  -0.000140   0.000153
  0.000060  -0.000142   0.000042
  0.018133   0.024877   0.008681
 -0.000042   0.000020  -0.000003
 -0.066181   0.006101   0.025767
 -0.000023  -0.000023   0.000046
  0.000919  -0.000231   0.000156
 -0.000130  -0.000147   0.000039
  0.000260   0.000278  -0.000251
 -0.000059   0.000047  -0.000008
  0.003818   0.060912   0.136374
 -0.000000   0.000010  -0.000005
 -0.000423  -0.000035  -0.000593
  0.000282  -0.000052  -0.000033
  0.233654  -0.329007  -0.564696
 -0.000026  -0.000007   0.000024
  0.000520   0.000444  -0.000202
  0.000022   0.000096  -0.000003
 -0.000064   0.000035   0.000013
  0.000230  -0.000120  -0.000244
 -0.005436   0.000060  -0.005372
 -0.000011  -0.000073  -0.000015
 -0.043234   0.206899   0.264335
 -0.000000   0.000015   0.000003
  0.013869   0.030942   0.025961
  0.000030  -0.000001  -0.000015
  0.012980  -0.027429  -0.040227
 -0.000003  -0.000003  -0.000002
  0.000749  -0.000313   0.000578
 -0.000016  -0.000020  -0.000036
 -0.000255  -0.000326  -0.000119
  0.000010   0.000074   0.000187
 -0.000284   0.000038  -0.000016
  0.000044   0.000032  -0.000001
 -0.000047  -0.000242   0.000291
  0.000054  -0.000010  -0.000047
 -0.000057   0.000053   0.000080
 -0.000044   0.000013  -0.000067
 -0.000047   0.000412  -0.000226
  0.000060  -0.000144  -0.000994
 -0.000226   0.000313   0.000414
 -0.000059  -0.000027   0.000037
  0.000023  -0.000439   0.000088
  0.000013   0.000053  -0.000055
  0.000064   0.000186   0.000472
 -0.000090   0.000001  -0.000025
  0.000009  -0.000121  -0.000007
  0.000045   0.000024  -0.000003
  0.000640  -0.000610   0.001780
  0.000025   0.000070   0.000024
  0.000021   0.000285   0.000130
 -0.000084   0.000055   0.000053
 -0.000004   0.000033  -0.000005
  0.000033   0.000027   0.000005
  0.000066   0.000008  -0.000022
  0.000014  -0.000092  -0.000088
 -0.163961   0.010292   0.142505
 -0.000015   0.000011   0.000002
  0.000033  -0.000001  -0.000011
 -0.000061  -0.000066  -0.000018
 -0.000019   0.000014   0.000006
  0.000127  -0.000000  -0.000069
 -0.003668   0.005787   0.001212
 -0.000038  -0.000016  -0.000007
  0.000908   0.000091   0.001178
  0.000005   0.000007   0.000005
 -0.006601   0.003759  -0.002951
  0.000003   0.000006  -0.000000
 -0.000563  -0.000626  -0.000045
  0.000005   0.000000  -0.000009
 -0.000037   0.000063   0.000077
 -0.000169  -0.000160   0.000345
 -0.000053   0.000023  -0.000005
  0.000862   0.001207   0.000960
 -0.000071   0.000050   0.000047
  0.000015   0.000019  -0.000002
 -0.000080   0.000036   0.000014
 -0.000188   0.000009   0.000017
 -0.000009   0.000043   0.000027
 -0.000010   0.000018   0.000002
 -0.000049   0.000097   0.000115
 -0.000263  -0.000028   0.000123
 -0.000049   0.000005  -0.000030
 -0.000036  -0.000461   0.000203
  0.000193   0.000172   0.000235
  0.000001  -0.000040   0.000049
  0.000130  -0.000150  -0.000152
  0.000070   0.000115   0.000070
  0.000142  -0.000089   0.000092
  0.000031  -0.000001  -0.000033
  0.000005  -0.000063   0.000040
 -0.000107  -0.000145   0.000081
  0.002802   0.001469   0.000364
  0.000022  -0.000027  -0.000000
 -0.000119   0.006244   0.003613
  0.000012  -0.000055   0.000023
  0.000039  -0.000070  -0.000029
  0.000459  -0.001009  -0.000729
  0.000007  -0.000138   0.000160
  0.000513   0.000094   0.000943
  0.000002  -0.000256  -0.000027
  0.000095  -0.000144   0.000195
  0.000163  -0.000516  -0.000632
  0.000055   0.000183   0.000109
 -0.000015   0.000146  -0.000045
 -0.000963   0.001126  -0.000626
   19    1  0.0150  0.0000  0.0000
  0.000000  -0.000000  -0.000019
 -0.000004  -0.000006  -0.000004
  0.119351   0.092018   0.054712
  0.000002   0.000002  -0.000009
 -0.000106   0.000052   0.000060
 -0.000062   0.000046  -0.000033
 -0.000392  -0.001834  -0.000831
 -0.000067  -0.000020   0.000034
  0.001527  -0.001374  -0.001639
 -0.000286   0.000014  -0.000069
  0.010801   0.014989  -0.000971
 -0.000001  -0.000003   0.000005
 -0.000367  -0.000295  -0.000133
 -0.000022   0.000017  -0.000012
 -0.000278  -0.001598  -0.000845
 -0.000386   0.000228  -0.000254
  0.000034   0.000328   0.000381
 -0.000052  -0.000097   0.000045
 -0.263754  -0.142390  -0.185256
 -0.000007  -0.000031   0.000023
 -0.000015  -0.000001   0.000020
 -0.000001  -0.000008   0.000003
 -0.000451   0.006090   0.000619
 -0.000007  -0.000013   0.000020
  0.000481  -0.000627  -0.000036
 -0.000030   0.000120  -0.000072
  0.000008   0.000116   0.000247
  0.000050  -0.000013   0.000029
  0.000249  -0.000193  -0.000345
  0.000040  -0.000007   0.000024
 -0.004440   0.001742   0.032379
  0.000012   0.000120  -0.000059
 -0.015959  -0.012555  -0.009327
 -0.000018  -0.000015  -0.000017
  0.000006  -0.000008   0.000007
 -0.000021  -0.000010  -0.000000
  0.096590   0.028193   0.014266
 -0.000005  -0.000023   0.000041
  0.000005  -0.000012  -0.000010
 -0.000026  -0.000018   0.000003
 -0.009541   0.001501   0.004966
 -0.000013   0.000001   0.000021
  0.002050   0.002789  -0.000601
 -0.000018  -0.000110   0.000032
 -0.000662   0.001576   0.000508
  0.000061   0.000005  -0.000041
  0.000316   0.000182   0.000373
  0.001011   0.000034   0.001230
 -0.000175  -0.002417   0.001381
  0.000038  -0.000026   0.000016
 -0.000305   0.000528   0.000008
  0.000043  -0.000041   0.000002
 -0.000181   0.000377  -0.000059
  0.000097   0.000024   0.000026
  0.000004  -0.000007   0.000001
  0.000001  -0.000003   0.000003
  0.001411   0.000125  -0.000381
 -0.000034   0.000023   0.000014
  0.000041  -0.000024   0.000048
 -0.000028   0.000136  -0.000007
  0.073797   0.000385   0.093232
 -0.000021  -0.000005  -0.000001
  0.000011   0.000003  -0.000005
  0.000001  -0.000005   0.000003
 -0.000226   0.000148  -0.000097
 -0.000108  -0.000015   0.000044
  0.000003  -0.000039   0.000022
  0.000022  -0.000038  -0.000048
 -0.000027   0.000025  -0.000054
 -0.000006  -0.000056  -0.000012
 -0.007542   0.000858   0.003134
 -0.000144  -0.000045   0.000011
  0.000318  -0.000139   0.000232
 -0.000007  -0.000013   0.000016
  0.000116   0.000144   0.000050
 -0.000044  -0.000007  -0.000002
  0.000001  -0.000010   0.000001
 -0.000021  -0.000033   0.000034
 -0.004873   0.012216  -0.006330
 -0.000002  -0.000006   0.000005
 -0.000000  -0.000006   0.000003
  0.000001  -0.000016  -0.000001
  0.000018   0.000001  -0.000000
  0.000017   0.000011   0.000006
  0.000020  -0.000080   0.000031
  0.000026   0.000024  -0.000004
 -0.000019   0.000015  -0.000008
  0.000026   0.000008   0.000013
 -0.000017   0.000021   0.000013
  0.000021   0.000023  -0.000019
 -0.000028   0.000027   0.000000
  0.000037   0.000038   0.000034
  0.000005  -0.000000   0.000006
  0.000018   0.000007  -0.000006
  0.000106   0.000022  -0.000011
 -0.000031  -0.000046  -0.000009
  0.000032  -0.000020  -0.000021
  0.000045  -0.000025   0.000037
 -0.000378   0.000011  -0.000014
  0.000036   0.000044  -0.000015
  0.001245  -0.001288   0.000134
  0.000011   0.000017  -0.000010
  0.000846   0.000266  -0.000746
 -0.000002   0.000022  -0.000005
 -0.000023  -0.000037   0.000030
 -0.000029  -0.000025  -0.000027
  0.000258   0.000086  -0.000167
 -0.000002  -0.000065   0.000005
   19    2  0.0000  0.0150 -0.0000
  0.000145  -0.000151   0.000161
 -0.000037  -0.000068  -0.000017
  0.074038   0.333152   0.076660
 -0.000046   0.000097   0.000081
 -0.000087  -0.000619  -0.000515
  0.000194   0.000007  -0.000064
  0.001839   0.002716  -0.003902
  0.000033   0.000111  -0.000118
  0.001506  -0.002943   0.001175
 -0.000282   0.000369   0.000050
  0.014606   0.079615   0.002254
  0.000008   0.000008   0.000002
 -0.000341   0.000222   0.000086
 -0.000029  -0.000069   0.000042
 -0.004898   0.001775   0.000503
 -0.000723   0.000260  -0.001199
 -0.000118   0.000020   0.000461
  0.000098  -0.000048  -0.000105
 -0.142585  -0.892382   0.056234
  0.000020  -0.000023  -0.000025
  0.000170  -0.000029  -0.000139
 -0.000014  -0.000035   0.000008
  0.012222   0.036666   0.010294
  0.000153   0.000111   0.000076
  0.000995  -0.000679   0.000165
 -0.000013  -0.000019   0.000007
 -0.000823   0.000913   0.001140
 -0.000161  -0.000024   0.000142
  0.000525  -0.000174   0.000072
  0.000006   0.000035  -0.000002
  0.013083  -0.049041   0.087286
 -0.000024   0.000017  -0.000053
 -0.023676  -0.020035  -0.094558
  0.000009  -0.000070  -0.000012
  0.000023  -0.000040   0.000023
 -0.000193  -0.000046  -0.000135
  0.047827   0.408470  -0.093866
  0.000034  -0.000038   0.000019
  0.000028  -0.000065  -0.000049
 -0.000146  -0.000140   0.000157
  0.000794  -0.009866  -0.000110
 -0.000006  -0.000101   0.000060
  0.001658   0.000561  -0.000354
 -0.000137  -0.000348   0.000432
 -0.000184   0.003613  -0.001050
  0.000106  -0.000052  -0.000041
  0.001047  -0.001031   0.001409
  0.000971  -0.000098   0.000858
 -0.002136   0.002906  -0.001169
  0.000671  -0.000270  -0.000137
  0.000143   0.000419   0.000400
  0.000092  -0.000408  -0.000092
  0.000500  -0.000034  -0.000258
 -0.000048   0.000137   0.000652
  0.000023  -0.000054   0.000004
  0.000002  -0.000061   0.000002
  0.000178   0.001747  -0.000048
  0.000003   0.000005  -0.000013
  0.000037  -0.000031   0.000097
 -0.000024   0.000036   0.000176
  0.001692   0.077937  -0.021617
 -0.000016   0.000012   0.000023
  0.000050  -0.000016  -0.000033
  0.000030  -0.000038  -0.000025
 -0.000526  -0.000039  -0.000120
  0.000034   0.000109  -0.000071
 -0.000089  -0.000001  -0.000124
 -0.000121  -0.000042  -0.000079
 -0.000037   0.000068   0.000086
 -0.000051  -0.000067   0.000018
  0.001114  -0.001772  -0.003079
  0.000017   0.000017   0.000058
  0.000516  -0.000396   0.000201
 -0.000022  -0.000052   0.000028
  0.000524   0.000157   0.000136
  0.000103  -0.000053   0.000011
 -0.000016  -0.000049  -0.000001
 -0.000062  -0.000054   0.000028
  0.001504   0.025271  -0.018845
 -0.000017  -0.000029  -0.000000
 -0.000008  -0.000053  -0.000000
 -0.000015  -0.000059   0.000001
 -0.000188   0.000196  -0.000013
  0.000024   0.000110   0.000036
 -0.000219   0.000353  -0.000041
  0.000060   0.000109   0.000013
 -0.000032   0.000090  -0.000030
  0.000136   0.000112   0.000061
 -0.000027   0.000115   0.000047
  0.000153   0.000173  -0.000034
 -0.000059   0.000119   0.000007
  0.000169   0.000271  -0.000044
 -0.000133   0.000111   0.000077
  0.000030   0.000087  -0.000041
 -0.000147   0.000252   0.000167
 -0.000275  -0.000026  -0.000012
  0.000148   0.000458   0.000250
 -0.000087   0.000145  -0.000009
 -0.000773   0.000397  -0.000118
 -0.000039   0.000109  -0.000045
 -0.000528   0.002295  -0.002416
  0.000016   0.000074  -0.000024
  0.000081   0.001506   0.002216
  0.000011   0.000095  -0.000028
 -0.000005  -0.000569   0.000029
 -0.000007  -0.000382  -0.000148
  0.000040  -0.001686   0.000317
 -0.000005  -0.000255   0.000025
   19    3  0.0000 -0.0000  0.0150
 -0.000038   0.000055  -0.000092
  0.000006   0.000016  -0.000007
  0.070667   0.152200   0.241531
  0.000016  -0.000099  -0.000045
 -0.000119   0.000481   0.000552
  0.000109   0.000247  -0.000223
 -0.001887  -0.003016   0.003890
 -0.000020   0.000029   0.000008
 -0.001390  -0.005532  -0.005343
 -0.000182   0.000215   0.000639
 -0.001244   0.002463  -0.000153
  0.000001  -0.000076  -0.000035
  0.000187  -0.000355  -0.000319
 -0.000116  -0.000103   0.000177
  0.002513  -0.001724  -0.002324
  0.001999   0.000019   0.002826
 -0.000071  -0.000009  -0.000198
  0.000119   0.000001  -0.000018
 -0.185496   0.056122  -0.993700
  0.000015   0.000020   0.000086
 -0.000061   0.000022   0.000046
 -0.000019   0.000004  -0.000008
 -0.006747  -0.016924  -0.015384
 -0.000113  -0.000036  -0.000373
  0.000215  -0.000100  -0.000198
 -0.000036   0.000155  -0.000033
  0.000507  -0.000761  -0.001177
  0.000146  -0.000082  -0.000047
 -0.000493   0.000144  -0.000282
 -0.000040   0.000110  -0.000050
  0.021465   0.035883   0.044116
 -0.000007   0.000010   0.000023
  0.001492  -0.043406   0.031889
  0.000000   0.000150   0.000050
  0.000011   0.000013  -0.000004
  0.000067   0.000038   0.000057
 -0.001958  -0.174385   0.232188
  0.000014  -0.000040  -0.000045
  0.000001   0.000018   0.000011
 -0.000010   0.000023  -0.000122
  0.005464   0.005131   0.006996
  0.000065  -0.000369  -0.000281
 -0.001934  -0.000552   0.002001
 -0.000111   0.000573  -0.000887
  0.000186   0.001938   0.002059
  0.000083   0.000073  -0.000250
 -0.000504  -0.000051   0.000203
 -0.001784  -0.000171  -0.001138
  0.001245   0.000461   0.001466
  0.000248  -0.000064  -0.000229
  0.000158   0.001102   0.000461
  0.000021  -0.000175  -0.000105
 -0.001259  -0.000656   0.001424
 -0.000081  -0.000545  -0.000827
  0.000008  -0.000002   0.000000
 -0.000005   0.000027   0.000003
 -0.000985   0.000329  -0.000154
 -0.000007  -0.000019   0.000023
  0.000035  -0.000058  -0.000025
  0.000054  -0.000092  -0.000087
  0.095103  -0.022366   0.458536
  0.000023  -0.000031   0.000045
  0.000004   0.000022   0.000042
 -0.000033   0.000001   0.000023
 -0.000000  -0.000096   0.000186
 -0.000114  -0.000048  -0.000098
  0.000078  -0.000054   0.000158
  0.000062   0.000183  -0.000038
  0.000038  -0.000106  -0.000069
 -0.000036  -0.000077  -0.000013
  0.003565  -0.002047   0.006981
  0.000028   0.000042  -0.000097
  0.000278  -0.000871   0.000748
 -0.000025  -0.000055   0.000076
  0.000387   0.000020   0.000103
 -0.000196  -0.000002  -0.000011
  0.000033   0.000010  -0.000007
  0.000015   0.000026   0.000030
  0.002690   0.020785  -0.014320
 -0.000002   0.000005   0.000004
  0.000007   0.000022   0.000005
 -0.000007  -0.000011   0.000008
  0.000086  -0.000105   0.000017
  0.000021  -0.000037  -0.000001
  0.000087  -0.000199   0.000114
  0.000002  -0.000016  -0.000007
 -0.000011  -0.000036   0.000014
 -0.000014  -0.000066   0.000008
 -0.000024  -0.000041  -0.000007
 -0.000100  -0.000098   0.000035
 -0.000009  -0.000026   0.000009
 -0.000104  -0.000253   0.000170
  0.000023  -0.000059  -0.000019
  0.000007  -0.000035   0.000017
  0.000296  -0.000176  -0.000220
 -0.000272  -0.000100   0.000054
 -0.000078  -0.000342  -0.000228
 -0.000016  -0.000144   0.000084
 -0.000524   0.000765   0.000156
  0.000138   0.000044  -0.000031
 -0.000619  -0.003912   0.002201
 -0.000027   0.000132   0.000210
 -0.000950  -0.000844  -0.002461
 -0.000037   0.000205  -0.000003
  0.000000   0.000311   0.000038
 -0.000001   0.000221   0.000040
 -0.000174   0.000847  -0.001003
 -0.000001  -0.000060  -0.000045
   21    1  0.0150  0.0000  0.0000
 -0.034760   0.034391  -0.039773
 -0.000327   0.000167  -0.000775
 -0.000044  -0.000045   0.000014
 -0.000010   0.000001   0.000030
  0.000526   0.000085   0.000160
 -0.002827   0.001741  -0.001784
  0.000017  -0.000050  -0.000056
 -0.000111   0.000102   0.000014
  0.000073  -0.000266   0.000037
 -0.000245   0.000373   0.000043
 -0.000044   0.000013  -0.000196
  0.000007   0.000008   0.000032
 -0.000064   0.000021  -0.000125
  0.000226  -0.000007   0.000363
 -0.000108  -0.000226   0.000030
  0.000311  -0.000056  -0.000018
  0.000031  -0.000036  -0.000046
 -0.000464   0.000216   0.000215
 -0.000026   0.000125  -0.000183
 -0.000010   0.000024  -0.000016
 -0.725068   0.320071   0.037506
  0.000888   0.000718   0.000935
  0.000013  -0.000120   0.000013
  0.000063   0.000019  -0.000055
 -0.000013  -0.000015   0.000002
  0.000112   0.000067   0.000153
 -0.000018   0.000016   0.000023
  0.000255   0.000011  -0.000326
  0.000012  -0.000043  -0.000039
  0.000227  -0.000245  -0.000039
 -0.000051  -0.000067  -0.000066
  0.000008   0.000001  -0.000010
  0.000205   0.000306  -0.000396
 -0.000019   0.000051   0.000042
 -0.000246   0.000162   0.000036
  0.001839   0.000900   0.000276
  0.000009   0.000062   0.000157
  0.000006  -0.000001  -0.000017
  0.000264  -0.000028   0.000343
 -0.000155   0.000373  -0.000991
  0.000750  -0.000681   0.003152
 -0.000011  -0.000331  -0.000153
 -0.000049   0.000083   0.000012
 -0.000010   0.000006   0.000042
 -0.000022   0.000020   0.000043
  0.000026  -0.000059   0.000080
  0.000009   0.000039   0.000003
 -0.000028   0.000012   0.000007
  0.000016   0.000030  -0.000041
  0.000125  -0.000049   0.000002
 -0.000038   0.000119  -0.000065
  0.000011  -0.000185  -0.000054
  0.000057   0.000119  -0.000087
 -0.000026   0.000053   0.000057
  0.002550  -0.007184   0.000045
 -0.001323  -0.000125   0.001380
 -0.000038  -0.000119   0.000018
  0.000004  -0.000018   0.000007
  0.000005  -0.000011   0.000025
  0.000052  -0.000175  -0.000248
  0.000032  -0.000031   0.000012
 -0.000010  -0.000004   0.000005
  0.088831  -0.068065   0.074458
  0.000177  -0.000050  -0.000108
  0.000029  -0.000018   0.000002
 -0.000048  -0.000059  -0.000001
 -0.000006  -0.000019  -0.000001
  0.000110   0.000018   0.000019
 -0.000001  -0.000007   0.000042
  0.000146   0.000056   0.000006
  0.000013  -0.000003   0.000009
  0.000013   0.000018   0.000018
  0.000078  -0.000114   0.000109
 -0.000086  -0.000024   0.000038
 -0.001353   0.000372  -0.001146
  0.000179  -0.000113   0.000110
 -0.000039   0.000017  -0.000009
  0.000259   0.000090  -0.000039
  0.000096  -0.000034   0.000014
 -0.000016  -0.000007  -0.000004
  0.000099   0.000063  -0.000012
 -0.000013  -0.000010  -0.000002
  0.038920  -0.077888   0.069017
 -0.000114   0.000525   0.001746
  0.220681  -0.001412  -0.138240
 -0.000164   0.000984   0.001318
 -0.000218  -0.000194  -0.000323
 -0.001700   0.000077  -0.000210
 -0.000230  -0.000039   0.000064
  0.000358  -0.000782   0.000829
 -0.000041   0.000255   0.000191
 -0.001116  -0.000281  -0.000382
  0.389396  -0.197704   0.018441
  0.000710   0.000226   0.000645
 -0.000531  -0.000530  -0.000013
  0.003427  -0.001944  -0.006161
  0.000260  -0.000896  -0.000716
  0.001070  -0.001469   0.002267
 -0.000254  -0.000164   0.001620
  0.000043   0.000108  -0.000233
 -0.001973   0.002239  -0.001939
  0.000096   0.000242   0.000143
  0.000308  -0.000374  -0.001187
  0.000083   0.000231  -0.000001
 -0.003392   0.003207  -0.002062
  0.011058  -0.004122  -0.008047
  0.012926  -0.002269  -0.010310
 -0.000634  -0.000465   0.000284
   21    2  0.0000  0.0150 -0.0000
 -0.010674   0.014639  -0.051321
  0.000413   0.001487   0.001030
  0.000009   0.000011  -0.000033
 -0.000016   0.000033  -0.000003
 -0.000467  -0.000065  -0.000016
  0.002574  -0.001034   0.000185
 -0.000005   0.000033   0.000033
  0.000016  -0.000074  -0.000017
 -0.000045   0.000154  -0.000002
  0.000145   0.000220  -0.000007
  0.000016   0.000025   0.000053
 -0.000003   0.000012  -0.000020
  0.000058  -0.000003   0.000048
 -0.000260   0.000165  -0.000068
  0.000059   0.000146  -0.000010
 -0.000057   0.000029  -0.000021
 -0.000022   0.000014   0.000032
  0.000106   0.000040   0.000101
 -0.000004  -0.000023   0.000021
  0.000002  -0.000011   0.000003
  0.319746  -0.635798   0.402600
 -0.000716  -0.000445  -0.000572
 -0.000012   0.000042   0.000001
 -0.000003   0.000016   0.000005
  0.000010   0.000003  -0.000002
 -0.000053   0.000026  -0.000001
  0.000013  -0.000015  -0.000017
 -0.000089  -0.000021   0.000084
  0.000006   0.000033   0.000024
 -0.000097  -0.000091   0.000199
  0.000008  -0.000029   0.000031
 -0.000002   0.000003  -0.000007
 -0.000101  -0.000140  -0.000030
  0.000005  -0.000034  -0.000028
  0.000162  -0.000113  -0.000143
 -0.000715  -0.000935   0.000585
 -0.000024  -0.000062  -0.000096
 -0.000010   0.000015   0.000010
 -0.000137   0.000105  -0.000037
  0.000453   0.000226   0.000070
 -0.000483   0.001365   0.000433
 -0.000018   0.000247   0.000054
 -0.000000  -0.000049  -0.000026
  0.000007  -0.000012   0.000009
  0.000009  -0.000037  -0.000040
 -0.000021  -0.000034   0.000047
 -0.000022  -0.000014  -0.000009
  0.000032   0.000001   0.000007
  0.000007  -0.000022   0.000002
 -0.000063  -0.000004   0.000002
  0.000017  -0.000082   0.000022
 -0.000031  -0.000082  -0.000053
 -0.000038  -0.000066   0.000042
  0.000034  -0.000015  -0.000012
 -0.007558  -0.000089  -0.002911
  0.000561   0.002441   0.000824
 -0.000002   0.000024  -0.000001
 -0.000005   0.000016  -0.000001
 -0.000007   0.000013  -0.000010
 -0.000061  -0.000018  -0.000055
 -0.000010   0.000005   0.000006
  0.000002   0.000012  -0.000005
 -0.066263   0.197514  -0.205305
 -0.000068   0.000008   0.000030
 -0.000015   0.000013  -0.000001
  0.000003   0.000025   0.000006
  0.000003   0.000015   0.000001
 -0.000026  -0.000051   0.000007
  0.000007   0.000015  -0.000021
 -0.000011  -0.000052  -0.000083
 -0.000009  -0.000002  -0.000010
 -0.000002   0.000002  -0.000004
  0.000405   0.000108  -0.000999
  0.000054   0.000074  -0.000080
 -0.000830   0.000109  -0.001531
 -0.000166   0.000132  -0.000046
  0.000025   0.000014  -0.000005
 -0.000099  -0.000114   0.000044
  0.000009  -0.000017  -0.000020
  0.000010   0.000016  -0.000001
 -0.000005   0.000049   0.000001
  0.000046   0.000034   0.000012
 -0.044982   0.055755  -0.092088
  0.000255   0.000002  -0.000768
 -0.001942   0.127163  -0.037528
  0.000307  -0.000534  -0.000840
  0.000097   0.000091   0.000263
  0.002637  -0.000334   0.000071
  0.000072  -0.000002  -0.000014
 -0.000911   0.000412  -0.000833
 -0.000071  -0.000102  -0.000181
  0.000355   0.000666   0.000839
 -0.185377   0.239672  -0.027658
 -0.000309   0.000777  -0.001509
  0.000392   0.000152   0.000020
 -0.002199  -0.000381   0.002864
 -0.000082   0.000474   0.000447
 -0.000957   0.000832  -0.001324
 -0.001069   0.001101   0.004439
 -0.000013  -0.000184   0.000050
  0.000290   0.000034  -0.000543
 -0.000030  -0.000122  -0.000054
  0.000586  -0.000757   0.000248
 -0.000038  -0.000145   0.000030
  0.003675  -0.003670  -0.000300
 -0.005243   0.001694   0.006536
 -0.001339  -0.002884   0.004840
  0.000188   0.000216   0.000011
   21    3  0.0000 -0.0000  0.0150
  0.037838  -0.101884   0.119700
 -0.000080   0.001320  -0.000148
  0.000055   0.000059   0.000060
  0.000036  -0.000022   0.000032
 -0.000803  -0.000050   0.000138
 -0.001683  -0.001756   0.003400
 -0.000001   0.000036   0.000038
 -0.000012   0.000092  -0.000058
 -0.000024   0.000200  -0.000006
 -0.000184  -0.001084  -0.000198
 -0.000018  -0.000090   0.000013
  0.000003   0.000007   0.000011
  0.000069  -0.000066  -0.000006
  0.000094  -0.000181  -0.000208
  0.000063   0.000119   0.000025
 -0.000233   0.000151  -0.000071
  0.000035   0.000012   0.000011
  0.000238   0.000122  -0.000212
  0.000027  -0.000121   0.000041
  0.000004  -0.000012  -0.000007
  0.037747   0.402710  -1.004479
  0.000934   0.000565   0.000220
 -0.000009   0.000052   0.000008
 -0.000020   0.000074  -0.000003
  0.000019   0.000018   0.000008
  0.000098   0.000053  -0.000153
  0.000011  -0.000004  -0.000006
 -0.000191  -0.000024   0.000166
 -0.000065  -0.000040  -0.000009
 -0.000028   0.000184  -0.000224
  0.000015   0.000036  -0.000032
 -0.000002   0.000013  -0.000004
 -0.000085  -0.000148   0.000476
  0.000026  -0.000023  -0.000011
  0.000023   0.000030   0.000244
 -0.001035   0.000112  -0.001959
  0.000034   0.000017   0.000027
  0.000014  -0.000016   0.000020
  0.000043  -0.000209  -0.000338
 -0.000836  -0.001153   0.001085
  0.000166  -0.001804  -0.004383
  0.000039   0.000116   0.000113
  0.000024  -0.000059  -0.000026
  0.000001  -0.000066   0.000044
  0.000013  -0.000045  -0.000038
  0.000069   0.000206  -0.000115
 -0.000005  -0.000022  -0.000009
  0.000094  -0.000032   0.000068
 -0.000006  -0.000031   0.000011
 -0.000002   0.000122   0.000060
  0.000020  -0.000098   0.000038
  0.000134   0.000586   0.000197
 -0.000022  -0.000063   0.000038
  0.000048  -0.000061  -0.000008
  0.001964  -0.004064  -0.000914
  0.000510   0.000438   0.000067
  0.000046   0.000086  -0.000016
  0.000004   0.000004   0.000001
  0.000015   0.000019   0.000004
  0.000020   0.000131   0.000374
 -0.000002   0.000027   0.000008
  0.000009  -0.000011   0.000005
  0.072767  -0.201504   0.338132
  0.000030   0.000121   0.000127
 -0.000003   0.000007   0.000002
  0.000042  -0.000012  -0.000045
  0.000007  -0.000006   0.000002
 -0.000040   0.000082  -0.000030
 -0.000005  -0.000023   0.000009
 -0.000129   0.000006   0.000135
 -0.000001   0.000003  -0.000005
  0.000005   0.000008   0.000016
 -0.000353   0.000051   0.001122
  0.000078  -0.000036   0.000007
  0.002265  -0.000549   0.002317
  0.000210   0.000051   0.000035
  0.000003  -0.000059   0.000010
 -0.000022   0.000078  -0.000030
 -0.000062   0.000056   0.000048
  0.000014  -0.000005   0.000005
 -0.000062  -0.000181   0.000009
 -0.000038  -0.000057  -0.000007
  0.009444  -0.054341   0.064153
  0.000543  -0.000211   0.001054
 -0.137400  -0.039280   0.337351
 -0.000585   0.000068   0.000411
  0.000021   0.000209  -0.000126
 -0.001477   0.000022   0.000338
  0.000180   0.000065  -0.000050
  0.001221   0.000804   0.000365
  0.000083  -0.000038   0.000141
  0.002623  -0.000827  -0.000870
 -0.003931  -0.009507   0.137598
  0.000226  -0.001626   0.001890
  0.000412  -0.000315  -0.000326
 -0.003585   0.000859   0.002494
  0.000526   0.000247  -0.000219
  0.000977   0.000253  -0.000068
  0.000066  -0.000975  -0.005467
 -0.000199   0.000050   0.000097
  0.001638  -0.002476   0.002949
 -0.000068  -0.000077  -0.000072
 -0.001185   0.001438   0.001239
 -0.000080  -0.000059  -0.000014
 -0.004435   0.000674   0.001707
 -0.004238   0.003145  -0.003866
 -0.011293   0.009255   0.004545
  0.000553   0.000134  -0.000222
   23    1  0.0150  0.0000  0.0000
  0.000068   0.000000  -0.000058
  0.000026   0.000018   0.000026
  0.099476   0.016073   0.002729
 -0.000037   0.000033  -0.000163
  0.000867  -0.001158  -0.000292
  0.000120  -0.000130   0.000076
  0.123027  -0.005086  -0.017054
 -0.000003   0.000002  -0.000000
  0.129333  -0.009576   0.039099
  0.000002   0.000168  -0.000145
 -0.008493   0.001068   0.004731
  0.000164   0.000052   0.000152
  0.001414   0.001274   0.000999
 -0.000013   0.000014  -0.000002
  0.174665   0.003318  -0.031199
 -0.000068   0.000127  -0.000105
  0.006200   0.002395  -0.005444
  0.000027   0.000002   0.000003
 -0.000450   0.012219  -0.006746
 -0.000015  -0.000159  -0.000124
  0.000073   0.000007  -0.000171
  0.000053   0.000002  -0.000014
 -0.616462   0.005347   0.009249
 -0.000024  -0.000050   0.000001
  0.002627  -0.032630  -0.029333
  0.000002   0.000013   0.000008
 -0.012471   0.016987   0.018102
 -0.000021   0.000009   0.000009
  0.002595   0.005780  -0.001587
 -0.000012  -0.000004   0.000021
 -0.005629  -0.008443   0.002032
  0.000146  -0.000052   0.000053
  0.001456   0.000965  -0.000213
  0.000056   0.000050  -0.000168
 -0.000052  -0.000018  -0.000006
 -0.000035  -0.000013  -0.000015
 -0.008295   0.002341   0.003985
 -0.000042   0.000074   0.000111
 -0.000036  -0.000005   0.000006
 -0.000045  -0.000040   0.000032
  0.001750  -0.001155   0.000038
 -0.000026   0.000297   0.000241
  0.005013  -0.006798  -0.012375
 -0.000017  -0.000093   0.000062
 -0.011065  -0.002337  -0.011136
  0.000003  -0.000094   0.000091
  0.050256  -0.000957   0.010410
  0.000026  -0.000000   0.000083
  0.059257   0.002810   0.027253
 -0.000006  -0.000040   0.000027
 -0.007439  -0.004350   0.007148
 -0.000011  -0.000062   0.000020
  0.005475   0.007245  -0.010348
  0.000036  -0.000033  -0.000003
  0.000007  -0.000016  -0.000007
  0.000011  -0.000025  -0.000003
 -0.000003  -0.000490   0.000248
 -0.000128  -0.000002   0.000023
  0.000189  -0.001501  -0.001188
  0.000009  -0.000009   0.000001
  0.004352  -0.001212  -0.001429
 -0.000141   0.000054  -0.000095
  0.000031  -0.000028   0.000022
  0.000040   0.000003  -0.000019
 -0.000071  -0.001271   0.001463
 -0.000007  -0.000004  -0.000016
  0.000082  -0.001492   0.001406
 -0.000010  -0.000013  -0.000001
 -0.000446   0.000837   0.000946
 -0.000013  -0.000014  -0.000005
  0.004311  -0.001323  -0.001047
 -0.000038  -0.000038   0.000038
  0.000049  -0.000116  -0.000095
 -0.000024   0.000040  -0.000029
  0.000062  -0.000028   0.000007
  0.000184   0.000159   0.000088
 -0.000031   0.000013  -0.000013
 -0.000015  -0.000030   0.000005
 -0.000196   0.000412  -0.000264
 -0.000023  -0.000022  -0.000000
 -0.000025  -0.000036  -0.000011
 -0.000004  -0.000024   0.000004
 -0.000103   0.000139  -0.000039
 -0.000061   0.000023  -0.000021
 -0.000045   0.000064   0.000028
 -0.000007  -0.000024   0.000025
 -0.000004   0.000003  -0.000018
  0.000003   0.000039   0.000015
  0.000063   0.000049   0.000001
  0.000012   0.000063  -0.000007
  0.000038   0.000015   0.000008
  0.000056   0.000085  -0.000016
 -0.000073   0.000056   0.000016
 -0.000036   0.000030   0.000017
 -0.000759   0.000068   0.000151
 -0.000062   0.000052   0.000035
 -0.000201   0.000419   0.000295
 -0.000103   0.000154  -0.000057
 -0.000018   0.000128   0.000092
 -0.000011  -0.000153  -0.000023
 -0.000231   0.000242  -0.000439
  0.000063  -0.000096  -0.000159
 -0.000147   0.000274   0.000059
  0.000023  -0.000171  -0.000005
  0.000088  -0.000317  -0.000115
  0.000098  -0.000241   0.000019
 -0.000050  -0.000266   0.000012
 -0.000136   0.000133  -0.000001
   23    2  0.0000  0.0150 -0.0000
 -0.000111   0.000110  -0.000076
  0.000040   0.000073   0.000015
  0.020729   0.185541  -0.035841
 -0.000042  -0.000205  -0.000175
 -0.000607   0.001988   0.001272
 -0.000234   0.000120  -0.000003
 -0.001226   0.157839   0.057174
 -0.000008   0.000030   0.000008
 -0.009917   0.092372  -0.016300
 -0.000610  -0.000177   0.000248
  0.000171  -0.003021   0.000025
  0.000035   0.000185  -0.000081
  0.001445   0.000491  -0.001346
  0.000035   0.000016  -0.000036
 -0.005617   0.087226   0.005803
  0.000421  -0.000668  -0.000193
  0.001651  -0.005298   0.000099
 -0.000129   0.000018   0.000066
  0.006080   0.036562  -0.016913
  0.000007   0.000110   0.000030
 -0.000092   0.000041   0.000039
 -0.000012   0.000010  -0.000082
  0.005279  -0.633249  -0.008266
  0.000049  -0.000033  -0.000061
 -0.010769   0.004310   0.011389
  0.000132  -0.000048   0.000117
 -0.005029   0.021580   0.022821
  0.000040  -0.000004  -0.000042
  0.006196  -0.001932   0.003233
 -0.000018   0.000002  -0.000009
 -0.001041   0.011007  -0.017760
  0.000010  -0.000112   0.000089
 -0.000277  -0.001056   0.000947
  0.000086   0.000107  -0.000034
  0.000023  -0.000030  -0.000110
  0.000087   0.000047   0.000025
  0.003809   0.000393   0.006036
  0.000093   0.000000   0.000081
 -0.000018   0.000061   0.000048
  0.000079   0.000075  -0.000079
  0.000081   0.002473  -0.001187
 -0.000341  -0.000033  -0.000372
 -0.035908   0.015504   0.027956
 -0.000050   0.000265  -0.000059
  0.008251  -0.005219   0.032806
  0.000107   0.000127  -0.000190
 -0.003264  -0.008449  -0.000535
 -0.000131   0.000122   0.000010
  0.012385  -0.007564   0.003052
  0.000412  -0.000046  -0.000014
 -0.028991   0.034427  -0.039019
  0.000096   0.000071   0.000008
  0.039933   0.016999  -0.031203
 -0.000297   0.000314   0.000229
 -0.000014   0.000048  -0.000000
 -0.000007   0.000062  -0.000003
  0.000338  -0.000257   0.000314
 -0.000032  -0.000036   0.000032
  0.000432  -0.000298  -0.000030
 -0.000025   0.000024   0.000008
 -0.001311  -0.002133  -0.000757
  0.000024  -0.000085   0.000022
 -0.000046   0.000050   0.000004
 -0.000028  -0.000023   0.000026
  0.000509   0.000954  -0.002120
 -0.000066  -0.000183  -0.000167
 -0.002322  -0.000055  -0.002841
  0.000020   0.000023  -0.000008
 -0.000677   0.000482   0.000720
  0.000019   0.000031   0.000004
 -0.000008   0.000341   0.002089
  0.000039  -0.000013  -0.000011
 -0.000118   0.000183   0.000472
 -0.000060  -0.000043   0.000154
 -0.000226   0.000094  -0.000009
 -0.000295   0.000037   0.000042
  0.000014  -0.000043  -0.000007
  0.000080   0.000076  -0.000021
 -0.000187   0.000882  -0.000989
 -0.000010   0.000018   0.000069
 -0.000001   0.000039  -0.000001
  0.000008   0.000040   0.000004
  0.000124  -0.000201   0.000023
  0.000011  -0.000089  -0.000009
  0.000163  -0.000212   0.000046
 -0.000014  -0.000106   0.000004
 -0.000004  -0.000105   0.000010
 -0.000075  -0.000091  -0.000033
 -0.000012  -0.000083   0.000025
 -0.000118  -0.000171   0.000055
  0.000017  -0.000055   0.000016
 -0.000154  -0.000202   0.000060
  0.000086  -0.000095  -0.000067
 -0.000010  -0.000082   0.000036
  0.000576  -0.000441  -0.000729
  0.000195  -0.000082  -0.000037
 -0.000391  -0.000966  -0.000592
  0.000110  -0.000210   0.000052
  0.000178  -0.000221  -0.000223
  0.000238  -0.000057  -0.000069
  0.000023  -0.000830   0.000896
  0.000097   0.000030   0.000238
 -0.000204  -0.001204  -0.000209
  0.000155  -0.000088   0.000096
  0.000049   0.000599   0.000075
  0.000045   0.000443   0.000080
 -0.000031   0.000727  -0.000247
 -0.000126   0.000106  -0.000134
   23    3  0.0000 -0.0000  0.0150
 -0.000026   0.000019   0.000002
 -0.000032  -0.000012  -0.000043
 -0.000883  -0.034388   0.132407
 -0.000004   0.000149   0.000301
  0.000220  -0.000165   0.001861
  0.000012   0.000141  -0.000099
 -0.011389   0.055665   0.143170
  0.000036   0.000077  -0.000068
  0.037169  -0.010481   0.139242
  0.000029   0.000580  -0.000318
  0.004247   0.001866   0.006728
  0.000030  -0.000029   0.000160
  0.000420  -0.000940   0.000504
 -0.000012  -0.000047   0.000041
 -0.029552   0.001109   0.105401
 -0.000082   0.000136   0.000242
 -0.005901   0.000920  -0.005325
 -0.000010   0.000015  -0.000014
  0.000620   0.010257  -0.015331
  0.000017  -0.000074  -0.000382
 -0.000002   0.000007   0.000004
 -0.000063   0.000004   0.000000
  0.009098  -0.008335  -0.618507
  0.000002   0.000061  -0.000027
 -0.009780   0.020449   0.019847
  0.000053  -0.000044   0.000067
 -0.000131   0.013842   0.007766
 -0.000042  -0.000024   0.000030
 -0.000430   0.003978  -0.007601
  0.000002   0.000016  -0.000006
 -0.007145  -0.044770   0.020163
 -0.000063   0.000000  -0.000016
  0.000205   0.000376   0.001757
 -0.000016   0.000009   0.000136
  0.000038   0.000011   0.000021
  0.000005   0.000009   0.000003
  0.004160   0.004743  -0.000019
  0.000005  -0.000052   0.000012
  0.000024   0.000011  -0.000048
  0.000009   0.000010  -0.000005
 -0.000481   0.000449   0.000418
  0.000254  -0.000620   0.000203
 -0.030547   0.017651   0.014957
  0.000039  -0.000013  -0.000041
  0.015799   0.008078   0.040943
  0.000028  -0.000249   0.000250
  0.048762  -0.001033   0.002017
 -0.000021  -0.000042  -0.000092
 -0.009008  -0.001986  -0.011799
 -0.000055  -0.000098   0.000058
  0.011704  -0.014887   0.009506
 -0.000037  -0.000245  -0.000020
 -0.026583  -0.017001   0.009520
  0.000077  -0.000127  -0.000127
 -0.000001   0.000006   0.000001
 -0.000009   0.000014   0.000002
 -0.000078  -0.001920   0.000510
 -0.000145  -0.000033  -0.000078
  0.000006   0.000749   0.000299
  0.000009  -0.000001   0.000002
 -0.001549   0.000486   0.000151
 -0.000316   0.000118  -0.000199
  0.000009   0.000010  -0.000001
 -0.000048  -0.000015   0.000033
  0.002114  -0.001940   0.001690
 -0.000014  -0.000061  -0.000090
  0.000794  -0.003662   0.002347
 -0.000004   0.000022  -0.000016
 -0.000340   0.000079   0.000058
 -0.000004  -0.000006   0.000007
 -0.001422   0.000218  -0.000685
  0.000048   0.000067   0.000027
  0.000030  -0.000083   0.000073
 -0.000035  -0.000095   0.000104
  0.000080   0.000012   0.000015
 -0.000282  -0.000077  -0.000045
  0.000052   0.000005  -0.000013
 -0.000004   0.000008   0.000003
 -0.000014   0.001077  -0.000482
  0.000000  -0.000047  -0.000080
  0.000006   0.000003   0.000003
  0.000000   0.000003   0.000001
  0.000016  -0.000046  -0.000004
  0.000059   0.000004   0.000012
  0.000020  -0.000037   0.000023
  0.000031   0.000038  -0.000004
 -0.000034  -0.000007  -0.000007
  0.000003  -0.000011  -0.000008
 -0.000033   0.000012   0.000007
 -0.000004  -0.000025   0.000004
 -0.000035   0.000028   0.000030
 -0.000013  -0.000028   0.000022
  0.000002  -0.000011  -0.000017
  0.000033  -0.000004   0.000002
  0.000398  -0.000080  -0.000445
 -0.000068  -0.000053   0.000027
 -0.000062  -0.000188  -0.000346
  0.000018  -0.000090   0.000050
 -0.000087   0.000068   0.000008
  0.000159   0.000148  -0.000022
 -0.000011  -0.000325  -0.000105
  0.000105   0.000367  -0.000054
 -0.000015  -0.000204  -0.000365
 -0.000150   0.000445  -0.000194
  0.000016   0.000198   0.000092
  0.000010   0.000123  -0.000021
  0.000008   0.000091  -0.000110
 -0.000018  -0.000323  -0.000065
   25    1  0.0150  0.0000  0.0000
 -0.000073   0.000062  -0.000009
 -0.000057  -0.000039  -0.000059
  0.000383   0.000510  -0.000431
 -0.000006  -0.000064   0.000034
  0.002406   0.008108  -0.000431
  0.000012   0.000132  -0.000074
  0.368599  -0.013810  -0.148961
 -0.000058   0.000063  -0.000010
 -0.002427  -0.002602   0.001911
  0.000177   0.000034  -0.000007
  0.000337   0.000688  -0.000189
 -0.000047   0.000028   0.000081
 -0.056427   0.000668   0.021045
  0.000002  -0.000015   0.000018
  0.000434  -0.000018   0.000133
  0.000203   0.000961  -0.000690
  0.172329  -0.002507  -0.043189
 -0.000030   0.000013   0.000013
  0.000458   0.000980   0.000228
 -0.000000   0.000021  -0.000035
 -0.000026   0.000024   0.000020
  0.000135   0.000096   0.000090
  0.002649  -0.010757  -0.009891
  0.000014  -0.000126   0.000049
 -0.852400  -0.195010   0.177585
  0.000030  -0.000033   0.000032
  0.064077   0.063919   0.014243
  0.000018  -0.000004  -0.000006
  0.034735  -0.024377  -0.032393
  0.000005   0.000013  -0.000013
  0.000896  -0.001422   0.000009
 -0.000001  -0.000034  -0.000003
 -0.000177  -0.000292  -0.000296
  0.000021  -0.000027   0.000092
 -0.000059   0.000004   0.000202
  0.000010   0.000013  -0.000029
  0.000192  -0.000222   0.000353
  0.000051   0.000133  -0.000156
 -0.000008  -0.000183  -0.000126
  0.000039  -0.000001   0.000034
 -0.000033   0.000364  -0.000169
 -0.000022  -0.000312  -0.000155
 -0.000846   0.000898   0.000778
 -0.000242  -0.000611   0.000511
  0.000530   0.000139  -0.000048
 -0.000045  -0.000001   0.000032
 -0.000398   0.000215   0.000283
  0.000062  -0.000101   0.000219
  0.001416   0.000736  -0.001738
 -0.000054   0.000027   0.000000
  0.000284   0.001576   0.001457
 -0.000010   0.000001   0.000003
 -0.000272   0.000233   0.000074
 -0.000039  -0.000236   0.000011
 -0.000007   0.000037   0.000002
 -0.000011   0.000068  -0.000009
 -0.000002   0.000017  -0.000014
  0.000302  -0.000081   0.000094
  0.001952  -0.028375  -0.025966
 -0.000001   0.000009   0.000005
 -0.000074   0.000026   0.000051
  0.000046   0.000001   0.000018
 -0.000001   0.000023  -0.000010
 -0.000079   0.000094   0.000021
  0.261130   0.198269   0.043373
 -0.000003  -0.000016  -0.000015
  0.000169   0.005791  -0.000092
  0.000002   0.000031  -0.000005
  0.000255  -0.001020  -0.000581
  0.000007   0.000016   0.000005
  0.000361  -0.001883   0.000662
  0.000063   0.000077   0.000022
 -0.000038   0.000064   0.000080
 -0.000350  -0.000146   0.000459
 -0.000042   0.000039  -0.000002
 -0.000484   0.001006   0.000396
 -0.000016   0.000007   0.000059
  0.000014   0.000017  -0.000004
 -0.000027   0.000043   0.000009
 -0.000229  -0.000056  -0.000005
 -0.000030  -0.000004  -0.000006
 -0.000009  -0.000005   0.000007
  0.000068  -0.000126  -0.000006
  0.000026  -0.000240  -0.000097
  0.000072  -0.000072   0.000025
 -0.000095  -0.000065   0.000180
  0.000154   0.000120  -0.000066
 -0.000006   0.000018  -0.000006
 -0.000058  -0.000030  -0.000016
 -0.000035  -0.000030  -0.000016
  0.000133   0.000264  -0.000085
 -0.000054  -0.000065   0.000007
  0.000032  -0.000048  -0.000053
 -0.000112   0.000018   0.000033
 -0.000054  -0.001302   0.000029
 -0.000007  -0.000070   0.000024
 -0.000897  -0.000520   0.001280
  0.000002  -0.000097   0.000048
  0.000050  -0.000083  -0.000047
  0.000950  -0.000700  -0.000250
  0.000028  -0.000120   0.000139
  0.000362   0.000131   0.000164
  0.000003  -0.000211  -0.000020
  0.000207   0.000175  -0.000127
  0.000374   0.000397   0.000508
  0.000270   0.000217  -0.000109
 -0.000048   0.000201  -0.000010
 -0.001011   0.000333  -0.000519
   25    2  0.0000  0.0150 -0.0000
  0.000087  -0.000013  -0.000038
  0.000168   0.000178   0.000038
 -0.002697  -0.000277   0.002018
  0.000032  -0.000002   0.000013
  0.010536  -0.004548   0.000565
  0.000126  -0.000085   0.000030
  0.046284   0.136437   0.016922
 -0.000026   0.000104  -0.000082
 -0.006240  -0.000548   0.000388
  0.000595   0.000088  -0.000089
 -0.000288  -0.000162   0.000176
 -0.000232   0.000044   0.000691
  0.038254   0.049447   0.030900
  0.000011   0.000005   0.000001
  0.006736   0.006155   0.002940
 -0.000130   0.001197  -0.000806
 -0.063863   0.314133   0.206882
  0.000018   0.000033  -0.000027
 -0.000694  -0.000696  -0.000082
 -0.000093  -0.000012  -0.000164
  0.000014   0.000004  -0.000000
 -0.000060   0.000033  -0.000069
 -0.032638   0.004326   0.020459
 -0.000002  -0.000030   0.000039
 -0.194941  -0.764834  -0.341145
  0.000066  -0.000110   0.000062
  0.025048  -0.031261  -0.027267
 -0.000051   0.000016   0.000015
 -0.024048   0.017230   0.018565
 -0.000009   0.000017   0.000013
 -0.002261   0.002182  -0.001365
 -0.000082   0.000055  -0.000165
  0.000393   0.000572   0.000103
 -0.000012  -0.000187  -0.000057
  0.000068  -0.000066  -0.000063
 -0.000026  -0.000007  -0.000017
  0.000112   0.000525  -0.000366
  0.000020   0.000053  -0.000093
 -0.000022   0.000083  -0.000002
 -0.000084  -0.000041  -0.000001
  0.000038  -0.000720   0.000394
  0.000215  -0.000335   0.000616
 -0.003738   0.001919   0.002528
 -0.000184  -0.000590   0.000516
  0.000906   0.000303  -0.000201
 -0.000115  -0.000078   0.000112
 -0.000965  -0.000486  -0.000670
  0.000232  -0.000142   0.000328
  0.002468   0.000164  -0.000194
 -0.000273   0.000030   0.000008
  0.000290  -0.000288  -0.001097
 -0.000075  -0.000044  -0.000019
 -0.000856  -0.001520   0.000325
  0.000101  -0.000418  -0.000076
  0.000003   0.000001  -0.000000
  0.000004  -0.000000   0.000006
 -0.000187  -0.000026   0.000024
  0.000645   0.000133  -0.000186
  0.002314  -0.003999   0.000284
  0.000014  -0.000037   0.000006
 -0.000146  -0.000048   0.000023
  0.000173   0.000047   0.000031
  0.000013  -0.000014   0.000001
 -0.000053   0.000009  -0.000002
  0.196767   0.267427   0.063101
  0.000054  -0.000021  -0.000045
  0.006299   0.001627   0.005164
 -0.000020   0.000012  -0.000017
 -0.001211   0.000488  -0.000487
 -0.000013  -0.000015  -0.000003
 -0.000278   0.002230  -0.000039
  0.000032   0.000062   0.000049
  0.000059  -0.000104  -0.000130
 -0.000127  -0.000084   0.000216
  0.000089  -0.000034   0.000009
 -0.000036   0.000334   0.000186
 -0.000028   0.000004  -0.000031
 -0.000024  -0.000028   0.000012
  0.000127  -0.000005  -0.000036
 -0.000009  -0.000004  -0.000080
 -0.000023  -0.000027   0.000005
 -0.000004  -0.000015   0.000002
 -0.000125   0.000193   0.000081
 -0.000157   0.000134  -0.000093
 -0.000123   0.000124  -0.000034
  0.000013  -0.000220   0.000028
 -0.000084   0.000030   0.000151
  0.000052   0.000044   0.000068
  0.000109   0.000121   0.000032
  0.000112   0.000188   0.000028
  0.000030   0.000069   0.000063
  0.000123   0.000119  -0.000048
 -0.000028   0.000007   0.000052
  0.000059   0.000056   0.000193
 -0.002423  -0.000911  -0.000749
 -0.000066   0.000059  -0.000006
  0.000121   0.004267   0.002578
 -0.000077   0.000148  -0.000062
 -0.000073   0.000133   0.000083
  0.000191  -0.000169  -0.000165
 -0.000001   0.000287  -0.000286
 -0.000161   0.000244  -0.000296
  0.000002   0.000481   0.000050
  0.000046   0.000297  -0.000304
  0.000235  -0.000666  -0.000793
  0.000103  -0.000278   0.000085
 -0.000012  -0.000317   0.000040
 -0.000417  -0.000187  -0.000246
   25    3  0.0000 -0.0000  0.0150
  0.000059  -0.000010  -0.000044
  0.000278   0.000277   0.000153
 -0.001294  -0.001790   0.001229
  0.000011  -0.000036  -0.000088
  0.002104   0.001963  -0.010111
  0.000043  -0.000048   0.000024
 -0.100664   0.044621   0.172394
 -0.000055   0.000069  -0.000031
 -0.001519  -0.000227  -0.002051
  0.000240   0.000019  -0.000006
 -0.000340  -0.000285  -0.000365
  0.000017   0.000046   0.000207
  0.053978   0.048530   0.002296
  0.000007   0.000006  -0.000005
  0.005561   0.004731   0.002279
  0.000006   0.001211  -0.001008
 -0.092729   0.174613   0.264366
  0.000000   0.000010   0.000000
 -0.000077   0.000153  -0.000184
 -0.000041   0.000003  -0.000033
 -0.000001   0.000002   0.000004
  0.000159   0.000025  -0.000162
 -0.029343   0.011426   0.019896
  0.000022  -0.000114   0.000062
  0.177471  -0.341169  -0.539048
  0.000049  -0.000064   0.000045
 -0.017974  -0.045742  -0.039995
 -0.000005   0.000007  -0.000000
 -0.031220   0.019122   0.038336
 -0.000008   0.000008   0.000003
  0.000798  -0.000467   0.000167
  0.000023  -0.000021  -0.000059
 -0.000024   0.000149   0.000027
 -0.000027   0.000027  -0.000094
  0.000012   0.000019  -0.000166
 -0.000008  -0.000003   0.000001
  0.000080  -0.000034   0.000044
 -0.000033  -0.000083  -0.000011
 -0.000063   0.000179   0.000117
 -0.000048  -0.000019  -0.000018
 -0.000019  -0.000305   0.000097
 -0.000033   0.000070   0.000017
 -0.002491   0.001190   0.001636
 -0.000376  -0.001014   0.000774
 -0.000230   0.000238   0.000912
 -0.000043  -0.000022   0.000021
 -0.000604  -0.000476  -0.001251
  0.000175  -0.000104   0.000310
 -0.000131   0.002221   0.006111
 -0.000091   0.000019   0.000001
 -0.000210  -0.000134   0.002159
 -0.000013  -0.000002  -0.000003
 -0.000470  -0.000814  -0.000093
  0.000028  -0.000378  -0.000014
  0.000005   0.000010  -0.000005
  0.000011  -0.000021   0.000011
 -0.000005   0.000002  -0.000024
  0.000205   0.000013   0.000130
 -0.002160   0.015619   0.007106
  0.000007  -0.000020   0.000003
 -0.000073  -0.000070  -0.000044
  0.000108  -0.000002   0.000031
  0.000004  -0.000004   0.000003
 -0.000018   0.000008  -0.000179
  0.041829   0.062610   0.074995
  0.000015  -0.000026  -0.000038
  0.000328   0.005486  -0.004935
 -0.000009   0.000012  -0.000014
 -0.000299  -0.000594   0.001668
 -0.000003  -0.000005  -0.000003
  0.000343  -0.000771  -0.000579
  0.000007   0.000007   0.000027
  0.000018  -0.000031  -0.000037
  0.000068   0.000043  -0.000105
  0.000024  -0.000011   0.000000
  0.000171  -0.000276   0.000120
 -0.000054   0.000010  -0.000015
 -0.000007  -0.000005   0.000005
  0.000008   0.000033  -0.000024
  0.000113   0.000050  -0.000020
 -0.000009  -0.000011   0.000004
 -0.000002   0.000002  -0.000001
 -0.000035   0.000077   0.000046
 -0.000272   0.000061  -0.000240
 -0.000060   0.000051  -0.000019
  0.000012  -0.000388   0.000142
 -0.000029  -0.000024   0.000126
  0.000023   0.000012   0.000036
  0.000151   0.000066   0.000058
  0.000034   0.000067   0.000014
  0.000012  -0.000106   0.000029
  0.000059   0.000047  -0.000021
 -0.000008  -0.000009   0.000034
  0.000011   0.000170   0.000225
 -0.001854  -0.000571   0.000818
 -0.000010   0.000023  -0.000007
  0.000641   0.001351   0.002329
 -0.000026   0.000057  -0.000033
 -0.000015   0.000040   0.000021
 -0.000238   0.000161  -0.000030
  0.000002   0.000102  -0.000107
  0.000087   0.000027  -0.000028
  0.000011   0.000127   0.000020
 -0.000006  -0.000048   0.000004
  0.000103  -0.000675  -0.000605
  0.000042  -0.000168   0.000111
 -0.000004  -0.000108   0.000005
 -0.000194   0.000004   0.000150
   27    1  0.0150  0.0000  0.0000
 -0.000030   0.000044  -0.000047
  0.000195   0.000148   0.000143
  0.000550  -0.002767  -0.002222
  0.000032  -0.000104  -0.000026
  0.006428   0.004812  -0.004274
 -0.000046  -0.000024   0.000037
  0.292803   0.183279   0.041719
  0.000005  -0.000067   0.000071
  0.002893  -0.002362   0.001707
 -0.000348  -0.000279   0.000135
 -0.000092  -0.000040  -0.000280
 -0.000011  -0.000055  -0.000164
 -0.006606  -0.034078  -0.032036
  0.000008   0.000031  -0.000030
 -0.004450  -0.005863  -0.001274
  0.000344  -0.000716   0.000402
  0.006254   0.016331   0.013833
 -0.000027  -0.000012   0.000033
 -0.000012  -0.000816   0.000509
  0.000056   0.000128   0.000133
 -0.000030   0.000013   0.000023
  0.000235   0.000104  -0.000156
 -0.012486  -0.005041  -0.000112
 -0.000004  -0.000044  -0.000048
  0.064130   0.025098  -0.017913
 -0.000004   0.000054  -0.000018
 -0.918060  -0.148035   0.243170
  0.000055   0.000010  -0.000036
  0.173327  -0.061669  -0.091668
  0.000005  -0.000009  -0.000004
  0.000506  -0.000712   0.000706
  0.000016  -0.000035   0.000050
 -0.000086  -0.000419   0.000166
  0.000029   0.000112   0.000096
 -0.000519   0.000086  -0.000333
  0.000022   0.000004   0.000009
 -0.000283  -0.000220  -0.000095
  0.000063  -0.000024  -0.000151
 -0.000232   0.000068   0.000267
 -0.000004   0.000008  -0.000039
  0.000050   0.000569  -0.000351
  0.000075   0.000221  -0.001788
  0.000154   0.001172   0.000573
  0.000087   0.000432  -0.000300
 -0.000606  -0.000087  -0.002276
  0.000072   0.000124  -0.000146
  0.002093   0.000197  -0.000540
 -0.000196   0.000076  -0.000189
 -0.000860   0.000066   0.000085
  0.000157   0.000030  -0.000023
 -0.000136   0.000420  -0.000739
  0.000068   0.000129   0.000026
  0.001208   0.002590   0.000878
 -0.000124   0.000277   0.000084
  0.000000   0.000025  -0.000001
  0.000009   0.000025  -0.000010
  0.000033  -0.000008   0.000034
 -0.000052  -0.000087   0.000021
 -0.000500   0.000158   0.000816
 -0.000016   0.000018  -0.000005
  0.000116   0.000020  -0.000023
 -0.000010  -0.000119   0.000012
 -0.000015   0.000015   0.000001
  0.000075  -0.000007   0.000021
  0.004496   0.000205  -0.005799
 -0.000051  -0.000021  -0.000011
  0.401600   0.010094  -0.163981
  0.000020  -0.000002   0.000010
 -0.011463   0.020459   0.019975
  0.000013   0.000011  -0.000005
 -0.000108  -0.000077  -0.000427
  0.000008  -0.000013  -0.000033
 -0.000050   0.000095   0.000100
 -0.000063   0.000093  -0.000117
 -0.000096   0.000028  -0.000010
  0.000223   0.000265   0.000061
 -0.000018   0.000170  -0.000293
  0.000028   0.000019  -0.000008
 -0.000040  -0.000093   0.000020
 -0.000022   0.000014   0.000225
 -0.000125  -0.000139  -0.000062
  0.000002   0.000018   0.000004
  0.000018  -0.000051   0.000014
 -0.000197  -0.000130  -0.000013
  0.000026  -0.000046   0.000006
 -0.000110  -0.000262   0.000026
  0.000049   0.000071   0.000034
 -0.000018  -0.000019   0.000028
  0.000465  -0.000122  -0.000376
 -0.000036  -0.000010   0.000010
  0.000298  -0.000115   0.000252
 -0.000002  -0.000042   0.000005
  0.000016  -0.000035  -0.000010
 -0.000159  -0.000048   0.000033
  0.000419  -0.002962  -0.001236
  0.000056  -0.000010  -0.000019
 -0.001668  -0.000030   0.001384
  0.000010  -0.000020  -0.000012
  0.000086  -0.000100  -0.000052
 -0.000012  -0.000320  -0.000034
  0.000004  -0.000221   0.000246
 -0.000481  -0.000160   0.001161
 -0.000022  -0.000368  -0.000023
  0.000127  -0.000505   0.000583
  0.000093  -0.000166  -0.000233
  0.000112   0.000023   0.000072
 -0.000035   0.000218  -0.000044
  0.000298   0.001106   0.000100
   27    2  0.0000  0.0150 -0.0000
  0.000093  -0.000077   0.000014
 -0.000217  -0.000025   0.000114
 -0.000267   0.000308   0.002253
  0.000012  -0.000112  -0.000056
  0.001727  -0.009527   0.000430
  0.000169  -0.000339   0.000204
  0.122364   0.271440   0.087811
  0.000012  -0.000033   0.000011
 -0.003319   0.005228  -0.001501
  0.000156  -0.000333   0.000070
  0.000126   0.000118  -0.000244
  0.000007   0.000018  -0.000136
 -0.075414  -0.022317   0.025639
  0.000007   0.000075  -0.000063
 -0.000030  -0.001334  -0.002956
 -0.000192  -0.000310   0.000025
  0.015696   0.056777   0.030896
  0.000034   0.000008  -0.000006
  0.000089   0.000907  -0.000747
  0.000010  -0.000047   0.000095
  0.000035  -0.000025  -0.000011
  0.000029  -0.000025   0.000017
  0.016973   0.021657   0.013891
 -0.000010  -0.000017   0.000028
  0.064016  -0.031274  -0.045720
  0.000017  -0.000010  -0.000001
 -0.148030  -0.668295  -0.319913
 -0.000014   0.000041  -0.000007
  0.002240   0.291503   0.172104
 -0.000011  -0.000005   0.000028
  0.000921  -0.000911   0.000296
  0.000032  -0.000054  -0.000006
 -0.000228   0.000089  -0.000184
 -0.000025  -0.000136  -0.000067
  0.000124   0.000467  -0.000022
 -0.000073  -0.000042  -0.000058
  0.000174   0.000007   0.000298
 -0.000050   0.000076  -0.000001
 -0.000195  -0.000296   0.000134
 -0.000059  -0.000093   0.000096
 -0.000128  -0.000606   0.000169
 -0.000082   0.000918   0.000137
  0.000531   0.000215   0.000227
  0.000093   0.000115  -0.000075
  0.000462  -0.000583   0.000161
 -0.000022   0.000073  -0.000098
 -0.002952   0.006604   0.003812
  0.000090   0.000049   0.000029
  0.001071  -0.000430   0.000045
 -0.000113   0.000056  -0.000014
  0.000363  -0.001979  -0.000789
 -0.000009   0.000158   0.000019
 -0.000499   0.000579   0.002270
  0.000023   0.000106   0.000027
 -0.000000  -0.000033  -0.000008
  0.000028  -0.000092   0.000023
  0.000107  -0.000049  -0.000035
 -0.000012  -0.000009   0.000034
 -0.000047   0.001673  -0.000113
 -0.000003  -0.000035  -0.000001
 -0.000063  -0.000104  -0.000025
  0.000081  -0.000033  -0.000003
  0.000003  -0.000032   0.000009
  0.000104  -0.000004  -0.000209
 -0.000030  -0.004241   0.004083
  0.000002  -0.000009  -0.000015
  0.013536   0.067142   0.008901
 -0.000006  -0.000035  -0.000006
 -0.009072   0.013963   0.019926
 -0.000012  -0.000033  -0.000010
 -0.000244   0.000532  -0.000521
 -0.000004  -0.000037  -0.000018
  0.000062  -0.000131  -0.000124
  0.000052   0.000163  -0.000258
  0.000062  -0.000060   0.000010
  0.000771   0.000241   0.000177
 -0.000139   0.000016   0.000161
 -0.000023  -0.000060   0.000011
 -0.000011   0.000074  -0.000018
  0.000021   0.000105  -0.000018
 -0.000052  -0.000076  -0.000030
 -0.000015  -0.000060  -0.000000
 -0.000031   0.000106  -0.000012
 -0.000015  -0.000069   0.000106
 -0.000085   0.000138  -0.000020
  0.000027   0.000053   0.000069
  0.000264   0.000045  -0.000445
  0.000058   0.000120   0.000053
 -0.000158   0.000407   0.000159
  0.000043   0.000145  -0.000075
  0.000031   0.000283  -0.000307
  0.000097   0.000146  -0.000031
 -0.000038   0.000050   0.000046
  0.000082  -0.000101  -0.000081
 -0.001995   0.001436   0.000181
 -0.000061   0.000155  -0.000052
  0.001058   0.000934  -0.000180
 -0.000167   0.000353  -0.000158
 -0.000071   0.000200   0.000085
 -0.000290  -0.000274  -0.000011
  0.000005   0.000311  -0.000179
  0.000529  -0.000438  -0.000239
  0.000057   0.000437   0.000059
  0.000078  -0.000576   0.000155
  0.000204  -0.000502   0.000083
  0.000253  -0.000465  -0.000071
 -0.000024  -0.000435   0.000030
 -0.000704   0.000406   0.000241
   27    3  0.0000 -0.0000  0.0150
  0.000045  -0.000058   0.000020
 -0.000192  -0.000109  -0.000000
  0.000156  -0.001010   0.004203
 -0.000042   0.000093  -0.000051
 -0.007251  -0.000104  -0.009274
  0.000044  -0.000093   0.000047
 -0.005335   0.059902   0.132361
  0.000021   0.000012  -0.000042
 -0.003639   0.003264  -0.001437
  0.000114   0.000093  -0.000017
  0.000152   0.000146  -0.000584
 -0.000013  -0.000038   0.000129
 -0.061036   0.008622   0.023877
  0.000003   0.000003  -0.000006
  0.003806   0.000135   0.000953
 -0.000350  -0.000031  -0.000068
  0.014188   0.031038   0.025934
  0.000028   0.000005  -0.000020
  0.000241   0.001129  -0.001169
  0.000022  -0.000118  -0.000041
  0.000023  -0.000019  -0.000019
 -0.000349  -0.000088   0.000148
  0.018101   0.022867   0.007795
  0.000004   0.000046   0.000029
  0.014344  -0.027271  -0.040045
  0.000005  -0.000026   0.000008
  0.243009  -0.319896  -0.565121
 -0.000040   0.000005   0.000017
 -0.042855   0.200737   0.275485
 -0.000008  -0.000002   0.000012
  0.000461  -0.001045   0.000438
  0.000013   0.000003   0.000057
 -0.000188  -0.000099  -0.000225
  0.000011  -0.000209  -0.000164
  0.000378  -0.000075   0.000289
 -0.000033  -0.000024  -0.000015
  0.000202  -0.000041   0.000552
 -0.000003   0.000400  -0.000028
  0.000132  -0.000098  -0.000158
 -0.000018  -0.000038   0.000032
 -0.000149  -0.000418   0.000109
  0.000153   0.000156   0.000949
 -0.000017  -0.000098  -0.000496
  0.000055   0.000009  -0.000008
  0.000544   0.000150   0.002277
 -0.000016  -0.000045   0.000029
 -0.002519   0.000344  -0.001063
  0.000133   0.000005   0.000085
  0.001344  -0.000013  -0.000159
 -0.000034  -0.000023  -0.000002
  0.001090  -0.000102   0.001189
 -0.000024  -0.000048  -0.000020
 -0.001580   0.002523   0.003317
  0.000067  -0.000018  -0.000021
 -0.000002  -0.000028  -0.000005
  0.000014  -0.000068   0.000016
  0.000080  -0.000011  -0.000039
 -0.000001   0.000023   0.000005
  0.000901  -0.000042   0.001114
  0.000009  -0.000022  -0.000001
 -0.000057  -0.000152  -0.000060
 -0.000053   0.000138   0.000033
  0.000006  -0.000020   0.000004
  0.000087   0.000017  -0.000209
 -0.006663   0.003102  -0.002700
  0.000032  -0.000000  -0.000013
 -0.162365   0.009641   0.138143
 -0.000013  -0.000018  -0.000007
 -0.004976   0.006869   0.001352
 -0.000011  -0.000015  -0.000002
 -0.000461  -0.000560  -0.000401
 -0.000012  -0.000007   0.000015
  0.000036  -0.000085  -0.000065
 -0.000020  -0.000019  -0.000142
  0.000047  -0.000033   0.000003
  0.000658   0.000113   0.000051
  0.000034  -0.000040   0.000004
 -0.000018  -0.000028   0.000005
 -0.000069   0.000115  -0.000052
 -0.000171  -0.000211  -0.000187
  0.000017  -0.000022  -0.000013
 -0.000001  -0.000023  -0.000001
 -0.000001   0.000043  -0.000013
  0.000081   0.000063   0.000290
 -0.000022   0.000048  -0.000010
  0.000122   0.000260  -0.000063
 -0.000262  -0.000357  -0.000108
  0.000011   0.000026  -0.000002
 -0.000116   0.000307   0.000355
  0.000007   0.000018  -0.000024
 -0.000194   0.000166  -0.000086
  0.000006   0.000046  -0.000005
 -0.000009   0.000029   0.000014
  0.000182  -0.000166  -0.000136
 -0.001618   0.001058   0.003642
 -0.000016   0.000049  -0.000010
  0.002091  -0.000445   0.000200
 -0.000039   0.000097  -0.000037
 -0.000046   0.000099   0.000028
 -0.000268   0.000020  -0.000037
  0.000003   0.000174  -0.000132
  0.000580  -0.000011  -0.000808
  0.000043   0.000210   0.000023
 -0.000115   0.000148  -0.000216
 -0.000144  -0.000029  -0.000011
 -0.000013  -0.000075  -0.000044
  0.000020  -0.000216   0.000018
 -0.000500  -0.000610   0.000236
   29    1  0.0150  0.0000  0.0000
  0.000157  -0.000097   0.000016
  0.000069  -0.000013   0.000169
 -0.000133   0.000245   0.001357
 -0.000009  -0.000001   0.000014
  0.001440  -0.021818  -0.021464
 -0.000118  -0.000131   0.000089
 -0.058977   0.000743   0.025027
  0.000019  -0.000022   0.000009
 -0.000095   0.002227  -0.001308
 -0.000053  -0.000039  -0.000023
  0.000114   0.000126  -0.000102
 -0.000003   0.000003  -0.000114
  0.400082  -0.011231  -0.153428
  0.000010   0.000021  -0.000023
  0.002649   0.002160   0.000058
 -0.000170  -0.000443   0.000235
  0.063914   0.060954   0.012886
  0.000025  -0.000004  -0.000002
  0.000221   0.000532  -0.000481
  0.000031  -0.000021  -0.000038
  0.000012  -0.000002  -0.000058
  0.000206   0.000110   0.000011
  0.002584   0.006244  -0.000363
 -0.000006   0.000021   0.000004
  0.034806  -0.024046  -0.031165
  0.000001   0.000012  -0.000010
  0.173394   0.002257  -0.042926
 -0.000009   0.000011   0.000000
 -0.892793  -0.192178   0.170875
 -0.000017   0.000005   0.000006
  0.000322  -0.000236   0.000158
  0.000015  -0.000018   0.000049
 -0.000106  -0.000024  -0.000143
  0.000018  -0.000014   0.000001
 -0.000036   0.000305   0.000059
  0.000057   0.000039   0.000039
  0.000121  -0.000019   0.000252
  0.000041   0.000099   0.000024
  0.001495   0.000617  -0.000853
 -0.000019   0.000052  -0.000069
 -0.000054  -0.000232   0.000086
 -0.000117   0.000135   0.000255
 -0.000347  -0.000381  -0.000084
  0.000118   0.000260  -0.000187
 -0.000131  -0.000360  -0.000071
  0.000017   0.000009  -0.000012
 -0.000480  -0.001663  -0.000497
  0.000014   0.000053  -0.000048
 -0.000191  -0.000265   0.000201
  0.000019   0.000001   0.000004
  0.000224  -0.001399   0.000820
  0.000006   0.000030   0.000008
 -0.000713  -0.001288  -0.000328
  0.000009   0.000131   0.000013
  0.000025  -0.000055  -0.000001
  0.000074  -0.000123   0.000045
  0.000057   0.000000  -0.000024
 -0.000111  -0.000032   0.000025
  0.000655   0.005637   0.000018
  0.000007  -0.000014  -0.000002
 -0.000010  -0.000020  -0.000001
 -0.000089   0.000034  -0.000030
 -0.000004  -0.000027   0.000019
  0.000209   0.000014  -0.000273
  0.000434  -0.001527  -0.000216
  0.000004   0.000006   0.000004
  0.002542  -0.029201  -0.027970
 -0.000001  -0.000016   0.000001
  0.266564   0.194516   0.063501
 -0.000009  -0.000003  -0.000002
 -0.000115  -0.000219   0.000054
 -0.000009  -0.000017  -0.000006
  0.000048  -0.000055  -0.000054
  0.000221   0.000046  -0.000145
  0.000039  -0.000045   0.000002
  0.001532   0.000547   0.000319
  0.000007  -0.000057   0.000180
  0.000002   0.000006  -0.000002
 -0.000038   0.000055  -0.000002
 -0.000039  -0.000098   0.000002
  0.000112   0.000077   0.000148
  0.000020   0.000019  -0.000020
 -0.000075   0.000306   0.000063
 -0.000100  -0.000057   0.000123
 -0.000124   0.000102  -0.000068
 -0.000073   0.000174   0.000036
  0.000222   0.000267  -0.000354
  0.000016  -0.000075  -0.000038
 -0.000625  -0.001153   0.000367
  0.000091   0.000033   0.000060
 -0.000066   0.000307   0.000342
  0.000034   0.000072  -0.000023
 -0.000030   0.000083   0.000113
 -0.000095  -0.000013  -0.000094
 -0.005740   0.004445   0.004101
  0.000094   0.000106  -0.000045
  0.008269   0.005690   0.001688
  0.000076   0.000073  -0.000026
 -0.000052   0.000088   0.000044
 -0.000962  -0.000359  -0.000152
 -0.000013   0.000128  -0.000088
  0.000519  -0.000075  -0.000161
  0.000005   0.000159   0.000015
 -0.000250  -0.000101   0.000033
 -0.000731  -0.001047  -0.000576
 -0.000752  -0.000034   0.000159
  0.000146  -0.000178  -0.000009
  0.000459   0.000161  -0.000008
   29    2  0.0000  0.0150 -0.0000
  0.000149  -0.000051  -0.000027
  0.000123   0.000087   0.000273
 -0.000118   0.000093  -0.000065
  0.000015   0.000047   0.000011
 -0.029238  -0.001937   0.014812
 -0.000082  -0.000002   0.000004
  0.045624   0.051746   0.027940
  0.000000   0.000002   0.000010
 -0.000175   0.002171  -0.000835
 -0.000074   0.000056  -0.000031
 -0.000116  -0.000283  -0.000087
  0.000008  -0.000015   0.000004
  0.037524   0.134904   0.022171
  0.000003   0.000002   0.000002
  0.001157   0.001669   0.000455
 -0.000021  -0.000037   0.000019
  0.024592  -0.030720  -0.027403
  0.000008   0.000000   0.000003
 -0.000178  -0.000146   0.000165
 -0.000011   0.000021  -0.000109
 -0.000027   0.000022  -0.000034
  0.000279  -0.000096  -0.000177
  0.005770  -0.001950   0.003979
 -0.000001  -0.000001  -0.000009
 -0.024378   0.017221   0.019089
 -0.000001   0.000011  -0.000003
 -0.061819   0.291433   0.200663
  0.000005   0.000003   0.000003
 -0.192249  -0.718906  -0.353224
 -0.000002   0.000007  -0.000001
 -0.000326   0.000379   0.000050
 -0.000002   0.000018   0.000019
  0.000118   0.000114   0.000134
  0.000010   0.000081   0.000030
 -0.000726   0.000064  -0.000463
  0.000052   0.000048   0.000025
  0.000003   0.000082  -0.000195
  0.000056  -0.000159   0.000168
  0.000925   0.002066  -0.001248
  0.000000   0.000062  -0.000060
  0.000013  -0.000049   0.000052
  0.000058  -0.000569   0.000534
 -0.000122  -0.000305  -0.000152
  0.000011   0.000024  -0.000020
  0.000258   0.000014   0.001343
  0.000014  -0.000010   0.000015
 -0.000300  -0.000577  -0.000637
  0.000013   0.000011   0.000005
 -0.000267  -0.000086   0.000277
  0.000036  -0.000010   0.000009
 -0.000333  -0.000542   0.000007
  0.000011  -0.000015   0.000003
  0.000033  -0.001126  -0.000577
  0.000005   0.000014   0.000006
  0.000021  -0.000016  -0.000006
  0.000060  -0.000039   0.000022
 -0.000021   0.000017   0.000003
 -0.000025  -0.000001  -0.000002
  0.006328   0.001298   0.005310
  0.000005   0.000002   0.000002
 -0.000007  -0.000019  -0.000007
 -0.000073   0.000016  -0.000000
 -0.000004  -0.000007   0.000015
  0.000185   0.000066  -0.000230
 -0.001308   0.000464  -0.000405
  0.000000   0.000011   0.000006
  0.001581  -0.004076   0.000030
  0.000003   0.000002   0.000003
  0.192197   0.249152   0.077743
 -0.000002   0.000007   0.000002
  0.000111   0.000392  -0.000219
 -0.000004  -0.000004   0.000011
  0.000020  -0.000002  -0.000015
  0.000427  -0.000012   0.000085
  0.000018  -0.000008   0.000000
  0.001502   0.000253   0.000462
 -0.000001   0.000015   0.000309
  0.000007   0.000017  -0.000002
  0.000048  -0.000002   0.000007
  0.000091  -0.000143  -0.000114
  0.000046   0.000079   0.000182
  0.000007   0.000030  -0.000004
 -0.000070   0.000236   0.000091
 -0.000126   0.000069  -0.000085
 -0.000090   0.000062  -0.000061
 -0.000064   0.000059   0.000178
  0.000625   0.000510  -0.000059
 -0.000002  -0.000071  -0.000019
  0.000438  -0.000299  -0.000038
  0.000061  -0.000003   0.000062
 -0.000190  -0.000175   0.001091
  0.000034   0.000034  -0.000015
 -0.000016   0.000016   0.000101
 -0.000149   0.000172  -0.000019
 -0.004104   0.005122   0.007110
  0.000055   0.000028  -0.000011
 -0.002417   0.002311   0.003280
  0.000062  -0.000022   0.000017
 -0.000014   0.000013   0.000026
 -0.000979  -0.000237  -0.000265
 -0.000011   0.000027  -0.000047
  0.000121   0.000160  -0.000309
 -0.000005   0.000038   0.000009
 -0.000432   0.000375  -0.000313
 -0.000588  -0.000816  -0.000607
 -0.000403   0.000005   0.000143
  0.000086  -0.000028  -0.000013
  0.000656   0.000039  -0.000357
   29    3  0.0000 -0.0000  0.0150
  0.000095  -0.000005  -0.000060
 -0.000132   0.000178   0.000228
  0.000029   0.001591   0.001455
 -0.000017   0.000080   0.000015
 -0.025679   0.008786   0.019039
 -0.000138   0.000207  -0.000134
  0.058565   0.047968   0.001906
 -0.000001   0.000031  -0.000026
  0.001036  -0.001166  -0.000510
 -0.000021   0.000242  -0.000026
 -0.000236  -0.000296   0.000004
  0.000005  -0.000032   0.000084
 -0.113632   0.044278   0.181095
  0.000002  -0.000047   0.000048
  0.000120   0.000178   0.000759
  0.000009   0.000323  -0.000058
 -0.015171  -0.044698  -0.040186
 -0.000006  -0.000001  -0.000005
 -0.000325   0.000082  -0.000274
  0.000017   0.000006  -0.000043
 -0.000042   0.000026  -0.000004
 -0.000041  -0.000232  -0.000244
 -0.001574   0.003187  -0.007651
  0.000014   0.000015  -0.000006
 -0.032503   0.018588   0.038348
 -0.000010  -0.000011   0.000007
 -0.091791   0.172107   0.275476
 -0.000002  -0.000023   0.000016
  0.170721  -0.353253  -0.565079
  0.000008   0.000009  -0.000010
 -0.000349   0.000717   0.000240
 -0.000011   0.000016   0.000018
  0.000185   0.000139   0.000189
  0.000024   0.000038  -0.000017
 -0.000206   0.000154  -0.000735
  0.000082   0.000053   0.000062
  0.000119   0.000217  -0.000115
  0.000061   0.000007  -0.000002
  0.000197  -0.000242   0.000902
 -0.000047   0.000068  -0.000128
  0.000067   0.000110   0.000045
  0.000061  -0.000356   0.000011
 -0.000074  -0.000086  -0.000012
 -0.000046  -0.000159   0.000091
 -0.000146   0.000056  -0.000384
 -0.000003  -0.000066   0.000065
  0.000373  -0.000289  -0.000875
  0.000010  -0.000048   0.000019
 -0.000538   0.000116   0.000247
  0.000028  -0.000042   0.000004
 -0.000359  -0.000137  -0.000128
 -0.000008  -0.000126  -0.000025
 -0.000008   0.000125   0.000290
  0.000039  -0.000132  -0.000051
  0.000006   0.000013  -0.000011
  0.000027  -0.000006   0.000033
 -0.000058   0.000046  -0.000001
  0.000026   0.000009  -0.000004
  0.000707   0.005615  -0.004312
  0.000009   0.000013   0.000003
 -0.000026   0.000033   0.000015
 -0.000044   0.000023   0.000021
  0.000001   0.000010   0.000008
  0.000058   0.000037  -0.000053
 -0.000402  -0.000148   0.001313
  0.000014   0.000015   0.000005
 -0.002745   0.015417   0.008012
  0.000002   0.000020   0.000000
  0.063485   0.076447   0.087555
  0.000003   0.000018   0.000002
  0.000306   0.000367  -0.000122
  0.000008   0.000016   0.000020
  0.000001   0.000039   0.000023
  0.000022  -0.000048   0.000104
  0.000004   0.000022  -0.000004
  0.000670  -0.000077   0.000162
 -0.000007  -0.000083  -0.000045
  0.000012   0.000045  -0.000002
  0.000058   0.000033  -0.000036
 -0.000044  -0.000123   0.000028
  0.000090   0.000125   0.000086
  0.000019   0.000058  -0.000027
 -0.000033   0.000105   0.000094
  0.000110   0.000061   0.000132
 -0.000032  -0.000000  -0.000033
 -0.000000   0.000160   0.000026
  0.000235   0.000137  -0.000157
 -0.000027  -0.000127  -0.000008
 -0.000901  -0.000960   0.000005
  0.000011  -0.000035   0.000097
 -0.000397  -0.000880   0.000343
  0.000009  -0.000018  -0.000010
  0.000006  -0.000035   0.000049
  0.000157  -0.000103   0.000038
 -0.002564   0.004580   0.000871
  0.000055  -0.000071   0.000026
 -0.006814   0.001578   0.002738
  0.000135  -0.000229   0.000101
  0.000002  -0.000054  -0.000001
 -0.000584   0.000129  -0.000168
 -0.000009  -0.000074  -0.000026
 -0.000275   0.000244   0.000047
 -0.000031  -0.000093  -0.000029
 -0.000013   0.000286  -0.000059
 -0.000415  -0.000638  -0.000931
 -0.000393   0.000400   0.000288
  0.000061   0.000118  -0.000019
  0.000754  -0.000664  -0.000063
   31    1  0.0150  0.0000  0.0000
 -0.000013   0.000021  -0.000011
  0.000007   0.000010  -0.000004
  0.109681   0.002247   0.090053
 -0.000001  -0.000001  -0.000016
 -0.000143   0.000286   0.000275
  0.000002   0.000128  -0.000081
 -0.000663  -0.001376   0.000601
 -0.000005   0.000016   0.000009
  0.001702   0.001445   0.002368
  0.000346  -0.000003   0.000334
  0.097331   0.050454  -0.000631
 -0.000004  -0.000017   0.000015
 -0.000539  -0.000217  -0.000132
 -0.000035  -0.000024   0.000037
 -0.000154  -0.001181   0.000389
 -0.000305  -0.000200  -0.000136
  0.000007   0.000524   0.000748
  0.000044   0.000012  -0.000015
 -0.004442   0.013059   0.021449
  0.000015   0.000025  -0.000023
 -0.000009   0.000020   0.000007
 -0.000007   0.000006  -0.000003
 -0.005608  -0.001050  -0.007132
  0.000159  -0.000003  -0.000070
  0.000883  -0.002233   0.000837
 -0.000020   0.000111   0.000005
  0.000497   0.000963   0.000488
  0.000007  -0.000020   0.000025
  0.000356  -0.000418  -0.000517
  0.000025   0.000009  -0.000014
 -0.278207  -0.173386  -0.179811
 -0.000015   0.000014   0.000018
 -0.010561   0.013224  -0.009444
 -0.000010   0.000035   0.000032
  0.000013  -0.000003  -0.000002
  0.000044   0.000011   0.000038
  0.007790  -0.005628   0.003551
  0.000014  -0.000047  -0.000022
  0.000004   0.000007  -0.000004
  0.000011   0.000018  -0.000019
 -0.009695   0.003653   0.004982
 -0.000005  -0.000184  -0.000078
  0.000435   0.000660  -0.000434
  0.000813   0.000121  -0.000138
  0.000247  -0.001007  -0.002309
  0.000159   0.000083  -0.000150
  0.001139   0.001362  -0.001441
  0.000376   0.000040  -0.000093
  0.000012  -0.000139  -0.000240
  0.004731  -0.002000  -0.000000
 -0.000445   0.000474  -0.000573
  0.000109  -0.000269  -0.000089
  0.000480   0.000871  -0.000542
 -0.000076   0.000122   0.000143
  0.000003   0.000010   0.000002
  0.000001   0.000014   0.000002
 -0.006563  -0.008606   0.004681
 -0.000020  -0.000019  -0.000000
 -0.000010   0.000028   0.000024
  0.000021   0.000000  -0.000018
 -0.007472   0.003883   0.002723
 -0.000044  -0.000018   0.000018
  0.000005   0.000010   0.000009
 -0.000014   0.000004   0.000008
  0.000074  -0.000762  -0.000174
 -0.000046  -0.000058  -0.000025
 -0.000061   0.000002  -0.000045
  0.000003  -0.000011  -0.000016
  0.000021  -0.000000  -0.000002
 -0.000001   0.000002   0.000004
  0.093286   0.105353   0.072074
 -0.000005   0.000015   0.000014
  0.000066  -0.000127  -0.000187
 -0.000016  -0.000025   0.000048
  0.000063  -0.000003   0.000017
 -0.000081   0.000011   0.000003
  0.000016  -0.000002   0.000003
 -0.000049   0.000006   0.000004
  0.001478  -0.000574  -0.000445
 -0.000003  -0.000003  -0.000005
  0.000004   0.000011   0.000004
  0.000000   0.000005  -0.000002
  0.000025  -0.000043   0.000011
  0.000002  -0.000021  -0.000002
  0.000026  -0.000050   0.000021
  0.000004  -0.000016   0.000003
 -0.000011  -0.000017   0.000000
 -0.000014  -0.000014  -0.000019
 -0.000020  -0.000011   0.000004
 -0.000014  -0.000010  -0.000009
  0.000006  -0.000010   0.000001
 -0.000011  -0.000033   0.000023
  0.000009  -0.000018  -0.000009
 -0.000002  -0.000016   0.000013
  0.000099  -0.000073  -0.000077
 -0.000031  -0.000046   0.000020
 -0.000057  -0.000188  -0.000118
  0.000023  -0.000081   0.000046
 -0.000078   0.000068   0.000144
  0.000081   0.000007  -0.000009
  0.000699  -0.001226  -0.000075
  0.000042   0.000072   0.000067
  0.002063   0.001409  -0.000851
  0.000005   0.000086  -0.000014
  0.000015   0.000147   0.000037
  0.000007   0.000115  -0.000002
  0.000040   0.000225  -0.000121
 -0.000041  -0.000025  -0.000035
   31    2  0.0000  0.0150 -0.0000
  0.000062  -0.000046   0.000009
  0.000000  -0.000012   0.000015
  0.021108   0.158794   0.018751
  0.000057  -0.000213   0.000090
  0.000040  -0.000448  -0.000237
  0.000143   0.000076  -0.000095
 -0.001264   0.003502  -0.006037
 -0.000043   0.000021   0.000010
  0.007291   0.007173   0.004525
 -0.000084   0.000061   0.000049
  0.029071   0.416965  -0.174331
 -0.000009   0.000086  -0.000032
  0.000443   0.000408   0.000402
 -0.000022   0.000003   0.000005
 -0.005960   0.002487   0.000977
  0.000984   0.000661  -0.000390
 -0.000191  -0.000261  -0.000316
  0.000010  -0.000013   0.000011
  0.001725  -0.049082   0.035816
 -0.000076   0.000016  -0.000016
  0.000043  -0.000022   0.000025
  0.000019  -0.000016  -0.000017
 -0.008443   0.011048  -0.044746
  0.000057  -0.000106  -0.000004
 -0.001412   0.002192  -0.000487
  0.000040   0.000058   0.000022
 -0.000730  -0.000909  -0.001072
  0.000017  -0.000022   0.000003
 -0.000253   0.000380   0.000695
  0.000013   0.000039  -0.000014
 -0.173697  -0.987065   0.005677
 -0.000003  -0.000030  -0.000057
  0.026127   0.076345   0.030684
  0.000034  -0.000067   0.000084
 -0.000012  -0.000008  -0.000002
 -0.000015  -0.000019   0.000056
 -0.005476   0.026369  -0.037888
 -0.000041   0.000051   0.000031
  0.000003  -0.000013  -0.000002
 -0.000049  -0.000023   0.000002
  0.004856  -0.001040   0.009606
 -0.000019   0.000123   0.000156
  0.000523  -0.001592  -0.000703
 -0.000546  -0.000295   0.000253
 -0.000303  -0.002002  -0.003197
  0.000071  -0.000013  -0.000066
  0.001716   0.000426  -0.000344
 -0.000322  -0.000053   0.000386
 -0.000506  -0.000825  -0.000176
 -0.001277   0.000435   0.000006
 -0.002629   0.002661  -0.002922
  0.000043  -0.000050  -0.000021
  0.001990   0.000826  -0.001068
 -0.000272  -0.000324  -0.000186
  0.000017  -0.000027   0.000001
  0.000013  -0.000028   0.000007
  0.001233  -0.000751   0.000901
  0.000022   0.000009  -0.000019
 -0.000024   0.000074  -0.000050
  0.000024   0.000083  -0.000035
  0.003561   0.005634   0.003515
  0.000102  -0.000001  -0.000100
  0.000091  -0.000006   0.000009
  0.000044  -0.000024  -0.000011
  0.000041   0.000716   0.000067
 -0.000048  -0.000121  -0.000013
 -0.000005   0.000055  -0.000132
  0.000002   0.000031  -0.000005
  0.000018  -0.000010   0.000075
 -0.000014  -0.000012  -0.000013
  0.104121   0.324429   0.165431
  0.000034   0.000012  -0.000001
  0.000308  -0.000423  -0.000797
  0.000031   0.000029  -0.000031
  0.000298  -0.000052   0.000021
  0.000177  -0.000021   0.000025
 -0.000025  -0.000015   0.000012
 -0.000134  -0.000080   0.000060
 -0.000768   0.000098  -0.001019
  0.000050   0.000055  -0.000009
 -0.000005  -0.000022   0.000005
 -0.000010  -0.000032  -0.000006
 -0.000037   0.000109  -0.000012
 -0.000006   0.000055   0.000018
 -0.000059   0.000043  -0.000005
  0.000012   0.000047   0.000004
  0.000007   0.000044  -0.000005
  0.000021   0.000032   0.000014
  0.000010   0.000052   0.000012
  0.000039   0.000101  -0.000049
 -0.000005   0.000033   0.000003
  0.000075   0.000062  -0.000011
 -0.000024   0.000034   0.000022
 -0.000004   0.000038  -0.000012
 -0.000154   0.000190   0.000066
 -0.000158   0.000006   0.000041
  0.000101   0.000354   0.000180
 -0.000047   0.000080   0.000009
 -0.000301   0.000337   0.000539
 -0.000127   0.000007   0.000009
 -0.000973  -0.001888  -0.001566
 -0.000003  -0.000039  -0.000117
 -0.000395   0.004648  -0.000815
  0.000012  -0.000080  -0.000007
 -0.000025  -0.000311  -0.000041
 -0.000024  -0.000194  -0.000032
  0.000038   0.000029  -0.000082
  0.000042  -0.000027   0.000028
   31    3  0.0000 -0.0000  0.0150
 -0.000031   0.000038  -0.000014
  0.000014   0.000027   0.000001
  0.071019  -0.058756   0.427531
  0.000044  -0.000113   0.000043
 -0.000093   0.000448   0.000389
 -0.000075   0.000045  -0.000002
 -0.000241  -0.000182   0.001307
 -0.000075   0.000014   0.000062
 -0.002597  -0.002113  -0.001593
 -0.000589   0.000099   0.000083
  0.016108  -0.092513   0.230763
  0.000011   0.000034   0.000031
 -0.000185  -0.000256  -0.000182
 -0.000067  -0.000004   0.000046
  0.001516  -0.002420  -0.001464
 -0.000522   0.000669  -0.000458
  0.000156   0.000557   0.000553
  0.000072   0.000009  -0.000031
  0.032330   0.087148   0.044065
 -0.000026   0.000049   0.000031
 -0.000021   0.000044  -0.000025
 -0.000006   0.000014  -0.000004
  0.002035  -0.017763   0.020226
  0.000049  -0.000085  -0.000021
  0.000017  -0.001374   0.000168
 -0.000038   0.000195  -0.000069
  0.000686   0.000306   0.000440
  0.000046   0.000004   0.000057
  0.000159   0.000060   0.000226
  0.000044  -0.000013   0.000016
 -0.180041   0.005624  -0.906016
  0.000011   0.000067  -0.000099
 -0.017395  -0.020441  -0.070776
  0.000000   0.000011   0.000086
  0.000005   0.000016  -0.000011
 -0.000005   0.000032  -0.000046
  0.003401  -0.038398   0.056032
 -0.000001  -0.000050  -0.000018
 -0.000007   0.000030   0.000017
  0.000012   0.000013  -0.000010
  0.003852   0.006257  -0.001317
  0.000016  -0.000155  -0.000071
  0.000145   0.002059   0.000117
 -0.000388  -0.000462   0.000394
 -0.000593   0.001436   0.002906
  0.000105   0.000031  -0.000054
 -0.000229  -0.000085   0.001439
  0.000331  -0.000101   0.000225
  0.000389   0.001325  -0.000861
  0.000721  -0.000429  -0.000361
  0.000240   0.000793   0.000251
  0.000072  -0.000143  -0.000017
  0.000252   0.000565  -0.000260
  0.000136   0.000092   0.000191
  0.000000   0.000018   0.000002
  0.000000   0.000026   0.000001
 -0.003522  -0.037795   0.011756
  0.000029  -0.000025  -0.000020
  0.000001   0.000016  -0.000019
  0.000067  -0.000037  -0.000013
  0.002943   0.002616  -0.001501
  0.000063  -0.000039  -0.000037
 -0.000050   0.000042   0.000002
 -0.000016   0.000008   0.000020
  0.000303  -0.000200  -0.000339
 -0.000176  -0.000069  -0.000018
  0.000020   0.000105  -0.000129
  0.000011  -0.000056  -0.000087
  0.000014   0.000012   0.000001
 -0.000001  -0.000019   0.000010
  0.071437   0.165114   0.185621
 -0.000072   0.000033   0.000024
 -0.000097   0.000103   0.000977
 -0.000000  -0.000006   0.000038
 -0.000005   0.000045   0.000045
 -0.000098   0.000007  -0.000004
  0.000017   0.000012   0.000005
  0.000115   0.000091  -0.000035
 -0.000500  -0.001034   0.000852
  0.000037   0.000041  -0.000005
  0.000006   0.000024   0.000003
  0.000003   0.000018   0.000007
  0.000042  -0.000074   0.000027
  0.000009  -0.000032  -0.000002
  0.000041  -0.000056   0.000024
 -0.000003  -0.000020  -0.000002
  0.000003  -0.000030   0.000016
 -0.000009  -0.000034   0.000010
 -0.000009  -0.000037  -0.000005
 -0.000044  -0.000076   0.000053
  0.000007  -0.000027   0.000005
 -0.000060  -0.000072   0.000060
  0.000021  -0.000029  -0.000011
 -0.000001  -0.000026   0.000017
  0.000189  -0.000118  -0.000137
  0.000058  -0.000034  -0.000032
 -0.000070  -0.000256  -0.000156
  0.000043  -0.000080   0.000023
  0.000030   0.000160  -0.000467
  0.000062   0.000002  -0.000004
 -0.000460  -0.000792   0.001078
 -0.000005   0.000062   0.000069
 -0.001127  -0.000459  -0.001261
 -0.000010   0.000073  -0.000010
  0.000012   0.000248   0.000021
  0.000016   0.000184   0.000039
 -0.000036   0.000199  -0.000396
 -0.000001   0.000018  -0.000033
   33    1  0.0150  0.0000  0.0000
  0.000010  -0.000139   0.000317
  0.000004  -0.000027  -0.000033
  0.016605   0.007134   0.017324
  0.000024   0.000038   0.000021
  0.000100  -0.000138  -0.000122
  0.000142  -0.000008  -0.000004
  0.000043   0.000236   0.000006
 -0.000033  -0.000018   0.000051
 -0.000203   0.000070   0.000249
 -0.000385   0.000070   0.000008
  0.122077   0.076643   0.069684
 -0.000009   0.000011  -0.000004
  0.000189   0.000121   0.000071
  0.000002   0.000016  -0.000031
 -0.000318   0.000638   0.000294
 -0.000329  -0.000129   0.000003
 -0.000052  -0.000146  -0.000250
 -0.000085  -0.000055   0.000022
 -0.015958  -0.023657   0.001539
 -0.000005  -0.000008  -0.000000
  0.000223  -0.000095  -0.000105
 -0.000015  -0.000009   0.000018
  0.001442  -0.000286   0.000207
  0.000076  -0.000093  -0.000021
 -0.000171   0.000391  -0.000023
  0.000025   0.000037  -0.000035
 -0.000093  -0.000230  -0.000190
  0.000027   0.000031   0.000004
 -0.000112   0.000116   0.000180
  0.000036  -0.000010   0.000026
 -0.010584   0.026178  -0.017528
 -0.000008  -0.000017  -0.000001
 -0.274635  -0.135358  -0.174712
  0.000002  -0.000020  -0.000001
 -0.000015   0.000005  -0.000016
  0.000007  -0.000005   0.000073
  0.112040   0.016209   0.076022
 -0.000005   0.000012   0.000007
 -0.000012   0.000021   0.000020
 -0.000000   0.000008  -0.000269
  0.114524   0.008080  -0.000305
 -0.000005   0.000050   0.000038
 -0.000173  -0.000540  -0.000014
  0.000466  -0.000180  -0.000005
  0.000112  -0.000166  -0.000349
  0.000076   0.000030  -0.000045
 -0.000007   0.000023  -0.000101
  0.000527   0.000040  -0.000515
 -0.000006  -0.000030   0.000086
  0.001101   0.000351  -0.000057
  0.000042  -0.000162   0.000020
  0.000076   0.000082   0.000033
  0.000192   0.000007  -0.000108
  0.004304   0.000051  -0.001545
 -0.000006   0.000011  -0.000005
  0.000004  -0.000031   0.000004
 -0.002271   0.008007   0.005218
  0.000003   0.000007  -0.000002
 -0.000007   0.000004  -0.000004
 -0.000039   0.000100   0.000066
 -0.009594   0.002688   0.001431
  0.000006   0.000003  -0.000011
  0.000212   0.000065  -0.000133
  0.000007  -0.000005  -0.000005
  0.000094   0.000069   0.000066
 -0.000050  -0.000009   0.000005
  0.000007   0.000011  -0.000003
  0.000036  -0.000077  -0.000066
  0.000002  -0.000002   0.000004
  0.000001  -0.000032  -0.000014
 -0.009675   0.001556   0.001608
  0.000005   0.000007   0.000001
  0.000406   0.000541   0.000215
 -0.000001   0.000006  -0.000006
  0.000054   0.000190   0.000011
  0.000034  -0.000011   0.000002
 -0.000005   0.000006   0.000003
  0.000198   0.000113   0.000110
 -0.001621  -0.001068   0.012728
  0.000002   0.000002   0.000002
 -0.000012   0.000007   0.000007
 -0.000019  -0.000022   0.000011
 -0.000353   0.000274  -0.000100
  0.000003   0.000035   0.000015
 -0.000530   0.000832  -0.000337
 -0.000001   0.000010  -0.000000
  0.000016  -0.000025   0.000033
 -0.000054  -0.000105   0.000160
  0.000006  -0.000013  -0.000012
 -0.000341  -0.000179   0.000179
  0.000011   0.000006  -0.000007
 -0.000516  -0.000777   0.000105
 -0.000144   0.000086  -0.000036
  0.000007   0.000047  -0.000005
 -0.000083   0.000059   0.000051
 -0.000104  -0.000057   0.000035
 -0.000016   0.000092   0.000060
 -0.000072   0.000036  -0.000023
 -0.000051  -0.000460  -0.000174
 -0.000018   0.000013   0.000003
 -0.020372  -0.003187   0.006733
 -0.000001  -0.000014  -0.000027
 -0.024519   0.015801   0.001243
  0.000010  -0.000020   0.000001
  0.000228  -0.000068  -0.000026
  0.000233  -0.000021  -0.000016
 -0.002362   0.000341   0.000962
 -0.000025  -0.000014   0.000011
   33    2  0.0000  0.0150 -0.0000
  0.000243  -0.000329   0.000215
 -0.000080  -0.000164  -0.000061
  0.006316   0.010851   0.030366
 -0.000071   0.000243   0.000195
 -0.000050  -0.001392  -0.001011
  0.000423   0.000172  -0.000271
  0.000322  -0.000090  -0.000577
  0.000010   0.000221  -0.000191
  0.001148  -0.000541   0.001886
  0.000406   0.000883  -0.000478
  0.092865   0.342524   0.153707
  0.000001   0.000023   0.000066
  0.000163   0.000533   0.000472
 -0.000073  -0.000109   0.000100
 -0.002738   0.000740   0.001709
 -0.000335   0.001018   0.000180
 -0.000066  -0.000188  -0.000331
  0.000066  -0.000051  -0.000077
 -0.012569  -0.020036  -0.043398
 -0.000004  -0.000053  -0.000146
  0.000311  -0.000151  -0.000148
 -0.000044  -0.000081   0.000027
  0.000960  -0.001050   0.000364
 -0.000043   0.000119  -0.000022
 -0.000295   0.000573   0.000169
  0.000007  -0.000146  -0.000025
 -0.000418   0.000071  -0.000075
 -0.000137  -0.000121   0.000227
 -0.000015   0.000068   0.000125
 -0.000004   0.000114  -0.000050
  0.013244   0.076382  -0.020318
 -0.000034  -0.000045  -0.000008
 -0.135484  -0.860742  -0.013019
  0.000010  -0.000114  -0.000051
  0.000063  -0.000097   0.000071
 -0.000165  -0.000173  -0.000021
  0.002241   0.162100  -0.050504
  0.000034  -0.000008   0.000060
  0.000070  -0.000168  -0.000138
 -0.000236  -0.000255   0.000242
  0.008850   0.217363  -0.054603
 -0.000007  -0.000305   0.000236
  0.000521  -0.000781  -0.000663
  0.000108  -0.000368   0.000235
 -0.000070   0.000201  -0.001007
 -0.000183  -0.000362   0.000513
  0.000613   0.000212  -0.000494
 -0.000163  -0.000090  -0.000152
 -0.000393  -0.000045  -0.000234
 -0.000709  -0.000062   0.000159
 -0.000422   0.000713  -0.000621
 -0.000187  -0.000338  -0.000042
  0.001105   0.000827  -0.000980
  0.000462  -0.000693  -0.000417
  0.000050  -0.000108   0.000000
  0.000019  -0.000133   0.000019
 -0.002454  -0.007962  -0.002868
  0.000016  -0.000002  -0.000035
  0.000001  -0.000011   0.000007
  0.000033   0.000112   0.000061
  0.002660   0.006112  -0.003563
 -0.000091   0.000070  -0.000021
  0.000283   0.000032   0.000007
  0.000049  -0.000076  -0.000049
  0.000374   0.000080   0.000037
  0.000185   0.000096   0.000134
 -0.000032  -0.000099  -0.000027
 -0.000150   0.000109  -0.000141
  0.000012  -0.000075   0.000080
 -0.000085  -0.000090   0.000016
  0.002048   0.003582  -0.004616
  0.000089   0.000080   0.000056
  0.001817  -0.000307  -0.003574
 -0.000060  -0.000135   0.000091
  0.000960   0.000110   0.000172
  0.000176  -0.000135   0.000002
 -0.000018  -0.000115  -0.000013
 -0.000798  -0.000258   0.000225
  0.008988  -0.007583   0.034342
 -0.000050  -0.000070  -0.000018
 -0.000021  -0.000136   0.000019
 -0.000047  -0.000140  -0.000050
 -0.000261   0.000443  -0.000032
  0.000074   0.000216   0.000068
 -0.000410   0.000376  -0.000225
  0.000114   0.000251   0.000020
 -0.000078   0.000219  -0.000047
  0.000222   0.000184   0.000003
 -0.000063   0.000264   0.000085
  0.000384   0.000553  -0.000289
 -0.000122   0.000264   0.000018
  0.000466   0.000535  -0.000266
 -0.000205   0.000150   0.000130
  0.000074   0.000175  -0.000058
 -0.000242   0.000529   0.000316
 -0.000607  -0.000060   0.000080
  0.000347   0.001076   0.000559
 -0.000108   0.000180   0.000065
 -0.001838   0.000561   0.002013
 -0.000060   0.000297  -0.000097
  0.000269   0.002408  -0.026470
  0.000020   0.000242  -0.000094
  0.011924   0.076160   0.001058
  0.000001   0.000332  -0.000117
 -0.000131  -0.001178   0.000073
 -0.000170  -0.000764  -0.000349
  0.000831  -0.002488   0.002042
  0.000044  -0.000680   0.000028
   33    3  0.0000 -0.0000  0.0150
 -0.000239   0.000266  -0.000456
  0.000062   0.000088   0.000034
  0.018668   0.030922   0.058061
  0.000012  -0.000060  -0.000071
  0.000127   0.000639   0.000437
 -0.000425   0.000024   0.000070
  0.000421   0.000089   0.000372
 -0.000005  -0.000241   0.000201
 -0.000021   0.001221  -0.001056
  0.000718  -0.001015  -0.000496
  0.056991   0.088355   0.244040
 -0.000013  -0.000003  -0.000074
  0.000228  -0.000145  -0.000162
  0.000126   0.000133  -0.000148
  0.001715   0.000158   0.000225
 -0.000574  -0.001370  -0.000168
 -0.000024  -0.000041  -0.000118
 -0.000270  -0.000060   0.000203
 -0.009290  -0.094515   0.031993
 -0.000016   0.000013   0.000055
 -0.000361  -0.000027   0.000493
  0.000041   0.000038  -0.000022
 -0.000200   0.000944   0.001773
 -0.000181   0.000026   0.000148
 -0.000297   0.000096   0.000020
  0.000080   0.000049  -0.000071
  0.000173  -0.000180  -0.000235
  0.000101   0.000058  -0.000155
 -0.000142   0.000148   0.000194
 -0.000007  -0.000028  -0.000002
 -0.009447   0.030779  -0.070841
  0.000031  -0.000091   0.000086
 -0.174876  -0.012948  -0.917047
 -0.000003   0.000070   0.000014
 -0.000046   0.000036  -0.000030
  0.000568   0.000006   0.000592
  0.090969   0.011612   0.425805
 -0.000046   0.000054  -0.000013
 -0.000034   0.000064   0.000069
  0.000201   0.000243  -0.000576
  0.002924  -0.054101   0.147582
 -0.000011   0.000242  -0.000075
 -0.000776  -0.000668   0.000419
  0.000465   0.000573  -0.000194
  0.000046  -0.000128  -0.000038
 -0.000233   0.000087   0.000150
 -0.000458   0.000389  -0.000678
  0.000037   0.000283   0.000114
  0.000134  -0.000992   0.000739
 -0.001331   0.000487   0.000240
  0.000131  -0.000584   0.000306
 -0.000120   0.000678   0.000188
 -0.000447  -0.000300   0.000313
 -0.001541   0.000369   0.000536
 -0.000028   0.000052  -0.000010
  0.000010   0.000071   0.000007
  0.013274   0.033547   0.017347
 -0.000014   0.000007   0.000026
 -0.000024   0.000033  -0.000052
 -0.000182   0.000132  -0.000063
  0.001514  -0.003155  -0.001866
  0.000040  -0.000005  -0.000027
  0.000004   0.000022  -0.000037
 -0.000024   0.000048   0.000022
 -0.000009   0.000194   0.000123
 -0.000209  -0.000081   0.000129
  0.000010   0.000051  -0.000000
  0.000099  -0.000072   0.000089
  0.000006  -0.000000  -0.000008
  0.000033   0.000050  -0.000042
  0.001531  -0.005351   0.000518
  0.000040  -0.000078  -0.000032
  0.001124  -0.000119  -0.001032
  0.000037   0.000083  -0.000058
 -0.000684   0.000217   0.000013
 -0.000058   0.000077  -0.000002
  0.000009   0.000060   0.000002
 -0.000216   0.000046  -0.000006
  0.003736  -0.001700   0.015030
  0.000023   0.000044   0.000005
  0.000002   0.000054   0.000010
  0.000014   0.000020  -0.000025
  0.000440  -0.000267  -0.000040
 -0.000043  -0.000152  -0.000059
  0.000402  -0.001167   0.000259
 -0.000080  -0.000146  -0.000020
  0.000046  -0.000125   0.000039
 -0.000367  -0.000279  -0.000098
  0.000038  -0.000140  -0.000074
 -0.000458  -0.000217  -0.000073
  0.000084  -0.000152  -0.000018
 -0.000372  -0.001164   0.000400
  0.000338  -0.000233  -0.000126
 -0.000049  -0.000127   0.000065
  0.000077  -0.000286  -0.000130
  0.000495  -0.000035  -0.000031
 -0.000177  -0.000545  -0.000258
  0.000208  -0.000207   0.000048
 -0.000169  -0.000392   0.001806
  0.000018  -0.000163   0.000057
  0.003001  -0.053942   0.063793
 -0.000011  -0.000150   0.000015
  0.003162   0.026639  -0.017268
 -0.000003  -0.000197   0.000056
 -0.000017   0.000721  -0.000106
 -0.000035   0.000462   0.000235
 -0.000127   0.005920  -0.001264
  0.000006   0.000356  -0.000017
   35    1  0.0150  0.0000  0.0000
  0.000320  -0.000027  -0.000409
  0.000108   0.000688   0.001353
  0.000033   0.000015   0.000010
  0.000060  -0.000072   0.000029
  0.002942   0.000898   0.000223
 -0.000097  -0.000236   0.000178
  0.000347  -0.000009  -0.000155
 -0.000009  -0.000082   0.000086
  0.000122   0.000326  -0.000057
 -0.000058  -0.000318  -0.000008
  0.000005   0.000021  -0.000001
 -0.000037   0.000006   0.000068
 -0.000038  -0.000287  -0.000100
  0.000100   0.000027  -0.000003
 -0.000483  -0.000390   0.000033
  0.000150  -0.000274  -0.000025
  0.000261  -0.000062  -0.000264
 -0.000047  -0.000019   0.000043
  0.000003  -0.000002   0.000001
 -0.000019   0.000146   0.000048
 -0.000251   0.000165   0.000029
  0.001823   0.000703  -0.001023
 -0.000056   0.000022   0.000039
 -0.000039  -0.000103   0.000002
 -0.000053   0.000071   0.000018
 -0.000010   0.000002   0.000000
 -0.000567   0.000141   0.000367
  0.000013   0.000043  -0.000022
 -0.000078  -0.000698  -0.000210
  0.000071  -0.000074   0.000082
  0.000004   0.000030  -0.000011
  0.000047  -0.000031  -0.000016
 -0.000021   0.000047  -0.000127
  0.000018   0.000099   0.000554
 -0.731557   0.307161  -0.027839
  0.000774   0.000647  -0.000831
  0.000005  -0.000011   0.000049
  0.000027  -0.000038  -0.000051
 -0.029978   0.031859   0.056313
 -0.000768  -0.000348   0.000395
 -0.000033  -0.000372   0.000152
  0.000083   0.000327  -0.005070
  0.000032   0.000111   0.000034
  0.000012   0.000109  -0.000053
 -0.000000  -0.000051  -0.000050
  0.000015   0.000082  -0.000083
  0.000137   0.000052   0.000047
 -0.000041   0.000043  -0.000015
 -0.000077  -0.000048   0.000019
 -0.000013   0.000061   0.000005
  0.000012  -0.000172   0.000052
  0.000032   0.000172   0.000047
  0.000128   0.000198  -0.000111
 -0.000076   0.000143   0.000076
  0.000064   0.000053  -0.000052
  0.000010  -0.000008   0.000084
 -0.000006  -0.000012   0.000002
  0.000031  -0.000120  -0.000003
  0.000062  -0.000026   0.000080
 -0.000021   0.000002  -0.000006
  0.000004  -0.000007  -0.000004
 -0.000017  -0.000041   0.000008
 -0.000037   0.000025   0.000045
  0.000146   0.000039  -0.000096
  0.000067  -0.000041  -0.000021
 -0.000033  -0.000019   0.000004
 -0.000228  -0.000438  -0.000217
 -0.000006  -0.000051   0.000008
 -0.000042   0.000887   0.000248
 -0.000003  -0.000079  -0.000078
 -0.000023   0.000023  -0.000015
 -0.000008  -0.000011  -0.000012
 -0.000011  -0.000008  -0.000016
  0.000174   0.000034   0.000035
 -0.000072   0.000022  -0.000013
  0.001475   0.000111   0.000120
  0.080251  -0.046924  -0.055324
  0.000160   0.000031  -0.000015
  0.000003  -0.000010   0.000012
 -0.000011  -0.000064   0.000057
  0.002573  -0.006461  -0.001191
 -0.000935   0.000205  -0.000804
 -0.000212  -0.000226  -0.000017
  0.000264  -0.001144  -0.000772
 -0.000176   0.000351  -0.000161
 -0.002074   0.000164   0.000641
  0.381828  -0.194734  -0.054412
  0.000644   0.000548  -0.000587
  0.027438  -0.066199  -0.076624
 -0.000343   0.000505  -0.001792
  0.241422  -0.016395   0.147221
  0.000081   0.000799  -0.001055
 -0.000218  -0.000169   0.000186
 -0.002086  -0.000075   0.000540
 -0.001926   0.000013   0.000018
  0.000092  -0.000005  -0.000043
 -0.001512  -0.001774  -0.002191
  0.000336  -0.000422   0.000419
  0.000121   0.000011   0.000143
 -0.001479  -0.000288  -0.000522
  0.000050   0.000229  -0.000184
 -0.001542   0.002327   0.003355
  0.000094   0.000243  -0.000016
  0.003416  -0.003008   0.001053
  0.014346  -0.005470   0.007118
 -0.003306   0.002966   0.002617
 -0.000516  -0.000434  -0.000142
  0.018410  -0.005618   0.008553
   35    2  0.0000  0.0150 -0.0000
 -0.000204   0.000099   0.000145
  0.000434   0.000033  -0.000613
 -0.000007   0.000029  -0.000013
 -0.000024   0.000011   0.000031
  0.000304   0.000194  -0.000037
  0.000184   0.000155  -0.000120
 -0.000095   0.000084  -0.000014
  0.000001   0.000036  -0.000038
 -0.000014  -0.000031   0.000047
  0.000024   0.000184  -0.000002
  0.000001   0.000009   0.000021
 -0.000001  -0.000028  -0.000064
 -0.000075   0.000047   0.000070
 -0.000062  -0.000005   0.000008
  0.000193   0.000370  -0.000101
 -0.000073   0.000174   0.000012
 -0.000046   0.000071   0.000046
  0.000020   0.000016  -0.000030
 -0.000007  -0.000020   0.000005
 -0.000002  -0.000039  -0.000031
  0.000161  -0.000120   0.000051
 -0.000925  -0.000927  -0.000096
 -0.000004  -0.000026   0.000004
  0.000014   0.000047  -0.000002
  0.000004  -0.000071   0.000021
 -0.000009  -0.000003   0.000006
  0.000074   0.000465  -0.000079
 -0.000004  -0.000028   0.000017
  0.000320   0.000078   0.000202
 -0.000037   0.000041  -0.000038
 -0.000002   0.000004   0.000009
 -0.000004  -0.000021  -0.000016
 -0.000000  -0.000050   0.000030
  0.000007  -0.000155   0.000003
  0.306811  -0.551894  -0.363157
 -0.000646  -0.000405   0.000589
  0.000003   0.000013  -0.000012
  0.000038  -0.000066   0.000061
 -0.005688   0.000012   0.034980
  0.000165   0.001285  -0.001072
  0.000020   0.000281  -0.000046
 -0.000514   0.000812   0.000732
 -0.000011  -0.000109  -0.000032
 -0.000007  -0.000067   0.000032
 -0.000003   0.000010   0.000001
 -0.000012  -0.000049   0.000051
 -0.000051  -0.000055   0.000009
  0.000017  -0.000027   0.000010
  0.000016   0.000004  -0.000007
 -0.000000  -0.000032  -0.000000
  0.000004   0.000030  -0.000012
 -0.000019  -0.000099  -0.000025
 -0.000106  -0.000165   0.000113
  0.000041  -0.000088  -0.000048
 -0.000026   0.000022   0.000013
  0.000039   0.000035  -0.000029
  0.000002   0.000015   0.000003
 -0.000020   0.000035   0.000005
 -0.000015  -0.000033  -0.000036
  0.000006   0.000007   0.000008
 -0.000005   0.000008   0.000006
 -0.000000   0.000010  -0.000007
  0.000026  -0.000004  -0.000022
 -0.000041  -0.000060   0.000006
 -0.000015   0.000015   0.000019
  0.000013   0.000012   0.000003
  0.000295   0.000395  -0.000274
 -0.000004   0.000021  -0.000002
 -0.000406  -0.000275  -0.000048
 -0.000002   0.000042   0.000025
  0.000002   0.000001   0.000006
  0.000006  -0.000004   0.000013
  0.000011   0.000073   0.000032
 -0.000566  -0.000157   0.000890
  0.000087   0.000006   0.000019
  0.000353   0.000141  -0.000295
 -0.048034   0.152238   0.180535
 -0.000057  -0.000023   0.000034
 -0.000009   0.000013   0.000000
 -0.000031  -0.000029   0.000047
 -0.006971  -0.000986   0.003839
  0.000572   0.001396  -0.000366
 -0.000067   0.000256   0.000076
 -0.001128   0.000857   0.000929
  0.000054  -0.000186   0.000149
  0.001057   0.000181  -0.000855
 -0.185541   0.240332   0.051691
 -0.000288   0.000579   0.001531
 -0.034502   0.037426   0.095549
  0.000037   0.000377   0.000133
 -0.018277   0.119627   0.008226
  0.000211  -0.000459   0.000841
  0.000147   0.000027  -0.000112
  0.003213   0.000255  -0.000298
 -0.000604  -0.000004   0.000224
 -0.000134  -0.000015   0.000022
 -0.000480   0.000332   0.000969
 -0.000223   0.000248  -0.000303
 -0.000099  -0.000065  -0.000040
 -0.001440   0.000381  -0.001571
 -0.000022  -0.000135   0.000058
  0.000517  -0.000545   0.000037
 -0.000047  -0.000177  -0.000011
 -0.000542  -0.000077  -0.000117
 -0.006289   0.001010  -0.006092
  0.003545  -0.003363  -0.001170
  0.000151   0.000198   0.000024
 -0.004662   0.000013  -0.005918
   35    3  0.0000 -0.0000  0.0150
 -0.000201   0.000292  -0.000161
  0.001212   0.001055   0.000650
 -0.000037   0.000015   0.000029
  0.000034  -0.000081   0.000069
  0.003979   0.002127   0.000709
  0.000287   0.000048  -0.000125
 -0.000031  -0.000327  -0.000234
  0.000007  -0.000055   0.000064
  0.000174   0.000234  -0.000127
 -0.000035  -0.000198   0.000015
 -0.000006  -0.000003   0.000001
 -0.000038   0.000023  -0.000044
 -0.000263   0.000084   0.000029
 -0.000017   0.000100  -0.000005
 -0.000062   0.000602  -0.000731
  0.000063  -0.000247   0.000009
  0.000406   0.000176  -0.000003
 -0.000019   0.000028   0.000001
 -0.000002   0.000023  -0.000002
 -0.000019   0.000131   0.000069
  0.000034  -0.000129   0.000252
  0.000294  -0.000591  -0.001971
  0.000004  -0.000102   0.000018
 -0.000025  -0.000035   0.000012
  0.000227  -0.000059  -0.000149
 -0.000035   0.000019   0.000008
 -0.000335  -0.000015   0.000289
  0.000017   0.000041  -0.000015
  0.000062  -0.000472  -0.000675
  0.000048  -0.000043   0.000063
 -0.000009  -0.000001  -0.000004
  0.000022  -0.000041  -0.000045
 -0.000025   0.000069  -0.000016
  0.000052   0.000064   0.000585
 -0.028050  -0.363435  -1.077117
 -0.000825  -0.000587   0.000379
 -0.000004   0.000006   0.000021
  0.000056  -0.000085   0.000004
 -0.025428   0.084474   0.135440
 -0.000330  -0.001350  -0.000091
 -0.000051  -0.000266   0.000071
 -0.001260   0.002857  -0.004929
 -0.000013  -0.000139   0.000046
  0.000010   0.000102  -0.000038
 -0.000013  -0.000009   0.000041
  0.000001   0.000063  -0.000044
  0.000154  -0.000021   0.000248
 -0.000022   0.000042  -0.000001
 -0.000108  -0.000044   0.000039
 -0.000014   0.000048   0.000013
  0.000007  -0.000125   0.000052
  0.000017   0.000116   0.000037
 -0.000123  -0.000358   0.000376
 -0.000053   0.000115   0.000072
 -0.000012   0.000143  -0.000028
  0.000154   0.000077   0.000085
 -0.000009  -0.000011   0.000008
 -0.000008  -0.000090  -0.000001
  0.000081  -0.000058   0.000089
 -0.000013   0.000008   0.000000
 -0.000003  -0.000005   0.000005
 -0.000022  -0.000035   0.000013
  0.000006   0.000023  -0.000013
  0.000020  -0.000040  -0.000097
  0.000048  -0.000040  -0.000029
 -0.000025  -0.000006   0.000010
 -0.000144  -0.000637  -0.000357
 -0.000020  -0.000055   0.000012
  0.000081   0.001011   0.001209
  0.000015  -0.000031  -0.000057
 -0.000002  -0.000007   0.000029
 -0.000017  -0.000009  -0.000008
 -0.000058   0.000041   0.000048
 -0.001241  -0.000219   0.001635
 -0.000056   0.000079   0.000015
  0.002070   0.000358  -0.000202
 -0.059562   0.182396   0.385168
 -0.000058  -0.000202   0.000169
 -0.000008  -0.000002   0.000012
 -0.000097  -0.000076   0.000174
 -0.002967   0.004588   0.000510
 -0.000195   0.000122   0.000088
 -0.000162   0.000182   0.000295
 -0.001393  -0.000301   0.000616
  0.000033  -0.000055   0.000177
 -0.002255   0.000649   0.000321
 -0.036373   0.038187   0.149697
 -0.000109   0.001554   0.001854
 -0.007905   0.053244   0.083916
 -0.000771   0.000453   0.001453
  0.145438   0.011113   0.327993
  0.000621   0.000090   0.000224
  0.000082  -0.000224  -0.000088
  0.000978   0.000553   0.000060
 -0.003264  -0.000245   0.000385
 -0.000169  -0.000073   0.000030
 -0.003301  -0.001516  -0.001309
 -0.000396  -0.000048  -0.000486
  0.000142  -0.000071   0.000100
 -0.003040   0.001031  -0.003669
  0.000075   0.000145  -0.000075
 -0.001222   0.001929   0.004109
  0.000158   0.000207  -0.000021
  0.003123  -0.002304   0.000375
  0.006404  -0.005634  -0.005575
  0.004852  -0.001532   0.000486
 -0.000740  -0.000273  -0.000080
  0.011520  -0.008524  -0.002465
   37    1  0.0150  0.0000  0.0000
 -0.000056   0.000009   0.000086
  0.000021   0.000016   0.000009
 -0.008253   0.014090  -0.008908
  0.000047   0.000031  -0.000034
  0.000001  -0.000077  -0.000083
 -0.000452  -0.000196   0.000309
  0.000493   0.001307  -0.000912
 -0.000082   0.000024   0.000030
  0.001133   0.001107   0.000034
 -0.000066  -0.000244  -0.000098
 -0.003029   0.012832   0.021691
 -0.000004  -0.000001   0.000009
  0.000031   0.000113   0.000055
  0.000020   0.000108  -0.000079
  0.000657  -0.001913  -0.000137
 -0.000391   0.000869   0.000430
 -0.000003  -0.000071  -0.000034
 -0.000063  -0.000088   0.000082
  0.096571   0.047756  -0.001974
  0.000003  -0.000039   0.000021
  0.000002  -0.000017   0.000009
  0.000017   0.000011  -0.000002
 -0.008295   0.003824   0.004160
 -0.000031  -0.000103   0.000008
  0.000209   0.000134   0.000096
  0.000058  -0.000014  -0.000053
 -0.000283   0.000177   0.000199
  0.000065   0.000046   0.000002
  0.000113  -0.000001   0.000133
  0.000058  -0.000075   0.000073
  0.007788  -0.005489   0.003397
  0.000007   0.000084  -0.000032
  0.112049   0.002227   0.090798
 -0.000014  -0.000040  -0.000046
 -0.000040   0.000006  -0.000117
  0.000025  -0.000055   0.000085
 -0.276271  -0.172672  -0.183579
 -0.000014   0.000006   0.000036
 -0.000027  -0.000020  -0.000059
  0.000100   0.000051   0.000015
 -0.002797  -0.006288  -0.002085
 -0.000010   0.000227   0.000105
  0.000203   0.000561   0.000048
  0.000012  -0.000293  -0.000063
 -0.000179  -0.000297  -0.000043
  0.000010   0.000028  -0.000012
 -0.000046   0.000030   0.000017
  0.000082  -0.000124  -0.000047
 -0.000192  -0.000629   0.000144
 -0.000180   0.000096   0.000069
 -0.000249  -0.000052  -0.000212
  0.000041   0.000102   0.000030
 -0.000741  -0.000337   0.000575
  0.001548  -0.000282  -0.001212
 -0.000035   0.000058   0.000002
  0.000006   0.000010   0.000001
 -0.007070   0.003651   0.002717
 -0.000009   0.000030   0.000007
 -0.000001   0.000021   0.000008
 -0.000134   0.000021   0.000029
 -0.006226  -0.008797   0.004772
 -0.000007   0.000007   0.000006
 -0.000010  -0.000011  -0.000052
  0.000010   0.000012  -0.000002
 -0.000001  -0.000032   0.000018
 -0.000019   0.000015   0.000044
 -0.000004   0.000045  -0.000018
  0.000062  -0.000079   0.000009
 -0.000004   0.000027   0.000045
  0.000035  -0.000043  -0.000020
  0.001293  -0.000616  -0.000381
 -0.000106  -0.000025  -0.000009
  0.000030   0.001090  -0.001946
  0.000034   0.000047  -0.000060
 -0.000988  -0.000149  -0.000268
  0.000041   0.000024   0.000002
 -0.000024   0.000020   0.000006
 -0.000028  -0.000045  -0.000008
  0.093521   0.105904   0.072914
  0.000007   0.000003   0.000007
  0.000004  -0.000001   0.000003
  0.000030   0.000037  -0.000016
 -0.000013   0.000013  -0.000019
  0.000012  -0.000004   0.000004
 -0.000028   0.000130  -0.000134
  0.000002  -0.000030  -0.000001
  0.000034  -0.000012  -0.000014
 -0.000055  -0.000013  -0.000035
  0.000079  -0.000061  -0.000058
  0.000028   0.000017  -0.000061
 -0.000011  -0.000004   0.000035
 -0.000043   0.000051  -0.000184
  0.000065   0.000030  -0.000044
  0.000021  -0.000001  -0.000013
  0.000015   0.000007   0.000034
  0.000674   0.000112  -0.000069
  0.000094   0.000044   0.000060
  0.000236  -0.000013  -0.000031
  0.001420  -0.003120  -0.000105
 -0.000045  -0.000052   0.000046
 -0.002694   0.003362  -0.003188
 -0.000020  -0.000102  -0.000097
  0.000282   0.001842   0.001431
 -0.000053  -0.000106   0.000020
 -0.000091   0.000013   0.000008
 -0.000094  -0.000001  -0.000006
  0.000116   0.000100   0.001644
  0.000063   0.000120   0.000032
   37    2  0.0000  0.0150 -0.0000
  0.000022  -0.000042   0.000130
  0.000016   0.000001  -0.000010
  0.028486   0.078243   0.036197
  0.000010  -0.000011  -0.000096
  0.000108  -0.000168  -0.000204
  0.000149   0.000052  -0.000072
  0.000730   0.000756  -0.000460
  0.000142  -0.000324   0.000132
  0.001159   0.001494   0.000330
  0.000291  -0.000254   0.000127
  0.002339  -0.047386   0.036772
  0.000000   0.000001  -0.000016
  0.000206   0.000183   0.000133
  0.000134  -0.000046  -0.000052
 -0.000030   0.002319   0.001534
 -0.000124  -0.000826   0.000334
 -0.000063  -0.000203  -0.000240
 -0.000058   0.000203  -0.000019
  0.028223   0.408412  -0.174788
  0.000014  -0.000025   0.000033
  0.000112  -0.000057  -0.000006
  0.000008   0.000003   0.000012
  0.002325   0.000369   0.004729
 -0.000073  -0.000005   0.000062
 -0.000232   0.000548  -0.000018
 -0.000122   0.000034   0.000087
 -0.000208   0.000023  -0.000029
  0.000048   0.000066  -0.000355
 -0.000019   0.000081   0.000209
 -0.000062  -0.000136   0.000006
 -0.005630   0.026385  -0.038419
  0.000032   0.000057   0.000035
  0.016248   0.162052   0.011735
 -0.000011   0.000014  -0.000042
 -0.000012   0.000007   0.000004
  0.000002  -0.000057   0.000074
 -0.172950  -0.970178   0.005212
 -0.000006   0.000040   0.000036
 -0.000015   0.000009  -0.000001
  0.000109   0.000073   0.000095
 -0.009548   0.002632  -0.036355
 -0.000024   0.000204   0.000085
 -0.000487  -0.001819  -0.000287
  0.000274   0.000324  -0.000304
 -0.000088  -0.000775  -0.000227
 -0.000070   0.000042  -0.000046
 -0.000183   0.000262  -0.000851
  0.000194   0.000147   0.000084
 -0.000481  -0.001126   0.000526
 -0.000263   0.000140   0.000009
 -0.000135  -0.000441  -0.000049
 -0.000046   0.000176   0.000016
  0.000420  -0.000093  -0.000357
 -0.000077   0.000119  -0.000146
 -0.000010   0.000025   0.000002
  0.000006  -0.000008   0.000001
  0.004132   0.005619   0.003703
 -0.000019   0.000044   0.000020
 -0.000022   0.000029  -0.000015
 -0.000014  -0.000170  -0.000076
  0.000556  -0.001019   0.000732
 -0.000018   0.000015   0.000003
  0.000084  -0.000031  -0.000055
  0.000012   0.000010  -0.000004
  0.000081   0.000224   0.000133
 -0.000033  -0.000006  -0.000029
 -0.000013   0.000024  -0.000015
  0.000074   0.000046   0.000465
  0.000008   0.000007   0.000032
  0.000086   0.000273   0.000005
 -0.000859   0.000096  -0.001052
 -0.000083  -0.000095  -0.000039
 -0.000810   0.001752  -0.001868
  0.000013   0.000035  -0.000037
 -0.000233   0.000090  -0.000155
  0.000066   0.000012   0.000001
 -0.000011   0.000010   0.000004
 -0.000160  -0.000044  -0.000041
  0.105366   0.322817   0.164258
 -0.000001   0.000007   0.000007
 -0.000005  -0.000002   0.000004
 -0.000004   0.000057  -0.000020
 -0.000135   0.000108  -0.000042
 -0.000009   0.000000   0.000004
 -0.000111   0.000262  -0.000157
 -0.000004  -0.000007  -0.000004
  0.000005   0.000010   0.000008
 -0.000041   0.000052  -0.000073
  0.000013   0.000000  -0.000003
  0.000135   0.000088  -0.000065
  0.000010  -0.000005  -0.000009
  0.000156   0.000241  -0.000329
 -0.000047   0.000045  -0.000009
  0.000003   0.000018   0.000002
 -0.000117   0.000051   0.000095
  0.000007  -0.000005   0.000143
  0.000020   0.000121   0.000090
 -0.000044  -0.000062   0.000044
  0.000539  -0.000340   0.000271
 -0.000032  -0.000024   0.000013
  0.000949   0.007977  -0.009487
  0.000008  -0.000070  -0.000065
 -0.000163   0.000642  -0.003423
  0.000015  -0.000098   0.000012
  0.000035  -0.000063   0.000003
  0.000036   0.000023  -0.000075
 -0.000197  -0.000344   0.001781
  0.000002   0.000063   0.000022
   37    3  0.0000 -0.0000  0.0150
  0.000050  -0.000092   0.000162
 -0.000020  -0.000043  -0.000028
 -0.019125  -0.020082  -0.074090
  0.000008   0.000169   0.000057
 -0.000074  -0.000304  -0.000258
  0.000304  -0.000003  -0.000067
 -0.000132   0.000527  -0.001204
  0.000118  -0.000099   0.000003
  0.000288   0.000484   0.002101
 -0.000059   0.000606   0.000007
  0.031027   0.084736   0.043011
 -0.000009   0.000016   0.000016
 -0.000303   0.000057   0.000066
  0.000027  -0.000058  -0.000008
 -0.001675  -0.000454   0.000012
 -0.001271   0.001517   0.000200
  0.000028   0.000120   0.000301
  0.000112   0.000069  -0.000074
  0.014270  -0.093613   0.232240
  0.000024  -0.000011  -0.000046
  0.000148  -0.000101   0.000023
 -0.000016  -0.000017   0.000014
  0.003991   0.006125  -0.000026
  0.000106  -0.000079   0.000027
  0.000351  -0.000360   0.000043
 -0.000150   0.000085   0.000005
 -0.000074   0.000307   0.000548
 -0.000138   0.000001   0.000029
  0.000252  -0.000199  -0.000115
  0.000062  -0.000166   0.000025
  0.003555  -0.037898   0.056057
 -0.000026  -0.000024  -0.000025
  0.076156  -0.050630   0.425764
  0.000001  -0.000052  -0.000008
  0.000019  -0.000017   0.000016
 -0.000058  -0.000051  -0.000022
 -0.183801   0.005241  -0.905236
  0.000021  -0.000034   0.000005
  0.000016  -0.000030  -0.000035
  0.000015  -0.000015   0.000142
 -0.000256  -0.029924   0.021761
 -0.000002  -0.000088   0.000043
  0.000506   0.000938  -0.000265
 -0.000019  -0.000622   0.000245
 -0.000135  -0.001394   0.000503
  0.000109  -0.000096   0.000012
  0.000420  -0.000255   0.000657
  0.000518  -0.000272   0.000152
 -0.000349   0.000531  -0.000814
  0.000389  -0.000444  -0.000073
 -0.000027   0.000036  -0.000143
  0.000031  -0.000506  -0.000129
  0.000203   0.000165  -0.000183
  0.000672  -0.000400  -0.000055
 -0.000010   0.000001   0.000001
  0.000003  -0.000040   0.000003
  0.002718   0.002673  -0.001057
  0.000007  -0.000004  -0.000022
  0.000019  -0.000016   0.000056
  0.000028  -0.000072  -0.000044
 -0.003599  -0.040011   0.013358
 -0.000038   0.000016   0.000020
  0.000091  -0.000117  -0.000068
  0.000015  -0.000021  -0.000011
 -0.000158  -0.000097  -0.000130
 -0.000035   0.000107  -0.000035
 -0.000022  -0.000008  -0.000035
 -0.000042  -0.000056   0.000158
 -0.000010   0.000044   0.000001
  0.000051   0.000161   0.000038
 -0.000279  -0.001231   0.000806
  0.000024   0.000026   0.000029
 -0.000939   0.001707  -0.001864
 -0.000019  -0.000037   0.000029
 -0.000234  -0.000156  -0.000262
  0.000037  -0.000032   0.000003
 -0.000005  -0.000029   0.000001
 -0.000146  -0.000083  -0.000021
  0.072680   0.163215   0.184785
 -0.000014  -0.000025  -0.000003
 -0.000005  -0.000030   0.000005
 -0.000002   0.000025  -0.000016
 -0.000184   0.000196  -0.000084
  0.000024   0.000074   0.000030
 -0.000217   0.000360  -0.000157
  0.000045   0.000070   0.000011
 -0.000021   0.000061  -0.000011
  0.000013   0.000091  -0.000023
 -0.000022   0.000073   0.000029
  0.000152   0.000151  -0.000077
 -0.000040   0.000076   0.000005
  0.000161   0.000224  -0.000207
 -0.000062   0.000093   0.000021
  0.000030   0.000066  -0.000027
 -0.000053   0.000146   0.000089
 -0.000072   0.000074   0.000179
  0.000094   0.000259   0.000136
 -0.000096   0.000057  -0.000005
  0.000765  -0.000793   0.000069
 -0.000003   0.000077  -0.000033
  0.000687   0.002659  -0.005634
  0.000015   0.000075  -0.000010
  0.002621   0.008668   0.007063
  0.000005   0.000088  -0.000024
  0.000032  -0.000341   0.000044
  0.000035  -0.000220  -0.000133
 -0.000094  -0.001314   0.001680
 -0.000007  -0.000173   0.000006
   39    1  0.0150  0.0000  0.0000
 -0.000246   0.000140   0.000176
  0.001586   0.000812  -0.000547
 -0.000030  -0.000049  -0.000010
  0.000047  -0.000068  -0.000014
  0.001247   0.000004  -0.000512
  0.002084  -0.000965   0.000582
 -0.000031  -0.000067  -0.000235
 -0.000026  -0.000025   0.000070
  0.000100  -0.000144   0.000006
 -0.000019  -0.000432  -0.000004
 -0.000013   0.000012  -0.000042
 -0.000008  -0.000017   0.000026
  0.000086   0.000149   0.000065
 -0.000193   0.000201  -0.000217
 -0.000188  -0.000186  -0.000097
  0.000037  -0.000350  -0.000020
  0.000138   0.000160  -0.000041
  0.000104  -0.000006  -0.000032
  0.000009   0.000031   0.000020
 -0.000033   0.000116  -0.000015
  0.000249  -0.000131   0.000061
 -0.000156  -0.000447  -0.000813
 -0.000032  -0.000008   0.000014
 -0.000045  -0.000089   0.000015
 -0.000015  -0.000030  -0.000061
  0.000035   0.000070  -0.000032
 -0.000239  -0.000195   0.000126
 -0.000003   0.000040   0.000004
  0.001474   0.000932   0.000192
 -0.000000  -0.000017  -0.000022
 -0.000005  -0.000024   0.000011
  0.000012   0.000022   0.000016
 -0.000015   0.000090  -0.000006
 -0.000006   0.000184   0.000187
 -0.029987  -0.005736  -0.025427
 -0.000766  -0.000166  -0.000353
 -0.000027  -0.000031  -0.000054
  0.000079  -0.000146   0.000026
 -0.758997   0.217492  -0.270517
  0.001264   0.000048   0.000827
 -0.000053  -0.000387  -0.000040
 -0.000092  -0.000478  -0.001080
  0.000007   0.000090   0.000041
  0.000030   0.000164  -0.000060
 -0.000024   0.000078   0.000030
  0.000008   0.000121  -0.000104
  0.000081   0.000041   0.000051
  0.000000   0.000064   0.000017
 -0.000028   0.000043  -0.000011
 -0.000031   0.000099   0.000021
 -0.000027   0.000090  -0.000033
  0.000042   0.000243   0.000065
  0.000042   0.000077  -0.000019
 -0.000074   0.000177   0.000108
  0.000033   0.000120   0.000036
  0.000170   0.000142   0.000044
 -0.000004  -0.000012  -0.000002
  0.000013  -0.000038  -0.000005
  0.000043  -0.000092   0.000002
 -0.000000  -0.000022   0.000008
  0.000001  -0.000013   0.000012
 -0.000011  -0.000039   0.000004
  0.000066   0.000020  -0.000084
  0.000009  -0.000038   0.000066
  0.000046  -0.000031   0.000019
 -0.000024   0.000003  -0.000006
 -0.000221  -0.000420  -0.000081
 -0.000006  -0.000023  -0.000005
 -0.000878   0.001522  -0.000642
 -0.000008  -0.000080   0.000126
 -0.000003   0.000011   0.000011
 -0.000020  -0.000013  -0.000017
 -0.000074  -0.000035  -0.000009
 -0.000244  -0.000473   0.001116
  0.000418   0.000011   0.000081
  0.001679   0.000392  -0.000152
  0.004210  -0.004240   0.005218
 -0.000296  -0.000407   0.000064
 -0.000008  -0.000000   0.000008
 -0.000053  -0.000101   0.000038
  0.119730   0.012115   0.141678
 -0.000397   0.000200   0.000977
 -0.000093   0.000150  -0.000034
 -0.001864  -0.000317  -0.000346
 -0.000066  -0.000188   0.000233
 -0.001094  -0.000668  -0.000013
  0.055028   0.002669   0.116060
 -0.000106  -0.000350   0.000116
  0.407919  -0.124821   0.123879
  0.000750  -0.000495   0.002012
  0.190028  -0.087649  -0.079475
  0.000306  -0.000352   0.000904
  0.000041   0.000027  -0.000044
  0.000471   0.000279   0.001034
 -0.001318   0.000125   0.000175
 -0.001446   0.000151   0.000097
 -0.000189  -0.000303   0.001573
 -0.002061   0.002564  -0.000976
 -0.000207  -0.000030  -0.000039
 -0.002580   0.000704  -0.001759
  0.000021   0.000100   0.000058
 -0.000222   0.000150   0.001071
  0.000136   0.000258   0.000061
  0.000464   0.000065  -0.000304
 -0.004504   0.001342  -0.003612
  0.009093  -0.005884  -0.003536
 -0.000194   0.000009   0.000076
  0.010163  -0.007589  -0.008057
   39    2  0.0000  0.0150 -0.0000
  0.000120  -0.000154   0.000140
 -0.001230  -0.001293  -0.000393
  0.000029   0.000043  -0.000028
 -0.000046   0.000070   0.000014
 -0.002079  -0.000973  -0.000246
 -0.000651   0.000511  -0.000242
  0.000245   0.000332   0.000275
  0.000001   0.000072  -0.000081
 -0.000088   0.000101   0.000060
  0.000027   0.000425   0.000003
  0.000010   0.000014   0.000024
  0.000018  -0.000004  -0.000022
  0.000291  -0.000221   0.000013
  0.000007  -0.000146   0.000060
  0.000183   0.000206   0.000195
 -0.000079   0.000425   0.000023
 -0.000270  -0.000249   0.000044
 -0.000002  -0.000007  -0.000004
 -0.000004  -0.000043   0.000011
  0.000020  -0.000118  -0.000020
 -0.000045   0.000085  -0.000180
 -0.000381   0.000226   0.001167
  0.000007   0.000065   0.000012
  0.000041   0.000085  -0.000006
 -0.000201   0.000088   0.000180
  0.000007  -0.000030   0.000021
  0.000079  -0.000283  -0.000084
 -0.000009  -0.000061   0.000035
  0.000635   0.002043  -0.000272
 -0.000060   0.000075  -0.000046
  0.000007   0.000000   0.000020
 -0.000006  -0.000018   0.000002
  0.000027  -0.000110   0.000056
 -0.000000  -0.000243  -0.000236
  0.031848   0.000012   0.084453
  0.000360   0.001290   0.001360
  0.000010   0.000016  -0.000028
 -0.000045   0.000077   0.000018
  0.217046  -0.434310  -0.232966
 -0.000027  -0.000073  -0.000308
  0.000066   0.000525  -0.000099
  0.000088   0.000252   0.001639
  0.000017  -0.000096  -0.000070
 -0.000028  -0.000167   0.000080
  0.000020  -0.000041  -0.000049
 -0.000011  -0.000114   0.000104
 -0.000089  -0.000049  -0.000081
  0.000014  -0.000069   0.000006
  0.000037  -0.000014  -0.000005
  0.000039  -0.000085  -0.000008
  0.000024  -0.000051   0.000015
 -0.000032  -0.000236  -0.000060
 -0.000050  -0.000070  -0.000009
  0.000081  -0.000202  -0.000111
  0.000000  -0.000120   0.000027
 -0.000071  -0.000090  -0.000051
  0.000009   0.000027   0.000004
 -0.000009   0.000063   0.000016
 -0.000042   0.000045  -0.000084
  0.000015   0.000008   0.000006
  0.000002   0.000019   0.000006
  0.000012   0.000041  -0.000006
 -0.000014  -0.000023   0.000021
 -0.000018   0.000007   0.000059
 -0.000051   0.000047   0.000020
  0.000033   0.000014   0.000005
 -0.000015   0.000428   0.000164
  0.000012   0.000064   0.000001
  0.001266   0.000438  -0.001508
 -0.000012   0.000080   0.000023
  0.000003   0.000012  -0.000009
  0.000024   0.000011   0.000025
  0.000053   0.000023   0.000026
  0.000542  -0.000191  -0.000637
 -0.000052  -0.000045  -0.000020
 -0.001469  -0.000284   0.000180
 -0.003542  -0.004845   0.000552
  0.000142   0.000330   0.000017
  0.000001   0.000012  -0.000006
  0.000044   0.000070  -0.000056
  0.012540   0.065796   0.079249
  0.000501   0.000018   0.000071
  0.000097   0.000093  -0.000032
  0.001439   0.000509   0.000291
  0.000048  -0.000015  -0.000128
  0.002657   0.000236   0.000037
 -0.024987  -0.012792  -0.008228
 -0.000482   0.000504   0.000193
 -0.138958   0.166276  -0.044742
 -0.000344  -0.000931  -0.000591
 -0.085629   0.206164   0.118662
 -0.000512   0.000038  -0.000638
  0.000091   0.000120  -0.000005
  0.000318   0.000515  -0.001009
  0.001917   0.000084  -0.000156
  0.000489  -0.000034   0.000000
  0.001597   0.001430   0.000143
  0.000536  -0.000009   0.000373
 -0.000065   0.000014  -0.000095
  0.001987  -0.000127   0.001944
 -0.000071  -0.000234   0.000119
  0.000253  -0.000795  -0.001346
 -0.000198  -0.000343  -0.000015
 -0.000652   0.000007  -0.000651
 -0.001108  -0.000776   0.002439
 -0.005118   0.002537  -0.000754
  0.000667   0.000347   0.000001
 -0.009843   0.007716   0.001718
   39    3  0.0000 -0.0000  0.0150
 -0.000003  -0.000250   0.000516
 -0.000154  -0.000939  -0.001965
  0.000020   0.000035  -0.000017
 -0.000058   0.000082  -0.000017
 -0.003669  -0.002263  -0.000886
  0.001030  -0.000191   0.000094
 -0.000089   0.000209   0.000174
 -0.000015   0.000127  -0.000112
 -0.000149  -0.000185   0.000123
  0.000082   0.000368   0.000001
  0.000013   0.000013   0.000039
  0.000025  -0.000015  -0.000071
  0.000261   0.000203  -0.000068
 -0.000197  -0.000035  -0.000083
  0.000347   0.000135   0.000277
 -0.000181   0.000419   0.000032
 -0.000438  -0.000031   0.000070
  0.000100  -0.000005  -0.000057
 -0.000006  -0.000043   0.000004
  0.000010  -0.000133  -0.000117
  0.000345  -0.000034  -0.000341
 -0.001000  -0.000080   0.001103
  0.000002   0.000056  -0.000047
  0.000036   0.000104  -0.000006
 -0.000149   0.000000   0.000110
  0.000039   0.000020  -0.000013
  0.000281   0.000115  -0.000158
 -0.000049  -0.000059   0.000048
 -0.000827  -0.001251   0.000893
 -0.000090   0.000108  -0.000119
  0.000010   0.000004   0.000015
 -0.000016   0.000022  -0.000001
  0.000027  -0.000124   0.000062
 -0.000261  -0.000246  -0.000566
  0.056220   0.034997   0.135459
  0.000377   0.001088  -0.000073
  0.000012   0.000008  -0.000038
  0.000023  -0.000066   0.000119
 -0.270343  -0.233239  -1.115024
  0.000778   0.000332   0.001671
  0.000077   0.000607  -0.000203
  0.000532  -0.000887   0.004932
 -0.000001  -0.000061  -0.000060
 -0.000017  -0.000156   0.000067
  0.000014   0.000015  -0.000020
 -0.000014  -0.000100   0.000091
 -0.000153  -0.000041  -0.000131
  0.000043  -0.000064   0.000016
  0.000091   0.000038  -0.000028
  0.000016  -0.000073  -0.000010
  0.000001   0.000107  -0.000032
 -0.000037  -0.000205  -0.000060
 -0.000054  -0.000034  -0.000046
  0.000100  -0.000206  -0.000127
  0.000033  -0.000090   0.000117
  0.000088  -0.000000  -0.000088
  0.000016   0.000034   0.000002
 -0.000029   0.000143   0.000008
 -0.000073  -0.000038  -0.000082
  0.000022  -0.000005   0.000019
 -0.000002   0.000016   0.000006
  0.000023   0.000044  -0.000019
  0.000057  -0.000009  -0.000068
 -0.000106  -0.000068   0.000194
 -0.000063   0.000062   0.000033
  0.000046   0.000031  -0.000006
  0.000238   0.000409   0.000210
  0.000018   0.000098  -0.000012
 -0.000159  -0.000902  -0.001228
 -0.000038   0.000048   0.000154
  0.000012   0.000003  -0.000006
  0.000021   0.000003   0.000021
  0.000010  -0.000003  -0.000022
  0.000754  -0.001074   0.000388
  0.000343  -0.000055   0.000043
 -0.001158  -0.000127   0.000250
  0.007006  -0.000905   0.001583
 -0.000097   0.000181  -0.000168
 -0.000005   0.000017  -0.000006
  0.000034   0.000025  -0.000118
  0.141975   0.077729   0.426032
  0.000066  -0.000544   0.000386
 -0.000035   0.000323  -0.000147
 -0.001792   0.000326  -0.000208
 -0.000146  -0.000301   0.000010
  0.001787  -0.001016  -0.000344
  0.050585   0.031523   0.117729
 -0.000236  -0.000508   0.000182
  0.098908  -0.028255   0.173529
  0.000566  -0.000957   0.001388
 -0.074697   0.118256   0.266996
 -0.000226  -0.000539  -0.000162
  0.000168   0.000287   0.000000
  0.001467   0.001063  -0.000002
  0.002450   0.000337  -0.000163
 -0.000595   0.000098   0.000111
  0.003302   0.002346   0.002673
 -0.000915   0.001961  -0.000313
 -0.000293  -0.000020  -0.000231
  0.001369   0.000855   0.002231
 -0.000093  -0.000356   0.000225
  0.001949  -0.003487  -0.004317
 -0.000158  -0.000417   0.000065
 -0.000825   0.001461  -0.002314
 -0.005879   0.002588   0.000022
  0.001057  -0.003813  -0.006215
  0.000986   0.000873   0.000290
 -0.010675   0.004154  -0.004079
   41    1  0.0150  0.0000  0.0000
 -0.000141   0.000037   0.000437
  0.000007   0.000022  -0.000009
  0.002182   0.000371   0.001168
 -0.000153  -0.000092  -0.000028
  0.000135   0.000314   0.000206
  0.000370  -0.000547   0.000446
 -0.000055   0.000142   0.000122
  0.000210   0.000095  -0.000160
 -0.000325   0.000516   0.000034
  0.001640  -0.000073  -0.000235
 -0.001463   0.011663  -0.007890
  0.000022   0.000000  -0.000016
  0.000050  -0.000074  -0.000073
  0.000135   0.000010  -0.000090
  0.000055   0.000709   0.000019
  0.000292  -0.004190  -0.002769
 -0.000024  -0.000040  -0.000049
  0.000009   0.000009   0.000079
 -0.009570   0.000806   0.005469
  0.000008   0.000018   0.000068
  0.000735  -0.000518   0.000148
 -0.000009   0.000023   0.000034
  0.001738   0.000090  -0.000471
  0.000006   0.000342   0.000249
 -0.000052   0.000048  -0.000017
  0.000045  -0.000195  -0.000005
  0.000045  -0.000120  -0.000139
  0.000097   0.000101   0.000133
 -0.000050   0.000020   0.000057
 -0.000077  -0.000051   0.000088
 -0.009718   0.004871   0.003825
  0.000005   0.000030   0.000025
  0.114550   0.008843   0.002958
  0.000001  -0.000007  -0.000008
 -0.000027  -0.000005  -0.000129
  0.000081   0.000536  -0.001242
 -0.002848  -0.009549  -0.000223
 -0.000001   0.000031  -0.000004
 -0.000048   0.000070  -0.000107
 -0.000076  -0.000064   0.000541
 -0.320899  -0.091440  -0.095048
 -0.000026   0.000261  -0.000020
 -0.000038  -0.000290  -0.000093
  0.000124   0.000978  -0.000098
  0.000065  -0.000262  -0.000058
 -0.000227  -0.000042   0.000169
 -0.000080  -0.000076  -0.000002
  0.000724   0.000271   0.000829
  0.000024  -0.000070   0.000021
 -0.000773   0.000100   0.000057
  0.000127  -0.000397   0.000180
 -0.000284   0.000076   0.000033
  0.000028  -0.000170   0.000042
  0.000817   0.001635   0.001529
 -0.000084   0.000115   0.000026
 -0.000037   0.000022  -0.000042
  0.005132  -0.000888  -0.001041
  0.000002   0.000014   0.000016
 -0.000018   0.000014  -0.000005
 -0.000063  -0.000137   0.000012
 -0.000702  -0.000397   0.000392
  0.000027   0.000012   0.000003
  0.000035  -0.000934  -0.000441
 -0.000010   0.000024   0.000015
 -0.000062   0.000022   0.000056
  0.000076   0.000188   0.000092
  0.000008   0.000042   0.000008
 -0.000203  -0.000050  -0.000518
 -0.000007   0.000018  -0.000027
 -0.000008   0.000046   0.000091
 -0.000352   0.000429  -0.000304
 -0.000010  -0.000025   0.000010
 -0.002690   0.001695   0.013280
  0.000030   0.000083  -0.000069
 -0.001623  -0.000147  -0.000369
 -0.000027   0.000037   0.000004
 -0.000008   0.000056   0.000023
  0.001192   0.001627   0.000047
  0.004924  -0.001020  -0.000308
  0.000014   0.000022   0.000014
  0.000006   0.000076  -0.000010
  0.000040   0.000064   0.000067
 -0.000387   0.000075  -0.000265
 -0.000055  -0.000031   0.000027
  0.000062   0.000802  -0.000867
 -0.000020  -0.000084   0.000012
 -0.000049  -0.000098  -0.000074
  0.000301   0.000129  -0.000040
  0.000034  -0.000117  -0.000016
  0.000088  -0.000290   0.000632
  0.000037  -0.000084   0.000020
  0.000013   0.001190  -0.000336
  0.000051   0.000140   0.000128
 -0.000025  -0.000005  -0.000014
 -0.000049  -0.000125  -0.000047
  0.000439   0.000318   0.000245
 -0.000203  -0.000278  -0.000141
 -0.000290   0.000153  -0.000349
  0.003073  -0.001893  -0.011382
  0.000015  -0.000175   0.000047
  0.101777   0.005867   0.044965
  0.000007  -0.000166  -0.000002
  0.113100   0.075505   0.041979
  0.000049  -0.000276   0.000100
  0.000373   0.000219   0.000002
  0.000485   0.000164   0.000071
 -0.001668  -0.007053   0.004260
 -0.000100   0.000342   0.000039
   41    2  0.0000  0.0150 -0.0000
 -0.000807   0.001061  -0.000099
  0.000340   0.000643   0.000417
  0.001924   0.002099   0.001613
  0.000223  -0.000206  -0.000481
  0.000721   0.004626   0.003152
 -0.003145  -0.004091   0.003939
 -0.000217   0.000815   0.001274
  0.000287  -0.000417   0.000268
 -0.002186   0.004608  -0.000916
  0.004078  -0.005277  -0.000902
  0.007095   0.046884  -0.006300
 -0.000010  -0.000045  -0.000367
  0.000073  -0.001372  -0.001224
  0.000664   0.001231  -0.000997
  0.004311   0.002826  -0.000888
 -0.005658  -0.003379  -0.000364
  0.000237   0.000137   0.000417
  0.000205   0.000391   0.000145
  0.001544  -0.009872   0.005223
  0.000010  -0.000100   0.000378
 -0.000656   0.001342  -0.001803
  0.000333   0.000321  -0.000122
 -0.001149   0.002480   0.000466
 -0.000311  -0.000059   0.000660
  0.000360  -0.000721  -0.000336
  0.000385  -0.000408  -0.000067
  0.000574  -0.000589  -0.000451
 -0.000237   0.000911  -0.000184
 -0.000226   0.000025   0.000138
 -0.000099  -0.000706   0.000421
  0.003638  -0.001153   0.006120
  0.000196   0.000116   0.000145
  0.008071   0.217387  -0.054223
 -0.000041  -0.000293  -0.000264
 -0.000365   0.000361  -0.000267
 -0.000285   0.000806  -0.002907
 -0.006350   0.002571  -0.029893
 -0.000236   0.000243   0.000085
 -0.000399   0.000621   0.000636
  0.000581   0.000240   0.000938
 -0.091686  -0.963526  -0.114885
 -0.000223   0.003332   0.000144
 -0.000736  -0.001227  -0.000020
  0.001586   0.001397  -0.000955
  0.000521  -0.001482  -0.001022
 -0.000515   0.000883  -0.000428
 -0.001347  -0.000672  -0.000289
  0.002403   0.000697   0.000517
  0.000799  -0.001104   0.000410
 -0.003242   0.001259   0.000301
  0.000870  -0.003155   0.001074
 -0.000242   0.003039   0.000668
 -0.002014  -0.002493   0.001794
  0.000987   0.002096   0.000489
 -0.000204   0.000468   0.000056
 -0.000082   0.000595  -0.000133
 -0.000878  -0.001307  -0.001119
 -0.000067   0.000207   0.000104
 -0.000071   0.000245  -0.000100
 -0.000144  -0.000987   0.000041
 -0.000225  -0.001461   0.001062
  0.000203   0.000020  -0.000081
 -0.003599   0.000698   0.000637
 -0.000134   0.000351   0.000148
 -0.000671   0.000200  -0.000010
  0.000195   0.000130   0.000097
  0.000031   0.000385   0.000053
 -0.000173  -0.000864  -0.000210
 -0.000076   0.000243  -0.000187
  0.000163   0.000070   0.000240
 -0.000215   0.000135  -0.000808
 -0.000325  -0.000352  -0.000211
 -0.018258   0.012952   0.044774
  0.000407   0.000867  -0.000733
 -0.006106  -0.000042  -0.000902
 -0.000294   0.000624   0.000021
 -0.000021   0.000518   0.000054
  0.005117   0.003523  -0.001625
  0.000461   0.000975   0.005235
  0.000181   0.000234   0.000090
  0.000078   0.000569  -0.000130
  0.000181   0.000701   0.000257
  0.001063  -0.002566   0.000959
 -0.000382  -0.000975  -0.000340
  0.001562   0.001091   0.000152
 -0.000499  -0.001200  -0.000042
  0.000330  -0.000977   0.000174
 -0.000095  -0.000435   0.000023
  0.000328  -0.001218  -0.000366
 -0.000698  -0.002234   0.001992
  0.000541  -0.001255  -0.000073
 -0.001042   0.001947   0.000332
  0.000709  -0.000620  -0.000122
 -0.000339  -0.000885   0.000239
  0.000524  -0.002084  -0.000989
  0.005324   0.001564  -0.001866
 -0.001359  -0.004073  -0.001999
  0.000320   0.000694  -0.001612
  0.013888  -0.004373  -0.032369
 -0.000020  -0.001581   0.000634
  0.001331   0.149126  -0.029910
 -0.000069  -0.001888  -0.000482
  0.083411   0.544964   0.226756
  0.000106  -0.002578   0.000570
  0.000300   0.004736  -0.000439
  0.000564   0.002648   0.002041
 -0.001767  -0.004178  -0.021113
 -0.000140   0.003551   0.000048
   41    3  0.0000 -0.0000  0.0150
  0.001425  -0.001485   0.003824
 -0.000118  -0.000220  -0.000127
  0.000728   0.002837   0.004467
 -0.000125   0.000374   0.000342
 -0.000181  -0.001531  -0.001099
 -0.000312  -0.001535   0.001423
  0.000193  -0.000191  -0.000537
  0.001123   0.000825  -0.001283
  0.001270  -0.000401   0.001388
 -0.001485   0.001502  -0.000705
 -0.004865   0.002677  -0.026488
 -0.000007   0.000098   0.000129
  0.000045   0.000492   0.000476
  0.000368  -0.000290  -0.000286
 -0.002222   0.000169   0.001342
 -0.002670   0.003383  -0.004495
 -0.000058  -0.000119  -0.000229
  0.000232  -0.000074  -0.000968
  0.004953  -0.000167   0.007000
  0.000010  -0.000043  -0.000286
  0.003096   0.000400  -0.004424
 -0.000154  -0.000059   0.000127
  0.000022  -0.001193   0.000442
  0.000238   0.000402   0.000197
 -0.000166   0.000396   0.000111
 -0.000121  -0.000612   0.000031
 -0.000340   0.000167   0.000121
 -0.001836  -0.000140   0.000999
  0.000086   0.000029   0.000032
  0.000295  -0.000595   0.000079
  0.004996   0.009746  -0.001297
 -0.000083  -0.000121  -0.000072
 -0.000271  -0.054376   0.147669
  0.000032  -0.000240  -0.000059
  0.000158  -0.000041   0.000077
 -0.005033  -0.000730  -0.005060
 -0.002097  -0.036344   0.021735
  0.000078  -0.000089   0.000044
 -0.000058  -0.000085  -0.000212
 -0.001063  -0.001652   0.004982
 -0.095261  -0.114513  -1.012742
 -0.000013  -0.000140   0.000352
  0.000597  -0.000275  -0.000590
 -0.000550  -0.001600   0.001609
 -0.000221   0.000023  -0.000222
  0.000219  -0.000343   0.000437
  0.000590   0.000167  -0.000234
  0.002182  -0.001277   0.001864
 -0.000556   0.000145  -0.000300
  0.001338  -0.000417   0.000164
 -0.000423   0.000787  -0.000562
  0.000201  -0.000807  -0.000019
  0.000942   0.000711  -0.000797
  0.000967  -0.001060   0.001102
 -0.000012   0.000115   0.000130
 -0.000108  -0.000151  -0.000162
 -0.000415   0.004095   0.003772
  0.000023  -0.000016  -0.000056
  0.000013  -0.000030   0.000030
  0.000129   0.000040   0.001722
 -0.000328   0.000100   0.000382
 -0.000116   0.000050   0.000016
 -0.002326   0.000346  -0.000769
  0.000064  -0.000093  -0.000039
  0.000332  -0.000054  -0.000011
  0.000479   0.000867  -0.000089
 -0.000022  -0.000088  -0.000019
 -0.001898   0.000366   0.000479
  0.000022  -0.000048   0.000044
 -0.000025   0.000197   0.000646
  0.000319   0.002008  -0.001030
  0.000170   0.000133   0.000198
 -0.004022   0.013384   0.021804
 -0.000048  -0.000116   0.000044
 -0.001365   0.000459   0.001259
  0.000117  -0.000163  -0.000019
 -0.000032  -0.000109   0.000008
  0.004080   0.001768  -0.002141
 -0.001520  -0.000546   0.002671
 -0.000044  -0.000091  -0.000019
  0.000037  -0.000069  -0.000146
  0.000074   0.000404   0.000239
 -0.003006   0.000726   0.000533
  0.000032   0.000349   0.000294
 -0.002464   0.007676  -0.001648
  0.000250   0.000288   0.000067
 -0.000125   0.000332  -0.000126
  0.002195   0.001599   0.000823
 -0.000036   0.000187   0.000329
  0.003160   0.000585   0.001126
 -0.000230   0.000279   0.000056
  0.002294   0.007437  -0.003100
 -0.001870   0.001353   0.001001
  0.000148   0.000406  -0.000281
 -0.000213   0.000693   0.000354
  0.000805   0.000244  -0.000992
  0.000402   0.001464   0.000658
 -0.000255   0.000517  -0.000499
  0.001414  -0.002227  -0.017603
 -0.000034   0.000261  -0.000051
  0.047950  -0.006384   0.549651
  0.000038   0.000163  -0.000185
  0.045522   0.214204   0.270009
  0.000034   0.000227  -0.000108
  0.000305  -0.002175   0.000695
  0.000467  -0.000830  -0.001300
  0.003636  -0.052240   0.031804
 -0.000094  -0.000459   0.000073
   43    1  0.0150  0.0000  0.0000
 -0.000045   0.000041   0.000036
 -0.000002   0.000012  -0.000069
  0.000285  -0.003688  -0.000335
  0.000279   0.000313   0.000730
 -0.000170   0.001127   0.000977
 -0.000007   0.000563  -0.000413
  0.010045   0.005585   0.000818
 -0.000030  -0.000058   0.000089
 -0.005400   0.001250  -0.000870
 -0.000251   0.001063  -0.000831
 -0.000044   0.000212  -0.000017
  0.000796   0.000103  -0.000625
  0.000165  -0.000498  -0.000376
 -0.000086  -0.000084   0.000151
  0.121215  -0.046590  -0.043250
 -0.001136  -0.000170   0.000137
  0.001160   0.000582  -0.000192
  0.000143  -0.000035  -0.000054
  0.002100   0.001650  -0.001863
 -0.000082   0.000137  -0.000143
  0.000024  -0.000008  -0.000010
 -0.000084   0.000013   0.000036
  0.005036  -0.035945  -0.030644
 -0.000024   0.000075   0.000045
 -0.000854  -0.003774  -0.002500
 -0.000250   0.000246  -0.000361
  0.000272   0.000533  -0.000077
  0.000023  -0.000069   0.000116
 -0.000327  -0.000139  -0.000079
  0.000122   0.000019  -0.000030
  0.000474   0.000476   0.000135
  0.000750   0.000569  -0.000378
 -0.000154   0.000572  -0.000798
  0.000417  -0.000127   0.000480
  0.000100  -0.000013   0.000001
 -0.000002  -0.000008   0.000007
  0.000214  -0.000424   0.000477
 -0.000027  -0.000311  -0.000009
  0.000041   0.000013  -0.000030
  0.000031   0.000035   0.000007
 -0.000067  -0.000826   0.000569
  0.000129  -0.001555  -0.000545
 -0.119320   0.049195   0.030330
  0.000282   0.000152  -0.000162
  0.011914  -0.004554   0.004074
  0.000126  -0.000379   0.000648
 -0.012994   0.030924   0.039905
  0.000396   0.000074   0.000098
  0.001741   0.000431  -0.000179
  0.000162  -0.000157   0.000124
  0.000436  -0.001042   0.000306
 -0.000010  -0.000428  -0.000027
 -0.018357   0.005657   0.005457
  0.000260  -0.000050  -0.000137
  0.000007   0.000032   0.000014
 -0.000011   0.000044   0.000003
  0.000285   0.000344   0.000087
 -0.000269  -0.000109   0.000024
 -0.000016  -0.000320  -0.000272
  0.000086   0.000131  -0.000012
  0.000186  -0.000012  -0.000436
 -0.000203   0.000022  -0.000062
  0.000051   0.000018  -0.000030
 -0.000106   0.000019   0.000055
 -0.000157   0.000024   0.000140
  0.000211  -0.000209   0.000202
 -0.000035  -0.000398   0.000116
 -0.000012  -0.000032   0.000024
  0.000028  -0.000083  -0.000092
  0.000016   0.000008   0.000013
  0.000346  -0.000237   0.000111
 -0.000186   0.000010   0.000066
  0.000065  -0.000074  -0.000117
 -0.000135  -0.000216   0.000315
  0.000213   0.000053   0.000011
 -0.000545   0.000037  -0.000029
  0.000105  -0.000025  -0.000012
 -0.000028   0.000012  -0.000014
  0.000013   0.000109  -0.000019
 -0.000026  -0.000063  -0.000069
  0.000025   0.000028   0.000010
  0.000011   0.000024   0.000019
  0.000040  -0.000126   0.000002
  0.000074  -0.000063   0.000002
  0.000045  -0.000088   0.000005
  0.000011  -0.000014   0.000014
 -0.000014  -0.000059   0.000037
 -0.000001  -0.000063  -0.000042
 -0.000059  -0.000049   0.000018
  0.000001  -0.000093   0.000008
 -0.000014   0.000005   0.000029
 -0.000035  -0.000076   0.000001
  0.000032  -0.000061  -0.000070
  0.000044  -0.000051   0.000054
  0.000512  -0.000469  -0.000374
 -0.000116  -0.000224   0.000142
 -0.000200  -0.000754  -0.000504
  0.000164  -0.000408   0.000248
 -0.000136  -0.000032   0.000060
  0.000387   0.000117  -0.000100
 -0.000082   0.000243  -0.000679
  0.000126   0.000606   0.000488
  0.000035   0.000345  -0.000032
 -0.000135   0.000821  -0.000131
  0.000017   0.000604   0.000158
 -0.000014   0.000465  -0.000034
  0.000078  -0.000010   0.000116
 -0.000098  -0.000397  -0.000218
   43    2  0.0000  0.0150 -0.0000
  0.000221  -0.000216   0.000070
 -0.000167  -0.000181  -0.000039
  0.001473   0.003063  -0.003687
 -0.000437   0.000118  -0.000234
  0.000337  -0.001148  -0.000821
  0.000374  -0.001234   0.000847
 -0.004743  -0.003733  -0.000605
  0.000239   0.000574  -0.000616
  0.002288   0.006169   0.005886
  0.001322  -0.000026   0.000535
  0.000102   0.001831  -0.001408
  0.000164   0.000534   0.000211
 -0.000165   0.000437   0.000367
  0.000203   0.000114  -0.000216
 -0.056836   0.218377   0.103781
 -0.000098   0.000887  -0.000375
 -0.000920  -0.000228   0.000319
 -0.000122   0.000242  -0.000007
  0.002754   0.000569  -0.000522
  0.000101  -0.000298  -0.000600
  0.000107  -0.000065  -0.000071
 -0.000013  -0.000041   0.000064
 -0.006936   0.015572   0.017677
  0.000104   0.000318  -0.000001
  0.000899   0.001960   0.001199
  0.000748  -0.000702   0.001069
  0.001230   0.000262  -0.000130
 -0.000438   0.000157  -0.000030
 -0.000384  -0.000329  -0.000103
 -0.000267   0.000016   0.000175
  0.000657  -0.001517   0.002077
 -0.000096  -0.000250   0.000468
 -0.000542  -0.000827  -0.000641
  0.000143  -0.000361  -0.000586
  0.000123  -0.000172  -0.000193
 -0.000133  -0.000079  -0.000117
  0.000522  -0.001869   0.000953
  0.000272   0.000389   0.000612
  0.000078  -0.000118  -0.000070
 -0.000164  -0.000196   0.000176
 -0.000329  -0.001209  -0.000311
 -0.001025   0.001385   0.001616
  0.049262  -0.355085  -0.180756
 -0.000169  -0.000528   0.000309
 -0.001085  -0.002985  -0.003724
 -0.000322  -0.000122  -0.000266
  0.022408   0.008168   0.051687
  0.000086  -0.000140   0.000141
 -0.001384  -0.000944  -0.000810
 -0.000635  -0.000051  -0.000076
 -0.000760  -0.002327  -0.000083
 -0.000218  -0.000010  -0.000109
 -0.004634   0.114826   0.010731
  0.000134  -0.000342  -0.000157
  0.000012  -0.000136  -0.000010
 -0.000005  -0.000135   0.000004
 -0.000425  -0.000763   0.000049
 -0.000124   0.000184  -0.000042
 -0.000023   0.000206   0.000145
 -0.000062  -0.000402   0.000091
 -0.001085   0.000065  -0.000687
 -0.000470   0.000385  -0.000132
 -0.000027  -0.000094   0.000042
  0.000066  -0.000054  -0.000064
 -0.000187   0.000051  -0.000042
 -0.000306   0.000036  -0.000789
 -0.000550  -0.000771  -0.000703
 -0.000102   0.000038  -0.000075
  0.000011  -0.000106   0.000089
 -0.000060  -0.000083   0.000009
 -0.000273   0.000538  -0.000795
  0.000240  -0.000007   0.000049
  0.000099  -0.000280  -0.000187
 -0.000124  -0.000010   0.000125
  0.000033  -0.000243   0.000042
  0.000285  -0.000083   0.000015
 -0.000179  -0.000357   0.000076
 -0.000032  -0.000125   0.000025
 -0.000003  -0.000163   0.000178
 -0.000127  -0.000193   0.000049
 -0.000028  -0.000123   0.000005
 -0.000008  -0.000131  -0.000003
 -0.000171   0.000425  -0.000063
  0.000068   0.000362   0.000012
 -0.000257   0.000436  -0.000059
  0.000164   0.000269   0.000070
 -0.000005   0.000225  -0.000169
  0.000141   0.000301   0.000110
 -0.000092   0.000404   0.000269
  0.000141   0.000417  -0.000111
 -0.000172   0.000376   0.000010
  0.000254   0.000422  -0.000073
 -0.000131   0.000249   0.000158
  0.000061   0.000243  -0.000140
 -0.000564   0.000547   0.000419
 -0.000014   0.000613  -0.000251
  0.000009   0.001097   0.000353
 -0.000464   0.001207  -0.000597
 -0.000031   0.000558   0.000157
 -0.000108   0.000114  -0.000076
  0.000166   0.000723  -0.000036
  0.000671  -0.000185  -0.001056
  0.000082   0.000883   0.000298
  0.000515  -0.000616  -0.000198
  0.000149  -0.001607   0.000071
  0.000120  -0.001521  -0.000082
 -0.000088  -0.001198  -0.000019
 -0.000316  -0.000618  -0.000070
   43    3  0.0000 -0.0000  0.0150
  0.000104  -0.000111   0.000021
 -0.000064  -0.000101   0.000001
 -0.001328   0.004374  -0.000142
 -0.000219  -0.000022  -0.000127
  0.000092  -0.001021  -0.000896
  0.000096  -0.000705   0.000543
 -0.006986  -0.003437  -0.001686
  0.000150   0.000454  -0.000385
 -0.000551   0.004800   0.011509
  0.000230   0.000585  -0.000441
 -0.000027   0.000570  -0.000869
  0.000206   0.000254   0.000563
 -0.000159   0.000409   0.000487
  0.000133   0.000059  -0.000152
 -0.046578   0.100912   0.173799
  0.000056   0.000371  -0.000476
 -0.000972  -0.000424   0.000422
 -0.000161   0.000124   0.000032
 -0.000618  -0.000308   0.002074
  0.000039  -0.000393  -0.000960
  0.000030  -0.000037  -0.000030
  0.000016  -0.000043   0.000044
 -0.012440   0.027986   0.014999
  0.000082   0.000062  -0.000037
  0.000735   0.002538   0.001637
  0.000629  -0.000632   0.000818
  0.000598   0.000274  -0.000509
 -0.000269   0.000072  -0.000009
 -0.000088  -0.000145  -0.000001
 -0.000171   0.000000   0.000102
 -0.000490  -0.000735   0.000040
 -0.000063  -0.000247   0.000426
 -0.000038  -0.000677   0.000424
  0.000046  -0.000183  -0.000140
  0.000023  -0.000068   0.000052
 -0.000039  -0.000043  -0.000048
  0.000031  -0.000311  -0.000234
 -0.000055   0.000387   0.000204
  0.000041  -0.000100  -0.000059
 -0.000063  -0.000094   0.000068
 -0.000108   0.000001  -0.000584
 -0.000088   0.000901   0.001612
  0.030330  -0.180593  -0.244575
 -0.000120  -0.000276   0.000266
  0.008356  -0.004786  -0.003636
  0.000077  -0.000378   0.000310
  0.029014   0.057238   0.077373
  0.000076  -0.000039   0.000172
 -0.001045  -0.000519  -0.002033
 -0.000080  -0.000183   0.000186
 -0.000199  -0.001086  -0.001113
 -0.000045  -0.000184   0.000023
  0.003925  -0.004207  -0.026909
 -0.000020  -0.000080   0.000049
  0.000008  -0.000069   0.000002
  0.000003  -0.000074   0.000007
 -0.000255  -0.000711   0.000101
 -0.000196   0.000077  -0.000061
 -0.000048   0.000243   0.000167
 -0.000016  -0.000245   0.000099
 -0.000644  -0.000188  -0.000228
 -0.000664   0.000340  -0.000178
 -0.000028  -0.000041   0.000034
  0.000059  -0.000028  -0.000037
 -0.000059   0.000044  -0.000099
 -0.000106  -0.000147  -0.000825
 -0.000143  -0.000764   0.000025
 -0.000056   0.000036  -0.000040
  0.000006   0.000026   0.000040
 -0.000020  -0.000043   0.000019
 -0.000140   0.000481  -0.000968
  0.000121   0.000019   0.000089
  0.000007  -0.000061   0.000009
  0.000007   0.000058  -0.000077
 -0.000071  -0.000120   0.000027
  0.000272  -0.000054   0.000009
 -0.000059  -0.000062   0.000021
  0.000007  -0.000049   0.000013
  0.000027  -0.000156   0.000116
 -0.000046  -0.000143  -0.000103
 -0.000012  -0.000064  -0.000000
 -0.000000  -0.000060   0.000008
 -0.000059   0.000177  -0.000016
  0.000016   0.000138   0.000009
 -0.000103   0.000174  -0.000023
  0.000072   0.000115   0.000031
 -0.000023   0.000095  -0.000050
  0.000058   0.000117   0.000055
 -0.000010   0.000145   0.000055
  0.000046   0.000160  -0.000033
 -0.000061   0.000158   0.000001
  0.000099   0.000167  -0.000023
 -0.000052   0.000101   0.000081
  0.000030   0.000091  -0.000058
 -0.000397   0.000407   0.000386
  0.000066   0.000306  -0.000153
  0.000191   0.000723   0.000451
 -0.000209   0.000597  -0.000314
  0.000056   0.000190   0.000018
 -0.000135   0.000024   0.000039
  0.000112   0.000137   0.000354
  0.000397  -0.000055  -0.001028
  0.000001   0.000115   0.000169
  0.000017  -0.000254  -0.000300
  0.000017  -0.000784  -0.000033
  0.000028  -0.000734   0.000001
 -0.000051  -0.000450  -0.000044
 -0.000093  -0.000305   0.000046
   45    1  0.0150  0.0000  0.0000
 -0.000025   0.000035  -0.000030
  0.000028   0.000019  -0.000001
  0.000532   0.000676   0.000821
 -0.000020  -0.000043  -0.000328
  0.000490  -0.000242  -0.000537
 -0.000069   0.000026   0.000004
  0.002559  -0.002466   0.002324
 -0.000018  -0.000122   0.000126
  0.098058  -0.015334  -0.024991
 -0.000647  -0.000022  -0.000119
  0.000109  -0.000322   0.000197
  0.000066  -0.000034  -0.000007
  0.000194   0.000246   0.000294
 -0.000010   0.000023  -0.000018
 -0.001491  -0.003237  -0.006072
 -0.000532  -0.000835  -0.000718
 -0.000372  -0.000174   0.000006
  0.000010  -0.000046   0.000026
 -0.000645  -0.000197   0.000175
  0.000034  -0.000098   0.000056
 -0.000030   0.000016   0.000012
  0.000023   0.000047   0.000079
 -0.010999   0.008219   0.015843
  0.000007  -0.000114   0.000028
  0.000589   0.000955  -0.000154
 -0.000087   0.000154  -0.000099
 -0.000551   0.000446   0.000555
  0.000072   0.000009  -0.000014
 -0.000117   0.000233  -0.000140
  0.000034  -0.000025  -0.000004
  0.000293  -0.000185  -0.000532
  0.000108  -0.000055   0.000100
  0.000132  -0.000079   0.000013
  0.000010   0.000221  -0.000219
 -0.000005  -0.000013  -0.000024
  0.000032   0.000008   0.000009
 -0.000176  -0.000102  -0.000154
 -0.000032   0.000086   0.000097
 -0.000025   0.000017   0.000017
  0.000025   0.000019  -0.000028
  0.000102   0.000536  -0.000222
 -0.000309   0.000486   0.000200
  0.011815  -0.000986   0.008472
  0.000177   0.000324   0.000025
 -0.139566   0.052630   0.090007
  0.000127   0.000054  -0.000030
 -0.000049   0.000401   0.001412
  0.000965   0.000996   0.000535
  0.050752  -0.021174  -0.079461
  0.000341  -0.000020   0.000022
 -0.012927  -0.021509  -0.009513
  0.000106   0.000059   0.000052
  0.001781   0.001362   0.001741
 -0.000042   0.000409   0.000323
 -0.000001   0.000022  -0.000000
  0.000004   0.000020  -0.000001
 -0.000050   0.000050  -0.000228
 -0.000206   0.000027   0.000249
 -0.000169   0.000209  -0.000042
 -0.000004   0.000051  -0.000013
  0.000329   0.000176  -0.000467
 -0.000124  -0.000016  -0.000022
 -0.000008   0.000020   0.000000
 -0.000027   0.000092  -0.000017
 -0.000184  -0.000270   0.000755
 -0.000067   0.000044   0.000076
  0.000002  -0.000222   0.000006
  0.000036  -0.000047   0.000012
 -0.000027   0.000056   0.000064
  0.000020   0.000009  -0.000003
  0.000004  -0.000506  -0.001033
 -0.000134  -0.000153   0.000042
 -0.000035   0.000086   0.000089
 -0.000030   0.000067  -0.000045
 -0.000060   0.000036  -0.000008
  0.000029   0.000089  -0.000028
 -0.000024  -0.000013   0.000007
  0.000026   0.000020  -0.000007
 -0.000035  -0.000022  -0.000020
 -0.000052  -0.000022   0.000038
 -0.000004   0.000010  -0.000003
  0.000005   0.000016   0.000002
  0.000029  -0.000047   0.000013
 -0.000027  -0.000064  -0.000049
  0.000031  -0.000054   0.000008
 -0.000028  -0.000063  -0.000003
  0.000025  -0.000036   0.000003
 -0.000007  -0.000026  -0.000001
  0.000032  -0.000033   0.000015
 -0.000016  -0.000039   0.000010
  0.000029  -0.000022  -0.000019
 -0.000025  -0.000051   0.000012
  0.000022  -0.000031  -0.000015
  0.000007  -0.000024   0.000032
 -0.000348  -0.000038   0.000332
  0.000039  -0.000038   0.000001
 -0.000076   0.000034   0.000095
  0.000047  -0.000083   0.000036
  0.000041  -0.000093  -0.000044
  0.000020  -0.000091   0.000037
 -0.000042  -0.000250   0.000183
  0.000170  -0.000155  -0.000135
 -0.000035  -0.000355  -0.000052
  0.000084  -0.000224   0.000034
  0.000048   0.000153  -0.000053
  0.000027   0.000128   0.000022
  0.000008   0.000229  -0.000041
 -0.000097   0.000163   0.000016
   45    2  0.0000  0.0150 -0.0000
  0.000200  -0.000184   0.000082
 -0.000032  -0.000041   0.000123
  0.002097   0.002464   0.001840
 -0.000058   0.000154   0.000173
 -0.000782  -0.001197   0.000333
  0.000291  -0.000609   0.000350
  0.000080  -0.000598  -0.000025
  0.000049   0.000020  -0.000083
 -0.012928   0.132737   0.086380
  0.000472  -0.000026  -0.000232
 -0.000605   0.001409   0.000036
 -0.000069   0.000136  -0.000037
 -0.000123   0.000311   0.000069
  0.000021   0.000083  -0.000080
 -0.001285   0.006818   0.003648
 -0.002307  -0.000168  -0.001849
  0.000090   0.000304  -0.000420
  0.000114   0.000042  -0.000077
  0.001610   0.003615   0.001986
 -0.000017  -0.000021  -0.000069
  0.000116  -0.000048  -0.000071
  0.000110  -0.000120  -0.000264
 -0.002288  -0.005153   0.008079
  0.000077   0.000143   0.000263
  0.000185   0.000387   0.000228
  0.000046  -0.000115   0.000038
 -0.000097  -0.000557   0.000135
 -0.000172   0.000089   0.000058
 -0.000391  -0.000001   0.000039
 -0.000017  -0.000019   0.000072
 -0.000978  -0.001971   0.001408
 -0.000090   0.000017  -0.000039
 -0.000167   0.000145  -0.000126
 -0.000018  -0.000352  -0.000083
 -0.000085  -0.000030  -0.000015
 -0.000124  -0.000064  -0.000063
 -0.000301  -0.000795  -0.001406
 -0.000024   0.000069   0.000103
  0.000041  -0.000072   0.000002
 -0.000137  -0.000133   0.000119
 -0.000275  -0.001460   0.000002
  0.000097   0.000841   0.000342
 -0.004500  -0.003034  -0.004854
  0.000380  -0.000165   0.000390
  0.052583  -0.207146  -0.161243
 -0.000069  -0.000079   0.000100
  0.000158  -0.000804  -0.000591
  0.002286   0.001104   0.001227
 -0.014429  -0.018730   0.006590
 -0.000186  -0.000004   0.000041
 -0.020893   0.091403   0.060588
 -0.000075   0.000013  -0.000005
  0.000944  -0.001752   0.001110
  0.000323   0.000214   0.000289
  0.000029  -0.000101  -0.000007
  0.000026  -0.000112   0.000006
  0.000206  -0.000322   0.000757
  0.000082   0.000095  -0.000095
  0.000214   0.000011   0.000162
  0.000030  -0.000092   0.000017
 -0.000807   0.000423  -0.003342
  0.000034   0.000080  -0.000030
  0.000020  -0.000068   0.000021
  0.000264  -0.000220  -0.000038
 -0.000063   0.000217  -0.000359
  0.000139   0.000007  -0.000038
 -0.000048   0.000107  -0.000027
 -0.000029  -0.000122  -0.000023
 -0.000007  -0.000011   0.000026
 -0.000033  -0.000065  -0.000007
  0.000528   0.000625  -0.000817
  0.000004   0.000024   0.000017
  0.000164  -0.000318  -0.000278
  0.000136   0.000080  -0.000172
  0.000228  -0.000145   0.000034
  0.000671  -0.000090   0.000154
 -0.000101  -0.000044   0.000009
 -0.000052  -0.000106   0.000024
  0.000083  -0.000148   0.000170
  0.000032   0.000013   0.000005
 -0.000007  -0.000076  -0.000002
 -0.000004  -0.000076  -0.000006
 -0.000147   0.000337  -0.000043
 -0.000023   0.000252   0.000128
 -0.000214   0.000332  -0.000065
  0.000065   0.000169   0.000035
  0.000011   0.000164  -0.000057
  0.000112   0.000176   0.000073
  0.000034   0.000174   0.000009
  0.000139   0.000285  -0.000081
 -0.000055   0.000090   0.000027
  0.000216   0.000336  -0.000063
 -0.000116   0.000187   0.000129
 -0.000036   0.000136  -0.000135
  0.000058   0.000697  -0.000515
 -0.000114   0.000314  -0.000086
  0.000368   0.000890   0.000207
 -0.000240   0.000650  -0.000267
 -0.000194   0.000465   0.000173
 -0.000431   0.000007  -0.000036
  0.000014   0.000816  -0.000326
 -0.000133  -0.000293  -0.000279
  0.000085   0.000986   0.000214
 -0.000013  -0.000459   0.000087
 -0.000146  -0.001349  -0.000049
 -0.000082  -0.000970  -0.000069
  0.000053  -0.001048   0.000074
  0.000204   0.000021   0.000143
   45    3  0.0000 -0.0000  0.0150
  0.000169  -0.000156   0.000058
 -0.000032  -0.000044   0.000074
  0.001134   0.003806  -0.002126
 -0.000009   0.000159   0.000441
 -0.000147  -0.001511  -0.000570
  0.000221  -0.000564   0.000338
  0.010479  -0.005360   0.003494
  0.000078   0.000008  -0.000075
 -0.018742   0.083042   0.277045
  0.000452  -0.000010  -0.000316
 -0.000672   0.001896   0.000135
 -0.000154   0.000161  -0.000016
  0.000459   0.001469   0.001073
  0.000040   0.000090  -0.000089
 -0.005487   0.004386   0.009578
 -0.002768  -0.001161  -0.001600
 -0.000337  -0.000013   0.000100
  0.000081   0.000050  -0.000067
  0.000540  -0.001001   0.002158
 -0.000043   0.000064  -0.000267
  0.000089  -0.000043  -0.000053
  0.000063  -0.000092  -0.000146
 -0.011065   0.032902   0.041086
  0.000072   0.000208   0.000268
 -0.000078  -0.000153   0.000846
  0.000069  -0.000137   0.000034
 -0.002288   0.000194   0.002234
 -0.000175   0.000098   0.000043
 -0.000096   0.001395  -0.000382
 -0.000014  -0.000023   0.000068
 -0.002341  -0.003314   0.002761
 -0.000144   0.000067  -0.000037
 -0.000377  -0.001031  -0.000041
 -0.000011  -0.000495   0.000170
 -0.000053  -0.000020   0.000029
 -0.000104  -0.000060  -0.000046
 -0.000043  -0.000249   0.000515
  0.000003   0.000094   0.000010
  0.000031  -0.000068  -0.000032
 -0.000115  -0.000117   0.000096
 -0.000075  -0.001002  -0.000224
  0.000211   0.000387   0.000424
  0.004105  -0.003728  -0.003639
  0.000628   0.000273   0.000264
  0.090231  -0.161604  -0.368011
 -0.000034  -0.000096   0.000147
  0.001310  -0.000678  -0.000927
  0.001798   0.000754   0.000886
 -0.063137   0.009502   0.039173
 -0.000129  -0.000031   0.000057
 -0.005990   0.041175  -0.006987
 -0.000076   0.000005  -0.000001
  0.001071   0.000117  -0.001869
  0.000268   0.000419   0.000316
  0.000020  -0.000087  -0.000004
  0.000019  -0.000100   0.000004
  0.000545  -0.001355   0.000649
  0.000173   0.000074  -0.000288
 -0.000237   0.000331   0.000127
  0.000024  -0.000081   0.000016
 -0.000263  -0.003244   0.002939
 -0.000000   0.000097  -0.000061
  0.000006  -0.000060   0.000021
  0.000171  -0.000142  -0.000041
  0.000037   0.000018  -0.000741
  0.000175  -0.000027  -0.000011
  0.000154  -0.000131   0.000215
 -0.000024  -0.000126   0.000002
 -0.000129   0.000237   0.000212
 -0.000029  -0.000050  -0.000007
  0.000457   0.002042   0.000318
  0.000068   0.000111  -0.000007
  0.000115  -0.000225  -0.000211
  0.000091   0.000062  -0.000123
  0.000123  -0.000123   0.000021
  0.000600  -0.000036   0.000115
 -0.000070  -0.000017   0.000012
 -0.000035  -0.000092   0.000017
  0.000087  -0.000194   0.000208
  0.000030   0.000020  -0.000052
 -0.000012  -0.000075  -0.000004
 -0.000005  -0.000069  -0.000002
 -0.000120   0.000287  -0.000026
 -0.000041   0.000204   0.000077
 -0.000174   0.000269  -0.000059
  0.000042   0.000130   0.000033
  0.000013   0.000135  -0.000044
  0.000081   0.000145   0.000070
  0.000051   0.000160   0.000005
  0.000106   0.000241  -0.000064
 -0.000026   0.000104   0.000014
  0.000170   0.000270  -0.000055
 -0.000088   0.000148   0.000113
 -0.000034   0.000117  -0.000085
 -0.000454   0.000652   0.000044
 -0.000032   0.000283  -0.000089
  0.000350   0.001066   0.000534
 -0.000205   0.000580  -0.000248
 -0.000088   0.000333   0.000117
 -0.000400  -0.000017  -0.000011
  0.000008   0.000660   0.000009
 -0.000131  -0.000132  -0.000292
  0.000042   0.000752   0.000240
 -0.000037  -0.000213  -0.000017
 -0.000091  -0.001144  -0.000124
 -0.000046  -0.000867  -0.000035
  0.000031  -0.000837   0.000081
  0.000119  -0.000046   0.000086
   47    1  0.0150  0.0000  0.0000
 -0.000010  -0.000026   0.000086
 -0.000113  -0.000110  -0.000215
  0.000598  -0.004572   0.002584
 -0.000139   0.001034   0.000633
 -0.000462   0.001145   0.000706
  0.000121   0.000443  -0.000312
 -0.001898   0.002805   0.003587
  0.000170   0.000361  -0.000310
 -0.000460   0.004249  -0.016401
 -0.000644   0.003643  -0.002452
 -0.000217   0.000082  -0.000721
  0.001939  -0.000039   0.000119
  0.000338  -0.000381  -0.000407
 -0.000041  -0.000160   0.000128
  0.238103  -0.005102   0.105778
 -0.002276   0.000287  -0.000405
 -0.000092  -0.000093   0.000127
  0.000045   0.000080  -0.000143
  0.000356   0.001056  -0.000444
  0.000935  -0.000990  -0.001923
  0.000085  -0.000011  -0.000040
 -0.000242  -0.000010   0.000154
  0.050298  -0.003211   0.048803
  0.000021   0.000180  -0.000021
 -0.000491  -0.001026  -0.000648
  0.000096  -0.000271   0.000213
  0.002233  -0.002870  -0.002623
 -0.000291  -0.000061   0.000202
 -0.000473  -0.000262   0.000380
  0.000002   0.000020   0.000002
  0.001138   0.001673  -0.000247
  0.000352   0.000315   0.000346
 -0.000007   0.000621  -0.000447
  0.000526   0.000170   0.000090
  0.000255  -0.000046   0.000183
 -0.000092  -0.000024  -0.000023
 -0.000034  -0.000196   0.000432
  0.000067  -0.000185   0.000502
  0.000137  -0.000121  -0.000222
 -0.000024  -0.000028   0.000071
 -0.000137  -0.001387   0.000605
  0.000774  -0.002451   0.002206
 -0.013090   0.022427   0.029064
  0.000415  -0.000146   0.000070
  0.000035   0.000127   0.001229
  0.000925  -0.002354   0.001909
 -0.278533   0.013540  -0.197773
  0.000960   0.000015   0.000480
  0.009284   0.000501   0.003720
  0.000498  -0.001126   0.000701
  0.000674  -0.002491   0.001924
 -0.000061  -0.001481  -0.000020
 -0.013307  -0.021934   0.022609
  0.000535  -0.000253  -0.000151
 -0.000003  -0.000004   0.000001
 -0.000039   0.000008  -0.000008
  0.000002  -0.000125  -0.000136
 -0.000813  -0.000104  -0.000687
 -0.000164  -0.000078  -0.000191
  0.000074  -0.000022   0.000057
 -0.000187  -0.000357  -0.000119
  0.000079   0.000143   0.001917
  0.000065   0.000003  -0.000026
 -0.000197   0.000020   0.000066
 -0.000431   0.000049   0.000325
  0.000257  -0.000071  -0.000196
  0.001371  -0.003607  -0.000515
 -0.000058  -0.000002  -0.000033
  0.000102  -0.000125  -0.000104
 -0.000031  -0.000017   0.000023
  0.000711  -0.000008  -0.000734
 -0.000117   0.000025   0.000307
  0.000105  -0.000189  -0.000239
 -0.000309  -0.000413   0.000590
  0.000316  -0.000015   0.000036
 -0.000971  -0.000024  -0.000112
  0.000211  -0.000012  -0.000036
 -0.000082  -0.000029   0.000015
 -0.000027   0.000116   0.000001
 -0.000099  -0.000310  -0.000389
  0.000021  -0.000008   0.000004
 -0.000014  -0.000015  -0.000006
 -0.000046  -0.000030  -0.000028
  0.000185   0.000070   0.000003
 -0.000008   0.000033   0.000007
  0.000165   0.000206   0.000030
 -0.000163   0.000036   0.000004
  0.000017   0.000015  -0.000029
 -0.000239   0.000085   0.000034
  0.000036  -0.000002  -0.000028
 -0.000165   0.000261   0.000054
  0.000004   0.000041  -0.000012
 -0.000036   0.000014  -0.000040
  0.000124   0.000034   0.000005
  0.000690  -0.000419  -0.000204
 -0.000217  -0.000151   0.000089
 -0.000033  -0.000582  -0.000323
  0.000016  -0.000200   0.000137
 -0.000210   0.000159   0.000085
  0.000727   0.000426  -0.000188
 -0.000007   0.000516  -0.000544
  0.001439   0.001977  -0.001189
  0.000087   0.000733   0.000094
 -0.000671   0.002005  -0.001240
  0.000042   0.000418   0.000284
  0.000015   0.000174  -0.000141
  0.000024  -0.000410   0.000136
 -0.000335  -0.001593  -0.000501
   47    2  0.0000  0.0150 -0.0000
  0.000101  -0.000098   0.000026
 -0.000072  -0.000085  -0.000021
  0.000797   0.000390   0.000409
 -0.000165  -0.000012  -0.000236
  0.000121  -0.000711  -0.000395
  0.000183  -0.000528   0.000322
  0.001172   0.000640  -0.000001
  0.000025   0.000041  -0.000118
  0.000306   0.001363   0.000064
  0.000993  -0.000930   0.000885
  0.000051  -0.000593  -0.000176
 -0.000123   0.000005  -0.000053
 -0.000165   0.000177   0.000692
  0.000060   0.000078  -0.000085
 -0.007994   0.090900  -0.005829
  0.000101   0.000227  -0.000006
 -0.000087   0.000358   0.000179
  0.000025   0.000043  -0.000011
  0.000156  -0.001031  -0.000049
 -0.000023  -0.000085   0.000174
  0.000051  -0.000034  -0.000026
 -0.000003  -0.000020   0.000036
 -0.000959  -0.008422  -0.001036
 -0.000000   0.000148   0.000038
  0.000218  -0.000439  -0.000472
  0.000154  -0.000167   0.000102
  0.000239   0.006630   0.000298
 -0.000078   0.000062  -0.000037
 -0.001666  -0.000583  -0.000294
 -0.000064  -0.000002   0.000053
  0.001356   0.000459  -0.000073
 -0.000033  -0.000042   0.000094
  0.000019   0.000163   0.000398
 -0.000058  -0.000118  -0.000294
  0.000058  -0.000093  -0.000038
 -0.000065  -0.000043  -0.000047
  0.000000   0.000224  -0.000266
  0.000100   0.000204   0.000223
  0.000036  -0.000076  -0.000054
 -0.000075  -0.000093   0.000075
 -0.000097  -0.000669   0.000153
 -0.000285   0.000701   0.001303
  0.031015   0.008171   0.057176
 -0.000088  -0.000135   0.000038
  0.000371  -0.000798  -0.000683
 -0.001000   0.001152  -0.000798
  0.013549  -0.114515   0.004291
 -0.000090  -0.000043  -0.000028
 -0.000339  -0.000320  -0.000080
 -0.000718   0.000879  -0.000699
 -0.000100  -0.001390   0.000578
 -0.000109   0.000392  -0.000061
 -0.031211   0.014316  -0.055615
  0.000006  -0.000112  -0.000085
  0.000007  -0.000064  -0.000006
 -0.000001  -0.000065  -0.000002
 -0.000131  -0.000176  -0.000013
  0.000064   0.000123   0.000013
  0.000000  -0.000038  -0.000014
 -0.000018  -0.000116  -0.000005
 -0.000204   0.000029  -0.000022
 -0.000336  -0.000395  -0.000444
 -0.000008  -0.000052   0.000016
  0.000032  -0.000022  -0.000033
 -0.000165   0.000041   0.000037
  0.000058  -0.000108  -0.000153
 -0.005037   0.003578   0.002042
 -0.000026  -0.000015  -0.000016
 -0.000003  -0.000030  -0.000129
 -0.000021  -0.000039  -0.000010
 -0.000171   0.000418  -0.000035
  0.000088  -0.000029  -0.000051
  0.000058  -0.000151  -0.000123
 -0.000053   0.000030   0.000044
  0.000018  -0.000103   0.000006
  0.000195  -0.000023   0.000014
 -0.000077  -0.000137   0.000026
 -0.000019  -0.000067   0.000010
 -0.000018  -0.000041   0.000032
 -0.000037  -0.000001   0.000091
 -0.000015  -0.000064  -0.000004
 -0.000005  -0.000064  -0.000003
 -0.000071   0.000185  -0.000030
  0.000016   0.000142  -0.000006
 -0.000105   0.000183  -0.000035
  0.000050   0.000100   0.000037
  0.000008   0.000085  -0.000073
  0.000055   0.000126   0.000044
 -0.000021   0.000173   0.000102
  0.000059   0.000178  -0.000054
 -0.000050   0.000161  -0.000006
  0.000105   0.000177  -0.000037
 -0.000049   0.000103   0.000063
  0.000012   0.000101  -0.000056
 -0.000430   0.000327   0.000256
  0.000008   0.000254  -0.000086
 -0.000014   0.000502   0.000191
 -0.000192   0.000507  -0.000238
 -0.000008   0.000232   0.000083
 -0.000112  -0.000028  -0.000014
  0.000029   0.000309  -0.000148
  0.000867   0.000208  -0.000939
  0.000039   0.000455   0.000072
  0.000108  -0.000262  -0.000235
  0.000070  -0.000720   0.000015
  0.000061  -0.000681  -0.000039
 -0.000026  -0.000517   0.000004
 -0.000181  -0.000255  -0.000079
   47    3  0.0000 -0.0000  0.0150
  0.000004  -0.000017   0.000015
 -0.000034  -0.000044  -0.000063
 -0.000341  -0.002086   0.000244
  0.000062   0.000687   0.000426
 -0.000376  -0.000364  -0.000371
 -0.000023   0.000041   0.000020
 -0.000769   0.002077   0.000880
  0.000138   0.000343  -0.000271
 -0.004547   0.000419  -0.000373
 -0.001306   0.002520  -0.001370
 -0.000470   0.001521  -0.001091
 -0.000479  -0.000219   0.001784
 -0.000607  -0.000181   0.000641
  0.000033  -0.000052  -0.000004
  0.117767  -0.005838   0.185311
 -0.000798   0.000225  -0.000423
 -0.000067   0.000560   0.000456
 -0.000064   0.000074  -0.000032
  0.000354   0.001414   0.000247
  0.001195  -0.000833  -0.001258
  0.000017  -0.000003  -0.000026
 -0.000062  -0.000002   0.000072
  0.010452  -0.000494   0.002097
  0.000084   0.000003  -0.000111
  0.000260  -0.000673  -0.001296
  0.000293  -0.000385   0.000339
 -0.000504   0.003801  -0.001097
 -0.000187  -0.000015   0.000082
 -0.000488  -0.000613  -0.000907
 -0.000055   0.000006   0.000014
 -0.001421  -0.000318   0.001414
 -0.000079  -0.000397   0.000256
 -0.000101  -0.000511  -0.000680
 -0.000454   0.000155   0.000103
  0.000063   0.000036   0.000288
 -0.000018  -0.000007  -0.000013
  0.000025  -0.000871   0.000675
 -0.000036  -0.000054   0.000060
  0.000066  -0.000098  -0.000148
  0.000002  -0.000006   0.000007
 -0.000025  -0.000255  -0.000248
  0.000901  -0.000528   0.001864
  0.039975   0.051717   0.077362
  0.000068  -0.000142   0.000155
  0.001405  -0.000566  -0.000891
  0.000545  -0.001194   0.000869
 -0.197707   0.004205  -0.327619
  0.000393   0.000002   0.000285
  0.001955   0.000320  -0.000006
  0.000909  -0.001240   0.000675
  0.001020  -0.000126  -0.000279
  0.000092  -0.000946  -0.000019
  0.034865  -0.050595   0.063370
  0.000132  -0.000069   0.000020
  0.000000  -0.000006  -0.000002
 -0.000007  -0.000008  -0.000007
 -0.000189  -0.000366  -0.000078
 -0.000590  -0.000027   0.000021
 -0.000044  -0.000097  -0.000045
  0.000030  -0.000083   0.000059
 -0.000376  -0.000285  -0.000188
  0.000191   0.000235   0.000935
  0.000010   0.000005  -0.000006
 -0.000036   0.000016   0.000001
 -0.000219   0.000007   0.000167
  0.000200  -0.000301  -0.000430
 -0.001316  -0.000513   0.001346
 -0.000040   0.000023  -0.000029
  0.000045   0.000066  -0.000197
 -0.000013  -0.000005   0.000012
  0.000264  -0.000500  -0.001322
 -0.000001   0.000052   0.000226
  0.000006  -0.000010  -0.000011
 -0.000010  -0.000072  -0.000041
  0.000028  -0.000012   0.000010
 -0.000157  -0.000013  -0.000043
  0.000119   0.000172  -0.000024
 -0.000011   0.000000  -0.000003
  0.000004   0.000012   0.000026
 -0.000043  -0.000227  -0.000363
  0.000009  -0.000006  -0.000015
 -0.000001  -0.000002  -0.000002
 -0.000006  -0.000001  -0.000005
  0.000040   0.000013  -0.000012
  0.000005   0.000004  -0.000007
  0.000033   0.000076   0.000001
 -0.000083   0.000031   0.000023
 -0.000003  -0.000003  -0.000014
 -0.000050   0.000009  -0.000103
  0.000000  -0.000009  -0.000003
 -0.000017   0.000096  -0.000010
 -0.000009   0.000002  -0.000006
 -0.000005   0.000005  -0.000009
  0.000029   0.000011  -0.000004
  0.000004   0.000132   0.000150
  0.000009  -0.000013  -0.000024
  0.000264   0.000097   0.000258
  0.000001  -0.000001  -0.000013
  0.000001   0.000005  -0.000030
  0.000102   0.000127   0.000056
  0.000038   0.000106   0.000052
  0.000440   0.000660  -0.001105
 -0.000007   0.000040   0.000091
 -0.000531   0.000766  -0.000702
 -0.000055   0.000085   0.000019
 -0.000023  -0.000003  -0.000021
 -0.000003  -0.000092   0.000015
 -0.000085  -0.000587  -0.000033
   49    1  0.0150  0.0000  0.0000
  0.000057  -0.000021  -0.000063
  0.000068   0.000074   0.000190
  0.000198   0.004495  -0.003032
  0.000256  -0.000093  -0.001954
  0.000597  -0.001508  -0.000337
 -0.000098  -0.000547   0.000427
  0.002116  -0.003625  -0.002198
 -0.000056  -0.000305   0.000326
  0.322332   0.051481  -0.016962
 -0.001732  -0.000402  -0.000231
  0.000283   0.000080   0.000327
  0.006459  -0.000248  -0.000617
 -0.000358   0.000299   0.000488
  0.000004   0.000209  -0.000199
 -0.009724   0.000686   0.011567
 -0.000628  -0.002141  -0.001294
 -0.000738   0.000005  -0.000062
  0.000017  -0.000084   0.000100
 -0.000188  -0.002165   0.001238
  0.000013  -0.000657   0.000232
 -0.000051   0.000007   0.000002
  0.000259   0.000050  -0.000053
  0.059268   0.012431  -0.008991
 -0.000032  -0.000466  -0.000062
  0.001606   0.002644  -0.000023
 -0.000116   0.000339  -0.000154
 -0.000892   0.001012   0.001395
  0.000201   0.000073  -0.000077
 -0.000216  -0.000326  -0.000569
  0.000019  -0.000072   0.000034
  0.000074  -0.000420   0.000440
  0.004658   0.001302   0.000716
  0.000029  -0.000434   0.000121
  0.001018   0.000719  -0.001350
 -0.000178   0.000001  -0.000135
  0.000030  -0.000008  -0.000004
 -0.000200  -0.000514  -0.000344
 -0.000232   0.000304   0.000337
 -0.000073   0.000047   0.000137
 -0.000026  -0.000025  -0.000023
  0.000103   0.000839  -0.000572
 -0.000918   0.003271   0.001337
  0.001749  -0.001409  -0.001028
  0.000175   0.000677  -0.000139
  0.050782  -0.014520  -0.062999
  0.000348   0.000208  -0.000214
  0.009436  -0.000297   0.002104
  0.000475   0.000749   0.000818
 -0.461909  -0.107164   0.097458
  0.000880  -0.000008   0.000061
  0.015346   0.056866  -0.019643
  0.000321   0.000381   0.000195
  0.001363   0.000548  -0.000811
 -0.000274   0.001047   0.000798
  0.000003  -0.000018  -0.000006
  0.000032  -0.000037   0.000003
 -0.000048   0.000349   0.000021
 -0.000366   0.000166   0.000859
  0.000041   0.000379   0.000059
 -0.000023   0.000053  -0.000036
  0.001086  -0.000509  -0.000463
 -0.000375  -0.000019  -0.000060
 -0.000049  -0.000006   0.000024
  0.000220   0.000069  -0.000127
 -0.000819  -0.000323   0.002711
 -0.000208   0.000038   0.000087
 -0.000295  -0.000482  -0.000164
  0.000060  -0.000146   0.000016
 -0.000088   0.000082   0.000155
  0.000018  -0.000012  -0.000029
 -0.000435  -0.000191   0.000474
 -0.000443  -0.000689   0.000242
 -0.000043   0.000094   0.000133
  0.000124   0.000442  -0.000528
 -0.000211  -0.000005  -0.000019
  0.000989   0.000210   0.000102
 -0.000242  -0.000019   0.000060
  0.000057  -0.000016  -0.000011
  0.000066  -0.000185  -0.000000
 -0.000060  -0.000061   0.000149
 -0.000032  -0.000021  -0.000006
  0.000004  -0.000017   0.000002
 -0.000004   0.000101   0.000025
 -0.000201  -0.000039  -0.000072
 -0.000048   0.000046  -0.000026
 -0.000119  -0.000135   0.000023
  0.000121   0.000013  -0.000046
  0.000011   0.000039   0.000051
  0.000156  -0.000001   0.000014
  0.000002   0.000087  -0.000013
  0.000125  -0.000096  -0.000047
  0.000047   0.000052  -0.000007
 -0.000003   0.000023   0.000058
 -0.000097   0.000014  -0.000021
 -0.000944   0.000490   0.000187
  0.000205   0.000193  -0.000149
 -0.000186   0.000651   0.000098
 -0.000071   0.000349  -0.000197
  0.000130  -0.000049  -0.000041
 -0.000570  -0.000503   0.000220
 -0.000076  -0.000317   0.000417
  0.000475  -0.001140  -0.001087
 -0.000067  -0.000485  -0.000027
  0.000318  -0.001737   0.000262
  0.000020  -0.000761  -0.000272
  0.000031  -0.000399   0.000094
  0.000006   0.000102  -0.000105
 -0.000125   0.000991   0.000304
   49    2  0.0000  0.0150 -0.0000
  0.000143  -0.000131   0.000053
 -0.000017  -0.000027   0.000105
 -0.001466   0.001118  -0.000561
  0.000107   0.000133  -0.000637
 -0.000349  -0.000938   0.000350
  0.000200  -0.000480   0.000286
 -0.001018  -0.000249  -0.001133
 -0.000006  -0.000072   0.000019
  0.055675   0.105526  -0.006888
  0.000009  -0.000096  -0.000202
  0.000119   0.000900  -0.000316
 -0.000100  -0.000405  -0.000053
  0.000072   0.000176  -0.000196
 -0.000011   0.000074  -0.000072
 -0.001013   0.001539  -0.000138
 -0.001577  -0.000292  -0.001331
  0.000073  -0.000143  -0.000104
  0.000072   0.000002  -0.000035
 -0.002358   0.002886   0.000475
 -0.000007  -0.000267   0.000070
  0.000073  -0.000033  -0.000048
  0.000105  -0.000085  -0.000183
  0.002817  -0.007502  -0.002002
  0.000008  -0.000052   0.000105
  0.000844   0.000264   0.002238
 -0.000038   0.000011  -0.000021
  0.000043  -0.000421  -0.000029
 -0.000072   0.000047   0.000034
 -0.000295  -0.000122   0.000108
 -0.000008  -0.000035   0.000053
 -0.000117  -0.000768   0.001355
  0.001933   0.000494   0.000384
 -0.000005  -0.000055  -0.001003
 -0.000367  -0.000048  -0.000462
 -0.000100  -0.000035  -0.000040
 -0.000087  -0.000047  -0.000044
 -0.000626  -0.001142   0.000523
 -0.000119   0.000161   0.000478
  0.000004  -0.000042   0.000027
 -0.000106  -0.000097   0.000084
 -0.000065  -0.001116   0.000143
 -0.000052   0.001232   0.000433
  0.000405  -0.000939  -0.000544
  0.000222  -0.000081   0.000189
 -0.021097  -0.018715   0.009535
 -0.000019  -0.000029   0.000041
  0.000424  -0.000301   0.000284
  0.001155   0.000855   0.001260
 -0.106866  -0.141623   0.025177
 -0.000042   0.000010   0.000045
  0.072551   0.059737  -0.028774
 -0.000003   0.000074   0.000043
  0.000096  -0.001270   0.000827
  0.000223   0.000282   0.000365
  0.000017  -0.000070  -0.000006
  0.000018  -0.000080   0.000007
  0.000094  -0.000038  -0.000023
 -0.000111   0.000112   0.000186
  0.000226  -0.000009   0.000151
  0.000006  -0.000041   0.000004
 -0.000229   0.000411  -0.001391
 -0.000030   0.000029  -0.000024
  0.000010  -0.000048   0.000018
  0.000189  -0.000145  -0.000046
  0.000563   0.000805   0.001917
  0.000012   0.000043   0.000017
 -0.000111   0.000077  -0.000094
 -0.000010  -0.000108  -0.000014
 -0.000030  -0.000041  -0.000009
 -0.000020  -0.000052  -0.000007
 -0.000050   0.000131  -0.000203
 -0.000076  -0.000175   0.000116
  0.000114  -0.000221  -0.000205
  0.000120   0.000117  -0.000195
  0.000163  -0.000101   0.000025
  0.000546  -0.000062   0.000118
 -0.000122  -0.000044   0.000011
 -0.000040  -0.000079   0.000020
 -0.000024  -0.000060   0.000089
  0.000026   0.000014   0.000046
 -0.000016  -0.000055  -0.000001
 -0.000008  -0.000055  -0.000004
 -0.000114   0.000243  -0.000027
 -0.000024   0.000166   0.000080
 -0.000170   0.000247  -0.000047
  0.000054   0.000100   0.000023
 -0.000003   0.000113  -0.000049
  0.000083   0.000129   0.000059
  0.000028   0.000122   0.000020
  0.000097   0.000209  -0.000060
 -0.000052   0.000057   0.000009
  0.000162   0.000248  -0.000044
 -0.000094   0.000132   0.000098
 -0.000014   0.000096  -0.000093
  0.000037   0.000482  -0.000333
 -0.000109   0.000226  -0.000063
  0.000135   0.000623   0.000070
 -0.000184   0.000473  -0.000195
 -0.000169   0.000348   0.000145
 -0.000309  -0.000027  -0.000017
 -0.000046   0.000565  -0.000335
 -0.000026  -0.000436  -0.000381
  0.000060   0.000718   0.000149
  0.000043  -0.000632   0.000113
 -0.000081  -0.001018  -0.000060
 -0.000047  -0.000706  -0.000049
  0.000029  -0.000740   0.000052
  0.000121   0.000143   0.000161
   49    3  0.0000 -0.0000  0.0150
 -0.000019   0.000019  -0.000023
 -0.000001  -0.000026  -0.000054
  0.001930   0.000545  -0.000988
  0.000128   0.000006   0.000331
  0.000402   0.000015  -0.000743
 -0.000037   0.000020  -0.000006
 -0.001211  -0.000619  -0.001489
  0.000002  -0.000009   0.000003
 -0.024382  -0.008402   0.099028
 -0.000093   0.000115  -0.000131
 -0.000203  -0.000468  -0.000081
 -0.001161   0.000184  -0.000207
 -0.000033   0.000830   0.000208
  0.000011   0.000002  -0.000010
 -0.001019  -0.000047   0.009634
 -0.000843  -0.000409  -0.000865
  0.001393   0.000137  -0.000046
 -0.000018   0.000010  -0.000005
  0.001396  -0.001144   0.001489
 -0.000017   0.000152  -0.000267
 -0.000014   0.000008   0.000001
 -0.000034   0.000003   0.000072
  0.027226   0.003055  -0.011765
  0.000023   0.000010   0.000057
 -0.001816  -0.000217   0.006016
  0.000002  -0.000011   0.000001
  0.000108   0.000075  -0.000176
 -0.000034   0.000009  -0.000001
  0.000216   0.000312   0.000247
  0.000003  -0.000008  -0.000003
 -0.000234  -0.000195  -0.000928
 -0.000030  -0.000033  -0.000327
  0.000073  -0.000251   0.000733
 -0.000055  -0.000126   0.000265
  0.000019  -0.000012   0.000034
  0.000012   0.000004  -0.000003
  0.000154   0.000514  -0.000822
  0.000040   0.000030  -0.000117
 -0.000012  -0.000017  -0.000038
  0.000015   0.000011  -0.000018
  0.000015   0.000463  -0.000324
  0.000058  -0.000333   0.000150
 -0.000152  -0.000786  -0.002013
  0.000112   0.000057   0.000165
 -0.079531   0.006632   0.039205
  0.000022  -0.000043   0.000050
  0.003775  -0.000069  -0.000009
  0.000636   0.000660   0.000687
  0.097120   0.025034  -0.133379
  0.000105  -0.000040   0.000023
 -0.026739  -0.029806  -0.005889
  0.000002  -0.000048  -0.000009
 -0.000048   0.000859  -0.001485
  0.000013   0.000213   0.000228
 -0.000002   0.000012  -0.000006
 -0.000004   0.000014  -0.000011
  0.000100  -0.000374   0.000093
 -0.000165   0.000017  -0.000158
 -0.000166   0.000004   0.000001
 -0.000001   0.000012  -0.000003
 -0.000276  -0.000383   0.000310
 -0.000068   0.000032  -0.000040
 -0.000008   0.000012  -0.000004
 -0.000052   0.000044   0.000016
  0.002939   0.003430   0.003535
  0.000029  -0.000016  -0.000002
  0.000103  -0.000030   0.000053
  0.000000  -0.000025   0.000005
  0.000013   0.000026  -0.000036
  0.000004   0.000011  -0.000004
  0.000390   0.000252  -0.000628
  0.000016   0.000074  -0.000027
 -0.000032   0.000057   0.000068
 -0.000045  -0.000013   0.000052
 -0.000061   0.000017  -0.000012
 -0.000101   0.000017  -0.000065
  0.000030   0.000011  -0.000010
  0.000015   0.000015  -0.000011
 -0.000002  -0.000069   0.000029
 -0.000024  -0.000003  -0.000045
 -0.000001   0.000004  -0.000012
  0.000001   0.000010  -0.000005
  0.000025  -0.000036  -0.000002
  0.000015  -0.000026  -0.000027
  0.000040  -0.000039  -0.000003
  0.000012   0.000004  -0.000021
 -0.000012  -0.000013   0.000009
 -0.000018  -0.000014  -0.000013
  0.000000  -0.000012  -0.000011
 -0.000027  -0.000033   0.000003
 -0.000006   0.000021  -0.000009
 -0.000034  -0.000034   0.000001
  0.000019  -0.000016  -0.000021
  0.000011  -0.000014   0.000013
 -0.000219  -0.000036   0.000356
  0.000045  -0.000012  -0.000005
  0.000056   0.000117   0.000306
  0.000020  -0.000036   0.000008
  0.000074  -0.000071  -0.000064
  0.000092   0.000024   0.000003
  0.000022  -0.000146   0.000279
 -0.000009   0.000141  -0.000043
 -0.000027  -0.000248  -0.000019
 -0.000014   0.000230  -0.000118
  0.000031   0.000158  -0.000017
  0.000019   0.000061   0.000004
 -0.000006   0.000136  -0.000033
 -0.000019  -0.000129  -0.000071
   51    1  0.0150  0.0000  0.0000
 -0.000056   0.000061  -0.000048
  0.000013   0.000014  -0.000022
  0.004964   0.003252   0.004100
 -0.000024  -0.000093  -0.000274
  0.000507  -0.000244  -0.000607
 -0.000116   0.000062  -0.000008
 -0.000225  -0.002472  -0.000053
 -0.000032  -0.000076   0.000091
  0.100431  -0.024079   0.014160
 -0.000554  -0.000064   0.000011
 -0.000013   0.000395   0.000818
  0.000023  -0.000089   0.000087
 -0.000461   0.000329   0.000148
 -0.000006   0.000020  -0.000021
 -0.003561   0.002763  -0.002945
  0.000145  -0.000560  -0.000165
  0.000131   0.000255   0.000595
 -0.000045  -0.000019   0.000040
 -0.000294   0.000103   0.000157
  0.000002  -0.000103   0.000001
 -0.000058   0.000022   0.000023
  0.000023   0.000096   0.000175
 -0.007412  -0.029048   0.011721
 -0.000010  -0.000115  -0.000040
  0.000302   0.000296  -0.000170
 -0.000054   0.000100  -0.000033
 -0.000073   0.000352   0.001089
  0.000067  -0.000007  -0.000024
  0.000226  -0.000353  -0.000352
  0.000006  -0.000015  -0.000009
 -0.000409  -0.002609   0.000258
  0.000045  -0.000051   0.000079
  0.000048  -0.000441   0.000128
 -0.000026   0.000199  -0.000113
 -0.000010  -0.000022  -0.000049
  0.000045   0.000018   0.000014
 -0.000263  -0.000169  -0.000031
 -0.000029   0.000059   0.000002
 -0.000043   0.000029   0.000024
  0.000036   0.000034  -0.000043
  0.000146   0.000893  -0.000436
 -0.000420   0.000237   0.000196
  0.000430  -0.000809  -0.000184
 -0.000019   0.000190  -0.000071
 -0.012887  -0.021022  -0.006025
  0.000082   0.000063  -0.000079
  0.000703  -0.000115   0.001082
 -0.000062   0.000081   0.000067
  0.015337   0.072426  -0.026716
  0.000284  -0.000018  -0.000002
 -0.103230   0.004763   0.000229
  0.000081   0.000065   0.000036
  0.007821  -0.003216   0.001794
 -0.000144   0.000253   0.000185
 -0.000014   0.000031   0.000000
 -0.000006   0.000028  -0.000001
 -0.000044  -0.000130   0.000093
 -0.000150  -0.000003   0.000131
 -0.000347   0.000175   0.000016
 -0.000024   0.000041  -0.000007
  0.000324  -0.000061  -0.000244
 -0.000107  -0.000023  -0.000008
 -0.000027   0.000024  -0.000001
 -0.000060   0.000176  -0.000045
 -0.000006  -0.000198   0.000472
 -0.000079   0.000002   0.000024
 -0.000112  -0.000118  -0.000142
  0.000019  -0.000012   0.000010
 -0.000019   0.000036   0.000050
  0.000012   0.000017  -0.000002
  0.000090  -0.000043   0.000022
 -0.000108  -0.000145   0.000045
 -0.000082   0.000141   0.000172
 -0.000092   0.000073  -0.000019
 -0.000130   0.000046  -0.000013
 -0.000023   0.000159  -0.000071
 -0.000041  -0.000030   0.000017
  0.000035   0.000034  -0.000013
 -0.000033  -0.000085   0.000001
 -0.000069  -0.000026   0.000027
 -0.000013   0.000013  -0.000003
 -0.000001   0.000019   0.000003
  0.000045  -0.000085   0.000022
 -0.000042  -0.000103  -0.000102
  0.000053  -0.000097   0.000019
 -0.000052  -0.000080   0.000002
  0.000033  -0.000062  -0.000002
 -0.000029  -0.000045  -0.000006
  0.000024  -0.000048   0.000026
 -0.000043  -0.000071   0.000022
  0.000029  -0.000026  -0.000026
 -0.000061  -0.000098   0.000022
  0.000035  -0.000056  -0.000026
  0.000012  -0.000029   0.000047
 -0.000501  -0.000254   0.000564
  0.000071  -0.000050  -0.000011
 -0.000165  -0.000082   0.000074
  0.000053  -0.000122   0.000036
  0.000100  -0.000163  -0.000091
  0.000046  -0.000132   0.000055
 -0.000018  -0.000394   0.000368
  0.000189  -0.000084  -0.000112
 -0.000073  -0.000590  -0.000076
  0.000109  -0.000116  -0.000011
  0.000078   0.000271  -0.000041
  0.000047   0.000212   0.000039
 -0.000019   0.000381  -0.000078
 -0.000174   0.000163  -0.000016
   51    2  0.0000  0.0150 -0.0000
  0.000410  -0.000386   0.000168
 -0.000037   0.000006   0.000392
 -0.005855  -0.003911  -0.004434
 -0.000079   0.000047  -0.000609
 -0.002448  -0.001144   0.001177
  0.000542  -0.001339   0.000795
 -0.000770   0.003651   0.004164
  0.000060  -0.000056  -0.000048
 -0.031418   0.302980  -0.076848
  0.000617  -0.000506  -0.000215
 -0.000020  -0.000091  -0.001728
  0.000073   0.000154  -0.000052
 -0.000135   0.000479  -0.001617
  0.000019   0.000231  -0.000208
  0.005806   0.010509  -0.004060
 -0.002578  -0.000691  -0.001531
  0.000206   0.000318  -0.000567
  0.000203   0.000034  -0.000086
  0.000565   0.000438   0.001166
  0.000026  -0.000385   0.000192
  0.000215  -0.000102  -0.000140
  0.000309  -0.000229  -0.000739
 -0.004470   0.034573  -0.014871
  0.000008   0.000063   0.000270
  0.001693  -0.000141  -0.000138
  0.000043  -0.000091   0.000012
  0.000354  -0.001991  -0.000149
 -0.000176   0.000161   0.000056
 -0.001461  -0.000595  -0.000156
 -0.000053  -0.000034   0.000138
  0.000469   0.002658   0.000775
  0.000246  -0.000029   0.000135
 -0.000160   0.000677  -0.000589
 -0.000079  -0.000322  -0.000684
 -0.000275  -0.000026  -0.000150
 -0.000240  -0.000127  -0.000107
 -0.000077  -0.000485   0.000022
 -0.000123   0.000244   0.000515
  0.000051  -0.000082   0.000114
 -0.000288  -0.000267   0.000225
 -0.000402  -0.003186   0.000802
 -0.000044   0.003059   0.000806
 -0.001001  -0.002359  -0.001201
  0.000484  -0.000007   0.000173
 -0.021653   0.091323   0.041089
 -0.000080   0.000019  -0.000017
 -0.002552  -0.001394  -0.000159
  0.001459   0.000394   0.000970
  0.056952   0.059710  -0.029993
 -0.000374   0.000094   0.000044
  0.004909  -0.489852   0.087345
 -0.000069   0.000297   0.000066
 -0.000914  -0.005567   0.002978
  0.000412   0.000327   0.000269
  0.000050  -0.000217  -0.000011
  0.000062  -0.000246   0.000023
  0.000334  -0.000340  -0.000011
 -0.000113   0.000263   0.000204
  0.000666   0.000070   0.000296
  0.000027  -0.000158   0.000014
 -0.000220  -0.001013  -0.000028
  0.000063   0.000075  -0.000009
  0.000025  -0.000151   0.000046
  0.000660  -0.000515  -0.000100
 -0.000503   0.000363   0.000420
  0.000119   0.000034  -0.000020
 -0.000333   0.000318  -0.000218
 -0.000045  -0.000195  -0.000033
 -0.000007  -0.000161   0.000032
 -0.000068  -0.000135  -0.000024
  0.000055   0.000551  -0.000785
 -0.000226  -0.000318   0.000092
  0.000332  -0.000624  -0.000644
  0.000400   0.000340  -0.000595
  0.000416  -0.000298   0.000063
  0.001847  -0.000163   0.000456
 -0.000337  -0.000098   0.000051
 -0.000116  -0.000225   0.000053
  0.000107  -0.000031   0.000123
  0.000087   0.000043   0.000120
 -0.000031  -0.000156   0.000007
 -0.000017  -0.000162  -0.000010
 -0.000319   0.000724  -0.000079
 -0.000132   0.000518   0.000295
 -0.000489   0.000688  -0.000132
  0.000029   0.000268   0.000088
  0.000108   0.000332  -0.000119
  0.000225   0.000349   0.000164
  0.000141   0.000319   0.000009
  0.000293   0.000601  -0.000165
 -0.000046   0.000066   0.000052
  0.000454   0.000678  -0.000129
 -0.000249   0.000381   0.000289
 -0.000175   0.000280  -0.000298
  0.000522   0.002237  -0.002254
 -0.000211   0.000676  -0.000206
  0.000541   0.001628  -0.000083
 -0.000499   0.001377  -0.000581
 -0.000422   0.000915   0.000432
 -0.001262  -0.000212  -0.000001
 -0.000035   0.001596  -0.000937
 -0.000205  -0.001180  -0.000806
  0.000186   0.002163   0.000397
  0.000040  -0.001787   0.000425
 -0.000380  -0.003035  -0.000166
 -0.000228  -0.002030  -0.000107
  0.000095  -0.002063   0.000182
  0.000484   0.000608   0.000454
   51    3  0.0000 -0.0000  0.0150
 -0.000100   0.000100  -0.000058
  0.000025  -0.000014  -0.000099
  0.006492   0.003326   0.003125
  0.000008  -0.000015   0.000197
  0.000858  -0.000622  -0.000626
 -0.000163   0.000281  -0.000148
  0.002403  -0.005383   0.004469
 -0.000013  -0.000010   0.000034
  0.012882  -0.069690   0.118043
 -0.000303   0.000134   0.000009
 -0.000394   0.000481   0.000762
 -0.000028  -0.000034   0.000042
  0.000329   0.000017   0.002924
  0.000005  -0.000043   0.000036
 -0.003766  -0.003612   0.005793
  0.000178  -0.000243  -0.000061
  0.000159  -0.001579   0.001723
 -0.000060  -0.000008   0.000031
  0.000012   0.000408   0.000492
 -0.000008   0.000089  -0.000120
 -0.000064   0.000029   0.000041
 -0.000073   0.000044   0.000189
  0.007151  -0.039062   0.009511
  0.000015  -0.000011  -0.000019
  0.001412  -0.001093   0.002105
 -0.000002   0.000017   0.000003
 -0.000716  -0.000771   0.001154
  0.000029  -0.000033  -0.000014
  0.000842   0.000046  -0.000129
  0.000011  -0.000004  -0.000026
 -0.000577  -0.002937   0.000200
 -0.000103   0.000007  -0.000009
  0.000011  -0.000615   0.000306
  0.000035   0.000075   0.000212
  0.000059  -0.000009   0.000057
  0.000066   0.000031   0.000030
 -0.000198  -0.000060  -0.000131
  0.000022  -0.000004  -0.000140
 -0.000026   0.000013  -0.000039
  0.000074   0.000068  -0.000065
  0.000174   0.001098  -0.000562
  0.000047  -0.000701  -0.000023
  0.000323  -0.000048  -0.001058
 -0.000052   0.000106   0.000001
 -0.009467   0.060587  -0.006975
  0.000050  -0.000005   0.000003
  0.001944   0.000607  -0.000284
 -0.000071   0.000024  -0.000022
 -0.019783  -0.028758  -0.005820
  0.000225  -0.000050   0.000001
  0.000049   0.087270  -0.134093
  0.000039  -0.000079  -0.000009
  0.000719   0.001922  -0.002327
 -0.000139   0.000092   0.000082
 -0.000010   0.000057   0.000003
 -0.000012   0.000062  -0.000009
  0.000079  -0.000433   0.000168
  0.000033  -0.000050  -0.000072
 -0.000628   0.000226  -0.000008
 -0.000006   0.000041  -0.000000
  0.000012  -0.000297   0.000117
 -0.000053  -0.000004  -0.000011
 -0.000015   0.000044  -0.000005
 -0.000171   0.000137   0.000040
  0.000111  -0.000018  -0.000229
 -0.000012  -0.000028   0.000003
  0.000085  -0.000048   0.000041
  0.000011   0.000025   0.000018
 -0.000032   0.000133   0.000012
  0.000020   0.000039   0.000007
  0.000436  -0.000105  -0.000413
  0.000063   0.000097  -0.000027
 -0.000108   0.000198   0.000232
 -0.000110  -0.000059   0.000145
 -0.000167   0.000081  -0.000021
 -0.000381   0.000100  -0.000112
  0.000080   0.000035  -0.000007
  0.000044   0.000064  -0.000016
 -0.000021  -0.000087   0.000026
 -0.000035  -0.000004  -0.000048
  0.000004   0.000039  -0.000006
  0.000004   0.000044   0.000004
  0.000095  -0.000191   0.000027
  0.000029  -0.000153  -0.000082
  0.000151  -0.000191   0.000031
  0.000004  -0.000082  -0.000036
 -0.000032  -0.000100   0.000035
 -0.000071  -0.000095  -0.000039
 -0.000022  -0.000089  -0.000006
 -0.000096  -0.000166   0.000050
  0.000016  -0.000010  -0.000023
 -0.000135  -0.000185   0.000035
  0.000075  -0.000105  -0.000073
  0.000025  -0.000089   0.000075
 -0.000469  -0.000505   0.000964
  0.000112  -0.000157   0.000041
 -0.000072  -0.000197   0.000292
  0.000126  -0.000327   0.000134
  0.000187  -0.000275  -0.000162
  0.000313   0.000014   0.000007
  0.000014  -0.000493   0.000481
  0.000063   0.000299   0.000110
 -0.000082  -0.000751  -0.000085
 -0.000011   0.000460  -0.000150
  0.000115   0.000773  -0.000023
  0.000075   0.000495   0.000051
 -0.000031   0.000593  -0.000072
 -0.000146  -0.000142  -0.000135
   53    1  0.0150  0.0000  0.0000
  0.000074  -0.000096   0.000094
 -0.000121  -0.000116  -0.000134
  0.008457  -0.004328  -0.002021
 -0.000327   0.000081   0.000034
  0.000063   0.000627   0.000559
  0.000269  -0.000031  -0.000055
 -0.000419   0.002132   0.001461
  0.000078   0.000131  -0.000203
 -0.004494   0.000370  -0.001969
  0.000470   0.000830  -0.000215
 -0.000973  -0.000034  -0.000228
  0.000590   0.000861  -0.000799
  0.000333  -0.000256  -0.000286
 -0.000014  -0.000056   0.000063
  0.122668   0.050693  -0.040762
 -0.001358   0.000384   0.000078
  0.000038   0.000006   0.000035
  0.000109   0.000044  -0.000106
 -0.000147   0.000499  -0.001228
  0.000044   0.000043  -0.000110
  0.000103  -0.000038  -0.000037
 -0.000155  -0.000007   0.000102
  0.005477   0.040005  -0.026630
  0.000038   0.000335   0.000080
 -0.000321  -0.000878  -0.000482
 -0.000036  -0.000085   0.000038
  0.001352  -0.000454  -0.001639
 -0.000177  -0.000004   0.000101
 -0.000668   0.000047   0.000003
  0.000002   0.000010   0.000037
  0.000515   0.001986   0.000254
 -0.000127   0.000283   0.000133
  0.000195   0.001095  -0.000436
  0.004184  -0.000465  -0.001539
  0.000220  -0.000134  -0.000133
 -0.000114  -0.000054  -0.000045
 -0.000738   0.000411   0.000213
  0.001488   0.000082   0.000684
  0.000081  -0.000075  -0.000098
 -0.000080  -0.000099   0.000122
 -0.000005  -0.002027   0.000947
  0.000755  -0.000981   0.000967
 -0.018348  -0.004675   0.003952
  0.000225  -0.000171  -0.000029
  0.001802   0.000957   0.001121
 -0.000076  -0.000323   0.000292
 -0.013189  -0.031247   0.034813
  0.000481  -0.000068   0.000170
  0.001355   0.000138  -0.000043
 -0.000232  -0.000193   0.000033
  0.007834  -0.000896   0.000655
 -0.000150  -0.000409  -0.000120
 -0.117667  -0.054231   0.035819
  0.000456  -0.000348  -0.000294
  0.000004  -0.000054   0.000002
 -0.000024  -0.000046   0.000003
  0.000058   0.000155  -0.000137
 -0.000252   0.000023   0.000029
 -0.000071  -0.000085  -0.000097
  0.000039  -0.000048   0.000013
  0.000328  -0.000131  -0.000056
 -0.000194   0.000076  -0.000075
  0.000049  -0.000046  -0.000006
 -0.000107  -0.000013   0.000032
 -0.000324   0.000096   0.000079
  0.000143   0.000077  -0.000003
 -0.000165  -0.000816  -0.000974
 -0.000047  -0.000028  -0.000017
  0.000040  -0.000144  -0.000042
 -0.000036  -0.000045   0.000007
  0.000526  -0.000112  -0.000248
 -0.000032  -0.000044   0.000059
  0.000155  -0.000293  -0.000356
 -0.000247  -0.000300   0.000482
  0.000295  -0.000087   0.000033
 -0.000494  -0.000046  -0.000040
  0.000010  -0.000262   0.000039
 -0.000083  -0.000085   0.000027
 -0.000005   0.000153  -0.000036
 -0.000129  -0.000142   0.000016
 -0.000000  -0.000056   0.000017
 -0.000013  -0.000065  -0.000002
 -0.000104   0.000135  -0.000037
  0.000127   0.000156   0.000011
 -0.000124   0.000188  -0.000017
  0.000125   0.000179   0.000055
 -0.000034   0.000080  -0.000062
  0.000077   0.000112   0.000029
 -0.000154   0.000192   0.000199
  0.000102   0.000156  -0.000064
 -0.000152   0.000250   0.000046
  0.000121   0.000187  -0.000039
 -0.000075   0.000089   0.000034
  0.000080   0.000105  -0.000030
  0.000194  -0.000150  -0.000130
 -0.000220   0.000066   0.000037
 -0.000216  -0.000100  -0.000312
 -0.000129   0.000205  -0.000044
 -0.000245   0.000321   0.000198
  0.000357   0.000270  -0.000182
 -0.000043   0.000757  -0.000816
  0.001035   0.000795  -0.000524
  0.000102   0.001114   0.000120
  0.000071   0.000503  -0.000294
  0.000116  -0.000317   0.000217
  0.000062  -0.000391  -0.000136
  0.000015  -0.000771   0.000159
 -0.000328  -0.001030  -0.000388
   53    2  0.0000  0.0150 -0.0000
  0.000233  -0.000254   0.000119
 -0.000201  -0.000217  -0.000075
  0.003993  -0.002608  -0.000979
 -0.000245  -0.000280  -0.000209
  0.000608  -0.000279   0.000028
  0.000523  -0.001095   0.000653
  0.001386   0.002631   0.001612
  0.000121   0.000254  -0.000374
 -0.000573   0.010578  -0.004406
  0.001891  -0.001054   0.000875
 -0.000547   0.000113  -0.000556
 -0.000339   0.000723  -0.000503
 -0.000186   0.000268  -0.000168
  0.000099   0.000107  -0.000134
  0.060982   0.222123  -0.098093
 -0.000557   0.000604  -0.000012
  0.000254   0.000426   0.000306
  0.000070   0.000129  -0.000078
  0.000350  -0.000028  -0.000650
 -0.000019   0.000175   0.000594
  0.000153  -0.000094  -0.000069
 -0.000046  -0.000051   0.000069
  0.007351   0.017116  -0.017002
  0.000034   0.000344   0.000138
  0.000244  -0.001493  -0.000837
  0.000329  -0.000489   0.000414
  0.002656   0.000610   0.002475
 -0.000297   0.000121   0.000004
 -0.001263  -0.001149   0.000164
 -0.000154  -0.000003   0.000143
  0.000876   0.000857   0.000592
 -0.000116  -0.000315  -0.000086
 -0.000006   0.000791  -0.000285
 -0.000117  -0.000680  -0.000391
  0.000205  -0.000290  -0.000507
 -0.000202  -0.000118  -0.000128
 -0.000398  -0.000128   0.000166
  0.000234   0.000211   0.000391
  0.000055  -0.000094  -0.000011
 -0.000209  -0.000255   0.000242
 -0.000196  -0.002518   0.000711
 -0.001779   0.002128   0.001039
  0.005718   0.114878  -0.004240
  0.000008  -0.000336   0.000093
  0.001436  -0.001768   0.000085
 -0.000420   0.000258  -0.000441
 -0.021896   0.014276  -0.050667
  0.000178  -0.000110   0.000073
  0.000452  -0.001298   0.000831
 -0.001018   0.000321  -0.000224
 -0.003181  -0.005572   0.001866
 -0.000274   0.000331  -0.000102
 -0.054209  -0.367935   0.169295
  0.000298  -0.000359  -0.000270
  0.000009  -0.000156  -0.000007
 -0.000022  -0.000148   0.000008
 -0.000217  -0.000184  -0.000161
  0.000154   0.000227   0.000082
 -0.000003  -0.000072  -0.000095
 -0.000029  -0.000287   0.000047
 -0.000262  -0.000005  -0.000239
  0.000604   0.000075   0.000093
  0.000007  -0.000124   0.000032
  0.000014  -0.000068  -0.000036
 -0.000398   0.000163   0.000083
  0.000168  -0.000187  -0.000526
 -0.002537   0.000243   0.000028
 -0.000085  -0.000035  -0.000045
  0.000050  -0.000380   0.000116
 -0.000069  -0.000110  -0.000003
 -0.000069   0.000407  -0.000025
  0.000101  -0.000089  -0.000055
  0.000202  -0.000462  -0.000456
 -0.000312  -0.000121   0.000496
  0.000231  -0.000258   0.000050
  0.000034  -0.000052   0.000029
 -0.000271  -0.000634   0.000165
 -0.000093  -0.000185   0.000043
  0.000006   0.000015   0.000061
 -0.000174  -0.000116   0.000379
 -0.000042  -0.000151   0.000027
 -0.000026  -0.000169  -0.000005
 -0.000217   0.000428  -0.000080
  0.000088   0.000369   0.000010
 -0.000308   0.000490  -0.000064
  0.000192   0.000251   0.000100
  0.000049   0.000182  -0.000243
  0.000167   0.000331   0.000122
 -0.000162   0.000469   0.000497
  0.000177   0.000457  -0.000149
 -0.000241   0.000421   0.000007
  0.000299   0.000485  -0.000094
 -0.000166   0.000251   0.000157
  0.000063   0.000250  -0.000132
 -0.000465   0.000228   0.000222
 -0.000181   0.000537  -0.000158
 -0.000473   0.000663  -0.000218
 -0.000487   0.001137  -0.000508
 -0.000220   0.000683   0.000304
  0.000139   0.000095  -0.000241
  0.000043   0.001115  -0.000743
  0.001186  -0.000334  -0.000717
  0.000140   0.001595   0.000284
  0.001283  -0.001228   0.000217
  0.000305  -0.001669   0.000238
  0.000203  -0.001569  -0.000170
 -0.000065  -0.001541   0.000119
 -0.000611  -0.000736  -0.000332
   53    3  0.0000 -0.0000  0.0150
 -0.000110   0.000123  -0.000080
  0.000106   0.000095   0.000045
 -0.006052   0.002709  -0.000284
  0.000192   0.000285   0.000004
 -0.000532  -0.000416  -0.000716
 -0.000317   0.000374  -0.000163
  0.001802  -0.000745  -0.001850
 -0.000021  -0.000017   0.000139
 -0.001425  -0.005614   0.007807
 -0.001399   0.000919  -0.000670
  0.000537   0.000153  -0.000027
  0.000204  -0.000816   0.000773
 -0.000421   0.000533   0.000548
 -0.000005  -0.000025   0.000014
 -0.046992  -0.096221   0.163909
  0.000493  -0.000375  -0.000210
 -0.000138   0.000043   0.000112
 -0.000074  -0.000043   0.000065
 -0.000074  -0.000238   0.001447
  0.000038  -0.000668  -0.000879
 -0.000095   0.000050   0.000034
  0.000044   0.000017  -0.000013
 -0.010423  -0.031259   0.009530
  0.000001  -0.000245  -0.000132
  0.000042   0.000338  -0.000094
  0.000026   0.000060  -0.000023
  0.000873   0.002293   0.003266
  0.000113  -0.000031  -0.000028
 -0.000347  -0.000534   0.000267
  0.000023  -0.000001  -0.000054
 -0.000569  -0.001113  -0.000325
  0.000178   0.000180   0.000199
 -0.000121  -0.000966   0.000304
 -0.001461   0.000436   0.000605
 -0.000125   0.000150   0.000436
  0.000117   0.000060   0.000063
  0.000584  -0.000367  -0.000178
 -0.001168   0.000151  -0.000084
 -0.000015  -0.000011  -0.000056
  0.000114   0.000128  -0.000135
  0.000043   0.001827  -0.000807
  0.001616  -0.000519   0.001130
  0.005450   0.010851  -0.026853
 -0.000080   0.000171   0.000030
  0.001645   0.001139  -0.001850
  0.000355  -0.000295   0.000323
  0.022584  -0.055552   0.063387
 -0.000134   0.000085   0.000012
 -0.000850   0.000844  -0.001478
  0.000818  -0.000373   0.000233
  0.001750   0.003038  -0.002332
  0.000208  -0.000262   0.000081
  0.035825   0.168715  -0.219442
 -0.000283   0.000291   0.000253
 -0.000003   0.000078   0.000003
  0.000016   0.000071  -0.000007
  0.000020  -0.000155   0.000090
 -0.000165  -0.000069  -0.000089
 -0.000021   0.000024   0.000018
  0.000003   0.000078   0.000000
 -0.000203  -0.000050   0.000081
 -0.000696   0.000026  -0.000134
 -0.000025   0.000069  -0.000006
  0.000027   0.000051   0.000003
  0.000155  -0.000092   0.000002
 -0.000055  -0.000066  -0.000002
 -0.001869   0.000839   0.004448
  0.000038   0.000034   0.000017
  0.000058   0.000163  -0.000047
  0.000038   0.000059   0.000005
 -0.000157  -0.000141  -0.000426
 -0.000026   0.000073   0.000065
 -0.000146   0.000301   0.000340
  0.000230   0.000173  -0.000408
 -0.000225   0.000123  -0.000028
  0.000175   0.000044  -0.000010
  0.000156   0.000479  -0.000063
  0.000071   0.000107  -0.000027
 -0.000005  -0.000117   0.000023
  0.000181   0.000115  -0.000340
  0.000019   0.000076  -0.000025
  0.000015   0.000090   0.000005
  0.000134  -0.000213   0.000044
 -0.000064  -0.000196  -0.000017
  0.000174  -0.000256   0.000027
 -0.000109  -0.000124  -0.000047
 -0.000025  -0.000101   0.000118
 -0.000096  -0.000170  -0.000059
  0.000110  -0.000252  -0.000312
 -0.000113  -0.000241   0.000083
  0.000142  -0.000201  -0.000046
 -0.000172  -0.000257   0.000053
  0.000101  -0.000125  -0.000074
 -0.000040  -0.000128   0.000064
 -0.000038   0.000112   0.000215
  0.000197  -0.000207   0.000026
  0.000432  -0.000083   0.000441
  0.000233  -0.000471   0.000186
  0.000217  -0.000388  -0.000221
 -0.000195  -0.000125   0.000219
  0.000022  -0.000741   0.000727
  0.000034   0.000306  -0.000647
 -0.000105  -0.001111  -0.000134
 -0.000967   0.000559  -0.000387
 -0.000195   0.000766  -0.000180
 -0.000115   0.000706   0.000122
  0.000019   0.000882  -0.000120
  0.000264   0.000322   0.000175
   55    1  0.0150  0.0000  0.0000
  0.103114   0.022298  -0.117951
 -0.000684  -0.000733   0.000009
  0.000004  -0.000026   0.000011
 -0.000001  -0.000004   0.000002
  0.000133  -0.000051  -0.000040
  0.001760   0.000698  -0.000249
  0.000012  -0.000024   0.000001
 -0.000010  -0.000005   0.000005
  0.000033  -0.000019  -0.000007
 -0.000005   0.000089  -0.000005
  0.000008  -0.000013  -0.000002
  0.000011   0.000002  -0.000002
 -0.000013   0.000042  -0.000007
 -0.000048   0.000046   0.000080
  0.000023   0.000037  -0.000030
  0.000042  -0.000014  -0.000009
 -0.000037  -0.000005   0.000003
 -0.000085   0.000021   0.000025
  0.000008  -0.000009   0.000015
  0.000010  -0.000005  -0.000019
  0.002573  -0.007583   0.001929
 -0.001314  -0.000561   0.000469
  0.000018  -0.000021   0.000012
  0.000012   0.000013  -0.000017
 -0.000012  -0.000015   0.000007
 -0.000023   0.000005   0.000001
  0.000005  -0.000003   0.000008
  0.000015  -0.000026   0.000018
  0.000015   0.000036  -0.000014
  0.000087  -0.000055   0.000013
  0.000009  -0.000008   0.000002
  0.000007  -0.000010  -0.000004
 -0.000007   0.000015  -0.000015
  0.000030  -0.000015   0.000000
  0.000078   0.000007  -0.000018
  0.000013  -0.000048   0.000138
 -0.000026  -0.000030  -0.000018
  0.000035  -0.000000  -0.000011
  0.000043   0.000018   0.000024
  0.000187   0.000047   0.000089
 -0.000069  -0.000137  -0.000019
 -0.000020   0.000061  -0.000105
 -0.000025   0.000028   0.000083
  0.000011  -0.000003  -0.000005
 -0.000018  -0.000030   0.000022
 -0.000004  -0.000021   0.000023
 -0.000060  -0.000014  -0.000012
  0.000007  -0.000004  -0.000008
 -0.000019  -0.000021   0.000011
 -0.000008  -0.000011  -0.000011
 -0.000039  -0.000007   0.000012
 -0.000012  -0.000038  -0.000012
 -0.000014  -0.000090   0.000049
  0.000015   0.000012  -0.000000
 -0.101186  -0.019772   0.124848
 -0.000017   0.000081   0.000003
 -0.000000  -0.000003   0.000002
  0.000003   0.000001   0.000005
 -0.000006  -0.000006   0.000003
 -0.000051   0.000007  -0.000007
  0.000005  -0.000005   0.000006
 -0.000001   0.000003  -0.000010
 -0.001639  -0.000247   0.000300
 -0.000034   0.000072  -0.000094
 -0.000001  -0.000002   0.000000
 -0.000001   0.000001   0.000006
 -0.000000   0.000001   0.000006
  0.000011  -0.000013   0.000008
  0.000012   0.000005  -0.000003
  0.000031  -0.000007  -0.000028
  0.000001  -0.000012  -0.000006
  0.000010   0.000001   0.000006
  0.000275  -0.000167  -0.000536
 -0.000026   0.000040   0.000037
 -0.001317  -0.000393  -0.000169
 -0.000097  -0.000000   0.000013
  0.000020   0.000039   0.000009
  0.000024  -0.000014  -0.000003
  0.000039  -0.000023   0.000006
  0.000006  -0.000001  -0.000001
  0.000017   0.000027   0.000012
  0.000177  -0.000017  -0.000067
  0.003613   0.016472  -0.030906
  0.000050   0.000647   0.000901
 -0.010000  -0.005383   0.026291
  0.001027  -0.000103   0.000092
 -0.000124  -0.000053  -0.000042
  0.000092  -0.000032  -0.000102
 -0.000078   0.000021   0.000037
  0.000091   0.000040  -0.000037
 -0.000097   0.000038  -0.000020
  0.000011   0.000052  -0.000104
  0.003610  -0.005661  -0.006194
  0.000220  -0.000808  -0.000656
 -0.000052   0.000073   0.000079
 -0.000664  -0.000612   0.000172
 -0.000087   0.000049   0.000082
 -0.000445   0.000069  -0.000376
  0.000337   0.000820   0.000020
  0.000114  -0.000006  -0.000092
  0.000062   0.000104  -0.000043
  0.000060   0.000022   0.000071
  0.000006   0.000132   0.000214
  0.000076  -0.000056   0.000030
  0.000841   0.000430  -0.000858
 -0.000241   0.000547   0.001359
 -0.000214  -0.000235   0.001275
 -0.000226   0.000022  -0.000006
   55    2  0.0000  0.0150 -0.0000
  0.021565   0.088579  -0.122648
 -0.000381  -0.000012  -0.000651
  0.000025   0.000060  -0.000030
 -0.000031   0.000067   0.000041
 -0.000696  -0.000021   0.000124
  0.003082   0.000428  -0.000784
 -0.000007   0.000059   0.000057
 -0.000033   0.000056  -0.000029
 -0.000018   0.000325   0.000004
 -0.000004   0.000343  -0.000006
 -0.000004   0.000015   0.000000
  0.000001   0.000023  -0.000013
  0.000059  -0.000052   0.000004
 -0.000140  -0.000024   0.000162
  0.000018   0.000283   0.000012
  0.000021   0.000255  -0.000028
  0.000018   0.000017   0.000031
 -0.000029  -0.000005  -0.000039
 -0.000005  -0.000033  -0.000005
  0.000009  -0.000038  -0.000011
 -0.007209  -0.000109  -0.004092
  0.000110   0.002427  -0.000489
 -0.000018   0.000058   0.000010
  0.000028   0.000081  -0.000016
  0.000030   0.000020   0.000012
 -0.000051   0.000021   0.000008
  0.000007  -0.000016  -0.000013
 -0.000005  -0.000078   0.000051
 -0.000057  -0.000005   0.000016
  0.000130  -0.000035  -0.000016
  0.000005  -0.000012   0.000013
 -0.000006   0.000000  -0.000019
  0.000013  -0.000080   0.000044
  0.000031  -0.000080  -0.000048
  0.000049   0.000020   0.000122
  0.000017   0.000010  -0.000071
  0.000056   0.000044   0.000011
  0.000002   0.000013   0.000041
  0.000110  -0.000113  -0.000084
 -0.000116  -0.000118  -0.000014
  0.000110   0.000417   0.000115
 -0.000003   0.000482   0.000147
  0.000031  -0.000110  -0.000059
 -0.000031  -0.000104   0.000064
  0.000012  -0.000075  -0.000071
 -0.000002  -0.000072   0.000087
  0.000001  -0.000039  -0.000002
  0.000002  -0.000034   0.000007
 -0.000017  -0.000051   0.000009
  0.000033  -0.000051  -0.000006
  0.000024  -0.000161   0.000048
 -0.000019  -0.000175  -0.000039
 -0.000039  -0.000120   0.000067
  0.000046  -0.000101  -0.000052
 -0.019838  -0.089951   0.135821
 -0.000089  -0.000144   0.000033
  0.000001   0.000013  -0.000005
  0.000000   0.000025   0.000002
  0.000005   0.000032  -0.000006
  0.000001   0.000086  -0.000029
  0.000003   0.000018   0.000003
  0.000004   0.000018  -0.000000
  0.000450  -0.001083  -0.000675
 -0.000019   0.000114   0.000165
 -0.000009   0.000017   0.000001
  0.000015   0.000007   0.000002
  0.000004   0.000012   0.000004
  0.000002   0.000002   0.000001
  0.000002  -0.000005  -0.000002
  0.000012  -0.000019  -0.000024
 -0.000009   0.000012  -0.000013
  0.000017   0.000018   0.000017
 -0.000364   0.000032   0.001041
  0.000116   0.000103  -0.000057
 -0.000172   0.002281   0.000835
 -0.000019   0.000105  -0.000009
  0.000018  -0.000006  -0.000000
  0.000018  -0.000020   0.000026
 -0.000055   0.000034  -0.000007
  0.000021   0.000015   0.000005
  0.000039  -0.000046   0.000006
 -0.000010  -0.000107   0.000005
  0.000828  -0.003845   0.015152
 -0.000183   0.000405  -0.000832
  0.011336   0.007110  -0.022108
  0.000137  -0.000133   0.000322
  0.000121   0.000113  -0.000053
 -0.000054   0.000188   0.000062
  0.000028   0.000154  -0.000064
  0.000069   0.000121  -0.000009
 -0.000097  -0.000025   0.000090
  0.000122   0.000118   0.000034
 -0.006573  -0.006030   0.001158
 -0.001396   0.001507  -0.001061
  0.000469  -0.000094  -0.000218
 -0.001651  -0.000494   0.000311
  0.000213   0.000302   0.000043
 -0.001075   0.000723  -0.000113
  0.000949  -0.001097  -0.000231
 -0.000126  -0.000150   0.000144
 -0.000125  -0.000064  -0.000044
 -0.000094  -0.000223  -0.000120
  0.000100  -0.000327  -0.000437
 -0.000105  -0.000278   0.000037
 -0.000404  -0.000652   0.000913
 -0.000097  -0.001722  -0.000351
  0.000050   0.000222  -0.001536
  0.000693   0.000427  -0.000197
   55    3  0.0000 -0.0000  0.0150
 -0.121037  -0.126694   0.430459
 -0.001398   0.000024   0.000847
  0.000000   0.000011  -0.000005
  0.000002   0.000015   0.000005
 -0.000153  -0.000045   0.000073
  0.000595   0.000441   0.000082
  0.000004   0.000007   0.000001
 -0.000002   0.000022  -0.000007
  0.000006   0.000007  -0.000005
 -0.000002   0.000010   0.000005
  0.000000   0.000007   0.000002
  0.000001   0.000009  -0.000002
  0.000024   0.000004  -0.000017
 -0.000139  -0.000095   0.000144
  0.000003   0.000011  -0.000006
  0.000005  -0.000002   0.000001
 -0.000006  -0.000002  -0.000001
 -0.000025   0.000023  -0.000004
 -0.000001   0.000008  -0.000005
  0.000004   0.000008   0.000009
  0.000052  -0.002944  -0.000850
  0.001329  -0.000781   0.000054
  0.000000   0.000002  -0.000000
  0.000007   0.000014  -0.000003
 -0.000005   0.000005  -0.000000
 -0.000008   0.000019   0.000005
 -0.000000   0.000001   0.000001
  0.000016  -0.000013   0.000003
  0.000003  -0.000000  -0.000004
  0.000064  -0.000013   0.000019
 -0.000000   0.000005  -0.000001
  0.000003   0.000009   0.000001
 -0.000009   0.000012  -0.000011
  0.000001   0.000009   0.000017
 -0.000029   0.000012  -0.000042
  0.000089   0.000025   0.000079
 -0.000004   0.000007  -0.000005
  0.000002   0.000012   0.000003
  0.000044   0.000016   0.000108
  0.000067   0.000020  -0.000080
  0.000007   0.000039   0.000110
 -0.000031   0.000079  -0.000152
  0.000002   0.000003   0.000001
  0.000001   0.000003  -0.000001
 -0.000002   0.000004   0.000004
  0.000007   0.000010  -0.000002
  0.000005   0.000003   0.000001
  0.000001   0.000006  -0.000002
 -0.000006   0.000001   0.000002
  0.000004   0.000008  -0.000002
 -0.000002   0.000006  -0.000000
  0.000011   0.000019  -0.000004
  0.000005   0.000002   0.000004
  0.000002   0.000006  -0.000004
  0.125061   0.135984  -0.448736
 -0.000012  -0.000032   0.000219
  0.000001  -0.000003  -0.000001
  0.000001  -0.000003   0.000000
 -0.000005  -0.000001   0.000012
 -0.000004   0.000011  -0.000021
  0.000001  -0.000001  -0.000002
  0.000001  -0.000001   0.000003
 -0.000587  -0.000240  -0.000021
 -0.000076   0.000260  -0.000031
  0.000003  -0.000002   0.000002
 -0.000005   0.000003  -0.000002
  0.000002  -0.000003  -0.000001
  0.000008  -0.000008  -0.000002
  0.000008   0.000001   0.000007
  0.000014  -0.000006  -0.000017
  0.000002   0.000001   0.000002
  0.000000   0.000003  -0.000001
 -0.000003   0.000179  -0.000075
  0.000001   0.000088   0.000017
 -0.000350   0.000561  -0.000413
 -0.000016   0.000068   0.000097
  0.000015   0.000015  -0.000010
 -0.000002  -0.000001   0.000011
  0.000002   0.000003   0.000001
  0.000001   0.000005   0.000001
  0.000042   0.000006   0.000026
  0.000014  -0.000022  -0.000056
  0.000566  -0.003197   0.009051
  0.000876  -0.000092  -0.000722
 -0.005071  -0.000523   0.010417
  0.000135   0.000078  -0.000313
  0.000020  -0.000081  -0.000026
 -0.000136  -0.000044  -0.000025
 -0.000055  -0.000029   0.000004
 -0.000003  -0.000045   0.000038
  0.000029   0.000040   0.000004
 -0.000046   0.000013  -0.000078
 -0.001806  -0.001511  -0.003962
  0.001313  -0.003279   0.000770
  0.000075  -0.000069  -0.000107
  0.000569   0.001475   0.001671
  0.000030   0.000037  -0.000018
 -0.000281  -0.000196  -0.000015
 -0.000173   0.000390   0.000682
  0.000016  -0.000070  -0.000180
  0.000013   0.000057  -0.000095
  0.000052   0.000066   0.000102
  0.000017  -0.000035   0.000007
  0.000015  -0.000048   0.000055
 -0.000392   0.000400   0.000077
  0.000583   0.000077   0.000204
  0.000295  -0.000489   0.000504
 -0.000268  -0.000169   0.000123
   57    1  0.0150  0.0000  0.0000
 -0.000087  -0.000066   0.000081
  0.000007  -0.000009   0.000001
 -0.009507   0.002138   0.001752
 -0.000009  -0.000050  -0.000014
 -0.000011   0.000017   0.000020
 -0.000034  -0.000154   0.000148
  0.000109  -0.000214  -0.000098
  0.000016   0.000250  -0.000230
  0.000126  -0.000546  -0.000745
  0.000718  -0.000123  -0.000153
  0.076466  -0.002559   0.095032
  0.000007   0.000006   0.000004
 -0.000070  -0.000048  -0.000013
  0.000080   0.000034  -0.000035
 -0.000351   0.000781   0.000361
  0.001575   0.000054   0.001042
  0.000033   0.000060   0.000076
 -0.000135   0.000078   0.000022
  0.001384   0.000167  -0.000990
 -0.000010   0.000005  -0.000005
 -0.000050  -0.000034   0.000090
 -0.000008   0.000007  -0.000011
 -0.000016   0.000325  -0.000072
 -0.000091   0.000041  -0.000145
 -0.000014  -0.000204   0.000000
  0.000353  -0.000634   0.000195
  0.000025   0.000108   0.000082
 -0.000013   0.000026  -0.000019
  0.000046  -0.000029  -0.000063
 -0.000086   0.000026   0.000017
 -0.006633   0.001274  -0.003561
  0.000005  -0.000008   0.000022
 -0.002348  -0.002460   0.013249
  0.000006  -0.000004  -0.000013
 -0.000003   0.000005  -0.000007
  0.000032   0.000017  -0.000003
 -0.007066   0.004119   0.002741
  0.000000   0.000024   0.000007
  0.000001   0.000004   0.000007
  0.000021   0.000006  -0.000033
  0.005108  -0.000866  -0.000431
  0.000001   0.000051   0.000022
  0.000215  -0.000320  -0.000160
 -0.000170   0.000120  -0.000173
 -0.000118   0.000130   0.000493
 -0.000116  -0.000036   0.000142
 -0.000040  -0.000101  -0.000155
 -0.000598  -0.000039  -0.000588
 -0.000045   0.000069   0.000074
 -0.000213   0.000118  -0.000228
 -0.000056   0.000296   0.000065
 -0.000074   0.000102   0.000027
  0.000022  -0.000165   0.000025
 -0.000153  -0.000119  -0.000157
  0.000010   0.000016  -0.000125
 -0.000004   0.000005  -0.000000
 -0.063876   0.000869  -0.104741
  0.000008  -0.000001   0.000002
  0.000002  -0.000002  -0.000007
 -0.000007  -0.000080   0.000053
  0.001456  -0.000546  -0.000931
  0.000014   0.000011  -0.000005
 -0.000026  -0.000018   0.000023
 -0.000001  -0.000002  -0.000005
 -0.000001  -0.000001  -0.000013
  0.000660   0.000110   0.000192
 -0.000008   0.000012   0.000003
  0.000024   0.000114  -0.000033
 -0.000003  -0.000001  -0.000000
  0.000002  -0.000010   0.000003
  0.005285  -0.001333  -0.001532
  0.000030   0.000010  -0.000007
 -0.000090   0.000031   0.000345
  0.000002   0.000005  -0.000007
 -0.000108  -0.000020  -0.000002
  0.000012   0.000000   0.000002
 -0.000003   0.000004  -0.000003
  0.000047   0.000028  -0.000005
 -0.000489  -0.000030   0.000744
 -0.000001   0.000005  -0.000001
  0.000002   0.000006   0.000003
  0.000002   0.000004   0.000003
  0.000092  -0.000079  -0.000020
 -0.000012  -0.000016  -0.000001
 -0.000028  -0.000055   0.000023
 -0.000008  -0.000009  -0.000003
  0.000005  -0.000007   0.000001
 -0.000014  -0.000013   0.000015
  0.000009  -0.000010  -0.000005
 -0.000045  -0.000033   0.000019
  0.000009  -0.000008   0.000002
 -0.000032  -0.000073   0.000037
  0.000003  -0.000024   0.000039
 -0.000010   0.000001  -0.000009
 -0.000016   0.000002  -0.000005
  0.000069   0.000071  -0.000054
 -0.000014  -0.000024  -0.000015
 -0.000010   0.000083  -0.000075
  0.000096   0.000011  -0.000167
 -0.000017   0.000006   0.000016
 -0.000296  -0.000307  -0.000515
 -0.000006  -0.000016  -0.000020
 -0.000869  -0.000681  -0.000629
 -0.000000  -0.000005  -0.000008
  0.000010   0.000019  -0.000008
  0.000014  -0.000017   0.000035
 -0.000096   0.000302  -0.000304
 -0.000001   0.000026  -0.000002
   57    2  0.0000  0.0150 -0.0000
 -0.000073   0.000094  -0.000131
  0.000024   0.000045   0.000015
  0.002729   0.005155  -0.002891
  0.000036  -0.000076  -0.000052
  0.000057   0.000196   0.000105
 -0.000124  -0.000027   0.000041
 -0.000036  -0.000118  -0.000092
 -0.000067  -0.000059   0.000117
 -0.000077   0.001559   0.002203
  0.000199  -0.000395   0.000001
 -0.003901   0.076504  -0.032096
  0.000008   0.000008  -0.000018
  0.000010  -0.000002  -0.000021
 -0.000003   0.000077  -0.000048
 -0.000568   0.001198   0.001158
 -0.000193  -0.000430  -0.000066
 -0.000007   0.000007   0.000000
 -0.000079  -0.000001   0.000078
  0.000114   0.001698   0.000330
  0.000000   0.000010   0.000008
 -0.000115   0.000037   0.000075
  0.000021   0.000021  -0.000015
 -0.000498  -0.000251  -0.001901
  0.000012  -0.000038   0.000033
  0.000011  -0.000014   0.000006
  0.000071   0.000099  -0.000021
 -0.000016  -0.000026  -0.000002
  0.000085  -0.000014  -0.000027
 -0.000004   0.000027   0.000036
  0.000034  -0.000006  -0.000015
 -0.008628  -0.000703  -0.037871
  0.000027   0.000006   0.000016
  0.008021  -0.007992   0.033602
  0.000004   0.000011  -0.000008
 -0.000021   0.000026  -0.000019
  0.000121   0.000044   0.000076
  0.003656   0.005601   0.002644
 -0.000008   0.000043   0.000001
 -0.000016   0.000039   0.000025
  0.000046   0.000064  -0.000143
 -0.000881  -0.001222   0.004059
 -0.000008   0.000172   0.000007
  0.000339  -0.000705  -0.000566
  0.000113   0.000131  -0.000066
 -0.000037  -0.000261  -0.001264
  0.000006   0.000069  -0.000061
 -0.000115  -0.000149  -0.000303
  0.000153   0.000060   0.000017
  0.000304  -0.000060  -0.000331
 -0.000106   0.000044  -0.000039
 -0.000146  -0.000281  -0.000412
  0.000012   0.000196   0.000042
  0.000157  -0.000126  -0.000129
  0.000006   0.000190   0.000076
 -0.000007   0.000020  -0.000009
  0.000003   0.000030  -0.000005
  0.000818  -0.078350   0.035321
  0.000001   0.000010  -0.000002
 -0.000011   0.000024  -0.000005
 -0.000030   0.000025  -0.000145
 -0.000511  -0.000528   0.000204
  0.000020  -0.000003  -0.000014
 -0.000034   0.000021   0.000030
 -0.000002   0.000020   0.000004
 -0.000000  -0.000011  -0.000010
 -0.000056  -0.000385  -0.000009
  0.000004   0.000031  -0.000003
  0.000055  -0.000037  -0.000041
 -0.000001   0.000024  -0.000005
  0.000014  -0.000011  -0.000018
 -0.001437  -0.001357   0.000688
 -0.000023  -0.000020  -0.000022
 -0.000049  -0.000113   0.000340
  0.000021   0.000047  -0.000043
 -0.000122   0.000026  -0.000032
  0.000009   0.000035  -0.000003
 -0.000004   0.000028   0.000001
  0.000052   0.000035  -0.000009
  0.000694  -0.000376   0.001864
  0.000012   0.000020  -0.000002
  0.000002   0.000026  -0.000005
  0.000009   0.000017  -0.000001
  0.000112  -0.000097   0.000012
 -0.000018  -0.000045  -0.000026
  0.000117  -0.000216   0.000068
 -0.000024  -0.000051  -0.000013
  0.000019  -0.000038   0.000003
 -0.000062  -0.000061  -0.000008
  0.000017  -0.000043  -0.000026
 -0.000111  -0.000090   0.000018
  0.000027  -0.000053  -0.000011
 -0.000134  -0.000248   0.000135
  0.000067  -0.000053  -0.000031
 -0.000020  -0.000038   0.000010
 -0.000013  -0.000071  -0.000020
  0.000101   0.000004  -0.000026
 -0.000053  -0.000150  -0.000067
  0.000044  -0.000035  -0.000006
  0.000091  -0.000015  -0.000021
 -0.000013  -0.000071   0.000018
 -0.000118   0.001127  -0.001939
  0.000001  -0.000074  -0.000030
 -0.000045  -0.000928  -0.001548
  0.000008  -0.000112   0.000022
 -0.000003   0.000229  -0.000046
 -0.000001   0.000145   0.000081
 -0.000064   0.001093  -0.000785
  0.000001   0.000164  -0.000001
   57    3  0.0000 -0.0000  0.0150
  0.000014  -0.000004  -0.000001
  0.000000   0.000004  -0.000007
  0.001438  -0.002877  -0.001980
  0.000008  -0.000049  -0.000039
 -0.000008   0.000028   0.000023
  0.000046   0.000106  -0.000096
 -0.000024   0.000121   0.000138
 -0.000006  -0.000045   0.000044
 -0.000230  -0.000116  -0.000662
 -0.001067   0.000354   0.000379
  0.095748  -0.031207   0.450884
 -0.000002  -0.000017   0.000005
  0.000007  -0.000009  -0.000022
 -0.000067  -0.000058   0.000052
  0.000343   0.000147   0.000019
  0.000232   0.000108   0.000448
 -0.000001   0.000000  -0.000026
  0.000155   0.000009  -0.000102
 -0.000399  -0.000054  -0.000121
  0.000014  -0.000002   0.000011
  0.000015   0.000019  -0.000022
 -0.000004   0.000004  -0.000005
  0.000242   0.000303   0.000509
  0.000011  -0.000040  -0.000090
 -0.000028   0.000033  -0.000023
  0.000063   0.000208   0.000079
  0.000033  -0.000021  -0.000036
  0.000006  -0.000040  -0.000005
 -0.000026   0.000008  -0.000005
  0.000015   0.000012  -0.000022
  0.004701   0.000894   0.011738
 -0.000013   0.000010  -0.000032
  0.005188  -0.002851   0.017397
  0.000001   0.000026   0.000014
  0.000004   0.000004  -0.000006
 -0.000016   0.000006  -0.000003
  0.002750   0.003673  -0.000941
  0.000014  -0.000033  -0.000029
  0.000001   0.000003  -0.000008
 -0.000019  -0.000008  -0.000001
 -0.001018  -0.001029   0.003757
  0.000014  -0.000105  -0.000058
  0.000133   0.000118   0.000160
 -0.000039   0.000025  -0.000079
 -0.000248   0.000796   0.000704
  0.000227   0.000061  -0.000286
 -0.000098  -0.000019  -0.000030
 -0.000751  -0.000040  -0.000014
 -0.000016  -0.000024   0.000114
  0.000843  -0.000222  -0.000133
  0.000086   0.000008   0.000186
  0.000113  -0.000222  -0.000086
 -0.000134  -0.000155   0.000111
 -0.000013  -0.000105  -0.000098
  0.000005  -0.000006  -0.000007
  0.000002  -0.000003  -0.000005
 -0.104945   0.035389  -0.479543
 -0.000002  -0.000009  -0.000005
 -0.000001  -0.000012  -0.000003
  0.000042  -0.000043   0.000025
 -0.000868   0.000242   0.000243
 -0.000001  -0.000026   0.000015
  0.000019   0.000013   0.000006
 -0.000001  -0.000002  -0.000003
 -0.000022  -0.000001   0.000014
 -0.000120  -0.000086  -0.000385
  0.000004   0.000000   0.000001
 -0.000008  -0.000006  -0.000032
  0.000005  -0.000001  -0.000008
 -0.000017  -0.000008  -0.000005
 -0.001604   0.000478  -0.000618
 -0.000017  -0.000001  -0.000006
  0.000040  -0.000102   0.000024
 -0.000004  -0.000012   0.000002
  0.000122  -0.000009   0.000016
 -0.000001  -0.000004  -0.000004
  0.000001  -0.000003  -0.000004
 -0.000021  -0.000009   0.000003
  0.000255  -0.000407   0.000799
  0.000001  -0.000007  -0.000002
 -0.000001  -0.000004  -0.000005
 -0.000004  -0.000008  -0.000007
 -0.000005   0.000010   0.000006
  0.000001   0.000007  -0.000005
 -0.000001   0.000007  -0.000004
  0.000001   0.000007  -0.000007
 -0.000000   0.000006  -0.000006
  0.000004   0.000003  -0.000004
 -0.000004   0.000009  -0.000004
  0.000006   0.000012  -0.000008
 -0.000000   0.000005  -0.000005
  0.000002   0.000002   0.000009
 -0.000010   0.000006  -0.000004
 -0.000004   0.000005  -0.000005
 -0.000010   0.000010  -0.000003
 -0.000042  -0.000027   0.000009
  0.000002   0.000014  -0.000001
  0.000002  -0.000032   0.000029
 -0.000086   0.000128  -0.000011
 -0.000011   0.000006  -0.000008
 -0.001039  -0.003664  -0.001336
  0.000001   0.000030   0.000021
  0.000112   0.000385  -0.000638
 -0.000002   0.000035  -0.000003
 -0.000005  -0.000012  -0.000004
 -0.000005   0.000007  -0.000017
 -0.000003  -0.000026  -0.000198
  0.000000  -0.000023  -0.000008
   59    1  0.0150  0.0000  0.0000
 -0.000023   0.000017  -0.000009
  0.000047   0.000067   0.000004
 -0.000052  -0.000076  -0.000018
 -0.000037   0.000031  -0.000017
  0.003917  -0.002674  -0.000957
  0.000015  -0.000009   0.000004
 -0.003485   0.001026  -0.002711
  0.000002  -0.000001  -0.000016
  0.000490  -0.001136   0.000973
  0.000015   0.000041   0.000005
  0.000038   0.000005   0.000089
  0.000011  -0.000093   0.000037
  0.021339  -0.001220  -0.013962
 -0.000001   0.000007  -0.000005
  0.000115  -0.000049   0.000033
 -0.000145  -0.000144   0.000028
  0.389487   0.003948  -0.164423
 -0.000002   0.000007  -0.000007
  0.000028   0.000030   0.000045
 -0.000040   0.000024   0.000049
 -0.000004   0.000001   0.000010
  0.000072   0.000064  -0.000002
  0.000187   0.000423   0.000016
 -0.000007   0.000019   0.000008
  0.002006   0.002331  -0.002134
 -0.000015   0.000003  -0.000010
 -0.000505  -0.000059   0.000910
 -0.000020   0.000002   0.000000
  0.000701   0.006305   0.000664
 -0.000005  -0.000002   0.000002
 -0.000000  -0.000019   0.000023
 -0.000007  -0.000016   0.000071
 -0.000003  -0.000022   0.000008
 -0.000058  -0.000035  -0.000155
  0.000040  -0.000023   0.000067
 -0.000015  -0.000009  -0.000007
 -0.000013  -0.000042   0.000037
 -0.000154   0.000039   0.000005
  0.000029  -0.000046  -0.000060
 -0.000011  -0.000014   0.000012
 -0.000009  -0.000032  -0.000007
 -0.000088   0.000138   0.000119
  0.000031  -0.000030  -0.000060
  0.000019   0.000046  -0.000036
 -0.000149   0.000156  -0.000226
 -0.000020  -0.000020   0.000007
 -0.000078  -0.000001  -0.000013
  0.000026   0.000011   0.000006
 -0.000016   0.000168  -0.000127
 -0.000020  -0.000015   0.000006
 -0.000311   0.000634  -0.000571
 -0.000021  -0.000017  -0.000011
 -0.000015   0.000015  -0.000032
 -0.000000   0.000027   0.000000
 -0.000011   0.000004  -0.000004
 -0.000051   0.000003  -0.000005
  0.000003  -0.000008  -0.000016
 -0.000018   0.000018   0.000023
 -0.410812  -0.004940   0.181585
 -0.000001  -0.000003  -0.000003
 -0.000009  -0.000024  -0.000003
  0.000010   0.000032   0.000006
 -0.000005  -0.000000  -0.000003
 -0.000088   0.000052   0.000058
 -0.000143  -0.001500   0.001940
 -0.000001   0.000005  -0.000004
  0.000245  -0.000373   0.000292
 -0.000010  -0.000006   0.000000
  0.001001  -0.000231  -0.000874
 -0.000009  -0.000001  -0.000003
  0.000016   0.000013  -0.000015
 -0.000012  -0.000002   0.000003
 -0.000003  -0.000011  -0.000010
  0.000254  -0.000049  -0.000513
 -0.000017  -0.000001  -0.000003
 -0.001488  -0.000770  -0.000433
  0.000009  -0.000003  -0.000017
 -0.000008  -0.000009   0.000000
 -0.000005  -0.000003   0.000009
  0.000169  -0.000008  -0.000031
 -0.000005  -0.000036  -0.000016
 -0.000009  -0.000012  -0.000000
 -0.000010  -0.000015   0.000005
 -0.000018  -0.000029  -0.000048
  0.000009   0.000002   0.000004
  0.000047  -0.000176   0.000029
 -0.000089   0.000003  -0.000028
 -0.000005   0.000014   0.000005
 -0.000011   0.000053   0.000012
 -0.000007   0.000014  -0.000003
 -0.000056   0.000120  -0.000068
 -0.000013   0.000004  -0.000005
  0.000003  -0.000007  -0.000020
 -0.000028   0.000005   0.000006
 -0.002379  -0.001954  -0.000295
  0.000006   0.000006  -0.000002
 -0.000788   0.000202   0.000201
 -0.000022   0.000021  -0.000011
  0.000006   0.000009   0.000001
  0.000776   0.000301  -0.000116
  0.000006   0.000034  -0.000010
  0.000112  -0.000065  -0.000161
 -0.000001   0.000035   0.000017
 -0.000045  -0.000040   0.000098
  0.000158   0.000092   0.000052
  0.000095  -0.000023  -0.000017
 -0.000023  -0.000027   0.000007
 -0.000010  -0.000497   0.000717
   59    2  0.0000  0.0150 -0.0000
 -0.000077   0.000072  -0.000004
  0.000242   0.000193  -0.000006
 -0.000010  -0.000107  -0.000003
 -0.000086   0.000210  -0.000060
  0.001651   0.001073  -0.003587
 -0.000014   0.000215  -0.000139
  0.001341   0.000568   0.007993
 -0.000013   0.000051  -0.000046
 -0.000919  -0.000124  -0.000863
  0.000103   0.000231  -0.000005
 -0.000018  -0.000014   0.000002
  0.000049  -0.000108   0.000189
  0.025663  -0.006908  -0.014517
 -0.000008  -0.000043   0.000041
  0.000551   0.000357   0.000157
  0.000081   0.000655  -0.000224
  0.005695   0.068816   0.010262
 -0.000020   0.000008  -0.000008
 -0.000025  -0.000017  -0.000057
 -0.000100   0.000051   0.000068
 -0.000014   0.000023   0.000021
  0.000177  -0.000006  -0.000132
 -0.001505  -0.000315   0.000731
  0.000010   0.000029  -0.000002
 -0.028391  -0.004000   0.015653
 -0.000003  -0.000023   0.000017
  0.000181   0.001656  -0.000055
 -0.000008  -0.000022   0.000012
  0.005647   0.001275   0.005599
  0.000012   0.000008  -0.000012
  0.000020   0.000072   0.000017
  0.000010   0.000083   0.000055
 -0.000004   0.000009   0.000025
 -0.000084   0.000063  -0.000138
 -0.000040  -0.000035  -0.000051
  0.000001   0.000013  -0.000001
  0.000006   0.000026  -0.000017
 -0.000008  -0.000170   0.000048
 -0.000108   0.000035  -0.000025
  0.000018   0.000019   0.000007
  0.000007   0.000204  -0.000010
  0.000114  -0.000870  -0.000037
 -0.000324   0.000220   0.000253
 -0.000115  -0.000269   0.000209
  0.000143   0.000019   0.000288
 -0.000026  -0.000058   0.000065
 -0.000052  -0.000036  -0.000082
  0.000011  -0.000064   0.000049
  0.000295  -0.000032  -0.000040
 -0.000033  -0.000026  -0.000006
  0.000152  -0.000013   0.000185
 -0.000027  -0.000113  -0.000029
 -0.000078  -0.000063   0.000003
  0.000037  -0.000210  -0.000064
 -0.000008   0.000038   0.000005
  0.000001   0.000090  -0.000003
 -0.000005   0.000021  -0.000004
  0.000076   0.000023   0.000058
 -0.005073  -0.065117  -0.019262
 -0.000001   0.000012   0.000005
 -0.000020   0.000019  -0.000003
  0.000108   0.000050   0.000042
  0.000001   0.000022  -0.000013
 -0.000060  -0.000020   0.000147
 -0.001432   0.000827  -0.003381
  0.000010   0.000007  -0.000003
 -0.000407   0.000371  -0.000639
 -0.000005   0.000024  -0.000002
  0.001645  -0.000473  -0.000633
 -0.000002   0.000014   0.000006
 -0.000008  -0.000024   0.000025
  0.000008   0.000031   0.000028
 -0.000029   0.000047   0.000042
 -0.000478  -0.000531   0.001055
 -0.000013   0.000037   0.000000
 -0.001487   0.002565   0.001468
 -0.000000  -0.000027   0.000005
 -0.000001   0.000019  -0.000002
 -0.000013   0.000017  -0.000004
 -0.000030  -0.000099  -0.000034
 -0.000055   0.000006  -0.000001
 -0.000011   0.000010   0.000004
  0.000038  -0.000128  -0.000007
 -0.000061  -0.000072  -0.000048
  0.000046  -0.000065   0.000027
 -0.000050  -0.000233   0.000185
  0.000052  -0.000072  -0.000028
 -0.000016  -0.000009  -0.000006
  0.000046   0.000016   0.000091
 -0.000039  -0.000052   0.000001
  0.000085   0.000073   0.000078
 -0.000045  -0.000063   0.000013
  0.000024  -0.000044  -0.000048
 -0.000181   0.000008   0.000091
 -0.001814  -0.000037   0.000860
 -0.000023  -0.000088   0.000034
 -0.001447  -0.000895  -0.000125
  0.000033  -0.000154   0.000073
  0.000010  -0.000073  -0.000023
  0.001078  -0.000287  -0.000455
  0.000000  -0.000094   0.000024
 -0.000023   0.000382   0.000116
 -0.000009  -0.000126  -0.000027
  0.000173   0.000637  -0.000473
  0.000266   0.000365   0.000228
  0.000141   0.000194  -0.000029
 -0.000033   0.000180   0.000007
 -0.001069   0.000071  -0.001200
   59    3  0.0000 -0.0000  0.0150
 -0.000036   0.000004   0.000029
 -0.000245  -0.000254  -0.000310
 -0.000074  -0.000314   0.000100
 -0.000029   0.000039  -0.000071
  0.002039  -0.002232   0.002644
  0.000014  -0.000034   0.000023
 -0.002556   0.007788  -0.003358
  0.000002   0.000016  -0.000010
  0.000065  -0.000531   0.000009
  0.000047   0.000013  -0.000009
  0.000019   0.000044  -0.000038
  0.000054  -0.000064   0.000168
  0.008551   0.000130  -0.008939
  0.000007   0.000011  -0.000011
  0.000636   0.000253   0.000081
 -0.000027   0.000115  -0.000126
 -0.165146   0.010129   0.142478
  0.000011   0.000004  -0.000003
  0.000051   0.000092  -0.000028
  0.000020  -0.000144  -0.000089
  0.000026  -0.000007  -0.000005
 -0.000252   0.000052   0.000376
 -0.001192  -0.000013   0.000323
  0.000006   0.000005  -0.000003
 -0.026054   0.000326   0.007100
  0.000015  -0.000002   0.000002
  0.000742  -0.000098   0.001148
  0.000001   0.000008  -0.000004
 -0.000075   0.005300  -0.004275
  0.000001   0.000005  -0.000001
  0.000023  -0.000053  -0.000031
 -0.000014   0.000053  -0.000006
 -0.000006   0.000002  -0.000049
  0.000059  -0.000059  -0.000052
  0.000096  -0.000030   0.000081
 -0.000005  -0.000004  -0.000006
  0.000008  -0.000021   0.000056
  0.000038   0.000074  -0.000042
  0.000015  -0.000080  -0.000081
  0.000015  -0.000002   0.000015
 -0.000008  -0.000086   0.000028
  0.000019  -0.000027   0.001643
 -0.000256   0.000150   0.000173
 -0.000034  -0.000029   0.000071
 -0.000027   0.000116   0.000124
  0.000008   0.000005   0.000006
 -0.000145  -0.000006  -0.000021
  0.000023   0.000002   0.000036
  0.000027   0.000126   0.000072
  0.000006   0.000006   0.000000
  0.000079   0.000215   0.000075
  0.000004   0.000005  -0.000002
 -0.000063  -0.000101   0.000031
  0.000003  -0.000022   0.000000
  0.000003  -0.000013   0.000009
 -0.000010   0.000026  -0.000025
 -0.000003  -0.000003  -0.000002
  0.000063   0.000151   0.000054
  0.181322  -0.019364  -0.140746
  0.000007  -0.000004  -0.000003
 -0.000004  -0.000016  -0.000006
  0.000078   0.000052   0.000015
  0.000005  -0.000002  -0.000003
 -0.000055   0.000090   0.000196
  0.002112  -0.003194   0.002645
  0.000009  -0.000002  -0.000007
  0.000336  -0.000657   0.000764
  0.000001  -0.000001  -0.000003
  0.000504   0.000245  -0.000651
  0.000001   0.000001  -0.000002
  0.000004   0.000006   0.000019
  0.000003   0.000005   0.000003
  0.000009  -0.000013  -0.000012
 -0.000202   0.000270   0.000199
  0.000003  -0.000007  -0.000000
 -0.000991   0.001083  -0.000677
  0.000040  -0.000005  -0.000006
  0.000002  -0.000004  -0.000002
  0.000002   0.000002  -0.000003
 -0.000000  -0.000021  -0.000040
  0.000003   0.000002  -0.000005
  0.000007  -0.000006   0.000001
 -0.000005  -0.000023  -0.000037
  0.000229   0.000036  -0.000003
  0.000014   0.000003   0.000011
  0.000016   0.000320  -0.000129
 -0.000031   0.000006   0.000004
  0.000004   0.000015  -0.000009
 -0.000048   0.000052  -0.000020
  0.000008   0.000007  -0.000012
  0.000002   0.000076   0.000015
  0.000002   0.000007   0.000003
 -0.000002   0.000027  -0.000020
  0.000116   0.000020  -0.000051
  0.000194   0.000465   0.000682
  0.000012   0.000025  -0.000012
 -0.000534  -0.000099  -0.000526
 -0.000007   0.000049  -0.000021
  0.000004   0.000015   0.000002
 -0.000032   0.000055   0.000818
  0.000002   0.000030  -0.000018
 -0.000649  -0.000118  -0.001182
  0.000005   0.000037   0.000002
  0.000016   0.000340  -0.000584
  0.000053   0.000206   0.000187
 -0.000017  -0.000065  -0.000054
  0.000001  -0.000031   0.000006
  0.000916  -0.000949  -0.000079
   61    1  0.0150  0.0000  0.0000
  0.000012  -0.000012   0.000017
  0.000001  -0.000006  -0.000008
 -0.001317  -0.002607   0.011427
  0.000004  -0.000074   0.000002
  0.000009   0.000041   0.000006
  0.000064   0.000085  -0.000074
 -0.000251  -0.000195   0.000239
  0.000057   0.000103  -0.000108
 -0.002216   0.000175   0.001048
  0.000384   0.000091   0.000290
  0.001296   0.000639  -0.001123
 -0.000003  -0.000030  -0.000025
 -0.000007  -0.000012  -0.000021
 -0.000010  -0.000068   0.000085
 -0.000373   0.002472   0.001189
  0.002514   0.000201   0.003301
 -0.000113   0.000035   0.000008
  0.000054   0.000043  -0.000058
  0.073591   0.001700   0.094999
  0.000006   0.000016   0.000025
  0.000023  -0.000007  -0.000009
 -0.000006  -0.000005   0.000004
  0.004323  -0.001291  -0.001534
 -0.000114  -0.000017  -0.000321
 -0.000116  -0.000126  -0.000072
  0.000092  -0.000160   0.000081
  0.000069  -0.000049  -0.000031
  0.000034  -0.000054  -0.000062
 -0.000051  -0.000008  -0.000014
 -0.000064   0.000082  -0.000048
 -0.007472   0.003550   0.002952
 -0.000001  -0.000097   0.000068
 -0.009593   0.002655   0.001530
  0.000015   0.000069   0.000035
  0.000009   0.000001  -0.000003
 -0.000014   0.000005  -0.000013
 -0.006297   0.000598  -0.003612
  0.000008   0.000012  -0.000036
  0.000004   0.000001  -0.000005
 -0.000006  -0.000003   0.000011
 -0.000694  -0.000237  -0.000307
  0.000027  -0.000177  -0.000118
  0.000222  -0.000926  -0.000582
 -0.000194   0.000456  -0.000669
  0.000213  -0.000775  -0.000236
 -0.000031  -0.000015  -0.000017
 -0.000117  -0.000169  -0.000305
  0.000093   0.000353   0.000286
  0.000938  -0.000338  -0.000233
 -0.000238   0.000018  -0.000069
  0.000297  -0.000238   0.000057
 -0.000044  -0.000059  -0.000058
  0.000359  -0.000175  -0.000212
 -0.000195  -0.000560  -0.000690
  0.000002   0.000000  -0.000001
  0.000000  -0.000002  -0.000005
  0.001453  -0.000513  -0.000903
  0.000020  -0.000022  -0.000003
  0.000029  -0.000019  -0.000078
  0.000048  -0.000123   0.000060
 -0.062409  -0.003320  -0.105061
  0.000030   0.000001   0.000006
  0.000015  -0.000007  -0.000009
 -0.000005  -0.000002   0.000003
 -0.000026   0.000010   0.000002
  0.000118   0.000019  -0.000104
  0.000011   0.000012   0.000005
 -0.000003   0.000206   0.000042
 -0.000003  -0.000009  -0.000013
 -0.000010  -0.000002   0.000001
 -0.000499   0.000138   0.000555
  0.000151   0.000062  -0.000075
  0.000021   0.000000  -0.000100
 -0.000005  -0.000021   0.000014
  0.000045  -0.000039   0.000006
 -0.000013  -0.000006  -0.000003
  0.000009  -0.000001  -0.000003
 -0.000019   0.000003   0.000005
  0.005399  -0.001452  -0.001584
  0.000001  -0.000003   0.000000
  0.000002  -0.000001  -0.000002
 -0.000002  -0.000000  -0.000003
 -0.000016   0.000010  -0.000007
 -0.000005  -0.000007  -0.000000
 -0.000012   0.000021  -0.000007
 -0.000004  -0.000012   0.000006
  0.000005  -0.000001   0.000004
  0.000009   0.000006  -0.000007
  0.000002  -0.000002  -0.000002
  0.000016   0.000007   0.000000
  0.000013  -0.000001  -0.000001
  0.000020   0.000026  -0.000021
 -0.000006   0.000001  -0.000005
 -0.000009  -0.000001   0.000008
  0.000019   0.000000  -0.000041
 -0.000055  -0.000020   0.000032
 -0.000004  -0.000019  -0.000021
 -0.000009  -0.000028   0.000017
  0.000018  -0.000049  -0.000017
 -0.000007   0.000010  -0.000022
  0.000487   0.000175  -0.000046
  0.000032   0.000052   0.000096
 -0.000023   0.000142   0.000234
 -0.000003   0.000075   0.000018
  0.000010   0.000006  -0.000002
  0.000010   0.000024  -0.000013
 -0.000018  -0.000204   0.000070
 -0.000009  -0.000028  -0.000011
   61    2  0.0000  0.0150 -0.0000
 -0.000038   0.000044  -0.000019
  0.000020   0.000033  -0.000001
  0.007873  -0.006862   0.034961
  0.000026  -0.000099  -0.000113
  0.000061   0.000210   0.000083
 -0.000058   0.000124  -0.000076
 -0.000311   0.000010   0.000014
 -0.000006  -0.000084   0.000073
  0.000041   0.005779   0.002811
 -0.000096  -0.000125   0.000129
  0.000119   0.001683   0.000329
  0.000001  -0.000013  -0.000000
  0.000034  -0.000017  -0.000023
  0.000027   0.000017  -0.000013
  0.000851   0.000127   0.000533
  0.000538  -0.000186   0.000863
 -0.000001  -0.000004  -0.000011
 -0.000074  -0.000010   0.000053
  0.000329   0.077799  -0.022245
  0.000006   0.000003   0.000018
 -0.000021   0.000015   0.000018
  0.000002   0.000024   0.000003
 -0.001212  -0.002141   0.000516
 -0.000040  -0.000090  -0.000119
  0.000026  -0.000044  -0.000060
  0.000007   0.000033  -0.000004
  0.000020  -0.000091  -0.000140
  0.000145  -0.000010  -0.000127
 -0.000022  -0.000010   0.000026
 -0.000015   0.000031  -0.000024
  0.003881   0.005588   0.002616
  0.000023  -0.000018   0.000037
  0.002674   0.006053  -0.003120
 -0.000002   0.000060  -0.000004
 -0.000007   0.000021  -0.000012
  0.000034   0.000024   0.000029
 -0.008822  -0.000995  -0.040051
 -0.000001   0.000008  -0.000015
 -0.000015   0.000030   0.000012
  0.000036   0.000046  -0.000037
 -0.000406  -0.001418   0.000067
 -0.000008   0.000018  -0.000041
  0.000021   0.000052  -0.000143
 -0.000014   0.000291  -0.000320
  0.000164   0.000432  -0.003224
  0.000042   0.000047  -0.000078
 -0.000330   0.000010  -0.000230
 -0.000085  -0.000506  -0.000165
 -0.000516   0.000378  -0.000342
  0.000027   0.000011  -0.000024
 -0.000051  -0.001008  -0.000263
  0.000034   0.000058  -0.000002
 -0.000103  -0.000003  -0.000030
 -0.000050   0.000052  -0.000034
 -0.000007   0.000023  -0.000003
  0.000000   0.000022  -0.000004
 -0.000544  -0.000526   0.000234
 -0.000014  -0.000004   0.000015
 -0.000027   0.000023  -0.000021
 -0.000031   0.000051  -0.000050
 -0.003368  -0.084098   0.027739
 -0.000003  -0.000020   0.000009
 -0.000002   0.000011  -0.000012
 -0.000014   0.000025   0.000007
  0.000003  -0.000038   0.000046
 -0.000044  -0.000049   0.000012
  0.000004   0.000015   0.000006
  0.000093   0.000126   0.000099
  0.000003   0.000011  -0.000011
  0.000012   0.000031  -0.000015
  0.000636  -0.000428   0.001712
 -0.000007  -0.000048  -0.000014
 -0.000021   0.000022  -0.000054
  0.000002   0.000022  -0.000016
 -0.000073   0.000033  -0.000025
 -0.000029   0.000031  -0.000008
  0.000003   0.000021   0.000001
  0.000001   0.000020  -0.000008
 -0.001433  -0.001209   0.000644
  0.000002   0.000006   0.000003
 -0.000001   0.000019  -0.000003
  0.000001   0.000021  -0.000005
  0.000018  -0.000040  -0.000001
 -0.000011  -0.000038  -0.000016
  0.000020  -0.000032   0.000000
 -0.000024  -0.000039  -0.000009
  0.000013  -0.000027   0.000009
 -0.000026  -0.000026  -0.000018
  0.000007  -0.000035  -0.000015
 -0.000019  -0.000037   0.000005
  0.000021  -0.000037  -0.000009
 -0.000021  -0.000041  -0.000010
  0.000022  -0.000025  -0.000023
 -0.000013  -0.000023   0.000014
 -0.000010  -0.000071  -0.000006
  0.000031  -0.000039   0.000014
 -0.000053  -0.000130  -0.000061
  0.000044  -0.000096   0.000038
  0.000047  -0.000099   0.000017
  0.000005  -0.000042   0.000014
  0.000125   0.000640  -0.001953
  0.000006  -0.000016   0.000003
 -0.000045  -0.000022  -0.000406
  0.000000  -0.000030   0.000011
  0.000006   0.000196  -0.000012
  0.000004   0.000169   0.000016
 -0.000041   0.000354   0.000054
 -0.000010   0.000097  -0.000011
   61    3  0.0000 -0.0000  0.0150
 -0.000014   0.000017  -0.000034
  0.000000   0.000009  -0.000002
  0.003784  -0.003526   0.014651
 -0.000007  -0.000087  -0.000102
  0.000010  -0.000011  -0.000028
 -0.000002  -0.000047   0.000034
 -0.000085   0.000086   0.000073
 -0.000017   0.000056  -0.000057
  0.001631   0.001594  -0.002065
 -0.000023  -0.000021   0.000155
 -0.000395  -0.000237  -0.000164
  0.000003  -0.000007   0.000026
  0.000002   0.000013   0.000006
 -0.000017  -0.000012   0.000007
  0.000205   0.000710   0.000359
  0.001338   0.000047   0.001825
 -0.000012  -0.000001  -0.000023
  0.000024   0.000012  -0.000030
  0.093584  -0.021778   0.458846
 -0.000010  -0.000028   0.000027
 -0.000030   0.000013  -0.000003
  0.000003   0.000007  -0.000007
 -0.001424  -0.000763   0.000180
 -0.000088  -0.000028  -0.000205
  0.000065   0.000028  -0.000034
  0.000004  -0.000039   0.000013
 -0.000023  -0.000024  -0.000057
  0.000013  -0.000006   0.000023
 -0.000003  -0.000006   0.000003
 -0.000022  -0.000005   0.000013
  0.002740   0.003474  -0.001417
 -0.000009   0.000110  -0.000060
  0.001443  -0.003529  -0.001810
 -0.000021   0.000027  -0.000032
 -0.000007   0.000008  -0.000007
  0.000026   0.000017  -0.000013
  0.004793   0.000743   0.013365
 -0.000002  -0.000000   0.000013
 -0.000004   0.000008  -0.000002
  0.000006   0.000012  -0.000034
  0.000388   0.001046   0.000370
 -0.000008   0.000068   0.000010
 -0.000459  -0.000688  -0.000252
 -0.000046   0.000102  -0.000161
 -0.000449  -0.003378   0.002855
 -0.000016   0.000008  -0.000045
 -0.000131  -0.000022  -0.000173
  0.001997   0.000404   0.000934
 -0.000426  -0.001355   0.000296
 -0.000073   0.000007  -0.000035
 -0.000233  -0.000011   0.000095
 -0.000012  -0.000003  -0.000019
 -0.000063  -0.000239   0.000078
 -0.000058  -0.000111  -0.000133
 -0.000004   0.000003  -0.000010
 -0.000002   0.000003  -0.000006
 -0.000906   0.000209   0.000241
 -0.000009   0.000013   0.000009
 -0.000001   0.000002  -0.000010
  0.000001  -0.000047   0.000016
 -0.105257   0.027798  -0.487366
 -0.000003  -0.000011   0.000002
 -0.000020   0.000009   0.000001
  0.000000   0.000005  -0.000007
  0.000005  -0.000001   0.000054
  0.000004   0.000006  -0.000058
  0.000002   0.000010   0.000002
  0.000022   0.000020  -0.000073
  0.000002   0.000002  -0.000007
  0.000002  -0.000006  -0.000001
  0.000207  -0.000517   0.000604
 -0.000106  -0.000051   0.000024
 -0.000058   0.000026   0.000177
  0.000001   0.000011  -0.000017
 -0.000017  -0.000015   0.000006
  0.000005   0.000006  -0.000008
 -0.000005   0.000005  -0.000006
  0.000023   0.000019  -0.000011
 -0.001608   0.000555  -0.000875
 -0.000001   0.000006  -0.000005
 -0.000002   0.000003  -0.000007
 -0.000000   0.000004  -0.000008
  0.000004  -0.000004  -0.000005
 -0.000001   0.000001  -0.000010
 -0.000007  -0.000019   0.000014
  0.000001  -0.000001  -0.000009
 -0.000002  -0.000000  -0.000009
  0.000006  -0.000000   0.000001
 -0.000002   0.000001  -0.000009
 -0.000007  -0.000004  -0.000003
 -0.000005  -0.000003  -0.000008
 -0.000003  -0.000027   0.000019
 -0.000006  -0.000001   0.000000
 -0.000001  -0.000000  -0.000010
 -0.000008   0.000007   0.000003
 -0.000028   0.000024  -0.000026
  0.000003   0.000008  -0.000000
 -0.000019   0.000026  -0.000027
  0.000025   0.000039  -0.000054
  0.000001  -0.000002  -0.000010
  0.000002  -0.000518   0.000592
 -0.000004  -0.000016  -0.000015
 -0.000047  -0.000390  -0.000146
 -0.000002  -0.000023  -0.000004
 -0.000003   0.000009  -0.000013
 -0.000000  -0.000001   0.000003
 -0.000040   0.000145  -0.000189
  0.000000   0.000023  -0.000000
   63    1  0.0150  0.0000  0.0000
  0.003976  -0.003378  -0.007193
 -0.000318  -0.000084   0.000229
  0.000002   0.000025   0.000035
 -0.000051   0.000055   0.000030
  0.000071   0.000109   0.000065
  0.005289  -0.000237  -0.001654
  0.000011  -0.000009  -0.000016
 -0.000056   0.000037   0.000002
  0.000051  -0.000002   0.000041
 -0.000112   0.000952   0.000087
 -0.000040  -0.000049  -0.000153
  0.000001   0.000024   0.000003
 -0.000005   0.000001  -0.000026
 -0.000515  -0.000464  -0.000009
 -0.000111   0.000047   0.000031
  0.000322   0.000066  -0.000068
  0.000018  -0.000004  -0.000014
 -0.000260  -0.000028   0.000114
  0.000049   0.000014   0.000120
 -0.000002  -0.000012  -0.000031
  0.088676  -0.066326   0.072749
  0.000179   0.000064   0.000014
  0.000009  -0.000045   0.000017
  0.000051   0.000048  -0.000052
  0.000006   0.000002   0.000003
 -0.000076   0.000071  -0.000021
 -0.000013   0.000000   0.000004
  0.000086  -0.000086   0.000094
 -0.000010  -0.000008  -0.000005
  0.000217  -0.000168   0.000042
 -0.000005   0.000061  -0.000027
 -0.000010  -0.000012  -0.000026
  0.000203   0.000250   0.000023
  0.000004  -0.000026  -0.000017
 -0.000032   0.000031   0.000009
  0.000151   0.000022   0.000001
  0.000006   0.000064   0.000110
  0.000005   0.000005   0.000009
  0.000075  -0.000008   0.000038
  0.000016   0.000007  -0.000105
  0.000054  -0.003577  -0.002287
 -0.000005   0.000099   0.000044
  0.000005  -0.000013  -0.000031
 -0.000044  -0.000045   0.000047
  0.000006  -0.000010  -0.000033
 -0.000017  -0.000191   0.000163
  0.000014   0.000002   0.000004
 -0.000066  -0.000015  -0.000037
  0.000007   0.000017  -0.000015
  0.000113  -0.000120  -0.000033
 -0.000005   0.000016  -0.000022
 -0.000038  -0.000500  -0.000165
  0.000022   0.000010  -0.000021
 -0.000013  -0.000007   0.000014
 -0.001647   0.000444  -0.000584
 -0.000041   0.000026  -0.000067
 -0.000029  -0.000034   0.000001
  0.000004   0.000009  -0.000001
  0.000007   0.000009  -0.000003
 -0.000095   0.000059  -0.000052
  0.000021  -0.000002  -0.000018
 -0.000005   0.000017  -0.000008
 -0.087949   0.074103  -0.077320
  0.000020   0.000010  -0.000020
  0.000017   0.000001  -0.000004
 -0.000020  -0.000005   0.000011
 -0.000003   0.000002  -0.000004
  0.000041  -0.000011   0.000014
 -0.000004   0.000001   0.000005
  0.000052  -0.000005  -0.000068
  0.000000   0.000017  -0.000009
  0.000026   0.000026   0.000016
  0.000559  -0.000322   0.001326
  0.000009   0.000009  -0.000019
 -0.002115  -0.000069   0.000674
  0.000056   0.000011   0.000005
 -0.000009   0.000005  -0.000005
  0.000213   0.000059  -0.000038
  0.000048  -0.000039   0.000054
  0.000002   0.000005  -0.000008
  0.000010   0.000011  -0.000012
  0.000051   0.000008   0.000014
  0.002786  -0.008700   0.000785
 -0.000033   0.000127  -0.000069
 -0.008618   0.019160  -0.021779
  0.000032   0.000092   0.000159
 -0.000039   0.000006  -0.000101
  0.000119   0.000035  -0.000026
 -0.000037   0.000072  -0.000033
 -0.000006  -0.000023   0.000034
 -0.000051   0.000039   0.000048
  0.000053  -0.000043  -0.000059
  0.003477  -0.016166   0.031003
  0.000017  -0.000296   0.000198
 -0.000054  -0.000090  -0.000024
 -0.002308   0.001041   0.002484
  0.000058  -0.000195  -0.000085
 -0.001633   0.001227  -0.000208
  0.000895   0.000041  -0.000892
 -0.000023   0.000003  -0.000008
  0.000055   0.000246   0.001402
  0.000000  -0.000015  -0.000023
 -0.001071   0.002142   0.000954
  0.000003  -0.000021  -0.000002
 -0.000901   0.000271  -0.000403
  0.000481  -0.001102   0.000873
 -0.000333   0.001103  -0.000207
  0.000021   0.000024   0.000019
   63    2  0.0000  0.0150 -0.0000
 -0.003687  -0.005024  -0.000057
  0.000079   0.000201   0.000228
  0.000018   0.000032  -0.000038
 -0.000027   0.000067  -0.000005
 -0.000197   0.000182   0.000152
  0.001009   0.000621  -0.000556
 -0.000002   0.000042   0.000042
  0.000068   0.000016  -0.000023
 -0.000027   0.000242   0.000002
  0.000300   0.000776   0.000073
  0.000024   0.000076   0.000029
  0.000005   0.000018  -0.000020
  0.000018  -0.000039  -0.000050
  0.000273   0.000058   0.000019
  0.000037   0.000218  -0.000013
  0.000005   0.000089   0.000001
  0.000017   0.000010   0.000013
  0.000112  -0.000020   0.000002
  0.000002  -0.000009   0.000021
  0.000013  -0.000012   0.000010
 -0.068268   0.197471  -0.201550
  0.000053   0.000019  -0.000115
 -0.000013   0.000056   0.000011
  0.000011  -0.000003   0.000022
  0.000019  -0.000005  -0.000005
 -0.000050   0.000026   0.000022
  0.000011  -0.000021  -0.000015
  0.000028   0.000004  -0.000015
 -0.000023   0.000005   0.000010
  0.000004   0.000053  -0.000038
 -0.000002  -0.000006   0.000036
  0.000008   0.000001  -0.000003
  0.000040   0.000017   0.000027
  0.000009  -0.000040  -0.000031
  0.000030   0.000003   0.000018
 -0.000025  -0.000078   0.000032
 -0.000013  -0.000041  -0.000104
 -0.000003   0.000025   0.000020
  0.000034  -0.000004  -0.000011
  0.000056  -0.000006   0.000058
 -0.000909   0.000740   0.000367
 -0.000012   0.000298   0.000075
  0.000013  -0.000075  -0.000038
  0.000011  -0.000027   0.000015
  0.000014  -0.000058  -0.000058
 -0.000047  -0.000138   0.000110
 -0.000007  -0.000026  -0.000000
  0.000015   0.000001  -0.000008
  0.000001  -0.000038   0.000007
 -0.000067  -0.000060  -0.000020
  0.000024  -0.000130   0.000037
 -0.000081  -0.000366  -0.000138
 -0.000041  -0.000100   0.000060
  0.000048  -0.000036  -0.000035
 -0.000247  -0.001091  -0.000223
 -0.000083   0.000146  -0.000260
 -0.000001   0.000016   0.000003
  0.000003   0.000020   0.000002
  0.000001   0.000022  -0.000002
 -0.000042  -0.000026  -0.000087
 -0.000004   0.000008   0.000007
  0.000008   0.000022  -0.000003
  0.074072  -0.197898   0.216563
 -0.000005   0.000074   0.000013
 -0.000010   0.000012  -0.000001
  0.000011   0.000051   0.000023
  0.000004   0.000018   0.000001
  0.000008  -0.000003  -0.000010
  0.000002   0.000012  -0.000003
  0.000008  -0.000029  -0.000004
 -0.000009   0.000008  -0.000013
  0.000007   0.000003  -0.000004
 -0.000074  -0.000601  -0.000448
  0.000052   0.000063  -0.000068
 -0.000302  -0.000978  -0.000426
  0.000014   0.000066  -0.000005
  0.000002   0.000014   0.000001
 -0.000003  -0.000078   0.000017
 -0.000001  -0.000012  -0.000004
  0.000015   0.000015   0.000003
  0.000031   0.000012  -0.000014
  0.000044  -0.000011   0.000007
 -0.006921  -0.004720  -0.002334
 -0.000065  -0.000002   0.000230
  0.002833  -0.002186   0.006136
  0.000128  -0.000084  -0.000041
  0.000018   0.000040  -0.000003
  0.000100  -0.000003  -0.000087
  0.000047   0.000013  -0.000019
 -0.000047   0.000044  -0.000036
 -0.000022  -0.000040   0.000003
  0.000097   0.000120   0.000027
  0.001249   0.011570  -0.015558
  0.000110   0.000027  -0.000082
  0.000136  -0.000160  -0.000071
  0.000168   0.000510  -0.001284
  0.000068  -0.000081  -0.000054
 -0.000461   0.000177  -0.000349
 -0.000135   0.000714   0.000221
 -0.000048  -0.000103   0.000046
  0.000181   0.000144  -0.000304
 -0.000015  -0.000126  -0.000062
 -0.000066   0.000314  -0.000169
 -0.000009  -0.000164   0.000035
 -0.000087  -0.000548  -0.000112
 -0.000541   0.000047   0.000181
  0.000716  -0.000615   0.000044
  0.000158   0.000252   0.000002
   63    3  0.0000 -0.0000  0.0150
 -0.005381  -0.000782   0.001394
  0.000233  -0.000014  -0.000379
  0.000006  -0.000003   0.000021
  0.000032  -0.000014  -0.000034
  0.000044  -0.000174  -0.000128
 -0.009752  -0.000304   0.001833
 -0.000003   0.000010  -0.000001
  0.000237   0.000057  -0.000094
 -0.000021  -0.000082  -0.000013
  0.000187  -0.000183  -0.000037
 -0.000003  -0.000007   0.000043
  0.000003  -0.000003  -0.000002
 -0.000008   0.000036   0.000040
  0.001044   0.000275  -0.000436
  0.000056  -0.000083  -0.000021
 -0.000145  -0.000096   0.000038
 -0.000022   0.000009   0.000002
  0.000018  -0.000035  -0.000019
 -0.000008  -0.000025   0.000031
  0.000005   0.000030   0.000024
  0.074612  -0.205759   0.338214
 -0.000101  -0.000022   0.000121
  0.000007   0.000015  -0.000005
 -0.000019  -0.000026   0.000039
 -0.000013   0.000012   0.000003
  0.000044   0.000026  -0.000127
  0.000000   0.000019   0.000007
  0.000035   0.000203  -0.000186
  0.000018   0.000018   0.000002
 -0.000259   0.000214  -0.000015
  0.000006   0.000020  -0.000007
  0.000008   0.000016   0.000016
 -0.000150   0.000017  -0.000050
 -0.000004   0.000054   0.000023
  0.000042  -0.000018  -0.000021
 -0.000097  -0.000003  -0.000099
 -0.000050  -0.000054  -0.000077
  0.000002   0.000006  -0.000011
 -0.000090   0.000026  -0.000071
  0.000065  -0.000039   0.000187
 -0.000457   0.000675  -0.000734
  0.000012  -0.000153  -0.000048
 -0.000010   0.000052   0.000025
  0.000038   0.000068  -0.000041
 -0.000002   0.000038   0.000023
 -0.000002   0.000058  -0.000055
 -0.000008   0.000026  -0.000004
  0.000037   0.000031   0.000005
  0.000012   0.000027  -0.000000
 -0.000082   0.000076   0.000024
 -0.000003   0.000059  -0.000010
  0.000005   0.000141   0.000005
  0.000002   0.000038  -0.000009
  0.000008   0.000039   0.000008
  0.000303  -0.000661  -0.000026
 -0.000086  -0.000168  -0.000020
  0.000007   0.000042   0.000008
  0.000000  -0.000006  -0.000001
 -0.000002  -0.000012  -0.000001
  0.000064  -0.000148   0.000195
 -0.000007  -0.000002   0.000004
  0.000005  -0.000007   0.000002
 -0.077433   0.216660  -0.349577
 -0.000013  -0.000004   0.000012
  0.000002   0.000003   0.000004
  0.000008   0.000067   0.000005
  0.000002  -0.000003   0.000001
  0.000001   0.000035  -0.000038
  0.000009   0.000001  -0.000006
 -0.000026  -0.000010   0.000107
  0.000006  -0.000005   0.000007
 -0.000016  -0.000013  -0.000019
  0.001017  -0.000476  -0.000718
 -0.000033  -0.000040   0.000055
  0.002325  -0.000509   0.002945
 -0.000044  -0.000046  -0.000011
  0.000011  -0.000003   0.000004
 -0.000118  -0.000009  -0.000035
  0.000047  -0.000017  -0.000006
 -0.000006   0.000002  -0.000002
 -0.000018  -0.000003   0.000002
 -0.000002   0.000055   0.000001
 -0.004727   0.001329  -0.006799
 -0.000056  -0.000158   0.000302
  0.008995  -0.012040   0.014009
 -0.000035   0.000001  -0.000040
 -0.000000   0.000036   0.000100
 -0.000156  -0.000046   0.000023
  0.000034  -0.000105   0.000066
 -0.000026   0.000031   0.000064
  0.000050  -0.000007  -0.000060
  0.000008  -0.000143  -0.000157
  0.000919   0.004066  -0.004755
  0.000147   0.000260   0.000172
 -0.000053   0.000149   0.000054
  0.004722  -0.001371   0.003420
 -0.000038   0.000175   0.000067
  0.003763  -0.002021   0.000734
 -0.001678   0.000222  -0.001033
  0.000079   0.000094  -0.000026
  0.000488  -0.000145   0.000321
  0.000018   0.000081   0.000046
  0.000870  -0.000540   0.000720
  0.000019   0.000117  -0.000030
  0.000757  -0.000614   0.000183
  0.000359   0.001268  -0.001814
 -0.000499   0.000223   0.002195
 -0.000089  -0.000098  -0.000048
   65    1  0.0150  0.0000  0.0000
  0.000025  -0.000041   0.000032
 -0.000033  -0.000042  -0.000034
 -0.000105  -0.000341  -0.000543
 -0.000005   0.000084   0.000015
 -0.000630  -0.000270  -0.000221
  0.000073  -0.000052   0.000009
  0.020434   0.027308   0.008778
  0.000017   0.000034  -0.000047
  0.001405   0.000891  -0.001390
  0.000283   0.000200  -0.000154
 -0.000121  -0.000381   0.000082
  0.000123   0.000149   0.000858
 -0.002302  -0.000138  -0.004395
 -0.000003  -0.000020   0.000021
  0.000839   0.000727   0.000267
 -0.000265   0.000432  -0.000278
 -0.011764  -0.009030  -0.003729
  0.000032   0.000010  -0.000020
 -0.000246  -0.000531  -0.000014
 -0.000095  -0.000017  -0.000111
  0.000053  -0.000102   0.000053
 -0.000030  -0.000016   0.000020
 -0.000064   0.000532   0.002121
 -0.000016   0.000071  -0.000012
  0.261255   0.196940   0.041940
  0.000007  -0.000033   0.000016
  0.004505   0.000011  -0.006641
 -0.000055  -0.000007   0.000027
  0.000434  -0.001305  -0.000403
 -0.000006  -0.000006   0.000015
  0.000098   0.000053   0.000291
 -0.000062   0.000062  -0.000160
  0.000093   0.000348  -0.000008
 -0.000053  -0.000193  -0.000202
  0.000052  -0.000026   0.000042
 -0.000042  -0.000024  -0.000016
 -0.000006   0.000065  -0.000159
 -0.000023   0.000054  -0.000046
  0.000041  -0.000066  -0.000062
 -0.000028  -0.000034   0.000035
 -0.000059  -0.000653   0.000330
  0.000050  -0.000190   0.000445
 -0.000099  -0.000163  -0.000054
  0.000119   0.000364  -0.000171
 -0.000201  -0.000048   0.000070
 -0.000063  -0.000101   0.000131
 -0.000329  -0.000145  -0.000203
  0.000159  -0.000058   0.000160
 -0.000928   0.000552   0.002938
 -0.000125  -0.000011   0.000021
 -0.000020  -0.000448   0.000103
 -0.000048  -0.000102  -0.000029
 -0.000255  -0.000358   0.000134
  0.000085  -0.000154  -0.000058
  0.000001  -0.000023  -0.000002
 -0.000006  -0.000024  -0.000006
  0.000003  -0.000005  -0.000019
  0.000620   0.000069  -0.000102
 -0.000167  -0.001380   0.002164
  0.000012  -0.000023  -0.000001
 -0.000014   0.000004  -0.000004
  0.000088   0.000052   0.000005
  0.000011  -0.000022  -0.000029
 -0.000017  -0.000010  -0.000006
 -0.273390  -0.214358  -0.041821
  0.000043   0.000010   0.000002
  0.000854   0.001576   0.000521
 -0.000021  -0.000014  -0.000006
  0.000119  -0.000235   0.000450
 -0.000013  -0.000019  -0.000002
  0.000162   0.000223  -0.000027
 -0.000030   0.000024   0.000039
  0.000040  -0.000093  -0.000099
 -0.000042  -0.000057   0.000067
  0.000076  -0.000035   0.000006
 -0.000083  -0.000032  -0.000011
  0.000002  -0.000031   0.000008
 -0.000030  -0.000031   0.000005
  0.000011  -0.000017   0.000005
 -0.000007  -0.000033  -0.000065
 -0.000006  -0.000024  -0.000007
 -0.000007  -0.000024  -0.000002
 -0.000024   0.000030  -0.000016
  0.000022   0.000039  -0.000005
  0.000007   0.000021  -0.000003
  0.000039   0.000049   0.000006
 -0.000020   0.000021  -0.000051
  0.000019   0.000030   0.000001
 -0.000065   0.000041   0.000038
  0.000016   0.000032  -0.000022
 -0.000048   0.000109  -0.000014
  0.000021   0.000055  -0.000011
 -0.000075   0.000038   0.000023
  0.000023   0.000020  -0.000017
 -0.000008   0.000096   0.000046
 -0.000047   0.000025  -0.000020
  0.000029  -0.000247  -0.000129
 -0.000042   0.000074  -0.000026
 -0.000049   0.000091   0.000052
  0.000065   0.000092  -0.000024
 -0.000027   0.000217  -0.000243
 -0.000093   0.000175  -0.000241
  0.000024   0.000345   0.000001
 -0.000014   0.000235  -0.000203
  0.000015  -0.000131   0.000066
  0.000011  -0.000158  -0.000037
  0.000007  -0.000240   0.000029
 -0.000096  -0.000306  -0.000053
   65    2  0.0000  0.0150 -0.0000
  0.000004   0.000013  -0.000031
  0.000036   0.000042   0.000076
 -0.000492   0.000290   0.000594
  0.000002  -0.000096   0.000021
  0.001676  -0.000256  -0.000797
 -0.000040   0.000038  -0.000018
 -0.002928  -0.004726   0.000410
 -0.000073   0.000021   0.000022
  0.001303  -0.001030  -0.000457
  0.000060  -0.000049  -0.000032
 -0.000070  -0.000329   0.000062
  0.000133   0.000111  -0.000186
 -0.001021  -0.000516   0.007848
 -0.000006  -0.000005   0.000002
 -0.000184  -0.000159  -0.000162
  0.000292   0.001120  -0.000892
  0.023055   0.016568   0.005731
 -0.000031  -0.000004   0.000021
  0.000108  -0.000063  -0.000094
  0.000003   0.000093   0.000051
 -0.000026   0.000007   0.000008
  0.000080   0.000026  -0.000007
 -0.001243   0.000975  -0.001925
  0.000005  -0.000189   0.000054
  0.198443   0.267624   0.062779
  0.000011  -0.000020   0.000018
  0.000209  -0.004206   0.003130
  0.000021  -0.000009  -0.000009
 -0.001532   0.000462  -0.000149
 -0.000011   0.000003  -0.000010
 -0.000750   0.000718  -0.000179
  0.000056  -0.000137   0.000080
  0.000068   0.000073   0.000196
 -0.000013   0.000072   0.000069
 -0.000072   0.000007  -0.000040
  0.000014   0.000007   0.000009
 -0.000052   0.000201  -0.000104
 -0.000035  -0.000011  -0.000100
 -0.000049   0.000040   0.000067
 -0.000010   0.000010  -0.000031
  0.000019   0.000185  -0.000058
 -0.000209   0.000140  -0.000834
  0.000045   0.000016   0.000034
  0.000244   0.000052   0.000041
 -0.000269   0.000164  -0.000031
 -0.000039   0.000001   0.000008
  0.000043   0.000027   0.000012
  0.000065  -0.000105   0.000252
 -0.000339   0.000688   0.003420
 -0.000046   0.000027   0.000008
 -0.000160   0.000324  -0.000036
  0.000002   0.000036   0.000020
  0.000102   0.000157  -0.000099
 -0.000073  -0.000164   0.000045
 -0.000005   0.000012  -0.000001
  0.000005  -0.000002   0.000002
 -0.000001  -0.000016   0.000004
 -0.000141  -0.000379   0.000081
 -0.001476   0.000864  -0.003185
 -0.000010   0.000002   0.000001
  0.000016  -0.000043  -0.000006
 -0.000044  -0.000051  -0.000006
 -0.000010   0.000005   0.000001
  0.000021   0.000051  -0.000073
 -0.214379  -0.279051  -0.077346
 -0.000026  -0.000014  -0.000002
 -0.000206  -0.000527   0.000355
 -0.000006   0.000015  -0.000003
 -0.000162   0.000504  -0.000521
 -0.000002   0.000005   0.000001
  0.000115  -0.000158   0.000034
  0.000045   0.000054   0.000019
 -0.000024   0.000032   0.000038
  0.000027   0.000066  -0.000143
 -0.000035   0.000012  -0.000004
  0.000273   0.000060   0.000031
 -0.000044   0.000025   0.000002
  0.000001   0.000013  -0.000001
 -0.000031   0.000012  -0.000007
 -0.000030   0.000011   0.000020
 -0.000012   0.000004  -0.000003
 -0.000007   0.000011   0.000001
 -0.000005   0.000003   0.000032
 -0.000087  -0.000078  -0.000042
  0.000001  -0.000026  -0.000006
 -0.000052  -0.000077   0.000009
  0.000012  -0.000020   0.000057
 -0.000013  -0.000033   0.000005
  0.000080  -0.000037  -0.000034
 -0.000006  -0.000012   0.000028
  0.000046  -0.000089  -0.000016
 -0.000016  -0.000031  -0.000003
  0.000008  -0.000032   0.000004
 -0.000014  -0.000023   0.000035
 -0.000506   0.000093   0.000352
  0.000019  -0.000028   0.000005
  0.000138   0.000949   0.000683
  0.000019  -0.000065   0.000021
  0.000023  -0.000046  -0.000024
 -0.000179  -0.000103   0.000029
 -0.000002  -0.000088   0.000064
  0.000447  -0.000140   0.000451
 -0.000016  -0.000115  -0.000016
 -0.000004  -0.000280   0.000320
 -0.000007  -0.000102  -0.000239
 -0.000006   0.000088   0.000054
 -0.000009   0.000104  -0.000018
 -0.000050   0.000406   0.000154
   65    3  0.0000 -0.0000  0.0150
  0.000021  -0.000017  -0.000004
  0.000028   0.000013   0.000020
 -0.000177   0.000146  -0.000387
  0.000037   0.000005   0.000166
  0.001051   0.000406  -0.000553
 -0.000001  -0.000051   0.000030
 -0.014046  -0.014600  -0.007801
  0.000079  -0.000068   0.000021
 -0.004828  -0.000341   0.002692
 -0.000172  -0.000074  -0.000005
 -0.000132  -0.000240   0.000135
  0.000025   0.000082   0.000153
 -0.004669   0.007729  -0.002447
  0.000003   0.000007  -0.000007
 -0.000301  -0.000353   0.000057
 -0.000176  -0.001621   0.001304
  0.019941   0.021864   0.001200
  0.000012  -0.000005  -0.000008
 -0.000124  -0.000127   0.000174
  0.000007   0.000059  -0.000071
 -0.000001  -0.000004  -0.000002
  0.000003  -0.000029  -0.000055
  0.001447  -0.002119   0.001688
 -0.000028   0.000162  -0.000081
  0.043482   0.063185   0.074877
 -0.000022   0.000036  -0.000031
 -0.005755   0.004126  -0.002675
 -0.000019   0.000006  -0.000001
 -0.000176  -0.000357   0.001327
 -0.000002  -0.000009   0.000006
 -0.000161   0.000048  -0.000340
 -0.000019   0.000009  -0.000020
  0.000071   0.000032   0.000123
  0.000001  -0.000129   0.000118
 -0.000031   0.000009  -0.000036
 -0.000003  -0.000006   0.000004
  0.000013   0.000125  -0.000138
  0.000023   0.000022  -0.000024
  0.000009   0.000010   0.000029
 -0.000017  -0.000008  -0.000006
  0.000051  -0.000010  -0.000012
  0.000088  -0.000119  -0.000074
  0.000130  -0.000039  -0.000119
  0.000159   0.000636  -0.000821
  0.000762  -0.000336  -0.000662
  0.000049   0.000026  -0.000016
  0.000310   0.000031   0.000141
 -0.000177   0.000124  -0.000367
  0.002640   0.001913   0.003631
  0.000057  -0.000016   0.000003
  0.000430   0.000437  -0.000216
  0.000006   0.000013   0.000000
  0.000068   0.000073  -0.000016
 -0.000006   0.000474   0.000003
  0.000002  -0.000008  -0.000002
  0.000007  -0.000013  -0.000001
 -0.000014  -0.000005   0.000018
  0.000189   0.000005  -0.000377
  0.001994  -0.003362   0.002630
 -0.000004   0.000001  -0.000002
  0.000000   0.000050   0.000054
 -0.000098  -0.000015  -0.000040
 -0.000003  -0.000006   0.000004
  0.000024  -0.000033  -0.000000
 -0.041751  -0.077317  -0.074051
  0.000002   0.000003   0.000008
 -0.000893  -0.000538  -0.000696
  0.000004  -0.000021   0.000014
  0.000418  -0.000607   0.000671
 -0.000001  -0.000006  -0.000002
  0.000191   0.000144   0.000043
  0.000027   0.000044  -0.000013
  0.000004  -0.000008  -0.000012
 -0.000004  -0.000016   0.000047
 -0.000000  -0.000009   0.000000
  0.000143   0.000045   0.000071
 -0.000009  -0.000001  -0.000011
 -0.000001  -0.000009   0.000001
  0.000017  -0.000025   0.000004
 -0.000002   0.000019  -0.000002
 -0.000003  -0.000006   0.000001
 -0.000002  -0.000003  -0.000003
 -0.000010   0.000028   0.000010
 -0.000023   0.000017   0.000031
 -0.000015   0.000017  -0.000010
  0.000009   0.000011  -0.000001
  0.000005   0.000020   0.000004
  0.000000  -0.000002   0.000009
  0.000006  -0.000040   0.000013
  0.000003   0.000016   0.000005
 -0.000014  -0.000013   0.000024
  0.000011   0.000017  -0.000006
 -0.000009   0.000006   0.000017
 -0.000003   0.000002  -0.000005
 -0.000211   0.000074  -0.000014
 -0.000001   0.000017  -0.000006
  0.000260   0.000485   0.000762
 -0.000008   0.000029  -0.000012
 -0.000006   0.000015   0.000007
 -0.000024  -0.000039  -0.000079
 -0.000013   0.000007   0.000014
 -0.000120   0.000075   0.000125
 -0.000013   0.000029   0.000016
 -0.000013   0.000040  -0.000001
 -0.000017  -0.000183  -0.000114
 -0.000034  -0.000056   0.000016
  0.000006  -0.000041   0.000002
  0.000039   0.000036  -0.000068
   67    1  0.0150  0.0000  0.0000
 -0.000011   0.000006   0.000000
  0.000009   0.000028   0.000039
 -0.000145  -0.000086  -0.000285
  0.000003  -0.000015   0.000020
  0.000393   0.000673   0.000369
  0.000017  -0.000032   0.000026
  0.020017  -0.002708  -0.013387
 -0.000009  -0.000017   0.000026
  0.000377   0.000665  -0.000165
 -0.000086  -0.000035  -0.000010
  0.000006  -0.000004  -0.000013
 -0.000026  -0.000003  -0.000022
 -0.003446   0.001012  -0.002740
 -0.000008   0.000010  -0.000004
 -0.000216   0.003337   0.000348
  0.000042  -0.000132   0.000055
 -0.000368   0.000002   0.000902
 -0.000005  -0.000003   0.000009
  0.000004  -0.000077   0.000083
 -0.000011   0.000092   0.000063
 -0.000008   0.000004   0.000005
  0.000076   0.000036  -0.000016
  0.000100  -0.002326   0.000768
 -0.000016  -0.000022   0.000002
  0.000235   0.006303   0.000246
 -0.000012   0.000017  -0.000003
  0.401873   0.013548  -0.162882
  0.000002   0.000000   0.000002
  0.002598   0.001586  -0.002722
 -0.000005  -0.000004   0.000005
 -0.000022  -0.000013   0.000019
 -0.000006  -0.000020   0.000016
  0.000007  -0.000017   0.000006
  0.000015   0.000131   0.000101
 -0.000210   0.000262  -0.000119
 -0.000011  -0.000005  -0.000013
 -0.000003  -0.000006  -0.000017
  0.000027  -0.000064  -0.000039
 -0.000207  -0.000028   0.000208
 -0.000005  -0.000017   0.000026
 -0.000004   0.000010  -0.000008
 -0.000215   0.000168  -0.001861
 -0.000075  -0.000517  -0.000137
 -0.000011   0.000029  -0.000045
  0.000008  -0.000031   0.000202
 -0.000002   0.000013  -0.000012
  0.001292  -0.005035  -0.001375
 -0.000031   0.000005  -0.000002
 -0.000283  -0.000080   0.000120
  0.000024   0.000007   0.000007
 -0.000095  -0.000260   0.000104
  0.000005   0.000025   0.000013
 -0.000236  -0.002485  -0.001865
 -0.000036   0.000038   0.000029
 -0.000006   0.000004   0.000004
 -0.000006   0.000010   0.000004
 -0.000007   0.000006   0.000003
 -0.000007  -0.000052   0.000006
  0.000245  -0.000369   0.000326
 -0.000006   0.000002   0.000002
  0.000003   0.000002   0.000009
 -0.000025  -0.000077   0.000021
 -0.000007   0.000001   0.000003
  0.000013   0.000007   0.000007
  0.000867  -0.000198  -0.000959
 -0.000016   0.000004   0.000011
 -0.421847  -0.011128   0.181070
 -0.000005  -0.000005   0.000006
 -0.000256  -0.001512   0.001804
 -0.000005  -0.000003   0.000003
  0.000037   0.000011  -0.000008
 -0.000010  -0.000005   0.000000
 -0.000008  -0.000000   0.000007
  0.000025   0.000048  -0.000109
 -0.000011  -0.000000   0.000004
  0.000047   0.000018   0.000008
 -0.000167  -0.000038   0.000159
 -0.000005  -0.000006   0.000004
 -0.000005  -0.000005   0.000010
 -0.000037  -0.000003   0.000127
 -0.000003   0.000010   0.000006
 -0.000012  -0.000011   0.000004
 -0.000001  -0.000014  -0.000003
 -0.000056  -0.000039  -0.000033
 -0.000006   0.000003   0.000006
 -0.000076  -0.000094   0.000014
  0.000367  -0.000160  -0.000299
  0.000006   0.000021   0.000012
  0.000018   0.000015   0.000237
 -0.000002   0.000012  -0.000015
  0.000063   0.000046  -0.000225
 -0.000004   0.000003   0.000000
 -0.000002  -0.000004  -0.000002
 -0.000062  -0.000001   0.000011
  0.000063  -0.000237  -0.000069
 -0.000010   0.000007   0.000000
 -0.000290  -0.000226  -0.000284
 -0.000025   0.000029  -0.000008
  0.000002  -0.000003   0.000002
 -0.000080  -0.000095   0.000029
 -0.000003  -0.000006   0.000014
 -0.000571  -0.000142   0.001170
 -0.000003  -0.000009   0.000004
  0.000195  -0.000507   0.000582
  0.000144  -0.000036   0.000132
  0.000084  -0.000029  -0.000022
 -0.000018  -0.000002   0.000002
  0.000179   0.000792   0.000132
   67    2  0.0000  0.0150 -0.0000
 -0.000011   0.000030  -0.000009
  0.000039   0.000055   0.000069
 -0.000105   0.000246   0.000205
 -0.000025   0.000139   0.000077
 -0.001445  -0.001231  -0.000188
 -0.000127   0.000234  -0.000142
  0.026687  -0.004340  -0.013766
  0.000003   0.000021  -0.000014
  0.000744  -0.000926   0.000138
 -0.000193   0.000368  -0.000114
 -0.000009   0.000017   0.000010
  0.000027  -0.000044   0.000056
  0.001527   0.000248   0.008198
 -0.000010  -0.000038   0.000039
  0.003974   0.004328   0.005540
 -0.000064   0.000001   0.000091
 -0.000064   0.001599   0.000078
 -0.000015   0.000003  -0.000003
 -0.000027   0.000009  -0.000052
 -0.000004  -0.000041  -0.000193
 -0.000023   0.000020   0.000001
 -0.000016  -0.000042  -0.000073
 -0.001457  -0.000066  -0.003674
  0.000004   0.000025  -0.000021
  0.005849   0.001589   0.005443
 -0.000036   0.000024  -0.000006
  0.010212   0.066999   0.009605
 -0.000000  -0.000025   0.000017
 -0.029170  -0.004085   0.015430
  0.000009   0.000011  -0.000016
  0.000029   0.000058   0.000117
 -0.000002   0.000022   0.000061
  0.000012  -0.000065   0.000042
  0.000052   0.000053   0.000044
 -0.000434   0.000413  -0.000628
  0.000047   0.000036   0.000051
  0.000046   0.000028  -0.000003
  0.000039   0.000021   0.000038
 -0.000426   0.000433   0.000410
  0.000018   0.000074  -0.000084
  0.000031   0.000323  -0.000065
  0.000040  -0.000756  -0.000353
 -0.000353  -0.000758  -0.000752
  0.000013   0.000016  -0.000031
 -0.000165   0.000072  -0.000145
  0.000015  -0.000094   0.000105
 -0.003543   0.003585  -0.000425
  0.000003  -0.000006  -0.000013
 -0.000436   0.000056  -0.000043
  0.000104  -0.000069   0.000019
 -0.000083   0.000238  -0.000050
 -0.000002  -0.000148  -0.000020
 -0.000779   0.000193   0.000823
  0.000018  -0.000023  -0.000025
 -0.000001   0.000015   0.000002
  0.000015   0.000003   0.000017
  0.000011   0.000030   0.000006
 -0.000120  -0.000038   0.000008
 -0.000395   0.000375  -0.000655
  0.000001   0.000025   0.000004
  0.000009   0.000012   0.000014
 -0.000213   0.000124  -0.000028
 -0.000003   0.000016  -0.000002
  0.000010  -0.000003  -0.000035
  0.001597  -0.000514  -0.000540
 -0.000003   0.000027   0.000020
 -0.011178  -0.070594  -0.022342
  0.000001   0.000016   0.000005
 -0.001095   0.001160  -0.003403
 -0.000002   0.000023   0.000006
  0.000128  -0.000135  -0.000006
 -0.000005   0.000014   0.000028
 -0.000022   0.000063   0.000055
  0.000008  -0.000084   0.000070
 -0.000014   0.000033  -0.000001
  0.000233   0.000012   0.000023
  0.000121   0.000039  -0.000204
  0.000009   0.000040  -0.000005
 -0.000011   0.000017  -0.000005
 -0.000069  -0.000187  -0.000045
  0.000011  -0.000008   0.000008
  0.000010   0.000053  -0.000002
  0.000009   0.000006   0.000033
  0.000022  -0.000011   0.000063
  0.000014  -0.000053   0.000005
 -0.000036   0.000071  -0.000005
  0.000063  -0.000078   0.000218
 -0.000043  -0.000092  -0.000021
  0.000416  -0.000011  -0.000195
 -0.000015  -0.000065   0.000064
  0.000052  -0.000539   0.000298
 -0.000029  -0.000063   0.000021
  0.000015  -0.000018   0.000002
  0.000032  -0.000036   0.000018
 -0.000506   0.000731   0.000416
  0.000040  -0.000076   0.000022
  0.000379   0.000192   0.000211
  0.000107  -0.000209   0.000090
  0.000005  -0.000082  -0.000021
 -0.000266   0.000089  -0.000119
 -0.000008  -0.000126   0.000063
 -0.000087   0.000445   0.000287
 -0.000024  -0.000187  -0.000033
 -0.000205   0.000340   0.000021
 -0.000338   0.000073  -0.000314
 -0.000245   0.000275   0.000112
  0.000042   0.000203  -0.000014
  0.001059  -0.000148  -0.000012
   67    3  0.0000 -0.0000  0.0150
  0.000030  -0.000009  -0.000008
  0.000031   0.000022   0.000038
 -0.000178  -0.000198  -0.000510
  0.000029  -0.000094   0.000041
 -0.001180  -0.000732  -0.000460
  0.000002  -0.000024   0.000016
  0.010319  -0.000047  -0.008456
 -0.000002  -0.000014   0.000024
  0.000287   0.000782   0.000015
 -0.000011  -0.000076  -0.000020
  0.000051   0.000023   0.000062
 -0.000016   0.000078  -0.000156
 -0.002381   0.008381  -0.002174
  0.000003   0.000012  -0.000008
  0.000502   0.005181  -0.001624
  0.000035  -0.000114   0.000040
  0.001185   0.000240   0.001223
  0.000003  -0.000000   0.000005
  0.000030  -0.000126   0.000146
 -0.000034   0.000053  -0.000023
 -0.000001  -0.000000   0.000002
  0.000038  -0.000023  -0.000044
  0.001421  -0.002830   0.002331
 -0.000002   0.000001  -0.000015
 -0.000117   0.005147  -0.004917
 -0.000008   0.000016  -0.000009
 -0.163942   0.008858   0.138103
  0.000014   0.000004  -0.000004
 -0.028041   0.000065   0.008004
  0.000004   0.000000   0.000002
 -0.000059  -0.000143  -0.000127
 -0.000013  -0.000003  -0.000083
  0.000004  -0.000020  -0.000002
 -0.000061   0.000115   0.000097
 -0.000226  -0.000292  -0.000359
  0.000010   0.000010   0.000005
 -0.000013  -0.000017  -0.000041
  0.000038  -0.000476   0.000180
 -0.000085   0.000161   0.000194
 -0.000013   0.000006  -0.000011
  0.000008   0.000038  -0.000018
 -0.000507   0.000219   0.000480
  0.000115  -0.000679  -0.000007
  0.000029   0.000062  -0.000038
  0.000032  -0.000021   0.000214
 -0.000002   0.000022  -0.000006
 -0.000540   0.002038   0.001280
  0.000000   0.000019  -0.000016
 -0.000119  -0.000090   0.000029
 -0.000012   0.000018   0.000001
 -0.000091  -0.000191   0.000015
  0.000006   0.000039   0.000012
 -0.000969   0.000141   0.004419
 -0.000005   0.000046   0.000016
  0.000007  -0.000002  -0.000002
  0.000019  -0.000008   0.000004
  0.000008   0.000001   0.000010
 -0.000013   0.000033  -0.000021
  0.000310  -0.000645   0.000768
  0.000001   0.000003   0.000000
  0.000012   0.000010   0.000008
  0.000054  -0.000110  -0.000062
  0.000002  -0.000002   0.000004
  0.000036   0.000002  -0.000045
  0.000510   0.000345  -0.000689
 -0.000008   0.000009   0.000015
  0.180741  -0.022391  -0.141423
  0.000007  -0.000004   0.000002
  0.001934  -0.003274   0.002300
  0.000004  -0.000000  -0.000001
 -0.000057   0.000034   0.000080
 -0.000001  -0.000016  -0.000009
  0.000007  -0.000001  -0.000002
  0.000068   0.000045   0.000190
  0.000003  -0.000002   0.000001
  0.000357   0.000022   0.000073
 -0.000065  -0.000151   0.000108
  0.000007   0.000001   0.000001
  0.000005  -0.000013   0.000012
  0.000330   0.000195   0.000217
 -0.000003   0.000021   0.000013
  0.000005   0.000004  -0.000006
 -0.000010   0.000033   0.000016
 -0.000033  -0.000006   0.000017
 -0.000012   0.000015  -0.000008
  0.000011   0.000023   0.000028
  0.000171   0.000062  -0.000023
  0.000003  -0.000001   0.000010
 -0.000011  -0.000169   0.000104
  0.000004   0.000017   0.000008
 -0.000005  -0.000229   0.000146
  0.000022   0.000019  -0.000007
 -0.000007   0.000002   0.000023
 -0.000011  -0.000000   0.000002
 -0.000546   0.000444   0.000815
  0.000007   0.000014  -0.000007
  0.000067   0.000289   0.000067
 -0.000005   0.000022  -0.000012
  0.000001   0.000015   0.000011
 -0.000222  -0.000081  -0.000113
  0.000006   0.000013   0.000008
  0.000278  -0.000014   0.000042
  0.000008   0.000019   0.000006
  0.000138  -0.000128  -0.000095
 -0.000019  -0.000182  -0.000114
 -0.000030  -0.000018   0.000037
  0.000004  -0.000021  -0.000001
  0.000310   0.000184  -0.000364
   69    1  0.0150  0.0000  0.0000
  0.000053  -0.000022  -0.000029
  0.000161   0.000135   0.000061
 -0.000003   0.000040  -0.000138
  0.000013  -0.000038   0.000006
  0.003583   0.002298   0.003801
  0.000031  -0.000100   0.000058
 -0.002177  -0.000325  -0.004036
 -0.000005  -0.000020   0.000018
  0.000230  -0.000077   0.000210
 -0.000022  -0.000089  -0.000001
 -0.000004  -0.000021  -0.000003
 -0.000007  -0.000007  -0.000010
  0.022442   0.027760   0.010131
 -0.000003   0.000015  -0.000016
 -0.000125   0.000004   0.000058
  0.000010  -0.000120   0.000019
  0.004712  -0.000388  -0.006564
  0.000004  -0.000005   0.000003
 -0.000027  -0.000035   0.000038
 -0.000002   0.000007  -0.000026
  0.000001  -0.000003  -0.000006
  0.000134   0.000026  -0.000109
 -0.000446  -0.000662  -0.000336
 -0.000011  -0.000026  -0.000002
  0.000250  -0.001195  -0.000285
  0.000000   0.000003  -0.000004
 -0.011547  -0.009085  -0.005049
 -0.000001   0.000005  -0.000004
  0.266678   0.192489   0.063663
 -0.000010  -0.000005   0.000003
  0.000005   0.000012   0.000007
 -0.000002  -0.000016   0.000002
 -0.000000   0.000016   0.000001
 -0.000007   0.000057   0.000037
 -0.000027  -0.000420   0.000076
 -0.000018  -0.000011   0.000012
 -0.000008  -0.000001  -0.000010
  0.000034  -0.000073   0.000046
 -0.000870   0.001244  -0.000172
 -0.000024  -0.000003  -0.000024
 -0.000006  -0.000092   0.000023
 -0.000024  -0.000151  -0.000062
 -0.000004   0.000012  -0.000002
  0.000009   0.000040  -0.000031
 -0.000031  -0.000006  -0.000120
  0.000001   0.000015  -0.000025
  0.000040  -0.000012  -0.000005
 -0.000010   0.000008  -0.000006
 -0.000047  -0.000013   0.000004
 -0.000001   0.000008   0.000001
 -0.000000   0.000041  -0.000041
  0.000005   0.000043   0.000010
 -0.000008   0.000099   0.000051
 -0.000022   0.000044   0.000023
  0.000006  -0.000003   0.000000
  0.000019  -0.000005  -0.000002
 -0.000000  -0.000009  -0.000000
 -0.000011  -0.000016  -0.000005
  0.001021   0.001631   0.000515
 -0.000003  -0.000007  -0.000002
  0.000004  -0.000004   0.000001
 -0.000013  -0.000020  -0.000004
 -0.000005  -0.000008   0.000005
  0.000033   0.000010  -0.000030
  0.000103  -0.000172   0.000429
 -0.000008  -0.000006  -0.000000
 -0.000274  -0.001068   0.001922
 -0.000003  -0.000009   0.000000
 -0.280756  -0.212091  -0.063610
 -0.000004  -0.000008  -0.000002
  0.000011  -0.000018  -0.000001
 -0.000004  -0.000012  -0.000003
  0.000007  -0.000015  -0.000015
  0.000205  -0.000034   0.000096
  0.000010  -0.000015   0.000000
  0.000493   0.000189   0.000154
 -0.000084  -0.000030   0.000063
 -0.000007  -0.000005   0.000003
  0.000006  -0.000010   0.000001
  0.000032  -0.000055   0.000015
  0.000197   0.000502  -0.000046
 -0.000003   0.000010   0.000007
 -0.000049   0.000118   0.000039
 -0.000170  -0.000033  -0.000096
 -0.000070   0.000041  -0.000023
 -0.000133  -0.000127   0.000042
  0.000220   0.000185   0.001268
  0.000006  -0.000008   0.000036
  0.000523   0.000855  -0.000817
  0.000031   0.000046   0.000023
  0.000918   0.000156  -0.001000
  0.000073   0.000030  -0.000007
 -0.000021   0.000009   0.000045
 -0.000056   0.000085   0.000139
 -0.001668  -0.000397  -0.000347
 -0.000008   0.000031  -0.000013
 -0.003110  -0.000347   0.000960
 -0.000027   0.000081  -0.000047
 -0.000009   0.000015   0.000008
 -0.000398  -0.000135  -0.000079
 -0.000004   0.000034  -0.000015
 -0.000016   0.000047   0.000038
 -0.000001   0.000039   0.000005
 -0.000126   0.000098  -0.000056
 -0.000164  -0.000726  -0.000634
  0.000040  -0.000381   0.000088
  0.000012  -0.000062  -0.000008
  0.000337   0.000226  -0.000287
   69    2  0.0000  0.0150 -0.0000
 -0.000025   0.000003   0.000023
 -0.000067  -0.000082  -0.000005
  0.000035  -0.000016   0.000274
 -0.000053   0.000039   0.000005
 -0.001219   0.001868  -0.002628
 -0.000160   0.000189  -0.000111
 -0.000432  -0.001693   0.007477
  0.000003   0.000028  -0.000042
 -0.000321   0.000329  -0.000336
  0.000020   0.000211   0.000009
  0.000006   0.000037  -0.000017
 -0.000014  -0.000010   0.000045
 -0.000672  -0.005194   0.000505
  0.000002  -0.000050   0.000039
  0.000476   0.000435  -0.000377
 -0.000056   0.000191   0.000007
  0.000539  -0.003942   0.003787
 -0.000012   0.000001  -0.000007
  0.000031   0.000079  -0.000104
  0.000035  -0.000055   0.000074
 -0.000007   0.000008  -0.000015
 -0.000070  -0.000045   0.000003
  0.000847   0.000485   0.000067
  0.000012   0.000035   0.000007
 -0.001038   0.000482  -0.000600
 -0.000011  -0.000015   0.000007
  0.020554   0.013935   0.006829
 -0.000014  -0.000026   0.000013
  0.194667   0.249297   0.076640
 -0.000003   0.000010  -0.000014
  0.000013  -0.000011   0.000003
 -0.000006  -0.000020   0.000023
 -0.000005  -0.000053  -0.000011
  0.000012  -0.000091  -0.000055
  0.000878  -0.000313   0.000992
  0.000067   0.000040   0.000029
  0.000020   0.000005   0.000052
 -0.000011   0.000288  -0.000172
  0.001495   0.000398  -0.000875
  0.000070   0.000071  -0.000032
  0.000012   0.000188  -0.000033
 -0.000057   0.000095  -0.000209
 -0.000082  -0.000070   0.000044
 -0.000028  -0.000089   0.000035
  0.000070   0.000001   0.000258
 -0.000013  -0.000058   0.000045
 -0.000132  -0.000001   0.000061
 -0.000001  -0.000041   0.000009
  0.000099  -0.000032   0.000030
  0.000014  -0.000043  -0.000005
  0.000066  -0.000160   0.000127
 -0.000022  -0.000118  -0.000032
 -0.000143  -0.000320   0.000109
  0.000028  -0.000100  -0.000049
  0.000000  -0.000008   0.000002
 -0.000003  -0.000014   0.000004
 -0.000003   0.000014  -0.000004
 -0.000004  -0.000013   0.000012
 -0.000230  -0.000495   0.000258
  0.000002   0.000006   0.000001
 -0.000008  -0.000001   0.000002
  0.000003   0.000025   0.000006
 -0.000001   0.000005  -0.000003
 -0.000015  -0.000021   0.000007
 -0.000240   0.000498  -0.000596
  0.000012   0.000005   0.000001
 -0.001495   0.001171  -0.003268
 -0.000003   0.000016  -0.000000
 -0.212040  -0.261136  -0.089506
 -0.000003   0.000017   0.000008
 -0.000001   0.000011   0.000005
  0.000007   0.000007   0.000012
 -0.000013   0.000034   0.000034
 -0.000290  -0.000176   0.000022
 -0.000016   0.000012  -0.000005
 -0.000244  -0.000047  -0.000086
  0.000033  -0.000200  -0.000082
  0.000004   0.000030  -0.000010
 -0.000016   0.000014  -0.000007
 -0.000263   0.000004   0.000081
  0.000468   0.000568  -0.000028
  0.000009   0.000019  -0.000006
  0.000040  -0.000043  -0.000004
  0.000170   0.000033   0.000058
  0.000044  -0.000056   0.000002
  0.000088   0.000152  -0.000005
 -0.000527   0.000243   0.001076
 -0.000039  -0.000119  -0.000106
 -0.000342   0.001614  -0.001398
 -0.000009  -0.000164   0.000069
  0.000409   0.000855  -0.001216
 -0.000120  -0.000081   0.000021
  0.000030  -0.000004  -0.000022
  0.000097  -0.000014  -0.000080
  0.000611  -0.000272   0.000339
  0.000071  -0.000051   0.000014
 -0.001376   0.001516   0.001877
  0.000138  -0.000214   0.000103
  0.000001  -0.000056  -0.000031
  0.000279   0.000194  -0.000064
 -0.000010  -0.000101   0.000043
  0.000010   0.000096   0.000140
 -0.000028  -0.000141  -0.000024
  0.000219   0.000053   0.000158
 -0.000388   0.000211   0.000117
 -0.000434   0.000381  -0.000008
  0.000084   0.000160  -0.000002
 -0.000062  -0.000637   0.000188
   69    3  0.0000 -0.0000  0.0150
 -0.000081   0.000001   0.000063
 -0.000018  -0.000087  -0.000177
 -0.000085   0.000173   0.000281
 -0.000003   0.000011  -0.000020
  0.000249  -0.003261   0.002588
  0.000139  -0.000101   0.000062
 -0.004043   0.007359  -0.001872
 -0.000001   0.000001   0.000002
 -0.000411   0.000173  -0.000258
  0.000026  -0.000046   0.000007
 -0.000005  -0.000044  -0.000015
  0.000005  -0.000009   0.000010
 -0.012567  -0.013035  -0.010572
 -0.000008   0.000017  -0.000018
  0.000465  -0.000194   0.000074
 -0.000018  -0.000001  -0.000025
 -0.006030   0.003550  -0.002932
  0.000009  -0.000000  -0.000001
 -0.000055   0.000082  -0.000067
 -0.000013  -0.000011  -0.000009
  0.000034  -0.000021   0.000004
 -0.000000   0.000084   0.000141
  0.000947   0.000739   0.000078
 -0.000006  -0.000003   0.000007
 -0.000549  -0.000439   0.001675
  0.000006   0.000002   0.000000
  0.019996   0.019959   0.001331
 -0.000007   0.000008  -0.000000
  0.063584   0.077870   0.087465
 -0.000005  -0.000003   0.000004
  0.000008   0.000073  -0.000009
 -0.000002   0.000013   0.000009
 -0.000003   0.000069  -0.000004
 -0.000018  -0.000011  -0.000038
  0.000250  -0.000085   0.001177
 -0.000077  -0.000030  -0.000066
  0.000031   0.000022   0.000004
 -0.000028   0.000011   0.000020
 -0.000625  -0.001469  -0.001212
  0.000113  -0.000030   0.000156
 -0.000024  -0.000172   0.000047
  0.000078  -0.000236   0.000584
 -0.000081   0.000081   0.000042
 -0.000017  -0.000012   0.000011
  0.000054   0.000015   0.000226
 -0.000001   0.000012  -0.000010
 -0.000091  -0.000109  -0.000161
 -0.000003  -0.000001   0.000012
  0.000135  -0.000018  -0.000015
 -0.000006   0.000010   0.000003
  0.000033   0.000002   0.000034
  0.000000   0.000028   0.000005
 -0.000037   0.000083   0.000013
 -0.000010   0.000003   0.000008
 -0.000007  -0.000009   0.000007
 -0.000033   0.000022  -0.000021
 -0.000001  -0.000007  -0.000004
 -0.000002   0.000014   0.000001
 -0.000850  -0.000639  -0.000656
  0.000000  -0.000009  -0.000001
 -0.000016  -0.000013  -0.000002
  0.000005   0.000009   0.000007
  0.000006  -0.000005  -0.000007
 -0.000070   0.000011   0.000105
  0.000430  -0.000547   0.000671
  0.000001  -0.000005  -0.000003
  0.001832  -0.003382   0.002296
 -0.000006  -0.000008  -0.000000
 -0.063563  -0.089507  -0.081248
 -0.000004  -0.000011   0.000004
  0.000001   0.000012   0.000004
 -0.000006  -0.000001  -0.000003
 -0.000000  -0.000033  -0.000020
  0.000140   0.000011  -0.000089
  0.000009  -0.000010   0.000005
 -0.000595  -0.000137  -0.000111
  0.000157   0.000138   0.000342
 -0.000011  -0.000034  -0.000001
  0.000013   0.000002  -0.000006
  0.000012   0.000011  -0.000082
  0.000117   0.000162  -0.000106
 -0.000018  -0.000062   0.000032
  0.000066  -0.000175  -0.000099
  0.000004   0.000001  -0.000121
  0.000062  -0.000027   0.000039
  0.000029  -0.000119  -0.000004
 -0.000347  -0.000035   0.000042
  0.000024   0.000137  -0.000044
  0.000128   0.000016   0.000105
 -0.000027  -0.000050  -0.000118
 -0.000019   0.000519  -0.000012
 -0.000053  -0.000010   0.000035
  0.000001   0.000017  -0.000053
 -0.000080   0.000045  -0.000029
  0.001776   0.000263  -0.000918
 -0.000071   0.000022   0.000002
 -0.000311   0.001199   0.001058
 -0.000119   0.000157  -0.000052
  0.000002   0.000023  -0.000003
  0.000397   0.000011   0.000249
  0.000005   0.000047  -0.000028
  0.000060  -0.000103  -0.000453
  0.000016   0.000082   0.000014
 -0.000232   0.000191  -0.000272
  0.000379   0.000786   0.001153
  0.000391  -0.000263  -0.000332
 -0.000047  -0.000057   0.000025
 -0.000807   0.000329   0.000036
   71    1  0.0150  0.0000  0.0000
  0.000035  -0.000034   0.000012
  0.000001  -0.000020   0.000013
 -0.001534   0.007432   0.003744
  0.000041  -0.000165   0.000069
  0.000081  -0.000487  -0.000413
  0.000023  -0.000105   0.000065
 -0.000420  -0.000596   0.000965
 -0.000018  -0.000002   0.000008
  0.000476  -0.001161  -0.001857
  0.000562  -0.000238  -0.000148
 -0.004570   0.001752   0.002574
  0.000001   0.000081  -0.000027
  0.000103   0.000235   0.000198
  0.000006   0.000010  -0.000012
 -0.001658   0.001018  -0.000752
  0.000260   0.000387  -0.000127
  0.000042  -0.000384  -0.000528
 -0.000003  -0.000007   0.000005
 -0.007515   0.001180   0.003573
 -0.000078  -0.000011   0.000033
  0.000020  -0.000015  -0.000009
  0.000022  -0.000018   0.000000
  0.004273  -0.000010  -0.001428
 -0.000021  -0.000036   0.000047
  0.000352  -0.000290   0.000365
  0.000071  -0.000045   0.000007
 -0.000150  -0.000196  -0.000465
  0.000006  -0.000001  -0.000009
 -0.000076   0.000165   0.000205
 -0.000004  -0.000005   0.000004
  0.093089   0.104175   0.071559
  0.000015  -0.000033  -0.000068
 -0.009629   0.002056   0.001580
  0.000024  -0.000062   0.000048
 -0.000023  -0.000012   0.000012
 -0.000014  -0.000020  -0.000005
  0.001305  -0.000808  -0.000260
 -0.000053   0.000079   0.000029
  0.000002  -0.000006   0.000001
 -0.000021  -0.000026   0.000014
 -0.000335  -0.000163   0.000312
 -0.000004   0.000278   0.000138
  0.000231  -0.000247  -0.000074
 -0.000102  -0.000178   0.000110
 -0.000082   0.000529   0.000370
 -0.000063  -0.000011   0.000055
  0.000649  -0.000097   0.000184
 -0.000057  -0.000046  -0.000019
 -0.000421  -0.000036   0.000369
 -0.000307  -0.000053   0.000009
  0.000065   0.000072   0.000409
 -0.000064   0.000150   0.000053
  0.000453  -0.000007  -0.000110
  0.000000  -0.000086  -0.000029
  0.000006  -0.000016   0.000000
  0.000006  -0.000021  -0.000001
  0.005296  -0.001417  -0.001614
  0.000037   0.000018  -0.000004
  0.000026  -0.000015   0.000002
  0.000001  -0.000018   0.000002
 -0.000494   0.000642   0.000218
  0.000144   0.000007  -0.000087
  0.000004  -0.000016   0.000004
  0.000032  -0.000011  -0.000015
  0.000153   0.000104   0.000197
 -0.000008  -0.000059   0.000026
  0.000019   0.000123  -0.000045
 -0.000004  -0.000000  -0.000009
 -0.000018  -0.000034  -0.000060
  0.000000  -0.000016  -0.000001
 -0.081759  -0.113377  -0.079000
  0.000009  -0.000006  -0.000014
  0.000040  -0.000032  -0.000074
  0.000034   0.000043  -0.000055
  0.000005  -0.000023  -0.000002
  0.000160  -0.000020   0.000007
 -0.000018   0.000005   0.000016
 -0.000014  -0.000019   0.000007
  0.001188  -0.000219  -0.000285
  0.000047   0.000061  -0.000008
 -0.000001  -0.000012  -0.000009
  0.000000  -0.000014   0.000002
 -0.000015   0.000044   0.000001
 -0.000007   0.000015   0.000008
 -0.000018   0.000037  -0.000020
  0.000004   0.000021  -0.000001
  0.000008   0.000011   0.000008
  0.000011   0.000012   0.000007
  0.000023   0.000006  -0.000003
  0.000015   0.000037  -0.000003
 -0.000006   0.000005   0.000006
  0.000016   0.000032  -0.000013
 -0.000004   0.000016   0.000013
  0.000006   0.000006  -0.000005
 -0.000182   0.000130   0.000126
  0.000017   0.000033  -0.000007
  0.000063   0.000278   0.000171
 -0.000014   0.000069  -0.000031
  0.000006  -0.000012  -0.000002
 -0.000101  -0.000010  -0.000001
 -0.000066   0.000194  -0.000130
 -0.000030  -0.000094  -0.000080
  0.000332   0.000206  -0.000098
  0.000026  -0.000127   0.000019
 -0.000023  -0.000210  -0.000067
 -0.000019  -0.000136   0.000005
  0.000016  -0.000133   0.000054
  0.000058   0.000030   0.000042
   71    2  0.0000  0.0150 -0.0000
 -0.000008   0.000003   0.000019
  0.000003   0.000006  -0.000013
 -0.001785  -0.006824  -0.003217
  0.000006   0.000059  -0.000009
 -0.000027   0.000254   0.000291
 -0.000008   0.000187  -0.000132
 -0.000320   0.001890  -0.002680
  0.000006   0.000012  -0.000011
 -0.000065  -0.001098  -0.000307
 -0.000983   0.000407   0.000262
  0.012566   0.025523   0.020928
  0.000002  -0.000013   0.000029
  0.000453   0.000188   0.000119
 -0.000015  -0.000046   0.000038
  0.000817  -0.001315   0.000037
 -0.000035   0.000182   0.000185
 -0.000157  -0.000628  -0.000630
  0.000034  -0.000018  -0.000010
  0.000889  -0.001718  -0.002051
  0.000037   0.000009  -0.000051
  0.000022  -0.000005  -0.000000
 -0.000022  -0.000001  -0.000005
 -0.001313   0.000364   0.000213
  0.000034  -0.000010  -0.000071
 -0.001864   0.002205  -0.000765
 -0.000071   0.000066  -0.000010
 -0.000094   0.000516  -0.000576
 -0.000007  -0.000024   0.000008
 -0.000241   0.000368   0.000328
  0.000009   0.000000  -0.000017
  0.105582   0.324669   0.165487
 -0.000019   0.000004  -0.000024
  0.001589   0.003571  -0.005263
 -0.000006   0.000061   0.000060
  0.000020  -0.000001  -0.000008
 -0.000016  -0.000008   0.000016
 -0.000602   0.000148  -0.001229
  0.000039  -0.000116  -0.000027
  0.000004   0.000004  -0.000003
  0.000002   0.000005   0.000009
  0.000423   0.000171   0.001987
  0.000027  -0.000335  -0.000120
 -0.000246   0.000472   0.000428
 -0.000011  -0.000015  -0.000015
 -0.000504   0.000533   0.001975
  0.000142   0.000006  -0.000110
  0.000003   0.000366  -0.000528
 -0.000034  -0.000019  -0.000059
 -0.000205   0.000099   0.000235
  0.000674  -0.000157  -0.000056
 -0.000046   0.000472  -0.000094
  0.000132  -0.000309  -0.000098
 -0.000112   0.000335  -0.000099
  0.000032  -0.000082  -0.000070
 -0.000000   0.000006   0.000001
 -0.000003   0.000008  -0.000001
 -0.001309  -0.001315   0.000514
 -0.000016  -0.000026   0.000003
  0.000005  -0.000034   0.000003
  0.000013   0.000025  -0.000001
  0.000138  -0.000421  -0.000501
 -0.000073  -0.000046   0.000056
  0.000028   0.000003  -0.000015
 -0.000023  -0.000006   0.000016
  0.000210  -0.000170   0.000151
 -0.000021   0.000070  -0.000054
  0.000010  -0.000156   0.000043
 -0.000010   0.000012   0.000009
 -0.000015   0.000003   0.000010
 -0.000006   0.000009  -0.000000
 -0.113525  -0.349304  -0.173902
 -0.000004   0.000005   0.000016
  0.000082  -0.000040  -0.000206
 -0.000024  -0.000053   0.000070
  0.000051   0.000020  -0.000002
 -0.000130  -0.000004  -0.000004
  0.000022  -0.000007  -0.000001
 -0.000038  -0.000007   0.000003
 -0.000214   0.000112   0.000156
  0.000019   0.000000  -0.000012
  0.000003   0.000007   0.000002
 -0.000004   0.000002  -0.000003
  0.000005  -0.000031   0.000001
  0.000013  -0.000015   0.000008
  0.000020  -0.000024  -0.000009
  0.000004  -0.000007  -0.000003
 -0.000008  -0.000020   0.000008
 -0.000020  -0.000024  -0.000020
 -0.000023  -0.000019   0.000006
 -0.000007  -0.000026   0.000000
 -0.000008  -0.000008   0.000006
 -0.000019  -0.000019  -0.000014
  0.000012  -0.000020  -0.000024
  0.000002  -0.000017   0.000011
  0.000139  -0.000116  -0.000148
 -0.000006  -0.000080   0.000037
 -0.000031  -0.000164  -0.000135
  0.000045  -0.000134   0.000072
 -0.000053  -0.000030   0.000078
  0.000084   0.000034  -0.000024
 -0.000043   0.000034  -0.000463
  0.000012   0.000124   0.000107
  0.000008   0.001103  -0.000193
 -0.000026   0.000170  -0.000030
  0.000001   0.000152   0.000033
 -0.000007   0.000141  -0.000015
  0.000023  -0.000015   0.000124
 -0.000015  -0.000094  -0.000054
   71    3  0.0000 -0.0000  0.0150
  0.000036  -0.000032   0.000000
 -0.000011  -0.000021   0.000008
  0.012861   0.033409   0.016586
 -0.000013   0.000035  -0.000023
  0.000096  -0.000472  -0.000523
  0.000026  -0.000148   0.000097
 -0.000170  -0.000591   0.000545
  0.000006   0.000031  -0.000040
 -0.000619   0.002549   0.003381
 -0.000261   0.000120   0.000043
 -0.006726  -0.018829  -0.015340
  0.000007  -0.000010   0.000053
 -0.000154   0.000259   0.000337
  0.000011   0.000022  -0.000030
  0.000969   0.000602   0.003193
 -0.000343  -0.000027  -0.000316
 -0.000008  -0.000044  -0.000068
  0.000022   0.000015  -0.000014
  0.003151  -0.003011   0.006983
 -0.000002  -0.000056  -0.000108
  0.000016  -0.000012  -0.000011
  0.000016  -0.000009   0.000010
 -0.001037   0.002124  -0.000673
  0.000025   0.000014   0.000019
  0.000658  -0.000015  -0.000568
  0.000028  -0.000044   0.000018
 -0.000431  -0.000509  -0.000391
 -0.000046   0.000013   0.000010
  0.000053  -0.000216  -0.000140
 -0.000016  -0.000014   0.000014
  0.072220   0.165442   0.185763
 -0.000003   0.000009   0.000019
  0.001646  -0.004681   0.000595
 -0.000001  -0.000063  -0.000045
 -0.000016  -0.000007   0.000018
 -0.000028  -0.000018  -0.000012
 -0.000366  -0.001026   0.000828
 -0.000005   0.000031   0.000011
 -0.000000  -0.000024  -0.000010
 -0.000028  -0.000030   0.000017
 -0.000304  -0.000725  -0.001055
  0.000006   0.000195   0.000185
  0.000147  -0.000759  -0.000880
  0.000005  -0.000047   0.000069
 -0.001085  -0.000777   0.000426
  0.000026  -0.000019  -0.000027
 -0.000664  -0.000047  -0.001198
  0.000214   0.000029   0.000198
  0.000426  -0.000202  -0.000572
  0.000259  -0.000092  -0.000037
  0.000011  -0.000731  -0.000379
  0.000036  -0.000088  -0.000037
 -0.000214  -0.000040  -0.000342
  0.000012   0.000044   0.000059
  0.000003  -0.000023  -0.000003
  0.000002  -0.000025  -0.000004
 -0.001504   0.000756  -0.000604
 -0.000007   0.000015  -0.000005
 -0.000024   0.000011   0.000020
  0.000014  -0.000038   0.000001
  0.000557   0.001726   0.000621
 -0.000086   0.000011   0.000028
 -0.000006  -0.000018   0.000005
  0.000023  -0.000003  -0.000021
 -0.000026   0.000033   0.000045
  0.000050  -0.000020  -0.000026
 -0.000003  -0.000017   0.000075
 -0.000019  -0.000034  -0.000014
  0.000005  -0.000002   0.000004
 -0.000012  -0.000016  -0.000006
 -0.078996  -0.173777  -0.197021
 -0.000023  -0.000013   0.000012
 -0.000002  -0.000055   0.000039
  0.000020   0.000031  -0.000070
 -0.000007  -0.000032  -0.000000
  0.000152  -0.000007   0.000003
 -0.000021   0.000000   0.000002
  0.000002  -0.000022  -0.000002
 -0.000288   0.000118  -0.000055
 -0.000005  -0.000026  -0.000016
 -0.000006  -0.000020  -0.000007
 -0.000002  -0.000020  -0.000001
 -0.000008   0.000043  -0.000001
 -0.000018   0.000026  -0.000007
 -0.000001   0.000030  -0.000014
 -0.000002   0.000016  -0.000000
  0.000008   0.000022  -0.000010
 -0.000001   0.000021   0.000008
  0.000018   0.000024  -0.000007
 -0.000000   0.000032  -0.000005
  0.000004   0.000018  -0.000009
  0.000003   0.000031  -0.000007
 -0.000003   0.000020   0.000014
 -0.000009   0.000019  -0.000013
 -0.000251   0.000148   0.000200
  0.000049   0.000066  -0.000036
  0.000091   0.000291   0.000208
 -0.000043   0.000132  -0.000069
  0.000030   0.000073  -0.000015
 -0.000111  -0.000028   0.000026
  0.000052   0.000200   0.000066
  0.000002  -0.000092  -0.000147
 -0.000047  -0.000436   0.000213
  0.000001  -0.000120  -0.000004
 -0.000006  -0.000232  -0.000055
  0.000001  -0.000194   0.000010
 -0.000003  -0.000174  -0.000036
  0.000011   0.000024   0.000045
   73    1  0.0150  0.0000  0.0000
  0.000981  -0.000472  -0.000140
 -0.000100  -0.000178  -0.000067
 -0.000107   0.000192   0.000031
 -0.000058   0.000004   0.000027
  0.000078  -0.000454  -0.000313
  0.003335   0.000531  -0.000799
  0.000029  -0.000060  -0.000115
  0.000017  -0.000073   0.000085
  0.000153  -0.000521   0.000035
 -0.000014   0.000610   0.000111
 -0.000062   0.000250  -0.000398
 -0.000005   0.000006   0.000037
 -0.000013   0.000098   0.000100
 -0.000279  -0.000112   0.000220
 -0.000350  -0.000282   0.000057
  0.000686  -0.000490  -0.000200
 -0.000039  -0.000027  -0.000036
  0.000187  -0.000056  -0.000190
  0.000294   0.000506   0.000298
 -0.000019   0.000027  -0.000023
  0.000077   0.000392  -0.000332
 -0.000087  -0.000088   0.000071
  0.000047  -0.000143   0.000032
 -0.000015   0.000067  -0.000044
 -0.000057   0.000042   0.000025
 -0.000352   0.000152   0.000054
 -0.000039   0.000054   0.000044
 -0.000001  -0.000054  -0.000019
  0.000048   0.000006  -0.000003
  0.000283  -0.000402   0.000033
  0.000124   0.000476  -0.000087
 -0.000017  -0.000020   0.000004
  0.000379   0.001876   0.001149
 -0.000011   0.000056   0.000040
 -0.000013   0.000003  -0.000042
  0.000182   0.000577  -0.001267
 -0.000024  -0.000754  -0.000924
  0.000009  -0.000014  -0.000019
 -0.000069   0.000044   0.000008
 -0.000263  -0.000501   0.000772
 -0.002711  -0.018274  -0.003945
  0.000013  -0.000381  -0.000042
  0.000027   0.000127   0.000064
 -0.000120   0.000108   0.000005
 -0.000064   0.000162   0.000167
 -0.000020  -0.000100   0.000088
  0.000079   0.000058   0.000075
 -0.000235   0.000043  -0.000021
 -0.000024   0.000097   0.000003
  0.000067  -0.000080  -0.000032
 -0.000074   0.000306  -0.000077
 -0.000055  -0.000308  -0.000086
  0.000140   0.000204  -0.000105
 -0.000196   0.000265   0.000186
  0.000288  -0.000365  -0.000001
 -0.000028  -0.000129   0.000016
 -0.000115  -0.000073   0.000013
  0.000001  -0.000023   0.000005
 -0.000001  -0.000032   0.000008
  0.000271   0.000490  -0.000237
  0.000025  -0.000029  -0.000023
 -0.000022  -0.000002   0.000004
  0.000552  -0.000083   0.001046
  0.000001  -0.000061  -0.000032
  0.000041  -0.000021   0.000008
 -0.000055  -0.000026  -0.000003
 -0.000008  -0.000025   0.000002
  0.000055  -0.000000   0.000056
  0.000001  -0.000017   0.000008
  0.000258   0.000274   0.000171
  0.000005   0.000001  -0.000105
  0.000038   0.000020   0.000025
 -0.191206   0.057460   0.154177
 -0.000071  -0.000096   0.000092
  0.023467  -0.014332  -0.042905
 -0.000037  -0.000091  -0.000000
 -0.000006  -0.000022   0.000003
  0.000718   0.000400  -0.000573
 -0.000418  -0.001665   0.001260
 -0.000029  -0.000013  -0.000008
 -0.000028   0.000014  -0.000016
 -0.000076   0.000544   0.000168
 -0.000497   0.000309   0.000076
  0.000041   0.000219   0.000047
 -0.001519   0.001025   0.004031
  0.000039   0.000113   0.000002
 -0.000020  -0.000020   0.000048
  0.000272   0.000455   0.000017
 -0.000036  -0.000041   0.000065
  0.000235  -0.000139   0.000535
 -0.000040   0.000096   0.000008
  0.000866  -0.000521   0.001785
 -0.001297   0.000224   0.000521
  0.000059   0.000207  -0.000072
 -0.000112   0.000227   0.000098
 -0.002144   0.000055   0.002743
 -0.000001   0.000325   0.000149
 -0.001847   0.000331  -0.000358
  0.162826  -0.052288  -0.129657
  0.000064   0.000167  -0.000049
  0.001361   0.004549   0.012918
  0.000017   0.000190   0.000079
  0.012411   0.016198   0.012681
  0.000003   0.000275  -0.000061
  0.000726  -0.000470   0.000054
  0.000968  -0.000336  -0.000208
 -0.007541   0.003597  -0.013129
 -0.000198  -0.000339   0.000020
   73    2  0.0000  0.0150 -0.0000
 -0.000404   0.000085   0.000247
  0.000029   0.000111   0.000037
 -0.000058  -0.000157  -0.000108
  0.000043   0.000011  -0.000068
 -0.000003   0.000849   0.000594
 -0.001948  -0.000812   0.001337
 -0.000061   0.000139   0.000250
  0.000063  -0.000002  -0.000073
 -0.000310   0.001046  -0.000069
  0.000595  -0.000575  -0.000077
 -0.000025  -0.000024   0.000113
 -0.000007   0.000000  -0.000073
  0.000028  -0.000231  -0.000207
  0.000197   0.000274  -0.000187
  0.000568   0.000712  -0.000147
 -0.000961   0.000175   0.000143
  0.000039   0.000033   0.000071
  0.000204   0.000301   0.000145
 -0.000131  -0.000360  -0.000836
  0.000015  -0.000041   0.000058
 -0.000089   0.000089   0.000006
  0.000025   0.000098   0.000023
 -0.000117   0.000214  -0.000075
 -0.000043  -0.000047   0.000113
  0.000053  -0.000086  -0.000036
  0.000196  -0.000117  -0.000031
  0.000096  -0.000105  -0.000088
 -0.000110   0.000143   0.000032
 -0.000061   0.000025   0.000041
 -0.000032  -0.000036   0.000063
 -0.000136  -0.000440   0.000090
  0.000022   0.000027   0.000010
  0.000519  -0.000388  -0.000099
  0.000000  -0.000123  -0.000083
 -0.000004   0.000114   0.000056
 -0.000047  -0.000192   0.000231
  0.001066   0.001722   0.001733
 -0.000038   0.000042   0.000040
 -0.000010   0.000066  -0.000017
  0.000519  -0.000170   0.001108
  0.001692   0.013030   0.013379
 -0.000062   0.000849   0.000107
 -0.000049  -0.000274  -0.000063
  0.000203  -0.000021  -0.000065
  0.000076  -0.000308  -0.000230
 -0.000056   0.000106  -0.000077
 -0.000159  -0.000144  -0.000019
  0.000362   0.000013   0.000070
  0.000058  -0.000209   0.000043
 -0.000379   0.000144   0.000025
  0.000137  -0.000606   0.000188
 -0.000037   0.000351   0.000062
 -0.000280  -0.000444   0.000290
  0.000290  -0.000153  -0.000173
 -0.000179   0.000033   0.000193
 -0.000057   0.000137  -0.000099
  0.000044  -0.000113  -0.000111
 -0.000014   0.000055   0.000009
 -0.000019   0.000061  -0.000014
  0.000083  -0.000568  -0.000270
 -0.000009   0.000035   0.000027
  0.000030   0.000021  -0.000011
 -0.000315  -0.000621  -0.000493
 -0.000019   0.000079   0.000038
 -0.000106   0.000041  -0.000003
  0.000072   0.000064   0.000010
  0.000006   0.000079   0.000005
 -0.000057  -0.000102  -0.000043
 -0.000008   0.000055  -0.000033
  0.000065  -0.000202   0.000011
 -0.000033  -0.000025  -0.000056
 -0.000068  -0.000046  -0.000036
  0.057351  -0.070484  -0.089849
  0.000108   0.000203  -0.000183
 -0.003403   0.000697  -0.000868
 -0.000042   0.000141  -0.000002
 -0.000014   0.000104   0.000023
 -0.000338  -0.000577  -0.000178
 -0.002420   0.002218  -0.001941
  0.000039   0.000040   0.000023
  0.000037   0.000085  -0.000040
  0.000644   0.000635   0.000015
  0.000191  -0.000133   0.000012
 -0.000075  -0.000167   0.000048
 -0.000243  -0.000600  -0.000991
 -0.000005  -0.000244   0.000051
  0.000051  -0.000089  -0.000029
 -0.000359   0.000130  -0.000639
  0.000092  -0.000151  -0.000019
  0.000317   0.000208  -0.000405
 -0.000008  -0.000239   0.000036
  0.000025   0.000486  -0.000761
  0.000316   0.000082  -0.000049
 -0.000017  -0.000131  -0.000073
  0.000153  -0.000388  -0.000194
  0.003570   0.000222   0.000160
 -0.000159  -0.000618  -0.000332
  0.000958  -0.000001  -0.000298
 -0.063351   0.051273   0.099656
 -0.000057  -0.000362   0.000155
 -0.002564  -0.000829  -0.008566
 -0.000025  -0.000455  -0.000163
  0.004719   0.004549  -0.019064
  0.000010  -0.000627   0.000132
 -0.000138   0.000591   0.000107
 -0.000264   0.000216   0.000108
  0.003950  -0.000349   0.007196
  0.000059   0.000881  -0.000007
   73    3  0.0000 -0.0000  0.0150
 -0.001031   0.000151   0.001314
  0.000180   0.000185  -0.000111
  0.000143  -0.000454  -0.000672
  0.000110   0.000004  -0.000104
 -0.000024   0.000887   0.000609
 -0.006603  -0.001129   0.003641
 -0.000048   0.000190   0.000231
  0.000168  -0.000013  -0.000145
 -0.000400   0.000931  -0.000130
  0.000640  -0.000986  -0.000183
  0.000542   0.000228   0.001717
 -0.000007  -0.000013  -0.000088
  0.000012  -0.000218  -0.000212
  0.000504   0.000435  -0.000523
  0.000751   0.000521  -0.000222
 -0.001502   0.000756   0.000528
  0.000039   0.000057   0.000084
 -0.000382   0.000328   0.000368
  0.000252   0.000200   0.000785
  0.000023  -0.000024   0.000073
  0.000167  -0.001000   0.001085
  0.000027   0.000126   0.000000
 -0.000097   0.000514   0.000078
 -0.000052  -0.000177   0.000136
  0.000075  -0.000095  -0.000041
  0.000517  -0.000280  -0.000080
  0.000106  -0.000088  -0.000070
 -0.000184   0.000236  -0.000113
 -0.000059   0.000022   0.000025
 -0.000164  -0.000121   0.000108
 -0.000177  -0.000797   0.000961
  0.000037   0.000015   0.000036
  0.000234  -0.003633  -0.001037
  0.000004  -0.000072  -0.000061
 -0.000001   0.000076   0.000053
 -0.000006  -0.000925   0.001688
 -0.001946  -0.001961  -0.001900
 -0.000039   0.000052   0.000024
 -0.000010   0.000049  -0.000046
  0.001177   0.000642   0.000424
  0.013269   0.044801   0.021765
 -0.000038   0.000715   0.000038
 -0.000069  -0.000190   0.000000
  0.000278  -0.000123  -0.000099
  0.000092  -0.000261  -0.000217
 -0.000057   0.000173  -0.000142
 -0.000181  -0.000124  -0.000019
  0.000496  -0.000077  -0.000024
  0.000087  -0.000181   0.000064
 -0.000443   0.000204   0.000049
  0.000169  -0.000613   0.000222
 -0.000005   0.000559   0.000124
 -0.000335  -0.000453   0.000342
  0.000442  -0.000516  -0.000401
 -0.000562   0.001059  -0.000051
  0.000029   0.000093  -0.000008
  0.000377   0.000356   0.000021
 -0.000011   0.000046   0.000006
 -0.000014   0.000057  -0.000014
 -0.000494  -0.001106   0.000240
 -0.000110  -0.000038   0.000183
  0.000040   0.000009  -0.000016
  0.001350  -0.000467  -0.000769
 -0.000027   0.000092   0.000055
 -0.000122   0.000046  -0.000010
  0.000103   0.000133   0.000047
  0.000013   0.000071   0.000002
 -0.000134  -0.000100   0.000210
 -0.000007   0.000050  -0.000028
  0.000099  -0.000041  -0.000089
 -0.000071  -0.000187   0.000027
 -0.000083  -0.000076  -0.000069
  0.154584  -0.090218  -0.322521
  0.000103   0.000179  -0.000147
 -0.008821  -0.002745  -0.018025
  0.000000   0.000141   0.000003
  0.000006   0.000088   0.000016
 -0.001582  -0.000998   0.000302
  0.001726  -0.001182  -0.000642
  0.000041   0.000038   0.000020
  0.000009   0.000019   0.000039
  0.000475   0.000407  -0.000377
 -0.000484   0.000445  -0.000691
 -0.000079  -0.000337   0.000022
  0.000470   0.000086  -0.003197
 -0.000116  -0.000269  -0.000003
  0.000082  -0.000067   0.000055
 -0.000996  -0.000296  -0.000831
  0.000090  -0.000127  -0.000099
  0.000308   0.000463  -0.001040
  0.000114  -0.000242  -0.000032
 -0.000636   0.000730  -0.002523
  0.001150   0.000137  -0.001103
 -0.000056  -0.000173   0.000139
  0.000147  -0.000384  -0.000196
  0.012824   0.000897   0.001593
 -0.000143  -0.000636  -0.000329
  0.003957  -0.001706  -0.000092
 -0.170649   0.105683   0.344082
 -0.000077  -0.000305   0.000122
 -0.007895  -0.006932  -0.026493
 -0.000027  -0.000381  -0.000114
  0.005140  -0.037679  -0.021625
  0.000005  -0.000540   0.000123
 -0.000407   0.000783   0.000143
 -0.000713   0.001059  -0.000434
  0.004225  -0.005200   0.024256
  0.000165   0.000729  -0.000070
   75    1  0.0150  0.0000  0.0000
 -0.001757   0.001150  -0.002198
 -0.001070  -0.000358   0.000333
 -0.000044   0.000019  -0.000080
 -0.000270   0.000129   0.000274
  0.000155  -0.000491  -0.000321
  0.043586   0.009757  -0.027788
  0.000086  -0.000102  -0.000231
 -0.000756  -0.000229   0.000384
  0.000506  -0.000696   0.000076
 -0.001199   0.003069   0.000279
  0.000087  -0.000020  -0.000322
 -0.000005   0.000059   0.000058
 -0.000016   0.000157   0.000124
 -0.002608  -0.001558   0.001190
 -0.000928  -0.000206   0.000175
  0.002274   0.000251  -0.000257
 -0.000012  -0.000045  -0.000079
 -0.001180   0.000049   0.000957
  0.000102   0.000529   0.000385
 -0.000006  -0.000104  -0.000178
 -0.001543  -0.000889   0.002346
  0.000189   0.000192   0.000208
  0.000088  -0.000271   0.000078
  0.000208   0.000321  -0.000311
 -0.000031   0.000102   0.000038
 -0.000553   0.000088   0.000140
 -0.000125   0.000050   0.000074
  0.000317  -0.000828   0.000605
  0.000049   0.000012  -0.000002
  0.001595  -0.001595   0.000675
  0.000056   0.000327  -0.000016
 -0.000092  -0.000129  -0.000124
  0.000049   0.000958  -0.000692
  0.000030  -0.000208  -0.000058
 -0.000087   0.000117  -0.000059
  0.001635  -0.000401   0.002113
 -0.001016  -0.000321  -0.000269
  0.000061  -0.000060   0.000045
  0.000443  -0.000011   0.000364
  0.001832   0.001484  -0.001172
 -0.001624  -0.006127  -0.001406
 -0.000053   0.000292   0.000117
  0.000175   0.000064  -0.000078
 -0.000549  -0.000258   0.000294
 -0.000093   0.000243   0.000161
  0.000046  -0.000679   0.000588
  0.000284   0.000064   0.000060
 -0.000900  -0.000164  -0.000196
 -0.000183   0.000146  -0.000042
  0.000942  -0.000615  -0.000103
 -0.000149   0.000426  -0.000157
 -0.000057  -0.001878  -0.000390
  0.000316   0.000274  -0.000239
 -0.000512  -0.000011   0.000194
 -0.001432  -0.000151  -0.000341
 -0.000122   0.000055  -0.000046
 -0.000151  -0.000157   0.000159
  0.000015   0.000006  -0.000028
  0.000015  -0.000007   0.000009
 -0.001564   0.001458  -0.001015
  0.000089  -0.000095  -0.000044
 -0.000050   0.000058   0.000009
 -0.002299  -0.000373   0.002301
  0.000072  -0.000004  -0.000055
  0.000121  -0.000027  -0.000010
 -0.000130  -0.000269   0.000153
 -0.000016  -0.000017  -0.000011
  0.000122  -0.000253   0.000382
  0.000013  -0.000007   0.000018
  0.000593   0.000222  -0.000637
  0.000005   0.000072   0.000034
  0.000194   0.000148   0.000130
  0.023372  -0.003423  -0.008798
 -0.000025   0.000066  -0.000023
 -0.443284   0.019335  -0.066450
 -0.000044  -0.000046   0.000003
 -0.000027   0.000065  -0.000004
  0.000961   0.000160  -0.000186
  0.001403  -0.001097   0.000077
 -0.000004  -0.000033  -0.000014
  0.000031   0.000160  -0.000031
  0.000768   0.000417  -0.000208
  0.002196  -0.000253  -0.001022
  0.000285   0.001404  -0.000470
  0.002176  -0.000595  -0.003061
  0.000933   0.000433   0.000454
 -0.000153  -0.000198  -0.000387
 -0.002495  -0.000285  -0.001309
 -0.000381   0.000575  -0.000246
 -0.002153  -0.000803   0.000079
 -0.000640   0.000272   0.000223
 -0.003570  -0.001985  -0.003167
  0.001689  -0.000446  -0.000686
  0.000094  -0.000071  -0.000775
 -0.000162   0.000250   0.000144
 -0.039909  -0.011426   0.012935
 -0.000064   0.000304   0.000187
 -0.025336   0.011474   0.000560
  0.448260  -0.021424   0.062154
  0.000082  -0.000025  -0.000097
  0.000814   0.002619  -0.000573
  0.000053  -0.000014  -0.000073
 -0.003067   0.005307   0.007911
  0.000075  -0.000158   0.000032
  0.000970  -0.000827  -0.001202
  0.002584  -0.007067   0.006233
  0.001653   0.004608   0.021072
 -0.000256  -0.000008   0.000139
   75    2  0.0000  0.0150 -0.0000
 -0.000402  -0.000662   0.002678
  0.000220   0.000238  -0.000060
  0.000035   0.000103  -0.000126
 -0.000027   0.000074  -0.000013
 -0.000191   0.000453   0.000323
 -0.002553   0.002003   0.004611
 -0.000004   0.000061   0.000077
  0.000277  -0.000176   0.000038
 -0.000076   0.000489   0.000015
  0.000494   0.000332   0.000047
  0.000044   0.000063   0.000008
  0.000001   0.000029  -0.000030
  0.000028  -0.000115  -0.000104
  0.000205   0.000251  -0.000274
  0.000052   0.000526   0.000046
 -0.000030   0.000071  -0.000044
  0.000046   0.000008   0.000024
  0.002726  -0.000642  -0.001235
  0.000136   0.000160   0.000025
  0.000009  -0.000033   0.000007
  0.000357   0.000073  -0.000562
  0.000113   0.000146  -0.000063
 -0.000032   0.000096   0.000016
 -0.000146   0.000051   0.000082
  0.000038  -0.000038  -0.000017
 -0.000962   0.000328   0.000253
  0.000019  -0.000056  -0.000034
 -0.000265   0.000239  -0.000115
 -0.000055  -0.000011   0.000016
 -0.000526   0.000220   0.000073
 -0.000017  -0.000056   0.000042
  0.000003  -0.000006  -0.000008
  0.000168   0.000101   0.000222
  0.000016  -0.000109  -0.000066
  0.000025   0.000018   0.000083
 -0.000102   0.000121  -0.000358
 -0.000165   0.000072  -0.000157
 -0.000014   0.000021   0.000034
  0.000017  -0.000035  -0.000067
 -0.000376  -0.000298   0.000111
 -0.000152  -0.000028   0.000464
 -0.000029   0.000589   0.000149
  0.000022  -0.000228  -0.000124
  0.000008  -0.000070   0.000051
  0.000037  -0.000152  -0.000137
 -0.000068  -0.000049   0.000046
 -0.000045  -0.000086  -0.000020
  0.000072  -0.000005   0.000024
  0.000022  -0.000099   0.000007
 -0.000230  -0.000015   0.000007
  0.000051  -0.000291   0.000067
 -0.000139  -0.000132  -0.000078
 -0.000101  -0.000248   0.000113
  0.000096  -0.000028  -0.000030
 -0.000409   0.002278   0.000575
 -0.000007   0.000123  -0.000075
 -0.000024   0.000026  -0.000016
  0.000002   0.000037   0.000003
  0.000003   0.000040  -0.000010
  0.000800   0.002546  -0.001091
 -0.000044   0.000032  -0.000015
  0.000013   0.000030  -0.000009
 -0.000069  -0.000990  -0.000514
 -0.000008   0.000072   0.000049
 -0.000029   0.000016  -0.000007
  0.000038   0.000069  -0.000061
 -0.000000   0.000036  -0.000000
 -0.000003   0.000011  -0.000032
 -0.000013   0.000016  -0.000012
 -0.000184  -0.000053   0.000138
 -0.000019   0.000023  -0.000031
  0.000018   0.000005  -0.000001
 -0.014308   0.000721  -0.002735
  0.000096   0.000121  -0.000124
  0.019293  -0.043146  -0.008648
  0.000034   0.000109  -0.000005
 -0.000003   0.000024   0.000005
 -0.000054  -0.000075   0.000049
 -0.000129  -0.000177  -0.000012
  0.000027   0.000020   0.000009
  0.000034  -0.000014  -0.000013
 -0.000087  -0.000245   0.000069
 -0.000719  -0.000035  -0.000027
 -0.000079  -0.000308   0.000098
  0.000047   0.000517   0.000183
 -0.000070  -0.000149   0.000064
  0.000036   0.000063  -0.000029
  0.000655   0.000110   0.000321
  0.000084  -0.000016  -0.000002
  0.000359   0.000175  -0.000058
  0.000045  -0.000120   0.000015
  0.001275   0.000459   0.001087
  0.000391   0.000752  -0.001080
 -0.000024  -0.000207   0.000079
  0.000203  -0.000278  -0.000142
  0.001408   0.013325  -0.002744
  0.000052  -0.000300  -0.000170
  0.001153  -0.002256  -0.001163
 -0.007495   0.023996   0.012396
 -0.000089  -0.000205   0.000103
  0.000037   0.000555  -0.000450
 -0.000042  -0.000289  -0.000143
  0.000511   0.000177   0.000369
 -0.000022  -0.000373   0.000067
 -0.000861   0.000359   0.000219
 -0.000939   0.000292  -0.000255
  0.000185  -0.001671  -0.002219
  0.000293   0.000502  -0.000040
   75    3  0.0000 -0.0000  0.0150
 -0.001811   0.002188  -0.000179
 -0.000266  -0.000050   0.000109
 -0.000021  -0.000035  -0.000052
 -0.000028   0.000033   0.000021
 -0.000008  -0.000064  -0.000037
  0.003347   0.005140  -0.004639
  0.000007  -0.000017  -0.000030
 -0.000128  -0.000013  -0.000040
  0.000049  -0.000118   0.000006
 -0.000050   0.000707   0.000103
  0.000044   0.000098   0.000035
  0.000006   0.000006   0.000004
 -0.000006   0.000031   0.000014
 -0.000913   0.000072   0.000768
 -0.000068  -0.000106  -0.000021
  0.000197   0.000044   0.000004
 -0.000005  -0.000002  -0.000008
 -0.001312   0.000368   0.000944
  0.000041   0.000131   0.000097
  0.000004   0.000003  -0.000008
 -0.001184  -0.001546   0.002331
  0.000099   0.000057   0.000028
  0.000008  -0.000019   0.000012
  0.000100  -0.000027  -0.000047
 -0.000004   0.000008   0.000004
  0.000397  -0.000183   0.000121
 -0.000017   0.000009   0.000011
  0.000075  -0.000177   0.000051
 -0.000002  -0.000006  -0.000007
  0.000311  -0.000460   0.000148
  0.000004   0.000017   0.000044
  0.000006  -0.000006  -0.000008
 -0.000018   0.000174   0.000029
  0.000001   0.000013   0.000006
 -0.000008   0.000017   0.000003
  0.000151   0.000287  -0.000202
 -0.000286  -0.000164  -0.000267
  0.000008   0.000005   0.000002
  0.000083  -0.000017   0.000035
 -0.000119  -0.000181   0.000241
 -0.000379  -0.000879   0.001247
  0.000001  -0.000050  -0.000028
 -0.000014   0.000061   0.000023
 -0.000009   0.000004   0.000003
 -0.000011   0.000036   0.000027
 -0.000001  -0.000112   0.000105
  0.000017   0.000025   0.000014
 -0.000065  -0.000002  -0.000035
 -0.000003   0.000024  -0.000004
  0.000097  -0.000076  -0.000037
 -0.000018   0.000067  -0.000022
 -0.000022  -0.000399  -0.000095
  0.000024   0.000054  -0.000027
 -0.000011  -0.000002  -0.000000
 -0.000199   0.000838  -0.000398
  0.000011   0.000016   0.000094
 -0.000003  -0.000032   0.000024
  0.000003  -0.000003  -0.000001
  0.000003  -0.000005   0.000003
 -0.000438  -0.001473  -0.000692
  0.000017  -0.000027   0.000009
 -0.000004   0.000008  -0.000000
  0.000660  -0.000455   0.002956
  0.000012   0.000004  -0.000011
  0.000015  -0.000003  -0.000001
 -0.000014  -0.000030   0.000073
 -0.000002  -0.000009  -0.000001
  0.000022  -0.000016   0.000071
  0.000002  -0.000008   0.000006
  0.000177   0.000085  -0.000115
  0.000002  -0.000001   0.000008
  0.000011   0.000008   0.000004
 -0.042867  -0.000859  -0.018032
 -0.000013  -0.000008   0.000019
 -0.066017  -0.008651  -0.108860
  0.000002  -0.000005   0.000007
  0.000001  -0.000004  -0.000005
  0.000179   0.000055  -0.000029
  0.000252  -0.000198   0.000165
 -0.000003  -0.000001  -0.000005
  0.000012   0.000000  -0.000001
  0.000141   0.000135  -0.000055
  0.000344   0.000097  -0.000735
  0.000067   0.000220  -0.000234
  0.000578  -0.000983  -0.001754
  0.000131   0.000108   0.000049
 -0.000044  -0.000002  -0.000079
  0.000262   0.000146  -0.000104
 -0.000077   0.000119  -0.000025
  0.000105   0.000004   0.000036
 -0.000088   0.000079   0.000044
  0.000734   0.000579   0.001269
  0.001536   0.000004  -0.000964
 -0.000010  -0.000097  -0.000053
 -0.000017   0.000024   0.000021
 -0.002875  -0.004785   0.019151
  0.000028   0.000041   0.000028
 -0.006026   0.000683  -0.001106
  0.103743   0.008512   0.098096
  0.000023   0.000034  -0.000050
 -0.000121   0.000675   0.000799
  0.000015   0.000058   0.000036
  0.000622   0.001414   0.004469
  0.000011   0.000059  -0.000005
 -0.000167  -0.000014  -0.000263
  0.000205  -0.001175   0.001212
  0.010801  -0.000021   0.004108
 -0.000038  -0.000104   0.000022
   77    1  0.0150  0.0000  0.0000
  0.000088  -0.000017  -0.000067
  0.000022   0.000089   0.000210
  0.000015   0.000039  -0.000037
  0.000017   0.000047  -0.000055
  0.002390   0.001604   0.000562
 -0.000051  -0.000076   0.000057
  0.000043   0.000059   0.000051
 -0.000016  -0.000031   0.000048
  0.000226   0.000435  -0.000026
 -0.000078  -0.000148  -0.000065
 -0.000007   0.000010  -0.000019
  0.000079  -0.000039   0.000240
  0.000004  -0.000126  -0.000061
 -0.000002   0.000023  -0.000020
 -0.000199   0.000393  -0.000166
  0.000124  -0.000072  -0.000053
  0.000136   0.000021  -0.000049
 -0.000017  -0.000016   0.000006
  0.000008  -0.000009   0.000031
 -0.000031   0.000034   0.000011
 -0.000031   0.000022   0.000004
  0.000250   0.000084  -0.000011
 -0.000034   0.000034   0.000053
 -0.000014  -0.000086  -0.000005
  0.000013  -0.000010  -0.000037
 -0.000001   0.000007  -0.000000
 -0.000016  -0.000092   0.000005
  0.000016   0.000018  -0.000007
  0.000018   0.000020   0.000013
  0.000001   0.000002   0.000001
  0.000001  -0.000006   0.000017
 -0.000045   0.000116   0.000104
 -0.000008   0.000000   0.000005
  0.000191   0.000762  -0.000208
  0.079970  -0.048110  -0.059546
  0.000161   0.000047  -0.000048
 -0.000003  -0.000002  -0.000002
 -0.000043   0.000137  -0.000133
  0.004235  -0.003604   0.006936
 -0.000300  -0.000111  -0.000100
 -0.000013  -0.000060  -0.000032
  0.001186  -0.005132   0.004062
  0.000029  -0.000126  -0.000043
  0.000012   0.000029   0.000004
 -0.000014  -0.000060  -0.000067
  0.000011   0.000039  -0.000017
  0.000080  -0.000040   0.000079
  0.000003   0.000019   0.000006
 -0.000112  -0.000070   0.000020
 -0.000011   0.000042   0.000022
  0.000021  -0.000208   0.000055
  0.000036   0.000110   0.000043
 -0.000077  -0.000148   0.000130
 -0.000030   0.000071   0.000055
  0.000014   0.000016   0.000008
  0.000017  -0.000011   0.000001
 -0.000003   0.000000  -0.000004
  0.000049  -0.000052  -0.000007
  0.000043   0.000012   0.000023
 -0.000020  -0.000004   0.000003
  0.000007   0.000006   0.000006
 -0.000023  -0.000006   0.000011
 -0.000004  -0.000013   0.000030
  0.000207   0.000013  -0.000108
  0.000024  -0.000008   0.000004
 -0.000026  -0.000001   0.000003
 -0.000168   0.000136  -0.000059
  0.000004  -0.000006  -0.000000
 -0.000072   0.000036   0.000158
 -0.000000  -0.000007  -0.000007
 -0.000022   0.000021  -0.000019
 -0.000012   0.000022   0.000012
 -0.000006  -0.000017   0.000006
  0.000713   0.000329  -0.001545
  0.000014  -0.000007  -0.000021
  0.000777   0.000056   0.000149
 -0.076021   0.051300   0.058059
  0.000005   0.000009   0.000013
  0.000003   0.000001   0.000007
 -0.000049  -0.000038  -0.000075
 -0.001704   0.000537   0.000791
 -0.000053   0.000023   0.000067
 -0.000064   0.000080   0.000036
 -0.000117  -0.000103  -0.000066
 -0.000093   0.000083  -0.000016
 -0.000012  -0.000203  -0.000071
  0.000045  -0.010777  -0.031581
  0.000079  -0.000212  -0.000176
  0.002427  -0.007804  -0.000133
 -0.000014   0.000080   0.000059
 -0.007502   0.017500   0.025858
  0.000106   0.000116  -0.000186
 -0.000038  -0.000008   0.000071
  0.000011   0.000010  -0.000040
 -0.001683  -0.000273   0.000298
 -0.000007   0.000044  -0.000055
 -0.001969  -0.000566  -0.001168
  0.000031  -0.000028   0.000023
  0.000087  -0.000007  -0.000057
 -0.000643  -0.000361   0.000771
  0.000005   0.000036   0.000017
 -0.000501   0.000388  -0.002551
 -0.000014   0.000083   0.000030
 -0.002145   0.003098  -0.001583
  0.001035  -0.001112  -0.000699
 -0.000512   0.000122   0.000345
 -0.000020  -0.000088  -0.000030
 -0.000414   0.001642   0.001446
   77    2  0.0000  0.0150 -0.0000
  0.000022  -0.000006   0.000027
  0.000048  -0.000028  -0.000097
 -0.000013   0.000074  -0.000006
 -0.000033   0.000023   0.000075
 -0.000427  -0.000706  -0.000256
 -0.000111   0.000244  -0.000147
 -0.000028   0.000038   0.000052
  0.000009   0.000065  -0.000068
  0.000028   0.000105   0.000003
  0.000038   0.000345   0.000006
  0.000010   0.000015   0.000024
 -0.000043   0.000091  -0.000099
  0.000081   0.000131   0.000058
 -0.000007  -0.000069   0.000058
  0.000307   0.000929  -0.000513
 -0.000099   0.000293   0.000030
 -0.000046  -0.000000   0.000039
  0.000000   0.000005  -0.000016
 -0.000004  -0.000026  -0.000005
  0.000022  -0.000034  -0.000024
  0.000023   0.000010  -0.000043
 -0.000082  -0.000134  -0.000067
  0.000030  -0.000019  -0.000005
  0.000029   0.000087  -0.000009
  0.000020   0.000016   0.000009
 -0.000013  -0.000013   0.000008
  0.000193   0.000032  -0.000080
 -0.000017  -0.000035   0.000025
 -0.000008  -0.000003  -0.000060
 -0.000014   0.000040  -0.000037
  0.000003   0.000008   0.000007
 -0.000002  -0.000071  -0.000083
  0.000009  -0.000068   0.000040
 -0.000114  -0.000277  -0.000040
 -0.047128   0.152094   0.182413
 -0.000029  -0.000006   0.000188
  0.000016   0.000025  -0.000024
  0.000017  -0.000044   0.000079
 -0.004267  -0.004844  -0.000849
  0.000358   0.000382  -0.000174
  0.000043   0.000417  -0.000083
 -0.001618   0.003571  -0.001785
 -0.000010  -0.000254  -0.000042
 -0.000011  -0.000105   0.000045
  0.000010  -0.000001  -0.000000
 -0.000015  -0.000079   0.000079
 -0.000008  -0.000080   0.000116
  0.000025  -0.000042   0.000004
  0.000007  -0.000005   0.000002
  0.000015  -0.000055  -0.000010
  0.000031  -0.000026   0.000021
 -0.000032  -0.000183  -0.000054
 -0.000207  -0.000409   0.000385
  0.000074  -0.000144  -0.000091
  0.000041   0.000001   0.000015
  0.000016  -0.000016   0.000002
  0.000008   0.000025   0.000001
 -0.000024   0.000033   0.000013
  0.000008  -0.000029  -0.000015
  0.000011   0.000017   0.000004
 -0.000001   0.000016   0.000004
  0.000005   0.000019  -0.000014
  0.000009   0.000012  -0.000004
 -0.000061  -0.000079   0.000014
 -0.000016   0.000033   0.000005
  0.000023   0.000019   0.000003
 -0.000005   0.000044  -0.000153
  0.000003   0.000039  -0.000003
 -0.000016  -0.000193   0.000128
 -0.000009   0.000041   0.000026
  0.000012   0.000004   0.000010
  0.000016   0.000003   0.000015
 -0.000011   0.000081   0.000063
 -0.000373  -0.000558   0.000966
  0.000040   0.000022  -0.000000
 -0.000204  -0.000073  -0.000056
  0.051271  -0.150615  -0.191844
 -0.000007   0.000123  -0.000017
 -0.000007   0.000018  -0.000004
 -0.000035  -0.000001   0.000080
 -0.000116  -0.001231  -0.000020
 -0.000041   0.000169   0.000213
  0.000069   0.000008   0.000017
 -0.000027   0.000109   0.000097
  0.000011  -0.000080   0.000001
  0.000140   0.000211  -0.000078
  0.003154   0.009991   0.016108
  0.000069  -0.000032  -0.000110
 -0.007194  -0.005447   0.002496
  0.000062  -0.000377  -0.000205
  0.002854  -0.002522  -0.008725
  0.000060  -0.000170   0.000123
  0.000033   0.000019   0.000010
  0.000210   0.000028   0.000011
  0.000470   0.000179  -0.000014
  0.000041  -0.000068   0.000026
  0.000661   0.000758   0.000505
  0.000141  -0.000182   0.000113
 -0.000038  -0.000106  -0.000050
  0.000220   0.000433  -0.000551
 -0.000020  -0.000180   0.000085
  0.000494  -0.000049   0.001421
 -0.000049  -0.000243  -0.000033
  0.001398  -0.000619   0.000908
 -0.001066   0.000408   0.000165
 -0.000129  -0.000412  -0.000170
  0.000242   0.000342  -0.000022
  0.000578  -0.001195  -0.000582
   77    3  0.0000 -0.0000  0.0150
  0.000002   0.000008  -0.000014
 -0.000027  -0.000004   0.000049
  0.000004  -0.000014   0.000005
 -0.000009   0.000005   0.000024
  0.000175   0.000418   0.000315
 -0.000092   0.000081  -0.000047
 -0.000018  -0.000120  -0.000097
  0.000006   0.000017  -0.000018
 -0.000082  -0.000089  -0.000013
  0.000021   0.000060   0.000016
 -0.000000  -0.000002   0.000002
 -0.000043   0.000050  -0.000045
 -0.000036  -0.000082  -0.000087
  0.000008  -0.000015   0.000012
 -0.000013  -0.000277   0.000106
 -0.000035   0.000053   0.000011
  0.000027   0.000032   0.000044
  0.000000   0.000004  -0.000005
 -0.000003  -0.000001  -0.000013
  0.000028  -0.000012   0.000027
 -0.000008  -0.000006   0.000004
 -0.000047  -0.000047  -0.000037
 -0.000011  -0.000008  -0.000017
  0.000003   0.000027   0.000002
  0.000054  -0.000027  -0.000010
 -0.000002  -0.000004   0.000004
 -0.000285   0.000163   0.000041
 -0.000006  -0.000004   0.000002
  0.000202   0.000299  -0.000002
 -0.000009   0.000010  -0.000006
  0.000003   0.000006  -0.000003
 -0.000003  -0.000045  -0.000039
 -0.000000  -0.000003  -0.000001
  0.000110  -0.000207  -0.000019
 -0.055491   0.180977   0.385506
 -0.000016  -0.000030   0.000157
 -0.000001   0.000004  -0.000001
 -0.000021   0.000057  -0.000026
  0.005238   0.000504   0.001591
  0.000076  -0.000008  -0.000161
  0.000003   0.000042  -0.000003
  0.000072   0.001594  -0.002083
 -0.000001   0.000091   0.000019
 -0.000012  -0.000020   0.000005
  0.000009   0.000008   0.000017
 -0.000002  -0.000008   0.000006
 -0.000009   0.000032  -0.000030
 -0.000003  -0.000008  -0.000002
  0.000034   0.000009  -0.000002
  0.000005  -0.000007  -0.000006
  0.000013   0.000037  -0.000012
 -0.000008  -0.000030  -0.000016
  0.000067   0.000181  -0.000107
  0.000011  -0.000027  -0.000023
  0.000004  -0.000003  -0.000009
 -0.000012  -0.000019   0.000007
 -0.000000   0.000000  -0.000001
 -0.000006   0.000003   0.000003
 -0.000020   0.000007  -0.000006
  0.000002   0.000001  -0.000004
 -0.000004  -0.000001  -0.000004
  0.000010   0.000004  -0.000000
 -0.000001  -0.000002   0.000000
 -0.000039  -0.000015  -0.000036
  0.000010  -0.000001  -0.000011
  0.000006   0.000000  -0.000004
  0.000154  -0.000207   0.000129
 -0.000003   0.000005  -0.000002
  0.000098  -0.000053   0.000326
 -0.000001   0.000010  -0.000004
  0.000003  -0.000002   0.000003
  0.000004  -0.000000  -0.000003
  0.000001   0.000013   0.000007
 -0.000540   0.000156   0.000298
 -0.000016   0.000001  -0.000007
 -0.000162  -0.000044  -0.000031
  0.058248  -0.192112  -0.399515
  0.000006   0.000006   0.000001
 -0.000002   0.000002  -0.000004
 -0.000033   0.000045   0.000074
 -0.000507   0.000716   0.000234
  0.000031   0.000103   0.000042
  0.000007   0.000033   0.000028
  0.000104  -0.000001   0.000041
  0.000018  -0.000013  -0.000006
  0.000022   0.000063  -0.000010
 -0.000646  -0.003121  -0.003233
 -0.000107  -0.000083   0.000129
  0.003139   0.000328  -0.005597
 -0.000049  -0.000047   0.000038
 -0.008483   0.011723   0.018047
 -0.000000  -0.000010  -0.000040
  0.000020  -0.000005  -0.000012
  0.000036  -0.000012   0.000032
 -0.000206  -0.000120  -0.000005
  0.000071  -0.000017  -0.000002
  0.000017  -0.000121   0.000249
  0.000073  -0.000097   0.000029
  0.000006  -0.000015  -0.000008
  0.000307  -0.000030  -0.000244
 -0.000006  -0.000016   0.000003
 -0.000109  -0.000246   0.001372
 -0.000015  -0.000030  -0.000007
 -0.000642  -0.000535   0.002380
 -0.000707  -0.000005  -0.000562
 -0.000287   0.000290   0.000089
  0.000036   0.000025  -0.000017
  0.000290  -0.000218   0.000803
   79    1  0.0150  0.0000  0.0000
  0.000123  -0.000078   0.000010
 -0.000015  -0.000037  -0.000010
 -0.009422   0.002013   0.001779
 -0.000016  -0.000002  -0.000011
  0.000001  -0.000153  -0.000106
  0.000729   0.000251  -0.000435
  0.000056   0.000168   0.000090
  0.000119  -0.000190   0.000050
  0.000105  -0.000090  -0.000023
  0.000092   0.000161   0.000053
 -0.007469   0.000651   0.003743
 -0.000004  -0.000005  -0.000007
  0.000068   0.000086   0.000040
  0.000017  -0.000117   0.000043
 -0.000011   0.000043  -0.000011
  0.000226  -0.000277  -0.000002
 -0.000029  -0.000084  -0.000077
  0.000147   0.000129  -0.000201
 -0.004957   0.001478   0.002708
 -0.000003   0.000010  -0.000002
  0.000093   0.000008  -0.000068
 -0.000016  -0.000023   0.000003
 -0.000200  -0.000169  -0.000013
 -0.000010   0.000006  -0.000009
 -0.000033   0.000127   0.000010
 -0.000191   0.000020   0.000092
 -0.000049  -0.000017  -0.000051
  0.000029   0.000004  -0.000154
 -0.000038   0.000037   0.000064
  0.000011  -0.000059  -0.000029
  0.001478  -0.000736  -0.000487
  0.000005  -0.000050   0.000034
 -0.001689   0.009021   0.003711
 -0.000001   0.000027   0.000012
 -0.000011   0.000061   0.000088
 -0.000028   0.000033  -0.000084
  0.093391   0.105391   0.072775
  0.000001  -0.000007  -0.000008
  0.000009  -0.000021   0.000005
 -0.000070  -0.000038   0.000029
  0.004896   0.000392  -0.001478
  0.000012  -0.000157  -0.000020
  0.000016   0.000009   0.000010
 -0.000023   0.000066  -0.000045
 -0.000053   0.000077   0.000065
 -0.000002  -0.000029   0.000015
  0.000001  -0.000018   0.000014
 -0.000108   0.000011  -0.000032
  0.000021  -0.000034  -0.000011
  0.000005  -0.000024  -0.000013
 -0.000040   0.000085  -0.000028
 -0.000004  -0.000074  -0.000031
  0.000002   0.000001  -0.000020
 -0.000101   0.000131   0.000096
  0.000043  -0.000066  -0.000001
 -0.000003  -0.000025   0.000004
 -0.000492   0.000695   0.000253
 -0.000001  -0.000015  -0.000003
 -0.000004  -0.000011  -0.000001
  0.000220   0.000018  -0.000031
  0.005399  -0.001410  -0.001622
 -0.000006  -0.000004   0.000005
  0.000043  -0.000008   0.000050
 -0.000002  -0.000016  -0.000008
  0.000010  -0.000029   0.000019
  0.000005   0.000016  -0.000006
 -0.000008  -0.000015   0.000003
 -0.000011   0.000063   0.000293
  0.000012  -0.000012   0.000022
  0.000035   0.000234   0.000024
  0.001186  -0.000206  -0.000275
  0.000048  -0.000025   0.000003
 -0.000369  -0.002422   0.001685
 -0.000021  -0.000035   0.000032
  0.001333  -0.000130   0.000246
  0.000001  -0.000023   0.000000
  0.000003  -0.000018  -0.000038
 -0.000050   0.000033  -0.000031
 -0.081284  -0.114786  -0.081058
 -0.000011  -0.000007  -0.000001
 -0.000004  -0.000017   0.000010
 -0.000055  -0.000007   0.000005
 -0.000075   0.000056   0.000003
  0.000009   0.000028   0.000013
 -0.000109   0.000121   0.000135
  0.000000   0.000025   0.000003
  0.000053  -0.000007   0.000024
  0.000067   0.000047   0.000020
 -0.000000   0.000006   0.000010
  0.000060   0.000021   0.000033
 -0.000032   0.000057   0.000026
  0.000098  -0.000028   0.000072
 -0.000122   0.000020   0.000059
  0.000009   0.000030  -0.000007
 -0.000029   0.000058   0.000024
 -0.000920  -0.000092   0.000144
  0.000045   0.000115   0.000047
 -0.000329   0.000023   0.000059
 -0.000811   0.001491  -0.000153
 -0.000003   0.000057  -0.000007
 -0.000401  -0.000314   0.000176
  0.000008   0.000068   0.000016
 -0.000159  -0.000512  -0.000791
 -0.000012   0.000110  -0.000062
  0.000045  -0.000121   0.000008
  0.000068  -0.000050  -0.000056
 -0.000523  -0.000867  -0.001442
 -0.000013  -0.000119  -0.000010
   79    2  0.0000  0.0150 -0.0000
 -0.000062   0.000038  -0.000030
 -0.000000   0.000006   0.000011
  0.001920   0.003466  -0.005129
  0.000004   0.000029   0.000012
  0.000026  -0.000015  -0.000035
 -0.000321  -0.000357   0.000392
  0.000205   0.000240  -0.000385
 -0.000064   0.000144  -0.000060
  0.000380   0.000070   0.000521
 -0.000143  -0.000030  -0.000029
  0.000886  -0.001791  -0.002201
  0.000005   0.000002   0.000009
 -0.000023   0.000015   0.000017
 -0.000056   0.000095  -0.000057
 -0.000604   0.000216   0.000274
 -0.000503   0.000326  -0.000343
  0.000007  -0.000005   0.000029
  0.000120  -0.000022  -0.000018
  0.012222   0.025301   0.020803
 -0.000003  -0.000024  -0.000007
 -0.000056  -0.000025   0.000047
  0.000014   0.000004  -0.000002
  0.000412   0.000903   0.001076
  0.000018   0.000020   0.000037
  0.000044   0.000002   0.000035
  0.000056  -0.000001  -0.000066
 -0.000099   0.000068   0.000123
 -0.000029   0.000074   0.000200
  0.000058  -0.000018   0.000023
  0.000098  -0.000156   0.000114
 -0.000561   0.000134  -0.001027
 -0.000007   0.000071  -0.000054
 -0.001085  -0.007598  -0.001661
 -0.000007  -0.000069  -0.000038
 -0.000014   0.000006  -0.000001
  0.000066  -0.000037   0.000067
  0.106139   0.323077   0.163581
 -0.000006  -0.000003   0.000025
 -0.000003   0.000007   0.000010
  0.000096   0.000062  -0.000026
 -0.000995   0.000998  -0.000485
 -0.000024   0.000212   0.000084
  0.000108  -0.000144  -0.000174
  0.000055  -0.000185   0.000149
 -0.000018  -0.000121  -0.000217
  0.000019   0.000007  -0.000009
  0.000123  -0.000019   0.000019
  0.000287   0.000026   0.000180
 -0.000174  -0.000038  -0.000083
  0.000054   0.000001   0.000012
 -0.000081  -0.000004  -0.000108
  0.000018   0.000020   0.000014
  0.000168   0.000046  -0.000143
  0.000129  -0.000135  -0.000092
 -0.000021   0.000020  -0.000005
 -0.000004   0.000007  -0.000005
 -0.000033  -0.000381  -0.000399
 -0.000003   0.000017  -0.000006
  0.000001   0.000011   0.000001
  0.000027  -0.000106   0.000007
 -0.001437  -0.001173   0.000585
 -0.000011   0.000006  -0.000007
 -0.000047  -0.000018  -0.000012
  0.000004   0.000003  -0.000004
  0.000002   0.000016  -0.000025
  0.000025   0.000010  -0.000025
 -0.000010   0.000005  -0.000018
 -0.000004  -0.000186  -0.000226
 -0.000010   0.000010   0.000005
  0.000056  -0.000032  -0.000000
 -0.000221   0.000108   0.000142
 -0.000068   0.000022   0.000008
 -0.001664   0.002228  -0.001149
  0.000014   0.000030  -0.000034
 -0.001087  -0.000177  -0.000202
  0.000021   0.000010  -0.000002
 -0.000009   0.000006  -0.000000
  0.000055  -0.000018  -0.000036
 -0.114967  -0.348326  -0.175014
  0.000002  -0.000001  -0.000002
  0.000001   0.000007  -0.000004
  0.000022   0.000040  -0.000006
  0.000054  -0.000046  -0.000013
 -0.000006  -0.000013  -0.000010
  0.000096  -0.000061  -0.000083
  0.000001  -0.000020   0.000000
  0.000005  -0.000016  -0.000005
 -0.000096  -0.000023  -0.000034
  0.000008  -0.000015  -0.000010
 -0.000055  -0.000041  -0.000017
 -0.000002  -0.000018  -0.000003
 -0.000094  -0.000045  -0.000066
  0.000075  -0.000017  -0.000035
 -0.000001  -0.000018  -0.000006
 -0.000011  -0.000020   0.000005
  0.000631   0.000133  -0.000098
 -0.000010  -0.000032  -0.000008
  0.000121   0.000086  -0.000113
  0.000052   0.002331   0.000320
 -0.000008  -0.000039   0.000010
 -0.000068  -0.000110   0.001411
 -0.000000  -0.000088  -0.000062
 -0.000083   0.001032  -0.001076
  0.000008  -0.000120   0.000010
 -0.000002   0.000037  -0.000026
 -0.000002  -0.000036   0.000066
 -0.000049   0.000044   0.000881
  0.000002   0.000086   0.000009
   79    3  0.0000 -0.0000  0.0150
  0.000005  -0.000011  -0.000027
 -0.000011  -0.000019  -0.000011
  0.001546  -0.004596   0.000284
  0.000008  -0.000007  -0.000007
 -0.000035  -0.000055  -0.000023
  0.000016   0.000149  -0.000130
 -0.000115  -0.000188   0.000200
 -0.000100  -0.000054   0.000053
 -0.000078  -0.000238  -0.000397
 -0.000231   0.000174   0.000118
  0.003360  -0.003143   0.007202
 -0.000005  -0.000006   0.000008
 -0.000015  -0.000032  -0.000008
 -0.000073  -0.000043   0.000082
  0.000217  -0.000278  -0.000204
  0.000416   0.000489   0.000659
 -0.000001   0.000018   0.000008
 -0.000011  -0.000044   0.000000
 -0.006317  -0.018899  -0.014295
 -0.000011   0.000000  -0.000001
 -0.000002  -0.000024   0.000040
 -0.000012  -0.000010   0.000001
 -0.000266  -0.000965  -0.000485
 -0.000006  -0.000063  -0.000081
  0.000014  -0.000041  -0.000026
 -0.000029   0.000078  -0.000030
  0.000019  -0.000029  -0.000052
  0.000206   0.000006  -0.000177
 -0.000002  -0.000009  -0.000047
 -0.000017   0.000102  -0.000009
 -0.000434  -0.000992   0.000869
 -0.000013   0.000018  -0.000019
  0.012740   0.034372   0.015064
 -0.000008   0.000023   0.000008
  0.000007  -0.000012   0.000005
  0.000055  -0.000051   0.000153
  0.073105   0.164349   0.184894
 -0.000004  -0.000013  -0.000006
  0.000011  -0.000020  -0.000013
  0.000027   0.000042  -0.000117
 -0.000322   0.005158   0.002640
  0.000008  -0.000111  -0.000025
 -0.000051   0.000154   0.000072
 -0.000055  -0.000030  -0.000073
 -0.000003   0.000151   0.000163
  0.000017  -0.000007  -0.000032
 -0.000016   0.000034   0.000018
 -0.000303  -0.000088  -0.000297
  0.000027   0.000092   0.000016
  0.000100  -0.000044  -0.000026
  0.000008   0.000109   0.000010
  0.000002  -0.000104  -0.000031
 -0.000051   0.000046   0.000015
  0.000008  -0.000313  -0.000237
  0.000008  -0.000019  -0.000006
 -0.000002  -0.000013   0.000001
  0.000752   0.001875   0.000825
 -0.000003  -0.000009   0.000001
  0.000005  -0.000014  -0.000006
 -0.000033   0.000035  -0.000042
 -0.001575   0.000681  -0.000904
 -0.000006  -0.000010  -0.000001
  0.000048  -0.000008   0.000001
 -0.000005  -0.000011  -0.000004
  0.000013  -0.000010   0.000003
 -0.000077  -0.000015  -0.000011
  0.000002  -0.000019   0.000008
  0.000132   0.000045   0.000177
 -0.000003  -0.000018  -0.000009
 -0.000014  -0.000095  -0.000085
 -0.000289   0.000140  -0.000049
 -0.000016   0.000019  -0.000018
  0.001265  -0.001956  -0.000651
 -0.000018  -0.000033   0.000029
  0.000103  -0.000017   0.000172
 -0.000033  -0.000019  -0.000008
  0.000004  -0.000015  -0.000006
 -0.000071  -0.000091   0.000086
 -0.081071  -0.174877  -0.190822
 -0.000006  -0.000004  -0.000008
 -0.000003  -0.000012   0.000002
 -0.000007  -0.000043  -0.000013
 -0.000006   0.000020  -0.000017
  0.000011   0.000009   0.000003
 -0.000024  -0.000023   0.000011
  0.000011   0.000025  -0.000003
 -0.000012   0.000010  -0.000006
 -0.000028  -0.000031   0.000016
 -0.000013   0.000016   0.000002
 -0.000046   0.000016  -0.000058
 -0.000018   0.000027  -0.000000
  0.000049  -0.000053  -0.000027
 -0.000021  -0.000009   0.000001
  0.000008   0.000009  -0.000004
  0.000041   0.000014  -0.000010
 -0.000141  -0.000077   0.000039
  0.000016   0.000030   0.000007
  0.000025  -0.000059   0.000066
 -0.000652   0.001247   0.000607
  0.000033   0.000049  -0.000025
  0.000039  -0.000874  -0.002281
 -0.000005   0.000059   0.000034
 -0.001323  -0.001771  -0.003079
 -0.000012   0.000093  -0.000024
 -0.000007  -0.000052   0.000006
 -0.000018  -0.000034  -0.000023
 -0.000333   0.000953   0.000416
 -0.000001  -0.000106  -0.000013
   81    1  0.0150  0.0000  0.0000
  0.000069  -0.000018   0.000032
  0.000097  -0.000034  -0.000132
  0.000013   0.000042   0.000011
 -0.000006  -0.000006  -0.000005
  0.000830   0.000331   0.000165
  0.000163   0.000004  -0.000036
  0.000018   0.000006  -0.000013
  0.000005  -0.000010  -0.000001
  0.000031   0.000026   0.000026
  0.000010  -0.000002  -0.000013
  0.000012   0.000040   0.000034
 -0.000003  -0.000007   0.000011
 -0.000020  -0.000077  -0.000077
 -0.000005   0.000014  -0.000011
 -0.000019   0.000072   0.000001
 -0.000011  -0.000026  -0.000031
  0.000000   0.000016  -0.000004
 -0.000011   0.000009  -0.000014
 -0.000001  -0.000065   0.000015
 -0.000008   0.000002  -0.000016
  0.000087  -0.000001  -0.000045
 -0.000023  -0.000059  -0.000028
 -0.000021   0.000021   0.000004
 -0.000005  -0.000007  -0.000002
 -0.000019  -0.000015  -0.000008
 -0.000019  -0.000001  -0.000004
 -0.000115  -0.000034   0.000024
  0.000002   0.000007  -0.000003
  0.000135   0.000075   0.000108
  0.000017  -0.000011   0.000003
  0.000008   0.000023   0.000020
 -0.000001  -0.000004  -0.000001
  0.000006   0.000019   0.000018
 -0.000021   0.000004   0.000002
  0.002595  -0.006985  -0.002905
 -0.000917  -0.000580  -0.000154
  0.000058   0.000141  -0.000012
  0.000010  -0.000003  -0.000009
  0.119611   0.012552   0.141919
 -0.000393  -0.000473   0.000044
 -0.000002   0.000021   0.000039
  0.000012  -0.000124   0.000055
 -0.000002  -0.000028  -0.000029
  0.000009   0.000008   0.000008
 -0.000001  -0.000010  -0.000033
 -0.000014  -0.000002   0.000004
 -0.000006  -0.000008  -0.000002
  0.000035  -0.000002   0.000024
 -0.000008   0.000002  -0.000015
 -0.000022   0.000002   0.000001
  0.000001  -0.000021  -0.000008
 -0.000011   0.000004   0.000002
 -0.000026  -0.000031   0.000009
 -0.000007   0.000026   0.000036
  0.000010   0.000028   0.000024
  0.000163   0.000012  -0.000007
  0.000004   0.000004   0.000021
 -0.000001  -0.000005  -0.000000
  0.000009  -0.000043  -0.000013
 -0.000006   0.000006  -0.000003
 -0.000010  -0.000014  -0.000024
 -0.000006  -0.000002  -0.000008
  0.000002   0.000017  -0.000018
  0.000036  -0.000031  -0.000008
  0.000000   0.000004   0.000000
 -0.000008   0.000003  -0.000003
 -0.000005   0.000020   0.000002
 -0.000001  -0.000013  -0.000003
  0.000231   0.000492   0.000121
 -0.000006  -0.000013  -0.000026
 -0.000008   0.000001  -0.000011
 -0.000003  -0.000003  -0.000001
 -0.000015   0.000020  -0.000012
 -0.000060  -0.000576   0.000417
  0.000016   0.000021   0.000004
  0.000637   0.000096   0.000112
 -0.001697  -0.000106  -0.000521
 -0.000060   0.000024   0.000044
 -0.000014  -0.000029  -0.000081
 -0.000049  -0.000015  -0.000006
 -0.118591  -0.011537  -0.150475
 -0.000025   0.000052  -0.000013
 -0.000098   0.000072  -0.000030
  0.000131   0.000052   0.000030
 -0.000126  -0.000021  -0.000006
  0.000101   0.000001   0.000016
  0.003916  -0.006102   0.005887
  0.000102  -0.000216   0.000491
  0.006149   0.013358   0.031525
 -0.000089   0.000343  -0.000435
 -0.010715  -0.001889  -0.024954
  0.000600  -0.000095  -0.000087
 -0.000096   0.000001   0.000050
  0.000090   0.000083   0.000028
 -0.000802  -0.000006   0.000063
 -0.000102  -0.000022   0.000017
 -0.000589  -0.000338   0.000228
 -0.000124   0.000031  -0.000097
  0.000017  -0.000014   0.000008
 -0.000558   0.000670   0.000128
  0.000024   0.000014   0.000058
  0.000023   0.000061  -0.000002
  0.000062  -0.000016   0.000019
  0.000169   0.000151  -0.000223
 -0.000454   0.000157  -0.000978
  0.000515   0.000260   0.000545
 -0.000213   0.000105   0.000068
 -0.000593   0.000126  -0.000870
   81    2  0.0000  0.0150 -0.0000
  0.000159  -0.000142   0.000093
 -0.000081  -0.000104   0.000020
  0.000026   0.000056  -0.000036
 -0.000021   0.000051   0.000030
  0.000353   0.000184   0.000129
 -0.000020   0.000069  -0.000036
  0.000025   0.000041   0.000022
 -0.000005   0.000068  -0.000062
  0.000005   0.000218   0.000019
  0.000005   0.000249  -0.000005
  0.000005   0.000020   0.000015
 -0.000002   0.000015  -0.000008
 -0.000001  -0.000164  -0.000107
 -0.000030  -0.000041   0.000017
  0.000018   0.000244   0.000012
 -0.000041   0.000292   0.000008
 -0.000046  -0.000009   0.000036
  0.000025  -0.000004  -0.000014
 -0.000007  -0.000033   0.000006
  0.000013  -0.000034   0.000014
  0.000058   0.000043  -0.000151
  0.000025   0.000007   0.000038
 -0.000033   0.000057   0.000006
  0.000020   0.000048  -0.000005
 -0.000000  -0.000002   0.000000
  0.000007   0.000001  -0.000004
 -0.000126  -0.000034   0.000018
 -0.000017  -0.000031   0.000017
  0.000134   0.000098   0.000155
 -0.000034   0.000052  -0.000053
  0.000007   0.000004   0.000018
 -0.000002  -0.000014  -0.000014
  0.000012  -0.000082   0.000033
  0.000019  -0.000099  -0.000015
 -0.006477  -0.001007   0.004597
 -0.000211   0.001410  -0.000058
  0.000003   0.000017  -0.000031
 -0.000036   0.000072  -0.000026
  0.012040   0.065559   0.077776
 -0.000189   0.000036   0.000527
  0.000058   0.000451  -0.000074
 -0.000065   0.000641  -0.000378
  0.000027  -0.000092  -0.000052
 -0.000024  -0.000107   0.000053
  0.000004  -0.000047  -0.000061
 -0.000006  -0.000060   0.000056
 -0.000003  -0.000029  -0.000003
  0.000005  -0.000040   0.000001
 -0.000019  -0.000035   0.000003
  0.000023  -0.000045  -0.000007
  0.000020  -0.000109   0.000026
 -0.000018  -0.000126  -0.000035
 -0.000040  -0.000093   0.000051
  0.000046  -0.000122  -0.000073
  0.000032  -0.000048   0.000008
  0.000023  -0.000107   0.000011
  0.000006   0.000020  -0.000001
 -0.000001   0.000010   0.000005
 -0.000023   0.000002  -0.000001
  0.000011   0.000004   0.000003
  0.000000   0.000014   0.000001
  0.000001   0.000016  -0.000002
  0.000011   0.000004  -0.000006
 -0.000005  -0.000017  -0.000052
 -0.000006   0.000016   0.000003
  0.000014   0.000013  -0.000004
  0.000005  -0.000010   0.000029
  0.000007   0.000050  -0.000006
  0.000550   0.000606   0.000177
 -0.000027   0.000031   0.000051
 -0.000008   0.000016  -0.000011
  0.000010   0.000010   0.000011
  0.000022   0.000062   0.000001
 -0.000527   0.000605  -0.000392
  0.000116  -0.000021  -0.000004
 -0.000415  -0.000234  -0.000127
  0.000534  -0.001241   0.000696
 -0.000016   0.000149  -0.000091
 -0.000005   0.000015  -0.000004
 -0.000006   0.000056   0.000030
 -0.011593  -0.063076  -0.086656
 -0.000064  -0.000069  -0.000056
  0.000039   0.000111   0.000063
  0.000064   0.000068   0.000028
 -0.000127  -0.000025  -0.000065
  0.000074   0.000115   0.000007
 -0.007450  -0.005934  -0.000922
 -0.000614   0.000413   0.000376
  0.000149  -0.001739  -0.017669
  0.000109   0.000117   0.000368
  0.012433   0.005242   0.020648
  0.000242  -0.000202  -0.000083
  0.000045   0.000083   0.000058
 -0.000090   0.000073   0.000013
 -0.000065   0.000015   0.000026
 -0.000011   0.000014   0.000000
 -0.000349  -0.000022  -0.000201
  0.000011   0.000114   0.000074
 -0.000150  -0.000048  -0.000074
  0.000789  -0.000222  -0.000264
 -0.000068  -0.000187   0.000092
 -0.000070  -0.000057   0.000333
 -0.000115  -0.000269  -0.000004
  0.000149  -0.000553   0.000424
 -0.000026  -0.001321   0.000524
 -0.000329  -0.000381  -0.000698
  0.000611   0.000438   0.000077
  0.000512  -0.000013   0.000763
   81    3  0.0000 -0.0000  0.0150
 -0.000058   0.000041  -0.000009
 -0.000026   0.000043   0.000097
  0.000001   0.000004  -0.000005
  0.000007   0.000005  -0.000010
 -0.000330  -0.000228  -0.000077
 -0.000080  -0.000015   0.000015
  0.000020   0.000001  -0.000019
  0.000006   0.000003   0.000003
  0.000015  -0.000036   0.000013
 -0.000005  -0.000034  -0.000008
 -0.000001   0.000002  -0.000016
  0.000011  -0.000005   0.000020
 -0.000012  -0.000055  -0.000040
  0.000008   0.000003  -0.000001
 -0.000026  -0.000054   0.000031
  0.000014  -0.000034  -0.000011
 -0.000043  -0.000002   0.000025
 -0.000005   0.000005   0.000002
  0.000004   0.000005  -0.000000
  0.000000   0.000006  -0.000001
 -0.000041  -0.000013   0.000019
 -0.000005  -0.000019  -0.000010
 -0.000006  -0.000000   0.000000
  0.000002  -0.000005  -0.000004
 -0.000016   0.000000   0.000006
  0.000000   0.000004  -0.000004
 -0.000067  -0.000038   0.000006
  0.000009   0.000010  -0.000005
  0.000170   0.000180   0.000094
 -0.000020   0.000014  -0.000023
  0.000002   0.000011  -0.000003
  0.000004   0.000009   0.000004
  0.000008   0.000032  -0.000000
  0.000016   0.000043  -0.000019
 -0.001235   0.003849   0.000571
 -0.000768   0.000333   0.000096
  0.000003   0.000004   0.000005
 -0.000013   0.000029  -0.000035
  0.142148   0.079445   0.426444
  0.000936  -0.000028   0.000358
 -0.000024  -0.000155  -0.000131
  0.000048  -0.000283   0.000184
  0.000000   0.000023   0.000000
  0.000007   0.000025  -0.000009
 -0.000004   0.000019  -0.000002
  0.000005   0.000017  -0.000009
  0.000001   0.000011  -0.000006
  0.000005   0.000015  -0.000002
  0.000004   0.000016  -0.000007
 -0.000003   0.000013  -0.000002
 -0.000009   0.000022  -0.000015
  0.000003   0.000025   0.000004
  0.000009   0.000025  -0.000032
 -0.000002   0.000029   0.000006
  0.000004   0.000006   0.000017
 -0.000092   0.000010  -0.000053
  0.000001  -0.000005  -0.000004
  0.000007  -0.000009   0.000000
 -0.000014  -0.000004  -0.000003
 -0.000001  -0.000006  -0.000002
  0.000004  -0.000004  -0.000002
  0.000000  -0.000003  -0.000003
 -0.000011  -0.000016  -0.000002
  0.000013  -0.000002  -0.000007
  0.000004  -0.000003   0.000002
 -0.000005  -0.000001  -0.000006
  0.000002  -0.000007   0.000015
  0.000002  -0.000001  -0.000008
 -0.000008  -0.000004  -0.000075
  0.000007   0.000010   0.000019
  0.000004   0.000003  -0.000002
 -0.000000   0.000000  -0.000003
 -0.000017  -0.000051   0.000035
  0.000126   0.000038  -0.000364
 -0.000021  -0.000012  -0.000002
 -0.000193  -0.000065  -0.000055
  0.000814   0.000026   0.000263
  0.000079  -0.000223   0.000035
  0.000007  -0.000002   0.000004
  0.000002   0.000014  -0.000014
 -0.150717  -0.086875  -0.445733
  0.000012   0.000048   0.000145
  0.000054  -0.000037  -0.000008
 -0.000019  -0.000033   0.000004
  0.000052  -0.000013   0.000034
 -0.000043   0.000005  -0.000077
  0.001495   0.001851  -0.003569
 -0.000673   0.001777   0.000191
 -0.000056   0.000345   0.006394
 -0.000490  -0.000399  -0.000658
  0.008427  -0.000295   0.015235
 -0.000212   0.000051  -0.000194
 -0.000003   0.000008  -0.000021
  0.000119  -0.000011  -0.000075
  0.000226  -0.000002  -0.000020
  0.000024   0.000012  -0.000019
  0.000271   0.000129   0.000298
  0.000033  -0.000076  -0.000027
  0.000005   0.000024  -0.000035
  0.000259  -0.000298   0.000054
  0.000001   0.000022   0.000066
 -0.000073   0.000057  -0.000139
  0.000048   0.000165   0.000048
 -0.000195   0.000266  -0.000058
 -0.000413   0.000197  -0.000109
  0.000102  -0.000041   0.000200
  0.000111   0.000015  -0.000069
  0.000272   0.000102   0.000875
   83    1  0.0150  0.0000  0.0000
  0.403547  -0.117597  -0.138578
  0.000970   0.000413  -0.000537
  0.000077   0.000078  -0.000012
  0.000008   0.000017  -0.000023
  0.003528   0.001426   0.000520
  0.002202  -0.002103   0.000932
 -0.000061   0.000045   0.000094
  0.000018   0.000134  -0.000055
 -0.000064   0.000526  -0.000014
  0.000311  -0.000165  -0.000041
  0.000022   0.000008   0.000163
 -0.000005  -0.000009  -0.000022
 -0.000361  -0.000125  -0.000500
  0.000009   0.000073   0.000155
  0.000119   0.000412  -0.000017
 -0.000400   0.000174  -0.000010
  0.000130   0.000043  -0.000041
  0.000350  -0.000248  -0.000265
  0.000011  -0.000173   0.000076
  0.000010  -0.000030   0.000022
  0.039039  -0.045012   0.009505
 -0.000133  -0.000287   0.000571
 -0.000051   0.000157   0.000022
 -0.000058  -0.000009   0.000063
  0.000053  -0.000120  -0.000043
  0.000037   0.000179  -0.000269
  0.000010  -0.000023  -0.000002
 -0.000217   0.000020   0.000098
 -0.000058  -0.000043  -0.000017
 -0.000070   0.000094   0.000141
  0.000029  -0.000019   0.000040
  0.000003  -0.000008   0.000013
 -0.000378  -0.000257   0.000432
 -0.000004  -0.000080  -0.000040
 -0.000214  -0.000089  -0.000190
  0.000198   0.001132  -0.001439
 -0.000033  -0.000095  -0.000186
 -0.000014   0.000014   0.000019
 -0.000064   0.000131   0.000077
 -0.001946  -0.001479  -0.001741
 -0.000412   0.001059  -0.003001
 -0.000042   0.000370   0.000026
  0.000047  -0.000178  -0.000076
  0.000030  -0.000071   0.000018
  0.000014  -0.000133  -0.000129
 -0.000035   0.000009  -0.000039
 -0.000011  -0.000080  -0.000009
  0.000123  -0.000024   0.000052
 -0.000041  -0.000104   0.000016
 -0.000141   0.000030   0.000013
  0.000049  -0.000297   0.000082
 -0.000016   0.000102   0.000016
 -0.000097  -0.000220   0.000126
  0.000074  -0.000107  -0.000065
  0.003662   0.000983   0.000491
  0.000047   0.000111   0.000906
  0.000045   0.000139  -0.000002
 -0.000002   0.000016   0.000001
 -0.000018   0.000029  -0.000001
  0.000010   0.000097   0.000236
 -0.000031   0.000035   0.000017
  0.000007   0.000009  -0.000001
  0.002792  -0.006900  -0.004749
 -0.000026   0.000018  -0.000050
 -0.000038  -0.000005  -0.000007
  0.000042   0.000080  -0.000018
 -0.000001   0.000029  -0.000006
 -0.000086  -0.000032  -0.000029
 -0.000048   0.000044   0.000073
 -0.000196  -0.000183   0.000008
 -0.000030   0.000005  -0.000020
 -0.000016  -0.000021  -0.000009
 -0.000547   0.000186  -0.000450
  0.000018   0.000074  -0.000065
  0.002143  -0.000671   0.000390
  0.000306   0.000052   0.000093
 -0.000074   0.000068   0.000007
 -0.000177   0.000019   0.000107
 -0.000111   0.000052   0.000002
  0.000006   0.000005   0.000013
 -0.000124   0.000001   0.000031
  0.000077  -0.000081   0.000002
 -0.719677   0.290120   0.118511
  0.000109  -0.000623   0.000120
  0.091342  -0.108250   0.050409
 -0.000398  -0.000295  -0.000447
 -0.001646  -0.000111  -0.001430
  0.001210  -0.001016   0.002527
 -0.000136  -0.000076  -0.000156
  0.017771   0.000691  -0.000255
  0.000136  -0.000051  -0.000150
  0.003760   0.002491  -0.002103
  0.125234   0.013500  -0.048775
 -0.001046   0.000086  -0.000678
 -0.001399   0.000122   0.000608
 -0.001753   0.001184   0.000824
  0.000287  -0.006239  -0.000891
 -0.000841   0.002045  -0.001771
 -0.000227   0.000014  -0.002299
 -0.000218  -0.000079  -0.000033
  0.002380  -0.002670   0.002172
  0.000005  -0.000158  -0.000051
  0.001327  -0.000441   0.001058
  0.000040  -0.000279   0.000063
  0.043220  -0.030374   0.015308
 -0.001971   0.005296  -0.001540
 -0.011099   0.003374   0.006056
 -0.000132   0.000117   0.000022
   83    2  0.0000  0.0150 -0.0000
 -0.103156   0.152454   0.030888
  0.001182  -0.000480  -0.000623
 -0.000126  -0.000123   0.000124
  0.000068  -0.000126  -0.000070
 -0.001658  -0.002987  -0.001710
 -0.003568   0.001018   0.000489
  0.000058  -0.000058  -0.000125
 -0.000220  -0.000028   0.000199
  0.000008  -0.001206  -0.000018
 -0.000203  -0.000891   0.000037
 -0.000028  -0.000036  -0.000149
  0.000004  -0.000025   0.000020
  0.000330   0.000266   0.001190
  0.000166  -0.000149   0.000321
  0.000036  -0.000892  -0.000059
  0.000151  -0.000780   0.000053
 -0.000379  -0.000068   0.000080
 -0.000205  -0.000096   0.000055
  0.000004   0.000197  -0.000088
 -0.000013   0.000110   0.000028
 -0.077940   0.055874  -0.054445
 -0.000523   0.000058   0.000218
  0.000096  -0.000237  -0.000063
 -0.000038  -0.000115   0.000007
 -0.000136   0.000166   0.000077
  0.000252   0.000103  -0.000057
 -0.000032   0.000101   0.000047
  0.000131  -0.000086  -0.000068
  0.000318   0.000222   0.000092
  0.000041   0.000056  -0.000048
 -0.000041   0.000086  -0.000085
  0.000016   0.000043   0.000038
  0.000284   0.000459  -0.000256
 -0.000041   0.000234   0.000144
 -0.000238   0.000291   0.000197
  0.001196   0.000871   0.000310
  0.000008   0.000074   0.000198
  0.000014  -0.000019  -0.000075
  0.000141   0.000129   0.000334
  0.000358   0.000551  -0.000344
  0.000089  -0.002500   0.000710
  0.000016  -0.000945  -0.000328
 -0.000112   0.000413   0.000209
  0.000052   0.000344  -0.000167
 -0.000033   0.000320   0.000300
  0.000050   0.000247  -0.000209
 -0.000017   0.000176   0.000012
 -0.000069   0.000131  -0.000030
  0.000098   0.000233  -0.000024
  0.000029   0.000154   0.000015
 -0.000088   0.000671  -0.000168
  0.000093   0.000471   0.000146
  0.000148   0.000427  -0.000210
 -0.000153   0.000356   0.000191
  0.016410  -0.003794  -0.002972
 -0.000655   0.000526   0.000030
 -0.000024  -0.000121  -0.000001
 -0.000008  -0.000055   0.000002
 -0.000018  -0.000146  -0.000038
  0.000024  -0.000096  -0.000040
  0.000015  -0.000060  -0.000019
 -0.000005  -0.000049   0.000009
 -0.008717  -0.004694   0.001340
 -0.000151   0.000024   0.000175
  0.000043   0.000007   0.000031
 -0.000055  -0.000079  -0.000019
 -0.000007  -0.000014   0.000031
  0.000047  -0.000025   0.000011
  0.000136  -0.000028  -0.000183
  0.000032   0.000041  -0.000006
  0.000064  -0.000028   0.000060
 -0.000035  -0.000014  -0.000038
  0.000334  -0.000136   0.000429
 -0.000245  -0.000165   0.000350
 -0.000245  -0.000039   0.000095
 -0.001382  -0.000303  -0.000229
  0.000100   0.000035   0.000049
  0.000118   0.000126  -0.000013
  0.000078  -0.000042   0.000025
 -0.000040  -0.000010  -0.000016
  0.000078   0.000179  -0.000019
 -0.000032   0.000129   0.000011
  0.289707  -0.425146   0.144096
  0.000637   0.001866   0.000953
 -0.060352   0.028864  -0.047466
  0.000932  -0.000031  -0.000393
  0.001347  -0.001108   0.001276
 -0.001601  -0.000622  -0.000939
  0.000031  -0.000510  -0.000053
 -0.000621  -0.002760   0.000705
  0.000388  -0.000020   0.000164
 -0.002041  -0.000260   0.000178
 -0.027820   0.149276  -0.049322
  0.000962   0.004649  -0.006704
  0.000788   0.003882   0.000177
  0.003151   0.000050  -0.000172
 -0.003248   0.008146   0.001967
  0.001071  -0.001649   0.001465
 -0.000184  -0.000149   0.000360
  0.001077   0.000243  -0.000082
 -0.000995   0.001585  -0.000454
  0.000156   0.000436   0.000287
 -0.001287   0.001783  -0.000307
  0.000155   0.000576  -0.000161
 -0.033210   0.036952  -0.015037
  0.005297   0.000565  -0.001985
  0.004488  -0.002801  -0.004855
 -0.001104  -0.000443  -0.000063
   83    3  0.0000 -0.0000  0.0150
 -0.154654   0.046599   0.206768
 -0.002065  -0.001219   0.001273
  0.000007   0.000002  -0.000014
 -0.000029   0.000028  -0.000013
 -0.002522  -0.001086  -0.000458
  0.004906  -0.000381  -0.000001
  0.000017   0.000063   0.000051
 -0.000009  -0.000043  -0.000037
 -0.000079   0.000184  -0.000019
  0.000229   0.000512   0.000043
  0.000014   0.000031   0.000051
 -0.000007   0.000005  -0.000033
  0.000367   0.000004   0.000503
 -0.000141  -0.000150   0.000126
  0.000071   0.000176  -0.000023
 -0.000005   0.000035  -0.000003
 -0.000118   0.000010   0.000096
 -0.000140  -0.000203   0.000122
 -0.000005  -0.000028   0.000022
  0.000004  -0.000032  -0.000005
  0.069047  -0.092203   0.064200
  0.001735   0.000770   0.001074
  0.000003   0.000019  -0.000007
 -0.000011   0.000015   0.000014
 -0.000003   0.000081   0.000037
 -0.000090   0.000100  -0.000237
  0.000020  -0.000010  -0.000025
 -0.000010  -0.000124   0.000296
  0.000058   0.000087   0.000069
  0.000134   0.000069   0.000120
  0.000008  -0.000030   0.000028
 -0.000006  -0.000013  -0.000008
 -0.000117  -0.000071  -0.000023
  0.000016  -0.000069  -0.000058
 -0.000001   0.000090   0.000297
 -0.000776  -0.000911   0.000595
 -0.000022  -0.000055  -0.000088
 -0.000005  -0.000001   0.000028
 -0.000023  -0.000022  -0.000166
 -0.000345  -0.000289  -0.000201
 -0.000280   0.001041   0.000526
  0.000031   0.000346   0.000288
  0.000007  -0.000075  -0.000029
 -0.000007  -0.000031   0.000011
  0.000023  -0.000070  -0.000036
 -0.000049  -0.000122   0.000083
 -0.000009  -0.000039  -0.000003
  0.000005  -0.000011  -0.000005
  0.000009  -0.000046   0.000005
 -0.000062  -0.000060  -0.000014
  0.000027  -0.000129   0.000043
 -0.000084  -0.000282  -0.000085
 -0.000028  -0.000102   0.000049
  0.000019  -0.000033  -0.000018
 -0.030817   0.015138   0.009008
  0.000906   0.000822  -0.000732
 -0.000008   0.000030   0.000010
 -0.000005   0.000030  -0.000004
  0.000003  -0.000001  -0.000041
 -0.000047   0.000063  -0.000001
 -0.000010   0.000010   0.000007
  0.000005   0.000021  -0.000005
  0.000836  -0.002356  -0.006818
 -0.000059  -0.000228   0.000318
 -0.000025   0.000032   0.000003
  0.000011   0.000050   0.000034
  0.000001   0.000038   0.000009
 -0.000032  -0.000050   0.000013
  0.000045   0.000002  -0.000108
 -0.000092  -0.000062  -0.000118
 -0.000008  -0.000002  -0.000005
  0.000007  -0.000003  -0.000001
  0.000069   0.000035  -0.000683
  0.000050  -0.000041   0.000008
 -0.000994  -0.000041  -0.000753
 -0.000453  -0.000093  -0.000239
  0.000030   0.000029   0.000040
 -0.000074  -0.000084   0.000040
 -0.000006  -0.000012  -0.000019
  0.000015   0.000009   0.000005
 -0.000030   0.000062  -0.000004
  0.000043  -0.000034   0.000008
  0.118171   0.144146  -0.556890
  0.000137  -0.000930  -0.001463
 -0.040493   0.009720  -0.008234
 -0.001615   0.000193   0.001349
 -0.000130  -0.000188  -0.001122
  0.002492   0.000462   0.000002
 -0.000143   0.000140  -0.000179
 -0.002346   0.000091  -0.003064
  0.000060  -0.000229   0.000020
  0.000021   0.000523   0.000820
  0.027924  -0.098193   0.255429
 -0.002599  -0.009418   0.009574
  0.001090   0.001027  -0.000525
 -0.002787  -0.000577   0.001227
 -0.000105   0.005196   0.001870
 -0.001906   0.001967   0.000190
 -0.000119   0.000685   0.001836
  0.000165   0.000002   0.000466
  0.000365  -0.000004  -0.000509
 -0.000126  -0.000299  -0.000227
  0.000819  -0.000717  -0.000147
 -0.000083  -0.000201  -0.000060
  0.017305  -0.014582   0.017899
 -0.002050  -0.002684   0.006658
  0.000899  -0.002602   0.000296
  0.000640   0.000782  -0.000397
   85    1  0.0150  0.0000  0.0000
  0.210506  -0.112694   0.077211
  0.000375   0.000446   0.000175
  0.000102   0.000100  -0.000039
 -0.000007   0.000048   0.000010
  0.001724   0.002290   0.001101
  0.002490  -0.001584   0.000499
 -0.000047   0.000079   0.000125
  0.000054   0.000022  -0.000086
 -0.000059   0.000816  -0.000022
  0.000224   0.000018  -0.000048
  0.000025  -0.000005   0.000226
 -0.000002   0.000002  -0.000018
 -0.000177  -0.000199  -0.000440
 -0.000229   0.000015  -0.000034
  0.000110   0.000581  -0.000013
 -0.000438   0.000448  -0.000009
  0.000200   0.000054  -0.000036
  0.000427   0.000066  -0.000055
  0.000018  -0.000214   0.000081
  0.000013  -0.000058   0.000007
  0.220709  -0.001928  -0.137131
 -0.000131  -0.000343  -0.000623
 -0.000074   0.000212   0.000034
 -0.000022   0.000008   0.000049
  0.000081  -0.000091  -0.000067
 -0.000047  -0.000045   0.000027
  0.000008  -0.000062  -0.000024
 -0.000180  -0.000023   0.000150
 -0.000153  -0.000085  -0.000038
 -0.000125   0.000089  -0.000029
  0.000023  -0.000048   0.000037
 -0.000001  -0.000014  -0.000004
 -0.000527  -0.000437   0.000391
  0.000007  -0.000106  -0.000078
 -0.000178   0.000035   0.000057
 -0.002198  -0.001054  -0.002252
 -0.000006  -0.000055  -0.000193
 -0.000004   0.000011   0.000044
 -0.000093  -0.000015  -0.000199
 -0.001183  -0.002685   0.001800
  0.000069   0.001562  -0.002433
  0.000006   0.000466   0.000250
  0.000069  -0.000255  -0.000115
  0.000010  -0.000169   0.000070
  0.000023  -0.000199  -0.000195
 -0.000028  -0.000048   0.000025
 -0.000006  -0.000110  -0.000009
  0.000130  -0.000067   0.000055
 -0.000062  -0.000150   0.000025
 -0.000078  -0.000016   0.000008
  0.000067  -0.000445   0.000128
 -0.000023  -0.000024  -0.000007
 -0.000128  -0.000301   0.000171
  0.000114  -0.000223  -0.000114
 -0.009996   0.011233  -0.004925
  0.001095  -0.000209   0.000136
  0.000074   0.000147  -0.000015
  0.000002   0.000028  -0.000003
  0.000015   0.000064   0.000017
  0.000094   0.000023   0.000030
 -0.000023   0.000051   0.000022
  0.000009   0.000018  -0.000003
 -0.008605   0.002942   0.008933
  0.000053  -0.000131  -0.000036
 -0.000043   0.000007  -0.000013
  0.000065   0.000048  -0.000005
 -0.000005   0.000028  -0.000012
 -0.000101   0.000040  -0.000027
 -0.000084   0.000040   0.000069
 -0.000189  -0.000114   0.000058
 -0.000043   0.000006  -0.000032
 -0.000008  -0.000013   0.000001
 -0.001461  -0.000209   0.000446
  0.000079  -0.000032  -0.000121
  0.002145   0.000046   0.000598
  0.000917   0.000069   0.000125
 -0.000088  -0.000025   0.000014
 -0.000093  -0.000141   0.000048
 -0.000127   0.000103  -0.000008
  0.000014  -0.000002   0.000011
 -0.000169  -0.000200   0.000043
  0.000042  -0.000104  -0.000036
  0.091406  -0.060322  -0.040538
 -0.000394  -0.000953  -0.001621
 -0.676904   0.276986   0.145306
 -0.000892  -0.000335  -0.000071
 -0.000006   0.000092  -0.000034
  0.004950   0.001813   0.000709
  0.000164   0.000033  -0.000121
  0.004106   0.002299  -0.000277
  0.000434  -0.000189   0.000106
  0.009978  -0.001106  -0.002445
  0.094864  -0.073625  -0.023663
 -0.001419  -0.000434   0.000528
 -0.001047  -0.001034   0.000001
 -0.002533   0.000602   0.001636
  0.000030  -0.003412  -0.000835
 -0.000884   0.001865  -0.001140
  0.002687  -0.002674  -0.006229
 -0.000568   0.000098   0.000122
  0.003604  -0.003748   0.000470
 -0.000055  -0.000243  -0.000201
  0.001250  -0.001339   0.000664
 -0.000008  -0.000244   0.000016
 -0.006044   0.004615  -0.005178
 -0.006684   0.000537   0.008082
  0.068710  -0.036816  -0.018938
  0.000316   0.000201  -0.000109
   85    2  0.0000  0.0150 -0.0000
 -0.115977   0.246164  -0.124256
  0.000468  -0.000003  -0.000524
 -0.000147  -0.000150   0.000012
  0.000053  -0.000101  -0.000033
 -0.000993  -0.001814  -0.001122
 -0.004938   0.002283   0.000027
  0.000029  -0.000116  -0.000177
  0.000023  -0.000158   0.000083
  0.000114  -0.001172   0.000012
 -0.000321  -0.000476   0.000078
 -0.000043  -0.000006  -0.000231
  0.000011  -0.000024   0.000051
  0.000081   0.000296   0.000395
  0.000138   0.000266   0.000408
 -0.000171  -0.000973   0.000005
  0.000417  -0.000599   0.000133
 -0.000151  -0.000016  -0.000001
  0.000035   0.000545   0.000506
 -0.000078   0.000351  -0.000202
 -0.000017   0.000108   0.000018
 -0.001409   0.127288  -0.039296
 -0.000995  -0.000565  -0.000043
  0.000087  -0.000248  -0.000047
  0.000021  -0.000126  -0.000036
 -0.000086   0.000105   0.000057
  0.000050  -0.000226   0.000412
 -0.000042   0.000121   0.000067
  0.000297   0.000053  -0.000269
  0.000120   0.000044   0.000002
 -0.000174   0.000072  -0.000143
 -0.000051   0.000031  -0.000058
  0.000013   0.000034   0.000034
  0.000838   0.000415  -0.001174
 -0.000015   0.000267   0.000145
  0.000338  -0.000207  -0.000070
 -0.000140   0.000231  -0.000655
  0.000117   0.000228   0.000343
  0.000025  -0.000021  -0.000066
 -0.000240  -0.000033  -0.000299
  0.000668   0.000278   0.001011
  0.000804   0.001022   0.007679
  0.000081  -0.001170  -0.000263
 -0.000081   0.000428   0.000200
  0.000008   0.000269  -0.000133
 -0.000053   0.000334   0.000292
  0.000061   0.000152  -0.000133
  0.000033   0.000191   0.000023
 -0.000191   0.000111  -0.000086
  0.000061   0.000244  -0.000028
  0.000122   0.000071  -0.000009
 -0.000109   0.000690  -0.000177
  0.000082   0.000254   0.000079
  0.000193   0.000505  -0.000259
 -0.000193   0.000283   0.000130
 -0.005244   0.007329  -0.000587
  0.000171  -0.000155  -0.000093
 -0.000082  -0.000248   0.000016
  0.000004  -0.000067   0.000005
  0.000003  -0.000094   0.000002
  0.000161  -0.000244  -0.000351
  0.000034  -0.000066  -0.000039
 -0.000012  -0.000050   0.000015
  0.019133  -0.002101  -0.011970
 -0.000089  -0.000126   0.000023
  0.000074  -0.000024   0.000023
 -0.000077  -0.000094   0.000005
  0.000003  -0.000076   0.000013
  0.000112   0.000073  -0.000006
  0.000047  -0.000066  -0.000022
  0.000146   0.000194   0.000117
  0.000064  -0.000014   0.000060
 -0.000019  -0.000011  -0.000021
  0.000996  -0.000608   0.000135
 -0.000158  -0.000259   0.000303
 -0.000605   0.000568  -0.000948
 -0.000429  -0.000188  -0.000081
  0.000076  -0.000097  -0.000010
  0.000229   0.000270  -0.000102
  0.000137  -0.000047  -0.000017
 -0.000045  -0.000024  -0.000020
 -0.000076  -0.000040  -0.000022
 -0.000012   0.000175  -0.000007
 -0.108151   0.028753   0.009706
  0.000297  -0.000043  -0.000156
  0.276949  -0.431438   0.171250
  0.000339  -0.000037  -0.000620
 -0.000020   0.000283   0.000306
 -0.000975   0.000313  -0.000391
 -0.000063   0.000047   0.000273
 -0.002509   0.000016   0.000618
 -0.000246   0.000160  -0.000208
  0.002004  -0.000613   0.000724
 -0.022070  -0.012416  -0.017360
 -0.000088   0.001124  -0.000709
  0.000573   0.000894   0.000220
  0.003766  -0.000555  -0.001599
  0.000156   0.002345   0.000978
  0.001990  -0.002698   0.000515
 -0.003687   0.000330   0.005191
  0.000379   0.000393  -0.000136
 -0.007574   0.008497  -0.006150
  0.000041   0.000556   0.000291
 -0.001988  -0.001260  -0.001950
 -0.000018   0.000781  -0.000168
  0.005070  -0.006882   0.003282
 -0.000925   0.001138  -0.001515
 -0.036366   0.031688   0.008923
 -0.000192  -0.000815  -0.000145
   85    3  0.0000 -0.0000  0.0150
  0.079412  -0.122372   0.243167
 -0.000922  -0.000897  -0.000518
  0.000036  -0.000021  -0.000013
 -0.000006   0.000019   0.000010
  0.000303   0.000707   0.000449
 -0.000100   0.000167  -0.000216
  0.000002  -0.000008   0.000013
 -0.000144   0.000038   0.000005
 -0.000008   0.000226   0.000014
  0.000010   0.000179   0.000003
  0.000036  -0.000026   0.000112
  0.000000   0.000002  -0.000003
 -0.000066  -0.000091  -0.000231
 -0.000308  -0.000209   0.000025
  0.000002   0.000118   0.000009
 -0.000100   0.000199   0.000008
  0.000093  -0.000009  -0.000030
 -0.000192   0.000172   0.000209
  0.000035  -0.000064   0.000123
 -0.000001  -0.000012  -0.000010
 -0.138345  -0.037593   0.337160
  0.001326   0.000857   0.000421
 -0.000009   0.000038   0.000024
  0.000031  -0.000002  -0.000007
  0.000029  -0.000042  -0.000017
  0.000147  -0.000019   0.000138
  0.000017  -0.000030  -0.000012
  0.000049  -0.000050  -0.000057
 -0.000064  -0.000076  -0.000033
  0.000053  -0.000150   0.000037
  0.000020  -0.000024   0.000028
  0.000005  -0.000003  -0.000004
 -0.000339  -0.000239   0.000246
  0.000001  -0.000029  -0.000021
 -0.000159   0.000136   0.000172
  0.000659   0.000872   0.000329
 -0.000134  -0.000194  -0.000181
 -0.000003   0.000006   0.000008
  0.000226  -0.000146   0.000002
  0.000007  -0.000016  -0.000334
 -0.000888   0.000115  -0.001639
  0.000011   0.000070   0.000055
  0.000002  -0.000064  -0.000022
  0.000023  -0.000078   0.000027
  0.000017  -0.000075  -0.000061
 -0.000014  -0.000049   0.000046
 -0.000008  -0.000031  -0.000001
  0.000066  -0.000041   0.000006
 -0.000002  -0.000049   0.000005
 -0.000013  -0.000031  -0.000010
  0.000027  -0.000144   0.000036
 -0.000020  -0.000078  -0.000031
 -0.000029  -0.000068   0.000032
  0.000078  -0.000095  -0.000052
  0.026122  -0.022121   0.010581
  0.000103  -0.000331  -0.000301
  0.000036   0.000070   0.000006
  0.000004   0.000011   0.000002
  0.000013   0.000028   0.000010
  0.000004  -0.000192  -0.000132
 -0.000001  -0.000002   0.000027
  0.000002   0.000011  -0.000003
 -0.021603   0.006031   0.014049
  0.000164   0.000057  -0.000033
 -0.000009  -0.000003  -0.000009
  0.000004  -0.000000   0.000010
  0.000003   0.000004  -0.000009
  0.000023   0.000011   0.000039
 -0.000025  -0.000003   0.000038
  0.000059   0.000017  -0.000015
 -0.000019  -0.000011  -0.000009
  0.000000   0.000002   0.000006
  0.004001  -0.001007  -0.003203
  0.000005  -0.000039  -0.000006
 -0.003026   0.000160  -0.001770
  0.000438  -0.000059   0.000052
 -0.000039   0.000002  -0.000003
 -0.000058   0.000092  -0.000023
  0.000145  -0.000087   0.000009
  0.000001   0.000002   0.000002
 -0.000020  -0.000079   0.000036
  0.000053  -0.000011  -0.000083
  0.050554  -0.047399  -0.008445
 -0.000461   0.000398   0.001320
  0.145404   0.171271  -0.651166
 -0.000058   0.000617   0.000811
 -0.000027  -0.000028  -0.000205
 -0.003309  -0.000192   0.000308
 -0.000049   0.000084  -0.000060
  0.000701  -0.000201   0.000473
  0.000011   0.000089   0.000240
 -0.001953   0.001373  -0.002943
 -0.115024   0.042630   0.023542
  0.000903  -0.000954   0.001120
 -0.000396  -0.000814  -0.000106
  0.000423   0.000363   0.003558
  0.000362  -0.001201  -0.000750
  0.000495  -0.000392   0.001628
 -0.007095   0.006183   0.017123
 -0.000242   0.000131   0.000070
  0.001473  -0.004212   0.001236
 -0.000025  -0.000048  -0.000046
  0.000129   0.000295   0.003554
 -0.000007  -0.000056  -0.000005
 -0.004931   0.002751  -0.001097
  0.005734  -0.003402  -0.007849
 -0.019979   0.009292   0.019078
  0.000139   0.000069  -0.000072
   87    1  0.0150  0.0000  0.0000
  0.000061   0.000239  -0.000363
  0.000306  -0.000496  -0.001530
  0.000004   0.000002   0.000004
 -0.000055   0.000073   0.000004
 -0.001111  -0.000560   0.000085
 -0.000551   0.000598  -0.000317
 -0.000228  -0.000047  -0.000056
  0.000014   0.000064  -0.000077
 -0.000154  -0.000195   0.000027
  0.000039   0.000368   0.000018
  0.000002  -0.000009   0.000019
  0.000001   0.000012  -0.000058
 -0.000317  -0.000141  -0.000152
  0.000023  -0.000092   0.000102
  0.000269  -0.000000   0.000151
 -0.000094   0.000314   0.000022
 -0.000237   0.000099   0.000212
 -0.000036   0.000016  -0.000002
 -0.000008  -0.000037  -0.000008
  0.000026  -0.000121   0.000007
 -0.000287   0.000078   0.000085
 -0.001795  -0.002605  -0.001408
  0.000011  -0.000014  -0.000036
  0.000036   0.000105  -0.000001
  0.000115  -0.000111  -0.000031
 -0.000017  -0.000026   0.000020
  0.000115   0.000263  -0.000266
 -0.000013  -0.000035   0.000019
  0.000303   0.000696   0.000301
  0.000034   0.000004  -0.000019
  0.000001  -0.000008  -0.000003
 -0.000015  -0.000002  -0.000005
  0.000009  -0.000071   0.000045
 -0.000075  -0.000210  -0.000343
  0.381983  -0.185939  -0.036504
  0.000648   0.000253  -0.000136
  0.000007   0.000003  -0.000019
 -0.000075   0.000107  -0.000004
  0.055124  -0.024908   0.050657
 -0.000105   0.000421  -0.000186
  0.000020   0.000289  -0.000136
  0.000296   0.000066   0.002157
 -0.000010  -0.000022  -0.000020
 -0.000037  -0.000133   0.000059
  0.000017   0.000005   0.000031
 -0.000009  -0.000089   0.000086
 -0.000098  -0.000005  -0.000080
  0.000005  -0.000059   0.000007
  0.000064   0.000010   0.000002
  0.000030  -0.000068  -0.000008
  0.000011   0.000085  -0.000021
 -0.000032  -0.000189  -0.000057
 -0.000006   0.000025  -0.000021
  0.000069  -0.000159  -0.000090
 -0.000134   0.000109   0.000023
  0.000025   0.000047  -0.000143
  0.000003   0.000013   0.000002
 -0.000030   0.000081   0.000008
 -0.000118   0.000043  -0.000041
  0.000001   0.000019  -0.000000
 -0.000005   0.000005   0.000003
  0.000018   0.000039   0.000002
 -0.000048   0.000014   0.000002
  0.000048  -0.000089  -0.000155
 -0.000027   0.000010   0.000020
  0.000026   0.000007   0.000002
  0.000398   0.000093   0.000217
  0.000008   0.000036   0.000002
  0.000307  -0.000507  -0.000355
  0.000011   0.000027   0.000025
  0.000010  -0.000015   0.000006
  0.000014   0.000013   0.000014
 -0.000041   0.000023   0.000079
  0.000200   0.000434  -0.000984
 -0.000161   0.000039  -0.000030
 -0.002402  -0.000647   0.000272
  0.000104   0.003070  -0.000816
  0.000070  -0.000129  -0.000098
 -0.000008   0.000001  -0.000006
  0.000066   0.000125  -0.000041
  0.003944  -0.007502   0.001447
  0.000095   0.000550  -0.000648
 -0.001683   0.001302  -0.000078
  0.001195   0.001595   0.002467
 -0.000005   0.000024  -0.000175
  0.004908   0.000905  -0.003308
 -0.737216   0.283071  -0.133286
 -0.000512  -0.002556  -0.002311
  0.128514  -0.019666  -0.018243
 -0.001968  -0.000515   0.001802
  0.105208  -0.038635   0.104469
 -0.001297  -0.000097  -0.000633
  0.000156   0.000001   0.000021
  0.024219   0.004720  -0.001695
  0.001289   0.000087   0.000280
  0.000263  -0.000190   0.000010
  0.001649   0.000314   0.001434
  0.000374  -0.000785   0.000218
  0.000053  -0.000062  -0.000095
  0.004080  -0.000673   0.002186
 -0.000030  -0.000176   0.000129
  0.000884  -0.001654  -0.002218
 -0.000062  -0.000192   0.000000
 -0.000462   0.000146  -0.000275
  0.048206  -0.018207   0.037005
 -0.002996   0.002123  -0.002270
  0.000214   0.000263  -0.000020
 -0.011638   0.005101   0.003615
   87    2  0.0000  0.0150 -0.0000
  0.000087   0.000060  -0.000469
  0.000372   0.000648   0.000537
 -0.000065  -0.000084   0.000063
  0.000057  -0.000082  -0.000051
 -0.002533  -0.000710   0.000399
  0.000384  -0.000451   0.000103
 -0.000111  -0.000242  -0.000140
  0.000009  -0.000123   0.000134
  0.000054  -0.000561  -0.000036
 -0.000026  -0.000621   0.000023
 -0.000015  -0.000025  -0.000034
 -0.000007  -0.000015   0.000043
 -0.000039   0.000357  -0.000119
  0.000097   0.000162  -0.000043
 -0.000084  -0.000496  -0.000083
  0.000083  -0.000684  -0.000003
 -0.000157   0.000202   0.000164
 -0.000035   0.000009   0.000037
  0.000007   0.000089  -0.000028
 -0.000016   0.000124   0.000061
 -0.000208   0.000095   0.000224
 -0.000070  -0.000300  -0.000038
  0.000024  -0.000129  -0.000016
 -0.000054  -0.000109   0.000021
  0.000123   0.000007  -0.000025
 -0.000012   0.000035  -0.000013
  0.000074   0.000027  -0.000350
  0.000032   0.000101  -0.000047
  0.000284   0.000491   0.000149
  0.000102  -0.000119   0.000135
 -0.000018   0.000025  -0.000038
  0.000012   0.000031   0.000041
 -0.000038   0.000223  -0.000110
  0.000102   0.000215   0.000272
 -0.194478   0.240453   0.038276
 -0.000527   0.000595  -0.001566
 -0.000014  -0.000016   0.000060
  0.000008   0.000030  -0.000082
  0.002591  -0.012742   0.031430
  0.000399   0.000496   0.000521
 -0.000109  -0.000933   0.000317
 -0.000103  -0.000461  -0.001550
 -0.000051   0.000233   0.000124
  0.000049   0.000292  -0.000132
 -0.000028   0.000152   0.000147
  0.000020   0.000189  -0.000156
  0.000046   0.000093   0.000040
 -0.000021   0.000124  -0.000007
  0.000006   0.000101   0.000001
 -0.000050   0.000140   0.000015
 -0.000057   0.000287  -0.000082
  0.000050   0.000363   0.000094
  0.000098   0.000208  -0.000106
 -0.000118   0.000326   0.000174
 -0.000087   0.000152  -0.000070
  0.000051   0.000236   0.000041
 -0.000013  -0.000050   0.000001
  0.000005  -0.000075  -0.000002
  0.000006  -0.000072   0.000009
 -0.000023  -0.000014  -0.000012
 -0.000002  -0.000036  -0.000005
 -0.000013  -0.000039   0.000014
 -0.000005   0.000046   0.000029
 -0.000037   0.000019   0.000039
  0.000029  -0.000019   0.000017
 -0.000048  -0.000024   0.000000
 -0.000141  -0.000104   0.000054
 -0.000024  -0.000120   0.000012
  0.000221   0.000282  -0.000003
  0.000014  -0.000127  -0.000140
  0.000022  -0.000021   0.000034
 -0.000036  -0.000014  -0.000034
 -0.000025  -0.000118  -0.000095
 -0.000446   0.000118   0.000296
 -0.000176   0.000057   0.000001
  0.000320   0.000131  -0.000139
 -0.010649   0.010196  -0.002983
  0.000202  -0.000027   0.000080
  0.000012  -0.000022   0.000014
 -0.000061  -0.000016   0.000023
 -0.006044  -0.005870   0.001935
  0.000209   0.000459  -0.001788
 -0.000084  -0.001119  -0.000229
  0.001018  -0.000617  -0.000418
  0.000058   0.000315  -0.000020
 -0.001871   0.000307   0.000224
  0.282884  -0.383612  -0.105172
  0.002555   0.002970   0.001561
  0.014453   0.136484   0.088962
  0.000042   0.003711  -0.010334
 -0.081441  -0.004873  -0.040550
  0.000470   0.001185  -0.000721
 -0.000274  -0.000563  -0.000105
 -0.001718  -0.005040  -0.000031
  0.000633  -0.000295  -0.000149
 -0.000104  -0.000042  -0.000021
  0.002306   0.002337   0.005174
 -0.000334  -0.000064  -0.000013
  0.000281   0.000141   0.000236
 -0.000761   0.000238  -0.001133
  0.000146   0.000506  -0.000319
 -0.000398   0.001066   0.001466
  0.000269   0.000598  -0.000022
 -0.000157  -0.000047   0.000481
 -0.012603   0.015052  -0.007778
  0.002130   0.003474   0.003910
 -0.001264  -0.000834   0.000006
  0.004375  -0.004284  -0.000613
   87    3  0.0000 -0.0000  0.0150
  0.000229   0.000024  -0.000303
 -0.001377  -0.000640   0.001001
  0.000010   0.000030  -0.000023
 -0.000031   0.000053   0.000025
 -0.004385  -0.000955   0.001255
 -0.002001   0.000684  -0.000433
  0.000240   0.000058   0.000228
  0.000009   0.000017  -0.000033
  0.000038   0.000209  -0.000003
 -0.000053   0.000272  -0.000024
 -0.000002  -0.000001   0.000001
  0.000002   0.000007   0.000024
  0.000559   0.000595  -0.000407
  0.000163  -0.000137   0.000197
  0.000065   0.000455  -0.000067
  0.000032   0.000271  -0.000006
 -0.000443  -0.000082   0.000237
 -0.000071   0.000009   0.000033
 -0.000008  -0.000038   0.000015
  0.000004  -0.000059   0.000011
 -0.000334   0.000250  -0.000144
 -0.000233  -0.000050   0.000350
 -0.000019   0.000012  -0.000005
  0.000028   0.000041  -0.000014
 -0.000057   0.000150   0.000129
 -0.000011  -0.000064   0.000034
  0.000054  -0.000416  -0.000121
  0.000026  -0.000057  -0.000001
 -0.000319  -0.000018  -0.000140
 -0.000039   0.000022  -0.000029
 -0.000001  -0.000019   0.000012
 -0.000028  -0.000005   0.000003
  0.000029  -0.000075   0.000050
  0.000152   0.000001  -0.000095
 -0.054191   0.051695   0.149799
 -0.000592  -0.001572   0.001845
 -0.000000   0.000006  -0.000012
 -0.000048   0.000091  -0.000029
  0.116163  -0.008080   0.117792
  0.000146  -0.000248   0.000175
  0.000022   0.000205  -0.000132
 -0.000033  -0.000135   0.000843
  0.000021  -0.000169  -0.000062
 -0.000039  -0.000126   0.000060
  0.000005  -0.000073  -0.000043
 -0.000004  -0.000075   0.000076
  0.000000  -0.000076   0.000013
 -0.000018  -0.000058  -0.000002
 -0.000041  -0.000059   0.000015
  0.000041  -0.000058   0.000000
  0.000011  -0.000130   0.000038
 -0.000014  -0.000147  -0.000030
 -0.000068  -0.000226   0.000115
  0.000034  -0.000127  -0.000054
 -0.000050  -0.000077  -0.000032
 -0.000149  -0.000066  -0.000029
 -0.000004   0.000013   0.000001
 -0.000000   0.000010  -0.000004
 -0.000034  -0.000025  -0.000002
  0.000003   0.000013  -0.000005
  0.000000   0.000013   0.000003
 -0.000007   0.000020   0.000003
 -0.000103  -0.000014   0.000097
 -0.000037   0.000091   0.000026
 -0.000050   0.000057   0.000009
  0.000007  -0.000004   0.000007
 -0.000304   0.000238  -0.000007
  0.000014   0.000035   0.000001
  0.001310   0.001099   0.000029
  0.000041   0.000101  -0.000040
 -0.000010   0.000002  -0.000012
  0.000011   0.000018   0.000017
  0.000042  -0.000026   0.000059
 -0.000004   0.000661  -0.000816
 -0.000349  -0.000031  -0.000074
 -0.001262  -0.000320  -0.000111
 -0.031461   0.016044  -0.003258
 -0.000170   0.000066   0.000149
  0.000003  -0.000001  -0.000005
  0.000016   0.000041   0.000013
  0.006005  -0.000937  -0.003573
  0.000533  -0.000433   0.000216
 -0.001438   0.001283  -0.001115
  0.002535   0.000963  -0.000014
 -0.000081   0.000297  -0.000203
  0.000680   0.000374   0.000315
 -0.133514  -0.105430  -0.624077
 -0.002270  -0.001561  -0.000055
  0.057155   0.042881   0.285600
 -0.000033  -0.008096   0.010689
  0.009933   0.017046   0.012366
 -0.000810  -0.000818   0.001258
 -0.000233   0.000185  -0.000146
 -0.003036  -0.001130  -0.004266
  0.001963  -0.000264  -0.000289
  0.001319  -0.000047  -0.000184
  0.005930   0.004387   0.007173
  0.001839  -0.002256   0.000609
  0.000057   0.000067  -0.000027
  0.001601  -0.000935   0.000658
 -0.000108  -0.000123   0.000112
 -0.000063  -0.000066  -0.000254
 -0.000211  -0.000104   0.000050
 -0.001456   0.000632   0.000661
  0.037213  -0.010406   0.039933
 -0.004244   0.002918   0.004136
  0.000592  -0.000063  -0.000142
 -0.000932   0.002494   0.002387
   89    1  0.0150  0.0000  0.0000
  0.000006   0.000105  -0.000177
 -0.002169  -0.001577   0.002204
 -0.000018   0.000019   0.000026
 -0.000082   0.000067   0.000019
 -0.003461  -0.001428   0.000100
 -0.001928   0.000481  -0.000397
  0.000071   0.000205   0.000364
  0.000049   0.000056  -0.000086
 -0.000198  -0.000219   0.000005
  0.000061   0.000500   0.000020
  0.000003  -0.000013   0.000025
 -0.000010   0.000027  -0.000153
  0.000481   0.000579   0.000125
  0.000327  -0.000172   0.000326
  0.000505   0.000346  -0.000023
 -0.000119   0.000325   0.000021
 -0.000293  -0.000229   0.000131
 -0.000131   0.000024   0.000066
 -0.000009  -0.000030  -0.000026
  0.000022  -0.000139  -0.000083
 -0.000255   0.000037   0.000218
  0.000266   0.000934   0.001279
  0.000085  -0.000017  -0.000040
  0.000050   0.000157  -0.000015
 -0.000089   0.000094   0.000138
 -0.000043  -0.000079   0.000034
  0.000528  -0.000143  -0.000166
 -0.000024  -0.000029   0.000012
 -0.000559   0.000490  -0.000883
  0.000120  -0.000072   0.000017
 -0.000010  -0.000006  -0.000017
 -0.000017  -0.000017  -0.000041
 -0.000003  -0.000061   0.000039
 -0.000363  -0.000376  -0.000439
  0.027500  -0.034501  -0.007990
 -0.000350  -0.000068  -0.000806
  0.000012   0.000011  -0.000025
  0.000001  -0.000071   0.000138
  0.408033  -0.139345   0.099285
  0.000767   0.000251   0.000627
  0.000011   0.000302  -0.000059
  0.000090   0.000676   0.003128
 -0.000041  -0.000103  -0.000024
 -0.000037  -0.000147   0.000058
  0.000029   0.000015   0.000062
 -0.000014  -0.000122   0.000116
 -0.000154  -0.000033  -0.000059
  0.000011  -0.000068   0.000009
  0.000089   0.000026   0.000006
  0.000037  -0.000091  -0.000015
  0.000020   0.000120  -0.000011
 -0.000045  -0.000267  -0.000078
 -0.000109  -0.000156   0.000102
  0.000086  -0.000181  -0.000106
 -0.000085  -0.000002  -0.000077
  0.000024  -0.000090   0.000001
  0.000002   0.000014   0.000001
 -0.000055   0.000137   0.000005
 -0.000040   0.000036  -0.000059
  0.000002   0.000044  -0.000006
 -0.000007   0.000004  -0.000000
  0.000024   0.000039  -0.000017
 -0.000052   0.000035   0.000039
 -0.000062   0.000052  -0.000029
 -0.000075   0.000074   0.000009
  0.000031  -0.000002   0.000008
  0.000054   0.000471   0.000008
 -0.000001   0.000011   0.000006
  0.000594  -0.000332   0.000109
  0.000046  -0.000008  -0.000035
  0.000024  -0.000026   0.000013
  0.000023   0.000004   0.000016
 -0.000065   0.000062   0.000091
  0.000180  -0.000226   0.000272
 -0.000397   0.000083  -0.000074
 -0.002076  -0.000357   0.000116
  0.002416  -0.007140   0.003140
 -0.000016  -0.000131  -0.000032
 -0.000012   0.000003  -0.000011
  0.000066   0.000072  -0.000055
  0.006207   0.000248   0.000147
 -0.000096  -0.000189  -0.000462
 -0.000079  -0.000001  -0.000144
  0.017765   0.000608  -0.002397
  0.000171  -0.000060  -0.000051
  0.004068   0.002450   0.000696
  0.128572   0.014283   0.057070
 -0.001966  -0.000030  -0.000077
 -0.680534   0.270717  -0.087645
 -0.001154  -0.000808  -0.000547
  0.085509  -0.103258  -0.067694
 -0.000616  -0.000399   0.000450
 -0.000277   0.000145  -0.000263
  0.000461  -0.001092  -0.003131
  0.002352   0.000159  -0.000210
  0.000683  -0.000342  -0.000039
  0.002918   0.002551   0.002666
  0.002640  -0.004815   0.001086
  0.000272  -0.000096  -0.000033
  0.002521   0.000090   0.001469
  0.000023  -0.000158   0.000078
  0.001971  -0.002569  -0.002982
  0.000021  -0.000231  -0.000053
  0.000670  -0.000041  -0.001700
 -0.000536   0.004733   0.004958
  0.012100  -0.004591  -0.000097
 -0.000208   0.000191   0.000011
 -0.012731   0.003591  -0.001527
   89    2  0.0000  0.0150 -0.0000
 -0.000074   0.000158  -0.000132
  0.000555   0.000474   0.000501
 -0.000056  -0.000117   0.000088
  0.000111  -0.000111  -0.000118
  0.000692   0.000427   0.000203
  0.004563  -0.000930   0.000566
  0.000222  -0.000202  -0.000018
 -0.000035  -0.000107   0.000164
  0.000049  -0.000557  -0.000093
 -0.000005  -0.001055   0.000023
 -0.000015  -0.000025  -0.000038
  0.000020  -0.000022   0.000142
  0.000036   0.000173   0.000000
 -0.000546   0.000424  -0.000492
 -0.000278  -0.001013   0.000016
  0.000064  -0.000951   0.000001
  0.000238  -0.000200  -0.000167
  0.000214   0.000007  -0.000109
  0.000016   0.000120  -0.000035
 -0.000027   0.000182   0.000091
 -0.000045   0.000024   0.000066
  0.000833   0.000431  -0.000840
  0.000065  -0.000110   0.000000
 -0.000094  -0.000206   0.000041
 -0.000028   0.000111   0.000065
  0.000045   0.000167  -0.000069
 -0.000142   0.000395   0.000320
  0.000012   0.000134  -0.000039
 -0.001184  -0.000364  -0.001010
 -0.000014  -0.000049   0.000057
 -0.000018   0.000041  -0.000049
  0.000013   0.000092   0.000088
 -0.000020   0.000285  -0.000130
  0.000183   0.000592   0.000213
 -0.066301   0.037563   0.053387
 -0.000485   0.000426  -0.000499
 -0.000017  -0.000026   0.000070
 -0.000012   0.000050  -0.000139
 -0.124423   0.166269  -0.028264
  0.000536  -0.000890   0.000971
 -0.000131  -0.001191   0.000170
  0.000319  -0.002236  -0.000557
 -0.000050   0.000415   0.000183
  0.000091   0.000421  -0.000196
 -0.000025   0.000178   0.000173
  0.000031   0.000299  -0.000267
  0.000082   0.000184   0.000029
 -0.000006   0.000183  -0.000007
  0.000004   0.000123   0.000000
 -0.000094   0.000224   0.000022
 -0.000052   0.000302  -0.000075
  0.000085   0.000604   0.000151
  0.000207   0.000483  -0.000248
 -0.000167   0.000463   0.000241
 -0.000002   0.000225  -0.000002
 -0.000005   0.000193   0.000026
 -0.000006  -0.000058  -0.000002
  0.000033  -0.000113  -0.000009
  0.000065   0.000021   0.000056
 -0.000018  -0.000063   0.000001
  0.000000  -0.000047  -0.000010
 -0.000012  -0.000061   0.000022
  0.000077   0.000030  -0.000122
  0.000041   0.000061  -0.000028
  0.000057  -0.000033  -0.000041
 -0.000054  -0.000004  -0.000023
  0.000020  -0.000047  -0.000187
 -0.000017  -0.000098  -0.000010
  0.000851   0.001632   0.000033
 -0.000045  -0.000168   0.000073
  0.000023  -0.000018   0.000037
 -0.000058  -0.000018  -0.000055
 -0.000040  -0.000180  -0.000155
  0.000171   0.000164  -0.000455
  0.000567  -0.000014   0.000122
  0.000825   0.000195  -0.000006
 -0.007811  -0.005416   0.000376
 -0.000104  -0.000378   0.000018
  0.000017  -0.000019   0.000023
 -0.000033  -0.000042  -0.000026
  0.013331  -0.001680   0.000233
 -0.000375   0.000248   0.000425
 -0.000086  -0.000526   0.000101
 -0.000710  -0.002779  -0.000030
  0.000032   0.000070   0.000090
 -0.002344   0.000031   0.000212
 -0.019538   0.136595   0.042630
  0.000504   0.003708   0.008084
  0.270410  -0.381005  -0.134592
  0.000801   0.002552  -0.000805
 -0.060455   0.024708   0.055939
  0.000623   0.000322   0.000149
 -0.000170  -0.000415   0.000172
 -0.001453  -0.000913   0.000981
 -0.000569  -0.000264  -0.000095
 -0.002321   0.000087   0.000345
 -0.000857  -0.001492  -0.001399
 -0.006903   0.007746  -0.002019
 -0.000213   0.000132   0.000077
 -0.001065  -0.000273  -0.000549
  0.000094   0.000494  -0.000216
 -0.000912   0.001537   0.000639
  0.000281   0.000800   0.000129
 -0.001394   0.001795   0.000807
  0.004780   0.001395  -0.000200
 -0.006312   0.013407   0.001351
 -0.000802  -0.000566   0.000111
  0.006137  -0.003520   0.003321
   89    3  0.0000 -0.0000  0.0150
  0.000137  -0.000074  -0.000115
  0.000411   0.000230  -0.000436
  0.000012  -0.000048   0.000009
  0.000027  -0.000024  -0.000056
 -0.000362   0.000348   0.000485
 -0.001454  -0.000171   0.000131
  0.000108   0.000120  -0.000172
  0.000026  -0.000097   0.000075
 -0.000072  -0.000025  -0.000005
 -0.000011  -0.000221  -0.000006
 -0.000003  -0.000001  -0.000021
  0.000033  -0.000030   0.000106
  0.000395   0.000006   0.000200
  0.000283  -0.000010   0.000159
 -0.000260  -0.000795   0.000359
  0.000094  -0.000248  -0.000034
  0.000151  -0.000024  -0.000150
 -0.000092  -0.000007   0.000064
  0.000011   0.000042  -0.000003
 -0.000014   0.000014   0.000019
  0.000065  -0.000005  -0.000055
  0.000836   0.000821   0.000355
 -0.000007   0.000022   0.000008
 -0.000020  -0.000071   0.000004
 -0.000014   0.000036   0.000058
 -0.000025  -0.000049   0.000016
 -0.000416   0.000144   0.000372
  0.000008   0.000044  -0.000020
  0.000331  -0.000027  -0.000009
  0.000065  -0.000074   0.000093
  0.000002   0.000011  -0.000003
 -0.000010   0.000029   0.000039
 -0.000015   0.000065  -0.000061
  0.000201   0.000262  -0.000089
 -0.076617   0.095588   0.083936
 -0.001801  -0.000121   0.001450
 -0.000004  -0.000008   0.000028
 -0.000039   0.000045  -0.000082
  0.123509  -0.044702   0.173717
  0.002001   0.000633   0.001369
 -0.000014  -0.000300   0.000310
  0.000626  -0.001945   0.001119
 -0.000004   0.000237   0.000043
  0.000021   0.000097  -0.000037
  0.000009   0.000012  -0.000008
  0.000006   0.000049  -0.000050
 -0.000005   0.000091  -0.000084
 -0.000010   0.000042  -0.000003
  0.000044   0.000023  -0.000013
 -0.000021   0.000040   0.000008
  0.000007   0.000017  -0.000008
  0.000019   0.000108   0.000036
  0.000154   0.000418  -0.000286
 -0.000055   0.000125   0.000077
  0.000027  -0.000057  -0.000004
 -0.000029   0.000022   0.000037
 -0.000005  -0.000017  -0.000003
  0.000030  -0.000028  -0.000002
  0.000021   0.000094  -0.000019
 -0.000004   0.000006  -0.000009
  0.000003  -0.000007  -0.000003
  0.000004  -0.000011   0.000003
 -0.000026  -0.000013   0.000071
  0.000052   0.000035   0.000059
  0.000045  -0.000025   0.000011
 -0.000018  -0.000026   0.000007
  0.000221  -0.000216   0.000112
 -0.000020  -0.000066   0.000011
 -0.000860  -0.001397   0.000103
  0.000033  -0.000068  -0.000130
 -0.000003   0.000009  -0.000005
 -0.000005  -0.000001  -0.000005
  0.000056   0.000003  -0.000077
  0.000532   0.000402  -0.001025
 -0.000244   0.000008  -0.000027
  0.000019   0.000051   0.000025
 -0.000179   0.002532  -0.005555
  0.000050   0.000221   0.000050
  0.000009  -0.000007  -0.000001
  0.000047   0.000010  -0.000058
  0.031331  -0.017625   0.006470
 -0.000435  -0.000331  -0.000679
 -0.000173  -0.000012  -0.000188
 -0.000261  -0.000668  -0.003057
 -0.000113   0.000275  -0.000060
 -0.000223  -0.000571   0.000460
 -0.018105   0.089375   0.285604
  0.001800   0.010371   0.010701
 -0.087498  -0.134650  -0.575830
 -0.000546   0.000859  -0.001394
  0.029190  -0.004271  -0.001611
  0.001466   0.000015   0.000880
 -0.000124  -0.000264  -0.000004
 -0.002955  -0.000093   0.000192
  0.000326  -0.000155  -0.000315
  0.000852   0.000107  -0.000247
  0.000661  -0.000635   0.000214
  0.001919  -0.003102   0.000620
  0.000250   0.000088   0.000231
  0.000157  -0.000501   0.000827
  0.000063   0.000248  -0.000253
 -0.000685   0.000303  -0.000864
  0.000065   0.000115  -0.000111
 -0.002183   0.001590   0.000276
  0.004386   0.001368   0.009131
 -0.007281   0.004594   0.010476
 -0.000580  -0.000603  -0.000018
  0.000694   0.002074   0.002141
   91    1  0.0150  0.0000  0.0000
 -0.000291   0.000102   0.000206
 -0.001937  -0.002466  -0.001215
  0.000010   0.000046   0.000005
 -0.000094   0.000085   0.000057
 -0.003343  -0.000947   0.000230
 -0.002920   0.001514  -0.000831
 -0.000114  -0.000021   0.000083
  0.000051   0.000084  -0.000129
 -0.000243   0.000062   0.000030
  0.000071   0.000775   0.000009
  0.000010   0.000001   0.000025
  0.000006   0.000038  -0.000190
  0.000190   0.000379   0.000054
  0.000218  -0.000267   0.000304
  0.000439   0.000445  -0.000051
 -0.000135   0.000605   0.000022
 -0.000229  -0.000049   0.000186
 -0.000149   0.000038   0.000027
 -0.000008  -0.000058  -0.000007
  0.000044  -0.000164  -0.000100
 -0.000050  -0.000096   0.000066
 -0.001224  -0.000350   0.002674
  0.000038   0.000013  -0.000048
  0.000083   0.000199  -0.000025
  0.000107   0.000016   0.000008
 -0.000053  -0.000108   0.000065
  0.000340   0.000032  -0.000209
  0.000003  -0.000083   0.000019
 -0.000076  -0.000222  -0.000422
  0.000028   0.000010  -0.000017
  0.000004  -0.000015   0.000006
 -0.000012  -0.000062  -0.000064
  0.000019  -0.000119   0.000081
 -0.000490  -0.000500  -0.000375
  0.241433  -0.018258   0.145322
  0.000092  -0.000224   0.000658
  0.000017   0.000018  -0.000036
 -0.000040  -0.000111   0.000138
  0.190049  -0.085662  -0.074667
  0.000348   0.000500  -0.000242
  0.000035   0.000521  -0.000225
  0.000039   0.001032   0.002282
 -0.000020  -0.000175  -0.000055
 -0.000051  -0.000255   0.000113
  0.000036  -0.000053  -0.000024
 -0.000019  -0.000198   0.000191
 -0.000122  -0.000063  -0.000028
  0.000027  -0.000111   0.000010
  0.000101  -0.000013  -0.000002
  0.000054  -0.000148  -0.000020
  0.000022  -0.000042   0.000023
 -0.000067  -0.000429  -0.000117
 -0.000130  -0.000267   0.000145
  0.000146  -0.000309  -0.000178
 -0.000119  -0.000158   0.000009
 -0.000068  -0.000141  -0.000043
  0.000007   0.000032   0.000001
 -0.000039   0.000169   0.000015
 -0.000076   0.000113  -0.000024
  0.000006   0.000042  -0.000003
 -0.000003   0.000021   0.000006
  0.000040   0.000044  -0.000026
 -0.000059  -0.000053   0.000050
 -0.000016  -0.000086   0.000018
 -0.000058   0.000060   0.000003
  0.000053   0.000009   0.000012
  0.000119   0.000030   0.000002
  0.000014   0.000053   0.000006
  0.000978   0.000392  -0.000017
  0.000086   0.000125  -0.000053
  0.000015  -0.000015   0.000002
  0.000043   0.000004   0.000035
 -0.000021  -0.000013   0.000108
  0.000888  -0.000023  -0.000627
 -0.000616   0.000032  -0.000096
 -0.003538  -0.001258   0.000691
 -0.007523   0.003025  -0.008370
  0.000116  -0.000044   0.000006
 -0.000003   0.000006  -0.000012
  0.000149   0.000096   0.000037
 -0.010697   0.012340   0.008261
  0.000693  -0.000309  -0.000206
  0.000092   0.000397   0.000081
  0.003790   0.002025   0.000003
  0.000437  -0.000257   0.000007
  0.010004  -0.002052  -0.001986
  0.105297  -0.081364   0.010072
 -0.001300  -0.000472  -0.000817
  0.085531  -0.060496   0.028854
 -0.000605  -0.000632   0.001447
 -0.696471   0.273567  -0.110932
 -0.000947  -0.000349   0.000074
  0.000270   0.000175  -0.000235
  0.005077   0.002203  -0.001909
  0.003002   0.000119  -0.000218
  0.001685  -0.000211  -0.000119
  0.001823   0.002038   0.001390
  0.002464  -0.003359   0.000665
  0.000347   0.000042  -0.000113
  0.007375  -0.001984   0.004278
 -0.000008  -0.000272   0.000201
  0.003906  -0.002648  -0.001567
 -0.000091  -0.000285  -0.000003
  0.000279  -0.000691  -0.000761
 -0.007192  -0.001348  -0.008362
 -0.006464   0.003915   0.005357
  0.000206   0.000228   0.000017
  0.078881  -0.037455   0.001026
   91    2  0.0000  0.0150 -0.0000
 -0.000104  -0.000112   0.000217
  0.000380   0.000202  -0.001005
 -0.000028  -0.000102   0.000067
  0.000164  -0.000136  -0.000048
  0.000599   0.001212   0.000511
  0.001563  -0.001411   0.000831
 -0.000039  -0.000342  -0.000391
 -0.000023  -0.000125   0.000185
  0.000141  -0.000144  -0.000161
 -0.000089  -0.001147   0.000002
 -0.000007  -0.000018  -0.000054
  0.000006  -0.000050   0.000168
 -0.000015   0.000316   0.000118
 -0.000108   0.000311  -0.000318
 -0.000601  -0.000979  -0.000130
  0.000206  -0.000960  -0.000025
  0.000594   0.000164  -0.000125
  0.000120  -0.000013   0.000002
  0.000022   0.000119  -0.000029
 -0.000028   0.000270   0.000257
  0.000242  -0.000129  -0.000025
  0.000314   0.000699   0.000809
  0.000022  -0.000074   0.000026
 -0.000086  -0.000233   0.000036
  0.000279   0.000083  -0.000112
  0.000070   0.000107  -0.000056
 -0.000212   0.000251   0.000181
  0.000041   0.000134  -0.000065
  0.000263  -0.000160  -0.000896
 -0.000063  -0.000009   0.000033
 -0.000005   0.000023  -0.000040
  0.000045   0.000051   0.000067
  0.000006   0.000281  -0.000146
  0.000791   0.000573   0.001172
 -0.016329   0.119669   0.011242
 -0.000789  -0.000482  -0.000113
 -0.000018  -0.000021   0.000070
 -0.000023   0.000188  -0.000190
 -0.087724   0.206346   0.118267
  0.000411  -0.000007   0.000573
 -0.000102  -0.001220   0.000239
 -0.001151   0.001890  -0.007448
  0.000006   0.000371   0.000171
  0.000077   0.000418  -0.000189
 -0.000022   0.000082   0.000105
  0.000053   0.000330  -0.000286
  0.000238   0.000168   0.000106
 -0.000033   0.000191  -0.000020
 -0.000071   0.000040   0.000018
 -0.000065   0.000239   0.000024
 -0.000036   0.000080  -0.000011
  0.000106   0.000665   0.000168
  0.000264   0.000436  -0.000197
 -0.000192   0.000506   0.000261
 -0.000008  -0.000025   0.000049
 -0.000058   0.000172  -0.000066
 -0.000004  -0.000066  -0.000005
  0.000073  -0.000273  -0.000016
  0.000135   0.000093   0.000092
 -0.000009  -0.000075  -0.000007
  0.000013  -0.000045  -0.000016
 -0.000028  -0.000076   0.000047
  0.000034  -0.000057  -0.000026
  0.000078   0.000151   0.000144
  0.000139  -0.000094  -0.000026
 -0.000070  -0.000027  -0.000021
  0.000008  -0.000574  -0.000281
 -0.000006  -0.000093  -0.000009
  0.000084   0.000918   0.000545
 -0.000029  -0.000094   0.000000
  0.000005  -0.000012   0.000021
 -0.000052  -0.000010  -0.000060
  0.000100  -0.000264  -0.000256
  0.000554   0.000476  -0.000751
  0.000268  -0.000134   0.000064
  0.001981   0.000470  -0.000581
  0.017515  -0.002404   0.011706
 -0.000104  -0.000219   0.000016
  0.000044  -0.000023   0.000021
  0.000042  -0.000050   0.000064
 -0.001713   0.005454  -0.000202
  0.000153  -0.000239  -0.000025
 -0.000038  -0.000045  -0.000257
 -0.002551  -0.000287  -0.000516
 -0.000174   0.000154   0.000107
  0.001051  -0.000603  -0.001317
 -0.038639  -0.004893   0.017022
  0.000102   0.001181   0.000770
 -0.103206   0.024595  -0.004108
  0.000381   0.000319  -0.000014
  0.273371  -0.382728  -0.156581
  0.000356   0.000223   0.000466
 -0.000155   0.000142   0.000029
 -0.001475   0.000125   0.000345
 -0.000710  -0.000543  -0.000348
 -0.000806   0.000419  -0.000068
 -0.000221  -0.001721  -0.000465
 -0.001395   0.002234  -0.000819
 -0.000165   0.000361   0.000122
 -0.004817  -0.000976  -0.000208
  0.000024   0.000573  -0.000281
 -0.005883   0.007592   0.008335
  0.000123   0.000825   0.000153
 -0.000536  -0.001847   0.002792
  0.000070   0.000605   0.003195
  0.005308  -0.005643  -0.003847
 -0.000244  -0.000826   0.000141
 -0.037971   0.029345   0.001089
   91    3  0.0000 -0.0000  0.0150
 -0.000311   0.000188   0.000080
  0.000626   0.000983   0.000175
 -0.000003  -0.000013  -0.000013
  0.000036  -0.000014  -0.000025
 -0.001864  -0.000806  -0.000018
  0.001236  -0.000296   0.000149
  0.000011   0.000122   0.000091
 -0.000008  -0.000030   0.000029
  0.000082  -0.000089   0.000012
 -0.000025  -0.000168  -0.000017
 -0.000002  -0.000001  -0.000005
  0.000025   0.000006   0.000139
  0.000209   0.000054  -0.000002
 -0.000149   0.000096  -0.000100
 -0.000103  -0.000030   0.000060
  0.000045  -0.000128  -0.000026
 -0.000247  -0.000062   0.000099
  0.000051   0.000004  -0.000039
  0.000003   0.000003   0.000005
  0.000029   0.000031   0.000166
  0.000186  -0.000179   0.000138
 -0.000387  -0.000833  -0.000881
  0.000009   0.000017   0.000025
 -0.000018  -0.000074   0.000018
 -0.000072   0.000064   0.000031
  0.000004   0.000031  -0.000018
  0.000264  -0.000287  -0.000113
  0.000001   0.000007  -0.000001
  0.000338   0.001110   0.000320
 -0.000013  -0.000003  -0.000014
 -0.000002   0.000001   0.000001
  0.000017   0.000003   0.000048
 -0.000009   0.000001  -0.000011
  0.000107   0.000265   0.000385
  0.147192   0.008317   0.327916
 -0.001074  -0.000861   0.000231
 -0.000002  -0.000008  -0.000002
 -0.000183   0.000345  -0.000227
 -0.079405   0.118729   0.266944
  0.000911   0.000620  -0.000197
 -0.000009  -0.000032   0.000037
 -0.000340  -0.000361  -0.003066
  0.000007   0.000000  -0.000015
  0.000013   0.000044  -0.000021
 -0.000017   0.000022   0.000001
  0.000002   0.000031  -0.000040
  0.000022  -0.000008  -0.000020
 -0.000004   0.000018  -0.000004
 -0.000020   0.000009  -0.000012
 -0.000013   0.000027   0.000005
 -0.000022   0.000049  -0.000028
  0.000018   0.000088   0.000024
  0.000024   0.000009  -0.000039
 -0.000038   0.000065   0.000045
 -0.000024   0.000096  -0.000005
 -0.000124  -0.000038  -0.000074
 -0.000001  -0.000001  -0.000005
  0.000038  -0.000142   0.000009
 -0.000068   0.000079   0.000016
 -0.000001  -0.000005   0.000000
  0.000001  -0.000002  -0.000005
 -0.000021   0.000009   0.000024
  0.000055   0.000007  -0.000059
 -0.000063  -0.000026  -0.000178
 -0.000007  -0.000010   0.000023
 -0.000009   0.000001  -0.000007
 -0.000218   0.000314   0.000171
 -0.000007  -0.000016  -0.000009
 -0.000969  -0.001230  -0.000050
 -0.000000  -0.000023   0.000033
 -0.000004   0.000007  -0.000012
 -0.000015   0.000012  -0.000007
 -0.000010   0.000049  -0.000017
  0.001758   0.000793  -0.002547
  0.000219   0.000023   0.000041
 -0.003174  -0.001101   0.001247
  0.025603  -0.008548   0.018103
 -0.000208  -0.000137  -0.000028
 -0.000005   0.000000  -0.000004
  0.000077   0.000077  -0.000042
 -0.024718   0.020728   0.015227
 -0.000097   0.000091  -0.000192
 -0.000127   0.000175   0.000009
 -0.002060  -0.000145   0.000820
  0.000111  -0.000209   0.000237
 -0.002429  -0.000682  -0.002967
  0.104684  -0.040573   0.012324
 -0.000610   0.000733   0.001265
 -0.067842   0.055818  -0.001643
  0.000480  -0.000126   0.000858
 -0.111050  -0.156537  -0.655600
  0.000048  -0.000490   0.000833
  0.000109  -0.000041  -0.000139
  0.002370  -0.000085   0.000398
  0.002443   0.000229   0.000023
 -0.000776  -0.000001   0.000088
  0.001722   0.001054   0.002056
 -0.001327   0.001324  -0.000676
 -0.000095  -0.000079  -0.000002
  0.008359  -0.002455   0.007572
  0.000020  -0.000004  -0.000029
 -0.001869   0.006010   0.002132
  0.000039  -0.000023  -0.000022
 -0.000633  -0.000207   0.003156
 -0.005512   0.002363  -0.006445
  0.005827  -0.003331  -0.002598
 -0.000235  -0.000042   0.000033
  0.003215  -0.000761   0.014445
   93    1  0.0150  0.0000  0.0000
  0.044365  -0.020638  -0.044021
  0.000489   0.000918   0.000166
  0.000052   0.000064  -0.000003
  0.000002   0.000007  -0.000009
  0.000721   0.000495   0.000269
  0.002719  -0.000315  -0.000850
 -0.000015   0.000063   0.000078
  0.000005  -0.000106   0.000021
 -0.000062   0.000402  -0.000021
  0.000118  -0.000260  -0.000029
  0.000004  -0.000003   0.000102
 -0.000008  -0.000001  -0.000026
 -0.000025  -0.000135  -0.000049
  0.000125   0.000310   0.000108
  0.000104   0.000310  -0.000014
 -0.000273   0.000123  -0.000019
  0.000037   0.000010   0.000008
  0.000526  -0.000099  -0.000144
  0.000002  -0.000121   0.000011
  0.000007  -0.000031   0.000012
  0.389498  -0.185769  -0.003740
  0.000697   0.000280   0.000262
 -0.000034   0.000110   0.000005
 -0.000034   0.000003   0.000036
  0.000021  -0.000027  -0.000015
 -0.000105  -0.000061  -0.000005
  0.000029  -0.000022  -0.000018
 -0.000189  -0.000086   0.000187
  0.000003   0.000016   0.000011
 -0.000067   0.000123   0.000154
  0.000015  -0.000015   0.000016
 -0.000002  -0.000006  -0.000001
 -0.000167  -0.000200   0.000334
  0.000000  -0.000059  -0.000044
 -0.000158   0.000127   0.000097
 -0.002174  -0.003201   0.000929
  0.000045  -0.000007  -0.000065
 -0.000006   0.000008   0.000023
 -0.000007   0.000134   0.000235
  0.000407  -0.000360   0.001521
  0.000024   0.000698  -0.001871
 -0.000010   0.000326   0.000149
  0.000034  -0.000133  -0.000058
  0.000013  -0.000067   0.000020
  0.000017  -0.000103  -0.000094
 -0.000007   0.000023  -0.000034
 -0.000012  -0.000055  -0.000009
  0.000081  -0.000025   0.000039
 -0.000023  -0.000078   0.000012
 -0.000060   0.000022   0.000006
  0.000043  -0.000227   0.000065
  0.000027   0.000139   0.000023
 -0.000067  -0.000155   0.000098
  0.000042  -0.000087  -0.000046
  0.003646  -0.006598  -0.001771
  0.000218   0.001336   0.001344
  0.000036   0.000088  -0.000012
 -0.000004   0.000017  -0.000005
 -0.000005   0.000017  -0.000007
 -0.000002   0.000225   0.000122
 -0.000021   0.000032   0.000004
  0.000006   0.000006   0.000001
  0.003524   0.001179   0.001087
  0.000018  -0.000152   0.000158
 -0.000029   0.000010  -0.000003
  0.000036   0.000015  -0.000011
  0.000005   0.000035  -0.000004
 -0.000093  -0.000052  -0.000018
 -0.000011   0.000039  -0.000007
 -0.000079  -0.000107  -0.000084
 -0.000017   0.000008  -0.000014
 -0.000008  -0.000012  -0.000004
 -0.001346   0.000297   0.001147
  0.000036   0.000020  -0.000042
  0.001629   0.000428   0.001568
  0.000116   0.000008   0.000010
 -0.000022   0.000035   0.000023
 -0.000065  -0.000222   0.000048
 -0.000158   0.000081  -0.000009
  0.000008   0.000008   0.000006
 -0.000127   0.000027   0.000022
  0.000033   0.000081   0.000142
  0.125232  -0.027922   0.027989
 -0.001035  -0.000954  -0.002615
  0.094872  -0.022045  -0.115021
 -0.001428   0.000081   0.000921
  0.000085  -0.000265  -0.000194
  0.024223   0.001706  -0.003072
 -0.000240  -0.000199  -0.000068
  0.000472   0.001448  -0.002976
  0.000273  -0.000174  -0.000044
  0.005041   0.001415   0.002344
 -0.694111   0.266690   0.144940
 -0.001231  -0.002688   0.002086
 -0.000373   0.000139  -0.000103
 -0.001982  -0.000682  -0.000093
 -0.000260  -0.000542  -0.000299
 -0.001435   0.000373   0.000165
  0.002172  -0.001765  -0.004863
 -0.000126  -0.000042   0.000138
  0.001145  -0.001839   0.001530
 -0.000045  -0.000190  -0.000134
  0.000882  -0.000398  -0.000084
 -0.000008  -0.000191  -0.000004
 -0.002496   0.000976   0.005688
  0.017809  -0.008543  -0.014793
 -0.011597   0.006186   0.001163
  0.000073   0.000319  -0.000102
   93    2  0.0000  0.0150 -0.0000
  0.012802  -0.006005  -0.046545
  0.001234   0.001626  -0.000605
 -0.000070  -0.000070   0.000043
  0.000047  -0.000078  -0.000057
  0.001144  -0.000042  -0.000142
  0.003048  -0.000821  -0.000481
  0.000013  -0.000084  -0.000102
 -0.000081  -0.000132   0.000078
  0.000061  -0.000652  -0.000008
 -0.000066  -0.000523   0.000036
 -0.000011  -0.000004  -0.000049
  0.000003  -0.000023   0.000035
 -0.000138   0.000148  -0.000054
  0.000011   0.000472   0.000128
 -0.000058  -0.000541  -0.000021
  0.000085  -0.000531   0.000047
 -0.000033  -0.000029  -0.000060
 -0.000004  -0.000178   0.000152
 -0.000006   0.000124  -0.000054
 -0.000011   0.000089   0.000029
 -0.197391   0.239782  -0.009667
 -0.000202   0.000796   0.001619
  0.000036  -0.000106  -0.000020
 -0.000044  -0.000106   0.000015
 -0.000055  -0.000007  -0.000004
  0.000007   0.000032  -0.000163
 -0.000023   0.000053   0.000038
  0.000051  -0.000137   0.000159
  0.000098   0.000013  -0.000031
  0.000012   0.000160   0.000074
 -0.000022   0.000036  -0.000034
  0.000010   0.000026   0.000033
  0.000092   0.000176  -0.000230
 -0.000055   0.000186   0.000117
 -0.000191   0.000033  -0.000229
  0.000093   0.000275  -0.000534
  0.000003   0.000036   0.000095
  0.000002   0.000001  -0.000068
  0.000001   0.000138   0.000303
 -0.000247   0.000559  -0.001080
  0.000155  -0.000612   0.001345
 -0.000016  -0.000851  -0.000386
 -0.000051   0.000255   0.000119
  0.000036   0.000234  -0.000114
 -0.000034   0.000197   0.000158
  0.000022   0.000144  -0.000136
  0.000009   0.000113   0.000012
 -0.000052   0.000097  -0.000024
  0.000026   0.000137  -0.000014
 -0.000010   0.000100   0.000007
 -0.000055   0.000377  -0.000104
  0.000052   0.000274   0.000080
  0.000089   0.000280  -0.000134
 -0.000116   0.000235   0.000122
 -0.005621  -0.005927  -0.001575
  0.000838   0.001551   0.003291
 -0.000017  -0.000066   0.000003
 -0.000000  -0.000048   0.000002
 -0.000007  -0.000059   0.000025
 -0.000001  -0.000003  -0.000028
  0.000003  -0.000033  -0.000013
 -0.000009  -0.000031   0.000008
 -0.016053   0.011724   0.003968
  0.000288   0.000037  -0.000264
  0.000034  -0.000025   0.000009
 -0.000036  -0.000024  -0.000002
 -0.000006  -0.000030  -0.000001
  0.000002  -0.000049   0.000000
  0.000018   0.000005   0.000027
 -0.000084  -0.000007  -0.000057
  0.000028  -0.000007   0.000034
 -0.000028  -0.000017  -0.000028
  0.000243   0.000080   0.000114
 -0.000229  -0.000123   0.000181
 -0.000484   0.000763   0.000006
  0.000060  -0.000204   0.000105
 -0.000018   0.000028  -0.000002
 -0.000006   0.000059   0.000005
  0.000026  -0.000010  -0.000003
 -0.000045  -0.000013  -0.000012
 -0.000014   0.000116   0.000030
 -0.000087   0.000123  -0.000013
  0.013579   0.149120  -0.097877
 -0.000051   0.004646   0.009446
 -0.073671  -0.012412   0.042624
  0.000427   0.001131   0.000948
  0.000070  -0.000555   0.000179
 -0.004739  -0.005049   0.001151
  0.000183  -0.000410  -0.000281
  0.001087  -0.000899   0.000108
  0.000142   0.000170  -0.000043
 -0.002264   0.000117   0.000093
  0.266303  -0.396295   0.106450
  0.002710   0.002349  -0.001723
 -0.000733  -0.000102   0.000483
 -0.002272  -0.001021  -0.001451
 -0.000461  -0.000869  -0.000087
 -0.000095   0.001011  -0.002285
 -0.000008  -0.000234   0.001166
  0.000273   0.000330  -0.000391
 -0.000636   0.001055  -0.001072
  0.000202   0.000508   0.000323
 -0.000385   0.000103  -0.000393
  0.000192   0.000538  -0.000052
  0.001136   0.006453  -0.005883
 -0.002491   0.011487   0.001236
  0.003811  -0.003738  -0.002472
 -0.001304  -0.000915   0.000299
   93    3  0.0000 -0.0000  0.0150
 -0.108175  -0.008538   0.115624
  0.000848   0.001176  -0.000112
 -0.000042  -0.000085   0.000047
  0.000033  -0.000061  -0.000021
 -0.000058  -0.001301  -0.000805
 -0.006241   0.001618   0.000433
  0.000016  -0.000039  -0.000041
  0.000051  -0.000166   0.000070
 -0.000024  -0.000462   0.000001
 -0.000057  -0.000473  -0.000024
  0.000010  -0.000024   0.000006
  0.000001  -0.000013   0.000002
  0.000051   0.000093   0.000333
  0.000223  -0.000114  -0.000219
  0.000071  -0.000332  -0.000028
 -0.000007  -0.000280   0.000026
 -0.000136  -0.000021   0.000036
  0.000001   0.000121   0.000089
  0.000012   0.000059   0.000001
 -0.000007   0.000035   0.000011
  0.018331  -0.027617   0.137687
  0.000635   0.001546   0.001869
  0.000041  -0.000095  -0.000021
  0.000002  -0.000051   0.000011
 -0.000050   0.000030   0.000034
  0.000026  -0.000224   0.000238
 -0.000002   0.000029   0.000017
  0.000024   0.000060  -0.000130
  0.000109   0.000077   0.000040
 -0.000121   0.000023   0.000034
 -0.000010  -0.000011  -0.000014
  0.000008   0.000006   0.000015
 -0.000027   0.000105  -0.000109
 -0.000007   0.000055   0.000064
  0.000181  -0.000086  -0.000085
  0.000574   0.000304   0.000082
 -0.000034  -0.000047   0.000024
  0.000001  -0.000014  -0.000027
 -0.000033   0.000021   0.000002
  0.001076   0.001036  -0.000031
  0.000144  -0.000055   0.001010
 -0.000031  -0.000234  -0.000279
 -0.000058   0.000152   0.000090
  0.000041   0.000130  -0.000063
 -0.000001   0.000108   0.000117
  0.000023   0.000122  -0.000073
 -0.000029   0.000057   0.000005
  0.000014   0.000041  -0.000002
  0.000063   0.000080  -0.000005
 -0.000029   0.000076   0.000022
 -0.000023   0.000243  -0.000059
  0.000032   0.000258   0.000081
  0.000038   0.000140  -0.000067
 -0.000022   0.000126   0.000074
 -0.006284   0.001172  -0.003936
 -0.000666   0.001120   0.000784
 -0.000001  -0.000038  -0.000001
 -0.000003  -0.000019   0.000006
 -0.000017  -0.000052  -0.000014
 -0.000003  -0.000111  -0.000056
  0.000005  -0.000027   0.000007
  0.000003  -0.000018   0.000003
  0.030883  -0.015484  -0.004730
  0.000187   0.000118   0.000153
  0.000014   0.000001   0.000014
 -0.000017  -0.000041   0.000008
  0.000003  -0.000010   0.000015
  0.000012  -0.000016   0.000016
  0.000049  -0.000019  -0.000045
  0.000147   0.000083  -0.000042
  0.000024  -0.000024   0.000026
 -0.000014  -0.000007  -0.000011
  0.000536  -0.000033  -0.001083
 -0.000073   0.000081   0.000143
 -0.000644  -0.001086  -0.000977
 -0.000762  -0.000072  -0.000051
  0.000072   0.000029   0.000004
 -0.000009  -0.000004   0.000041
  0.000077  -0.000037   0.000003
 -0.000004   0.000001   0.000001
  0.000078   0.000095   0.000000
  0.000073   0.000002  -0.000104
 -0.048731  -0.049373   0.255288
 -0.000669   0.006749   0.009600
 -0.023686  -0.017300   0.023535
  0.000530   0.000753   0.001118
  0.000018  -0.000078  -0.000167
 -0.001696   0.000058  -0.004249
 -0.000260   0.000208  -0.000013
 -0.003115  -0.000951   0.000198
 -0.000240   0.000054  -0.000125
 -0.001867  -0.000303   0.000415
  0.145017   0.106699  -0.566059
  0.002087   0.001738  -0.001356
  0.000257   0.001302   0.000202
  0.004671   0.001207   0.001580
 -0.000449   0.001853   0.000519
  0.000582  -0.002213   0.003160
 -0.000800   0.001616   0.001748
  0.000534  -0.000077  -0.000184
 -0.000219   0.000386  -0.000470
  0.000085   0.000156   0.000199
  0.000309  -0.000205   0.000181
  0.000061   0.000048   0.000036
  0.005301  -0.003946   0.004371
 -0.011238   0.002976   0.022948
  0.002828  -0.004400   0.001339
 -0.000432  -0.000147   0.000032
   95    1  0.0150  0.0000  0.0000
 -0.000076   0.000840  -0.001264
  0.002575  -0.001548  -0.002003
  0.000157   0.000023  -0.000559
  0.000012   0.000015   0.000048
  0.603686  -0.072054  -0.201058
  0.001284  -0.000174  -0.000085
  0.000005   0.000549   0.000676
 -0.000072  -0.000117   0.000208
  0.002229  -0.000466   0.000566
 -0.000531  -0.000341  -0.000079
  0.000006   0.000061  -0.000123
 -0.000015  -0.000128   0.000394
  0.034004  -0.018750  -0.034475
 -0.000064   0.000113  -0.000018
 -0.001772   0.001202   0.000322
  0.000821  -0.000225  -0.000205
  0.007571   0.008327   0.002668
 -0.000092  -0.000028   0.000060
  0.000048  -0.000163   0.000279
 -0.000027   0.000323  -0.000278
 -0.000610   0.000442   0.000494
  0.003672   0.002203  -0.003565
 -0.000773   0.000596   0.000453
 -0.000070  -0.000248  -0.000068
 -0.000019  -0.002418  -0.001859
 -0.000060   0.000114  -0.000042
  0.000300  -0.002066  -0.001552
  0.000099   0.000045  -0.000047
 -0.005743  -0.004123  -0.002495
  0.000122  -0.000102   0.000077
  0.000136  -0.000093   0.000225
 -0.000044   0.000226   0.000062
 -0.000103  -0.000316   0.000094
 -0.000178   0.000677   0.000539
 -0.002170  -0.000744  -0.003511
  0.000127   0.000179  -0.000235
 -0.000081  -0.000125  -0.000071
  0.000681  -0.000100  -0.000059
 -0.001580   0.002024   0.002610
 -0.001509  -0.000488  -0.000569
  0.000003   0.000576  -0.000243
  0.000366  -0.005410   0.000880
  0.000487  -0.000565  -0.000436
 -0.000142   0.000053   0.000087
 -0.000407   0.000024  -0.000412
  0.000072   0.000135  -0.000083
  0.000707  -0.000386   0.000098
 -0.000231   0.000055  -0.000034
 -0.000973  -0.000119  -0.000196
  0.000197   0.000073   0.000040
 -0.000491   0.000422  -0.000447
  0.000112   0.000224   0.000113
  0.000230  -0.000443  -0.000047
 -0.000278   0.000247   0.000230
 -0.000028   0.000621   0.000164
 -0.000506   0.001728   0.000492
 -0.000010   0.000018   0.000033
  0.000087  -0.000175  -0.000109
 -0.002309  -0.001941   0.000160
 -0.000045   0.000058  -0.000007
  0.000051   0.000028  -0.000014
 -0.000140  -0.000048   0.000039
 -0.000085   0.000193  -0.000026
 -0.002065  -0.000314   0.004739
  0.000082  -0.000485  -0.000207
 -0.000119  -0.000016   0.000024
 -0.000074  -0.000532  -0.000580
 -0.000006  -0.000055   0.000025
 -0.001831   0.000577   0.001865
  0.000001  -0.000068  -0.000086
 -0.000218   0.000168  -0.000221
 -0.000009   0.000067  -0.000013
 -0.000207   0.000181   0.000217
 -0.002341  -0.003560   0.012838
 -0.000179   0.000233   0.000008
 -0.039837  -0.001472  -0.002717
 -0.002022   0.000399  -0.000168
  0.000044  -0.000019   0.000047
 -0.000039  -0.000037   0.000016
 -0.001121  -0.000658  -0.000094
 -0.001078  -0.000092   0.000304
 -0.000154   0.000070   0.000070
 -0.001379   0.000767   0.001045
 -0.001938  -0.003176  -0.002778
 -0.001076   0.000566  -0.000438
 -0.002692  -0.003768   0.000576
  0.001468   0.000573   0.001985
  0.000233   0.000124   0.001343
  0.002519  -0.000600   0.000319
  0.000621   0.002362   0.000915
  0.003130  -0.000624   0.002439
  0.001727   0.000754  -0.000813
 -0.000348  -0.000856   0.000239
 -0.002183   0.002407   0.004825
 -0.823079   0.047514   0.239997
 -0.000768  -0.000444   0.000195
  0.152982   0.053651  -0.004380
 -0.000894   0.000328  -0.000210
  0.000389  -0.000330   0.000017
  0.075210   0.008614   0.017099
  0.000155  -0.000162   0.000166
  0.000356   0.002190   0.000223
  0.000215  -0.000372  -0.000156
  0.003620   0.004539  -0.005592
  0.008113  -0.017809  -0.018025
  0.004248  -0.001112   0.002633
 -0.001331   0.000222  -0.000130
 -0.006741   0.001743  -0.013401
   95    2  0.0000  0.0150 -0.0000
  0.002410  -0.000959  -0.000279
 -0.001490   0.003493   0.001193
 -0.000312  -0.000244   0.000247
  0.000090  -0.000260  -0.000185
 -0.060179   0.130899   0.051525
 -0.000457  -0.001235   0.000832
 -0.001318  -0.000275   0.000426
  0.000018  -0.000146   0.000129
 -0.000509  -0.002863   0.000161
  0.000182  -0.001240   0.000039
 -0.000019  -0.000068  -0.000058
  0.000000  -0.000073  -0.000210
 -0.038049  -0.005812   0.029386
  0.000080   0.000289  -0.000242
  0.001215  -0.000800  -0.000614
 -0.000461  -0.001341   0.000150
 -0.001115   0.001689   0.001422
  0.000155  -0.000012   0.000022
  0.000026   0.000263  -0.000152
  0.000025  -0.000069   0.000094
 -0.000478   0.000126  -0.000346
  0.001977  -0.000314  -0.000899
  0.000071  -0.000462  -0.000078
 -0.000071  -0.000126   0.000072
 -0.001293  -0.000926  -0.000602
  0.000100   0.000008  -0.000015
 -0.002958   0.001460   0.001033
 -0.000010   0.000135  -0.000052
  0.004462   0.005195   0.004610
 -0.000129   0.000008   0.000075
 -0.000085   0.000154  -0.000147
  0.000051  -0.000064   0.000044
  0.000070   0.000601  -0.000306
  0.000048  -0.000062   0.000042
 -0.000006   0.000050  -0.000244
 -0.000009  -0.000057   0.000124
  0.000005   0.000021   0.000157
 -0.000136  -0.000018  -0.000075
  0.000140   0.000140   0.000357
 -0.000132  -0.000029  -0.000110
 -0.000121  -0.002159   0.000725
 -0.000359   0.001604  -0.000285
 -0.000458   0.000558   0.000444
  0.000268   0.000611  -0.000369
 -0.000043   0.000709   0.000623
  0.000010   0.000316  -0.000302
 -0.000466   0.000328   0.000090
  0.000171   0.000242   0.000015
  0.000506   0.000520  -0.000063
 -0.000219   0.000248   0.000009
 -0.000288   0.002294  -0.000534
  0.000050   0.000692   0.000151
 -0.000207   0.000285   0.000091
 -0.000041   0.000543   0.000197
  0.000045  -0.000140  -0.000118
  0.000635  -0.000452  -0.001461
  0.000005  -0.000120  -0.000026
 -0.000094   0.000007   0.000052
 -0.002007   0.000011   0.000424
  0.000008  -0.000140  -0.000018
 -0.000016  -0.000123  -0.000010
  0.000026  -0.000077  -0.000029
 -0.000081  -0.000204   0.000135
 -0.001093   0.000709   0.001327
  0.000084   0.000054   0.000042
 -0.000029  -0.000033  -0.000030
 -0.000215   0.000771   0.000438
 -0.000010  -0.000116  -0.000011
 -0.000407  -0.000225   0.000281
 -0.000047  -0.000078  -0.000027
  0.000168  -0.000118   0.000136
 -0.000072  -0.000103  -0.000072
  0.000320  -0.000426  -0.000468
 -0.000007   0.000280  -0.000929
  0.000255  -0.000319  -0.000005
  0.011366   0.013489   0.004716
 -0.000257   0.000266  -0.000124
 -0.000048  -0.000100   0.000024
  0.000076  -0.000013   0.000029
  0.000103   0.000180   0.000056
  0.000032   0.000088   0.000034
  0.000051  -0.000003  -0.000019
  0.000139   0.003886   0.001018
 -0.001147   0.000050   0.000565
 -0.001037   0.000943  -0.000774
 -0.000608  -0.000568  -0.000311
  0.000116  -0.000281  -0.000288
  0.000218  -0.000082   0.000040
  0.000165  -0.000255  -0.000201
  0.000375   0.000064  -0.000149
  0.000082  -0.000587   0.000199
  0.000194   0.000482  -0.000004
  0.000171  -0.000062   0.001260
  0.000745  -0.001066  -0.001226
  0.047394  -0.111968  -0.077964
  0.000453   0.000782  -0.000368
  0.052575  -0.030560  -0.011942
  0.000076   0.000857  -0.000446
 -0.000448   0.000709   0.000432
 -0.003033  -0.007739  -0.000092
 -0.000158   0.001096  -0.000669
 -0.000011  -0.001055   0.000057
 -0.000079   0.001453   0.000223
 -0.000099  -0.001454   0.000665
 -0.005614  -0.001568  -0.003549
 -0.001941  -0.000721   0.000770
  0.000879  -0.001653  -0.000110
  0.001088   0.002363   0.000201
   95    3  0.0000 -0.0000  0.0150
  0.000443  -0.000617   0.000338
  0.000402  -0.000779   0.004294
 -0.000031   0.000018   0.000464
  0.000038  -0.000112  -0.000019
 -0.198233   0.055831   0.198235
 -0.000172  -0.000510   0.000338
 -0.001417  -0.000412  -0.000060
  0.000022  -0.000038   0.000011
 -0.001077   0.002924  -0.001014
  0.000199  -0.000388   0.000062
  0.000000  -0.000063   0.000086
 -0.000048   0.000115  -0.000268
 -0.050744   0.023998   0.009229
  0.000024   0.000072  -0.000080
  0.000735  -0.000634  -0.000651
 -0.000257  -0.000472   0.000185
 -0.003736  -0.000919   0.000360
  0.000067  -0.000006  -0.000006
 -0.000018   0.000156  -0.000211
  0.000003   0.000002   0.000066
  0.000023  -0.000003  -0.000367
 -0.006156  -0.002940   0.002315
  0.000141  -0.000746  -0.000455
 -0.000019   0.000030   0.000036
  0.000041  -0.000706   0.000798
  0.000046  -0.000022  -0.000002
 -0.001272   0.000198   0.003641
 -0.000038   0.000043  -0.000008
  0.004088   0.007178   0.000846
 -0.000069   0.000010   0.000020
 -0.000093   0.000004  -0.000174
  0.000017  -0.000059  -0.000040
  0.000057   0.000305  -0.000117
  0.000078  -0.000054  -0.000022
  0.000025   0.000286   0.000399
 -0.000050  -0.000037   0.000048
  0.000052   0.000072   0.000092
 -0.000024  -0.000139   0.000215
  0.000201  -0.000131  -0.000190
  0.000115   0.000003   0.000085
 -0.000043  -0.000948   0.000338
  0.000315   0.001827  -0.001037
 -0.000323   0.000402   0.000397
  0.000103   0.000225  -0.000184
  0.000356  -0.000542   0.000056
 -0.000007   0.000082  -0.000104
 -0.000160   0.000242   0.000163
  0.000040   0.000055  -0.000028
  0.000150  -0.000329   0.000370
 -0.000103   0.000062  -0.000007
  0.000553  -0.002200   0.000967
 -0.000010   0.000188   0.000023
 -0.000082   0.000199   0.000247
  0.000017   0.000147   0.000021
  0.000074  -0.000283  -0.000146
  0.000176  -0.000285   0.001684
 -0.000004  -0.000038  -0.000016
 -0.000049   0.000034   0.000004
 -0.000312   0.000913   0.000768
  0.000015  -0.000056  -0.000006
 -0.000016  -0.000013   0.000004
  0.000054  -0.000038  -0.000020
 -0.000008  -0.000093   0.000046
  0.002518   0.001294   0.003469
  0.000031   0.000321  -0.000073
  0.000025  -0.000015  -0.000012
 -0.000045   0.000440   0.000782
 -0.000010  -0.000031  -0.000004
 -0.000342   0.000392  -0.000906
 -0.000021  -0.000018  -0.000000
  0.000136  -0.000164   0.000193
 -0.000012  -0.000044  -0.000036
  0.000134  -0.000179  -0.000196
  0.002848  -0.000219   0.001611
  0.000116  -0.000147  -0.000002
  0.012984   0.002742   0.019149
  0.000343   0.000042   0.000014
 -0.000026  -0.000032   0.000008
  0.000038   0.000005  -0.000004
  0.000198   0.000107   0.000033
  0.000110   0.000067  -0.000008
  0.000043  -0.000015  -0.000026
  0.000585   0.000178  -0.000515
  0.000789   0.000172   0.001246
  0.000027   0.000176  -0.000085
  0.001670   0.001648   0.003543
  0.000274  -0.000093  -0.000282
  0.000009  -0.000009  -0.000186
 -0.000230  -0.000065  -0.000354
 -0.000051  -0.000372  -0.000274
 -0.000184  -0.000371   0.000011
 -0.000114   0.000071   0.000082
 -0.000116   0.000510   0.000201
 -0.000139   0.001409   0.001549
  0.239221  -0.077850  -0.201528
  0.000174   0.000303  -0.000119
  0.001954  -0.010097  -0.042778
  0.000050   0.000367  -0.000133
 -0.000132   0.000267   0.000103
  0.000112   0.000859  -0.009468
 -0.000038   0.000395  -0.000265
 -0.000221  -0.000536   0.000378
 -0.000004   0.000571   0.000093
 -0.001091  -0.001253   0.000371
 -0.006015  -0.002006   0.003310
 -0.001131  -0.000303  -0.000336
  0.000369  -0.000574   0.000025
  0.001066   0.001045  -0.000596
   97    1  0.0150  0.0000  0.0000
 -0.000982   0.000526  -0.000266
  0.000919   0.000117  -0.002666
 -0.000210  -0.000122   0.000085
  0.000037  -0.000163  -0.000089
  0.383559   0.204064   0.106485
  0.001696  -0.000893   0.000374
 -0.000668  -0.000890  -0.000432
  0.000008  -0.000159   0.000166
  0.000370  -0.001076  -0.000093
 -0.000020  -0.000834   0.000020
 -0.000017  -0.000034  -0.000034
 -0.000013  -0.000076  -0.000042
  0.000284   0.021989   0.013565
 -0.000032   0.000261  -0.000167
  0.000638   0.000764  -0.000922
 -0.000030  -0.001083   0.000048
 -0.002870  -0.000101  -0.000213
  0.000003   0.000012   0.000014
  0.000000   0.000143  -0.000064
  0.000036   0.000061  -0.000015
  0.000216  -0.000086   0.000601
  0.001105   0.001052   0.001077
 -0.000183  -0.000422  -0.000081
 -0.000082  -0.000135   0.000028
 -0.000951   0.000129   0.000647
 -0.000018   0.000081  -0.000038
 -0.001673   0.001078   0.002103
  0.000008   0.000152  -0.000048
  0.008396  -0.002199  -0.006679
  0.000125  -0.000140   0.000175
 -0.000051   0.000089  -0.000081
  0.000018   0.000022   0.000046
 -0.000039   0.000355  -0.000170
 -0.000134   0.000125   0.000238
 -0.001592  -0.000588  -0.003598
  0.000311   0.000208  -0.000469
 -0.000008  -0.000011   0.000086
  0.000194   0.000037  -0.000102
 -0.000256   0.001770   0.003514
 -0.002146  -0.000615  -0.000810
 -0.000166  -0.001358   0.000376
 -0.000383  -0.000326  -0.000315
 -0.000217  -0.000018   0.000189
  0.000115   0.000463  -0.000243
 -0.000127   0.000374   0.000383
  0.000027   0.000232  -0.000217
 -0.000050  -0.000030   0.000277
  0.000006   0.000188  -0.000006
 -0.000192   0.000125   0.000047
 -0.000070   0.000171   0.000016
 -0.000211   0.000619  -0.000080
  0.000058   0.000481   0.000115
 -0.000269  -0.000473   0.000448
 -0.000149   0.000484   0.000227
 -0.000098   0.000280   0.000057
 -0.000457   0.001154  -0.000349
 -0.000012  -0.000068  -0.000005
 -0.000062  -0.000058   0.000003
 -0.000836  -0.001547  -0.000562
 -0.000033  -0.000029  -0.000013
 -0.000002  -0.000067  -0.000008
 -0.000037  -0.000059  -0.000007
  0.000047   0.000087  -0.000042
 -0.001654   0.000484   0.003761
  0.000010   0.000086   0.000239
 -0.000059  -0.000023  -0.000001
 -0.000323   0.000430   0.000074
 -0.000038  -0.000159   0.000015
 -0.003138  -0.001351  -0.000200
 -0.000022  -0.000165  -0.000136
  0.000100  -0.000024   0.000093
 -0.000051  -0.000050  -0.000052
 -0.000056  -0.000210  -0.000145
 -0.002033  -0.000858   0.004000
 -0.000090   0.000077   0.000045
 -0.025330  -0.001220  -0.006002
 -0.002160   0.000703  -0.000038
  0.000026  -0.000206   0.000075
  0.000020  -0.000022   0.000019
 -0.000410  -0.000094   0.000052
 -0.000755  -0.000411   0.000349
 -0.000152  -0.000038   0.000062
  0.000299  -0.003309  -0.000139
 -0.000882  -0.001047  -0.001951
  0.000021   0.000185   0.000382
 -0.000922  -0.002041   0.000544
  0.001654   0.002189   0.005803
  0.000352   0.000401   0.001805
  0.002903  -0.000883   0.000721
  0.002586   0.006988   0.001946
  0.001828  -0.000144   0.001674
  0.002462   0.001366  -0.001386
 -0.000277  -0.000571  -0.000460
 -0.001496   0.000192   0.000641
  0.153064   0.052523   0.002017
 -0.000876  -0.000065   0.000092
 -0.541369  -0.264831  -0.107724
 -0.001262   0.001089  -0.000590
  0.000355   0.000201   0.000195
  0.017816   0.000581   0.003613
  0.000225   0.000693  -0.000397
  0.000600   0.000073   0.000414
  0.000390   0.000911   0.000029
  0.002583   0.000270  -0.001596
  0.015526  -0.014939  -0.017943
  0.004619  -0.001809   0.001980
 -0.001824  -0.001001   0.000071
 -0.005090   0.001991  -0.004433
   97    2  0.0000  0.0150 -0.0000
  0.002330   0.000844  -0.002824
  0.001460   0.001261  -0.000437
 -0.000507  -0.000318   0.000568
  0.000187  -0.000406  -0.000311
  0.187698   0.273503   0.111255
  0.001178  -0.002575   0.001403
  0.001269   0.000538  -0.000476
  0.000034  -0.000308   0.000321
 -0.000843  -0.003035  -0.000318
  0.000276  -0.002481   0.000104
 -0.000068  -0.000152  -0.000070
 -0.000009  -0.000072  -0.000298
  0.041868   0.035647   0.040438
  0.000091   0.000669  -0.000456
  0.001740  -0.001852  -0.000752
 -0.000566  -0.002685   0.000258
 -0.007700  -0.000726   0.006177
  0.000224   0.000008   0.000052
 -0.000021   0.000478  -0.000317
  0.000005   0.000120   0.000143
 -0.000873   0.000448   0.000294
  0.001464   0.000983  -0.000202
  0.000455  -0.001017  -0.000209
 -0.000170  -0.000263   0.000121
 -0.000566   0.004270   0.001353
  0.000132   0.000102  -0.000054
 -0.000014   0.000943  -0.000479
  0.000004   0.000347  -0.000117
  0.005739   0.002428   0.001636
 -0.000054  -0.000098   0.000275
 -0.000207   0.000300  -0.000309
  0.000096   0.000009   0.000099
  0.000084   0.001208  -0.000569
 -0.000053   0.000223   0.000221
 -0.001836   0.000414  -0.001581
  0.000398   0.000216   0.000050
  0.000006   0.000064   0.000268
 -0.000008  -0.000081  -0.000046
 -0.000325   0.001605   0.002479
 -0.002557  -0.000027  -0.001903
 -0.000292  -0.004198   0.001481
 -0.000163   0.000729  -0.000573
 -0.000720   0.001140   0.000793
  0.000427   0.001232  -0.000700
  0.000034   0.000925   0.001064
  0.000043   0.000681  -0.000624
 -0.000608   0.000516   0.000049
  0.000190   0.000498  -0.000007
  0.000650   0.000697   0.000102
 -0.000366   0.000519   0.000019
 -0.000128   0.001727  -0.000227
  0.000129   0.001416   0.000310
 -0.000117   0.000760  -0.000111
 -0.000206   0.001157   0.000459
 -0.000019   0.000368   0.000040
 -0.000077   0.000882   0.000131
 -0.000016  -0.000229  -0.000039
 -0.000137  -0.000041   0.000066
  0.000155  -0.000884  -0.000109
 -0.000016  -0.000215  -0.000043
 -0.000031  -0.000204  -0.000022
  0.000040  -0.000151  -0.000025
 -0.000179  -0.000098   0.000156
 -0.001328   0.000309   0.002022
 -0.000269   0.000906   0.000462
 -0.000094  -0.000068  -0.000050
 -0.000187   0.000255   0.000284
 -0.000050  -0.000303  -0.000003
 -0.000351   0.001653   0.001197
 -0.000104  -0.000253  -0.000182
  0.000319  -0.000169   0.000282
 -0.000142  -0.000160  -0.000149
  0.000394  -0.000720  -0.000749
 -0.000346   0.000061   0.001699
  0.000281  -0.000321   0.000024
 -0.011507  -0.002217  -0.000745
 -0.000521   0.000994  -0.000103
 -0.000026  -0.000248   0.000103
  0.000130  -0.000036   0.000051
 -0.000002   0.000150   0.000017
 -0.000355   0.000123   0.000212
 -0.000033   0.000130   0.000075
 -0.006218   0.008058   0.005100
 -0.002043  -0.001681  -0.002008
 -0.003407   0.002425  -0.001146
 -0.001950  -0.002779   0.000471
  0.000351   0.002259   0.004334
  0.000757  -0.000055   0.002179
  0.002575  -0.001559  -0.000708
  0.004781   0.007757   0.003129
  0.002057  -0.001788   0.000971
  0.003339   0.002292  -0.001356
 -0.000519  -0.000917   0.001773
 -0.000367   0.001010   0.002265
  0.053669  -0.030602  -0.010217
 -0.000315   0.000881  -0.000411
 -0.264542  -0.349577  -0.200593
 -0.001101   0.002234  -0.001147
 -0.000285   0.001090   0.000885
  0.007544  -0.000224   0.001117
 -0.000036   0.002235  -0.001380
  0.000302  -0.000852   0.000307
  0.000229   0.002820   0.000240
  0.000761  -0.000920  -0.000527
 -0.009172   0.042366   0.031998
  0.001622  -0.002770   0.004995
 -0.000449  -0.003296  -0.000298
 -0.002348   0.003748  -0.002393
   97    3  0.0000 -0.0000  0.0150
  0.000900  -0.000090  -0.000839
 -0.001257   0.000116   0.000642
 -0.000258  -0.000113   0.000433
  0.000065  -0.000217  -0.000132
  0.092694   0.106619   0.167517
  0.000607  -0.001296   0.000690
  0.001126   0.000976  -0.000178
  0.000019  -0.000143   0.000122
 -0.000534   0.000149  -0.000771
  0.000176  -0.001035   0.000066
 -0.000021  -0.000116   0.000019
 -0.000016  -0.000011  -0.000262
  0.032393   0.046194   0.010544
  0.000046   0.000237  -0.000201
  0.001331   0.000038  -0.001174
 -0.000372  -0.001255   0.000212
 -0.008021   0.002544   0.003585
  0.000113  -0.000015   0.000018
 -0.000022   0.000230  -0.000206
  0.000030  -0.000014   0.000088
 -0.000705   0.000434  -0.000222
  0.002275   0.001400  -0.000071
  0.000312  -0.000626  -0.000353
 -0.000077  -0.000082   0.000066
  0.001275   0.002599   0.002332
  0.000065   0.000027  -0.000028
  0.001398  -0.000157   0.000162
 -0.000031   0.000130  -0.000037
  0.001720   0.003357   0.002731
 -0.000024  -0.000066   0.000117
 -0.000133   0.000108  -0.000195
  0.000037  -0.000051   0.000022
  0.000054   0.000554  -0.000244
 -0.000038  -0.000039   0.000057
 -0.002222   0.000994  -0.001405
  0.000401   0.000278  -0.000501
  0.000029   0.000041   0.000142
 -0.000043  -0.000032   0.000007
  0.001607   0.000233   0.002716
 -0.000973  -0.000407  -0.000282
 -0.000142  -0.001982   0.000653
 -0.000374   0.001601  -0.000536
 -0.000459   0.000333   0.000462
  0.000212   0.000575  -0.000367
  0.000109   0.000171   0.000535
  0.000011   0.000266  -0.000268
 -0.000286   0.000178   0.000263
  0.000086   0.000201  -0.000022
  0.000064   0.000047   0.000322
 -0.000166   0.000199   0.000003
  0.000069  -0.000059   0.000291
  0.000039   0.000570   0.000114
 -0.000297  -0.000205   0.000460
 -0.000065   0.000489   0.000176
  0.000071   0.000044  -0.000022
 -0.000394   0.000162  -0.000038
 -0.000009  -0.000096  -0.000021
 -0.000110   0.000010   0.000037
  0.000174  -0.000092  -0.000508
 -0.000001  -0.000098  -0.000018
 -0.000019  -0.000086  -0.000006
  0.000024  -0.000063  -0.000024
 -0.000077  -0.000061   0.000055
 -0.000233   0.000408   0.000733
 -0.000148   0.000647   0.000726
 -0.000019  -0.000030  -0.000018
 -0.000278   0.000258   0.000015
 -0.000026  -0.000126  -0.000001
  0.000979   0.001946   0.001077
 -0.000054  -0.000128  -0.000058
  0.000196  -0.000145   0.000201
 -0.000062  -0.000086  -0.000072
  0.000172  -0.000353  -0.000351
 -0.000368   0.000341  -0.000101
  0.000166  -0.000175   0.000014
  0.000596   0.001177  -0.001150
 -0.001224   0.000556   0.000272
 -0.000006  -0.000147   0.000032
  0.000058  -0.000016   0.000014
  0.000080   0.000140   0.000062
  0.000275  -0.000131   0.000344
 -0.000090  -0.000094  -0.000011
 -0.000904   0.001965   0.001834
 -0.001761  -0.001437   0.000155
 -0.000849   0.000988  -0.000725
 -0.001178  -0.000495   0.001669
  0.001465   0.005166   0.007128
  0.000238   0.000031   0.000588
  0.002676  -0.001402   0.000186
  0.001115   0.002040   0.000607
  0.001382  -0.000432   0.002026
  0.000653   0.000816  -0.000700
 -0.000288  -0.000088   0.000501
  0.000172   0.002315   0.003135
 -0.004397  -0.011869  -0.042809
 -0.000193   0.000433  -0.000142
 -0.107436  -0.200375  -0.201683
 -0.000573   0.001106  -0.000105
 -0.000145   0.000495   0.000295
 -0.000831  -0.001142   0.000613
 -0.000017   0.000941  -0.000576
  0.000266  -0.000818   0.000231
  0.000098   0.001259   0.000138
  0.000676  -0.001335   0.000259
 -0.011967   0.032362   0.040241
  0.000712   0.001063  -0.000938
 -0.000108  -0.001334  -0.000057
 -0.001208   0.002102  -0.000327
   99    1  0.0150  0.0000  0.0000
 -0.000459  -0.000369   0.001150
  0.000746   0.000467  -0.000067
  0.000056  -0.000137   0.000163
  0.000214  -0.000097  -0.000182
 -0.000580   0.000618   0.000464
 -0.026399  -0.008180   0.021070
 -0.000080   0.000103   0.000226
  0.000259   0.000306  -0.000392
 -0.000426   0.000796  -0.000069
  0.000658  -0.002351  -0.000281
 -0.000131  -0.000118   0.000378
  0.000003  -0.000043  -0.000056
  0.000035  -0.000120  -0.000137
  0.002101   0.000814  -0.000960
  0.000853   0.000211  -0.000194
 -0.002058   0.000246   0.000250
  0.000030   0.000063   0.000072
  0.000018   0.000544   0.000432
 -0.000358  -0.000845  -0.000519
  0.000014   0.000049   0.000125
  0.000023  -0.000976  -0.000165
  0.000059   0.000011  -0.000273
 -0.000079   0.000239  -0.000080
 -0.000057  -0.000277   0.000212
  0.000060  -0.000065  -0.000035
  0.001108  -0.000313  -0.000219
  0.000122  -0.000041  -0.000083
 -0.000198   0.000351  -0.000174
 -0.000087  -0.000008  -0.000016
 -0.001097   0.001152  -0.000690
 -0.000059  -0.000344   0.000048
  0.000067   0.000094   0.000076
 -0.000016  -0.001900  -0.000192
 -0.000003   0.000129   0.000017
  0.000162  -0.000104   0.000198
 -0.001687   0.001458  -0.002993
  0.001487   0.000610   0.000813
 -0.000041   0.000051  -0.000013
 -0.000185  -0.000145  -0.000402
 -0.002715  -0.001951   0.001312
  0.003110   0.013953   0.001524
  0.000049  -0.000010  -0.000032
 -0.000125  -0.000069   0.000075
  0.000436   0.000068  -0.000189
  0.000087  -0.000258  -0.000170
  0.000003   0.000495  -0.000421
 -0.000221  -0.000068  -0.000050
  0.000766   0.000046   0.000176
  0.000125  -0.000161   0.000044
 -0.000578   0.000449   0.000088
  0.000151  -0.000456   0.000173
  0.000107   0.001373   0.000310
 -0.000268  -0.000262   0.000239
  0.000466  -0.000216  -0.000248
  0.000446   0.001010  -0.000100
  0.000120   0.000165   0.000029
  0.000193   0.000120  -0.000145
 -0.000012   0.000011   0.000018
 -0.000005   0.000038  -0.000011
  0.000893  -0.001140   0.000059
 -0.000014   0.000083   0.000074
  0.000046  -0.000039  -0.000011
  0.001107  -0.000084  -0.001712
 -0.000052   0.000076   0.000074
 -0.000105   0.000036   0.000002
  0.000127   0.000175  -0.000047
  0.000025   0.000017   0.000003
 -0.000110   0.000277  -0.000324
 -0.000007   0.000002  -0.000004
 -0.000542  -0.000297   0.000468
 -0.000003  -0.000092  -0.000036
 -0.000163  -0.000110  -0.000096
  0.162941  -0.063380  -0.170264
  0.000110   0.000013  -0.000063
  0.448465  -0.007527   0.104008
  0.000080   0.000144  -0.000005
  0.000028  -0.000083  -0.000007
 -0.000833  -0.000155   0.000349
 -0.000809   0.000110  -0.000610
  0.000025   0.000033   0.000012
  0.000043  -0.000210   0.000004
 -0.000663  -0.000848   0.000301
 -0.000326  -0.000154  -0.000071
 -0.000188  -0.001140   0.000230
  0.002592  -0.003743  -0.007042
 -0.000628  -0.000348  -0.000252
  0.000084   0.000396   0.000132
  0.004243   0.000643   0.001709
  0.000299  -0.000172   0.000211
  0.002694   0.001029   0.000051
  0.000378  -0.000170  -0.000102
  0.007436   0.004867   0.008381
  0.002086   0.000031  -0.000771
 -0.000072  -0.000311   0.000541
  0.000449  -0.000403  -0.000230
  0.075282   0.003046   0.000063
  0.000363  -0.000243  -0.000194
  0.017855  -0.007604  -0.000719
 -0.711572   0.091516   0.059520
 -0.000224  -0.000119   0.000105
 -0.002898  -0.004056  -0.004299
 -0.000100  -0.000075   0.000000
 -0.000440  -0.016865  -0.026891
 -0.000142   0.000003   0.000023
 -0.002546   0.000757   0.000903
 -0.003795   0.004710  -0.003981
  0.021696  -0.004959   0.020519
  0.000677   0.000206  -0.000127
   99    2  0.0000  0.0150 -0.0000
  0.000650   0.000886  -0.001538
  0.000017  -0.000164   0.000024
  0.000100  -0.000260  -0.000000
 -0.000003  -0.000079   0.000060
  0.000111  -0.001395  -0.000983
  0.001910   0.000939  -0.003216
  0.000058  -0.000188  -0.000331
 -0.000295   0.000102   0.000037
  0.000397  -0.001640  -0.000013
 -0.000967   0.000354   0.000109
  0.000378   0.000055   0.000072
  0.000011  -0.000024   0.000109
 -0.000066   0.000395   0.000351
  0.000202  -0.000267   0.000049
 -0.000603  -0.001365   0.000032
  0.001056  -0.000238   0.000085
 -0.000095  -0.000022  -0.000091
 -0.001774   0.000342   0.001112
 -0.000007   0.000391   0.000747
 -0.000012   0.000100  -0.000041
 -0.000224   0.001164  -0.000924
 -0.000086  -0.000258  -0.000056
  0.000149  -0.000265   0.000058
  0.000148  -0.000071  -0.000172
 -0.000094   0.000144   0.000059
  0.000666  -0.000115  -0.000167
 -0.000127   0.000187   0.000142
  0.000363  -0.000302  -0.000031
  0.000107  -0.000015  -0.000065
  0.000351  -0.000205  -0.000141
  0.000061   0.000324   0.000129
 -0.000022  -0.000009   0.000016
 -0.000474   0.000557  -0.000428
 -0.000015   0.000294   0.000172
 -0.000021  -0.000138  -0.000119
  0.000344   0.000436  -0.001046
 -0.003116  -0.000325  -0.000805
  0.000064  -0.000055  -0.000077
 -0.000078  -0.000020  -0.000004
 -0.000781  -0.000050  -0.000982
 -0.001811  -0.004284  -0.002184
  0.000115  -0.001606  -0.000257
  0.000007   0.000586   0.000235
 -0.000199   0.000133  -0.000026
 -0.000122   0.000519   0.000418
  0.000122  -0.000042   0.000002
  0.000217   0.000264   0.000065
 -0.000495   0.000000  -0.000170
 -0.000081   0.000343  -0.000036
  0.000585  -0.000125  -0.000038
 -0.000191   0.000959  -0.000254
  0.000155  -0.000273  -0.000017
  0.000377   0.000737  -0.000400
 -0.000386   0.000144   0.000156
  0.000914  -0.001089   0.000368
  0.000067  -0.000240   0.000140
 -0.000002  -0.000014   0.000169
  0.000017  -0.000098  -0.000014
  0.000019  -0.000109   0.000035
 -0.000326  -0.000183  -0.000090
  0.000009  -0.000141   0.000025
 -0.000040  -0.000051   0.000030
  0.000040   0.000857   0.000293
  0.000037  -0.000168  -0.000082
  0.000144  -0.000056   0.000015
 -0.000130  -0.000134   0.000082
 -0.000003  -0.000128  -0.000003
  0.000122   0.000142   0.000110
  0.000026  -0.000076   0.000054
  0.000166   0.000269  -0.000018
  0.000018  -0.000025   0.000125
  0.000045   0.000044   0.000019
 -0.052218   0.051403   0.105521
 -0.000210  -0.000380   0.000329
 -0.021356   0.024149   0.008540
  0.000061  -0.000261   0.000004
  0.000011  -0.000173  -0.000022
  0.000396   0.000541   0.000015
  0.001549   0.002416   0.001232
 -0.000070  -0.000063  -0.000031
 -0.000069  -0.000110   0.000028
 -0.000805  -0.000179   0.000330
  0.000084  -0.000162   0.000728
  0.000095   0.000248  -0.000005
 -0.002581   0.000254   0.006129
 -0.000095   0.000439  -0.000181
 -0.000082   0.000134   0.000099
  0.000591   0.000225   0.000998
 -0.000117   0.000135   0.000115
 -0.000180  -0.000308   0.000575
  0.000056   0.000413  -0.000065
  0.001938  -0.001079   0.002485
 -0.001730  -0.000267   0.001648
  0.000022   0.000363   0.000119
 -0.000363   0.000713   0.000370
 -0.008533  -0.007721  -0.000793
  0.000203   0.001078   0.000571
 -0.000569  -0.000185   0.001181
  0.091563  -0.072975  -0.140685
  0.000134   0.000648  -0.000286
  0.001044   0.000130   0.000699
  0.000070   0.000843   0.000337
 -0.005865  -0.000513   0.015814
  0.000009   0.001174  -0.000231
  0.000689  -0.001042  -0.000137
  0.000776   0.000135  -0.000769
 -0.001871   0.006199   0.004381
 -0.000278  -0.001577   0.000069
   99    3  0.0000 -0.0000  0.0150
  0.003765  -0.003243   0.002675
  0.000075  -0.000195  -0.000296
  0.000056   0.000240   0.000406
 -0.000017  -0.000032   0.000033
 -0.000221  -0.000837  -0.000554
 -0.002998  -0.002403   0.003392
  0.000040  -0.000122  -0.000161
  0.000092   0.000107   0.000022
  0.000195  -0.000683   0.000096
 -0.000392   0.000013  -0.000013
 -0.000076  -0.000165  -0.000795
  0.000004   0.000001   0.000055
  0.000015   0.000146   0.000183
  0.000395  -0.000270  -0.000267
 -0.000372  -0.000452   0.000152
  0.000575  -0.000397  -0.000312
 -0.000047  -0.000043  -0.000039
  0.000398  -0.000480  -0.000716
 -0.000026  -0.000128   0.000134
 -0.000022   0.000041  -0.000035
  0.001519   0.004558  -0.005498
 -0.000251  -0.000079   0.000130
  0.000077  -0.000267  -0.000005
 -0.000005   0.000079  -0.000051
 -0.000049   0.000054   0.000033
 -0.000297   0.000218  -0.000041
 -0.000051   0.000058   0.000045
  0.000018   0.000025  -0.000040
  0.000053  -0.000020  -0.000012
 -0.000127   0.000302  -0.000166
  0.000138   0.000532  -0.000465
 -0.000012   0.000001  -0.000005
 -0.000180   0.002047   0.001808
 -0.000006   0.000091   0.000060
  0.000160  -0.000066   0.000116
 -0.000450   0.001686  -0.003771
 -0.000089   0.000296   0.000083
  0.000016  -0.000035  -0.000031
 -0.000047  -0.000138  -0.000268
 -0.001746  -0.001933   0.002245
 -0.011380  -0.032382  -0.017716
  0.000045  -0.000625  -0.000037
 -0.000006   0.000159   0.000026
 -0.000083   0.000069   0.000046
 -0.000041   0.000169   0.000141
  0.000050   0.000015   0.000005
  0.000060   0.000093  -0.000006
 -0.000121   0.000033   0.000050
 -0.000001   0.000124  -0.000044
  0.000173  -0.000024   0.000012
 -0.000091   0.000412  -0.000147
  0.000055   0.000011   0.000014
  0.000182   0.000310  -0.000225
 -0.000166   0.000272   0.000220
  0.000030  -0.000228   0.000730
 -0.000083  -0.000150  -0.000212
 -0.000173  -0.000014   0.000012
  0.000006  -0.000035  -0.000000
  0.000010  -0.000047   0.000002
 -0.000132   0.000531   0.000833
  0.000001   0.000009  -0.000051
 -0.000022  -0.000018   0.000009
 -0.000982   0.000236  -0.001066
  0.000007  -0.000076  -0.000007
  0.000072  -0.000028   0.000007
 -0.000047  -0.000024  -0.000073
 -0.000005  -0.000050   0.000001
  0.000048   0.000173  -0.000130
  0.000011  -0.000049   0.000001
 -0.000056   0.000096   0.000279
  0.000011   0.000075   0.000010
  0.000036   0.000033   0.000031
 -0.129704   0.100255   0.344333
 -0.000075  -0.000170   0.000141
  0.061860   0.012376   0.098253
 -0.000098  -0.000132  -0.000035
  0.000013  -0.000085  -0.000004
  0.000826   0.000604  -0.000305
 -0.000168   0.000331   0.000627
 -0.000030  -0.000023  -0.000014
 -0.000003  -0.000088  -0.000064
  0.000136   0.000306   0.000092
 -0.002244   0.000312   0.001876
 -0.000016   0.000087   0.000500
 -0.006207   0.005186   0.017051
  0.000150   0.000127   0.000062
 -0.000113   0.000231  -0.000010
  0.002127   0.001169   0.000628
 -0.000035   0.000070   0.000260
  0.001406   0.000525   0.000919
 -0.000132   0.000126   0.000030
  0.004279   0.000179   0.007620
 -0.004813   0.001195   0.001715
  0.000156   0.000400  -0.000192
  0.000059   0.000371   0.000127
  0.017097   0.000139  -0.009455
  0.000206   0.000814   0.000308
  0.003640  -0.001064   0.000597
  0.060286  -0.140810  -0.599786
  0.000112   0.000267  -0.000023
  0.008444   0.003488   0.028307
  0.000003   0.000273   0.000085
 -0.020704   0.038100   0.057683
 -0.000028   0.000432  -0.000119
  0.000484  -0.001307   0.000774
  0.000226   0.000416  -0.002372
  0.015397   0.008712   0.069610
 -0.000059  -0.000394  -0.000058
  101    1  0.0150  0.0000  0.0000
 -0.000480   0.000649  -0.002459
  0.000016   0.000128   0.000159
 -0.000164   0.000136  -0.000437
  0.000090   0.000090   0.000025
 -0.000210   0.000129   0.000102
 -0.000928   0.000307  -0.000146
 -0.000006  -0.000027   0.000007
 -0.000182   0.000201  -0.000017
  0.000171   0.000136  -0.000030
 -0.001032  -0.000374   0.000014
  0.000130   0.002606   0.000760
 -0.000003   0.000001  -0.000017
  0.000014  -0.000024  -0.000038
 -0.000235   0.000493  -0.000138
  0.000169  -0.000290  -0.000178
 -0.002220   0.002198  -0.000633
  0.000020   0.000001   0.000011
  0.000079  -0.000046   0.000507
  0.001283  -0.000537  -0.000605
  0.000009  -0.000020  -0.000029
 -0.001983   0.000353   0.001622
  0.000113   0.000032  -0.000091
 -0.000243   0.000016  -0.000009
  0.000036  -0.000111   0.000120
  0.000049   0.000002   0.000003
  0.000290   0.000154   0.000061
  0.000011  -0.000009  -0.000004
 -0.000593  -0.000513   0.000661
 -0.000021  -0.000030  -0.000018
  0.000487  -0.000100  -0.000284
  0.000715  -0.000992  -0.000456
  0.000026   0.000009  -0.000012
 -0.020269   0.000284   0.002977
  0.000001  -0.000028  -0.000017
  0.000058  -0.000032   0.000094
 -0.001563  -0.000554  -0.001181
 -0.002642   0.000979   0.000717
 -0.000008  -0.000002   0.000013
  0.000032  -0.000100  -0.000121
 -0.000237  -0.000236   0.001916
  0.101897   0.001306   0.047739
  0.000006   0.000085   0.000034
 -0.000068   0.000136   0.000115
  0.000144  -0.000676   0.000377
 -0.000014  -0.000021  -0.000013
  0.000168   0.000114  -0.000140
 -0.000016   0.000018   0.000036
  0.001430  -0.000851   0.000449
 -0.000045  -0.000058   0.000010
  0.000432  -0.000013  -0.000008
 -0.000006  -0.000047   0.000005
  0.000185   0.000182   0.000057
 -0.000046   0.000031   0.000026
  0.001068  -0.001196   0.000000
  0.000072  -0.000123   0.000002
  0.000046   0.000116   0.000048
 -0.000195  -0.000151  -0.001059
 -0.000004   0.000011  -0.000003
  0.000009   0.000018  -0.000001
  0.000106   0.000019  -0.000747
  0.000549   0.000154   0.000012
 -0.000008  -0.000006  -0.000006
  0.000072   0.000231   0.000552
  0.000003   0.000031   0.000011
  0.000002   0.000009  -0.000021
 -0.000131  -0.000507  -0.000098
  0.000005  -0.000007  -0.000003
 -0.000615   0.000077   0.000285
 -0.000005  -0.000013   0.000002
 -0.000035  -0.000025   0.000070
 -0.000054  -0.000048   0.000048
 -0.000052  -0.000013   0.000002
  0.001420  -0.002557  -0.007927
  0.000044   0.000022  -0.000038
  0.000823   0.000037  -0.000123
  0.000038   0.000053   0.000004
  0.000009  -0.000033  -0.000008
 -0.000494  -0.000525  -0.000136
 -0.000349  -0.000057   0.000052
  0.000010   0.000001  -0.000002
  0.000037  -0.000081  -0.000017
  0.000037   0.000053  -0.000076
  0.002362  -0.000975   0.000378
 -0.000001  -0.000168  -0.000120
  0.003603  -0.007525   0.001435
 -0.000052  -0.000033  -0.000025
 -0.000043   0.000157  -0.000097
  0.000860   0.000370  -0.000049
  0.000010   0.000102   0.000051
  0.001956   0.000891  -0.000703
  0.000006  -0.000001   0.000020
  0.003913   0.005896  -0.001864
  0.001125  -0.000619  -0.000226
 -0.000042  -0.000225   0.000091
  0.000148  -0.000152  -0.000063
  0.000295  -0.000005  -0.000214
  0.000181  -0.000070  -0.000040
  0.000512  -0.000262   0.000248
 -0.002787   0.001081   0.008541
 -0.000054  -0.000062   0.000012
 -0.061715  -0.010600  -0.078432
 -0.000016  -0.000044  -0.000026
 -0.031313   0.013337   0.028695
 -0.000026  -0.000059   0.000016
 -0.001269   0.000216   0.000039
 -0.001256   0.000118   0.000061
  0.006150  -0.002004  -0.000084
  0.000198   0.000056   0.000001
  101    2  0.0000  0.0150 -0.0000
  0.000673  -0.001305   0.003549
 -0.000122  -0.000380  -0.000292
 -0.000996  -0.000495  -0.001597
 -0.000106   0.000007   0.000189
 -0.000498  -0.002384  -0.001600
  0.001171   0.002124  -0.001827
  0.000092  -0.000398  -0.000556
 -0.000139   0.000175  -0.000056
  0.000966  -0.002625  -0.000092
 -0.001615   0.002050   0.000448
  0.001684   0.006593  -0.003192
  0.000008  -0.000001   0.000184
 -0.000045   0.000624   0.000589
 -0.000241  -0.000650   0.000464
 -0.001589  -0.001769   0.000151
  0.003292   0.000653   0.000980
 -0.000129  -0.000064  -0.000156
 -0.000212  -0.000158  -0.000083
 -0.001336   0.002269  -0.004044
 -0.000023   0.000076  -0.000142
  0.002190   0.000080  -0.002473
 -0.000258  -0.000192   0.000100
  0.000239  -0.000868  -0.000354
  0.000106   0.000045  -0.000414
 -0.000133   0.000268   0.000126
 -0.000243   0.000349  -0.000046
 -0.000241   0.000283   0.000221
  0.000196  -0.000452   0.000031
  0.000130  -0.000039  -0.000097
  0.000040   0.000269  -0.000297
 -0.001226  -0.001900  -0.000742
 -0.000084  -0.000040  -0.000049
 -0.003203   0.002290  -0.053939
  0.000007   0.000251   0.000173
  0.000258  -0.000210   0.000150
 -0.002329  -0.000511  -0.001937
  0.003412   0.008072   0.002648
  0.000106  -0.000116  -0.000069
  0.000091  -0.000324  -0.000411
 -0.000245  -0.000775   0.003450
  0.005936   0.149232  -0.006409
  0.000138  -0.001921  -0.000163
  0.000172   0.000768   0.000212
 -0.000663  -0.000185   0.000094
 -0.000245   0.000874   0.000756
  0.000182  -0.000335   0.000174
  0.000509   0.000351   0.000168
 -0.001955   0.000241  -0.000702
 -0.000275   0.000562  -0.000080
  0.001108  -0.000504  -0.000110
 -0.000389   0.001611  -0.000453
  0.000078  -0.001201  -0.000262
  0.000772   0.001150  -0.000725
 -0.000847  -0.000291  -0.000262
  0.000155  -0.000085   0.000063
  0.000004  -0.000319  -0.000022
 -0.000345   0.001179  -0.003651
  0.000031  -0.000116  -0.000033
  0.000039  -0.000141   0.000045
  0.000047   0.000555   0.000063
  0.000234   0.000592  -0.000520
 -0.000086  -0.000030   0.000043
  0.000276   0.000213  -0.000119
  0.000050  -0.000190  -0.000065
  0.000271  -0.000098   0.000011
 -0.000222  -0.000150  -0.000037
 -0.000013  -0.000191  -0.000010
  0.000162   0.000595  -0.000012
  0.000038  -0.000133   0.000073
 -0.000043   0.000152   0.000120
  0.000195  -0.000018   0.000249
  0.000152   0.000152   0.000087
  0.004433  -0.000704  -0.006847
 -0.000229  -0.000488   0.000422
  0.002637   0.000620   0.000728
  0.000026  -0.000341  -0.000028
  0.000028  -0.000274  -0.000028
 -0.000375   0.000020   0.000247
 -0.000348  -0.000009  -0.000910
 -0.000095  -0.000104  -0.000046
 -0.000033  -0.000287  -0.000001
 -0.000135  -0.000077  -0.000045
 -0.002685   0.001628   0.000068
  0.000167   0.000461   0.000316
 -0.003752   0.008449  -0.004256
  0.000284   0.000586   0.000020
 -0.000211   0.000547  -0.000085
  0.001681   0.001072   0.000134
 -0.000179   0.000524   0.000304
  0.002577   0.001539  -0.000291
 -0.000290   0.000605   0.000033
  0.002671   0.007522  -0.005991
 -0.001872   0.001068   0.000464
  0.000210   0.000548  -0.000171
 -0.000130   0.001073   0.000471
 -0.002192  -0.001042   0.000634
  0.000713   0.002188   0.001015
 -0.000066  -0.000843   0.000885
 -0.004041   0.000155   0.003399
  0.000116   0.000848  -0.000303
 -0.010602  -0.260766   0.021107
  0.000034   0.001030   0.000325
  0.010800  -0.009529   0.092109
 -0.000065   0.001447  -0.000319
 -0.000009  -0.002794   0.000713
 -0.000066  -0.000829  -0.001753
 -0.004119   0.084832  -0.029775
  0.000003  -0.001811  -0.000055
  101    3  0.0000 -0.0000  0.0150
 -0.001292   0.001096  -0.002760
  0.000115   0.000210   0.000126
  0.000583  -0.000000   0.000254
  0.000107  -0.000245  -0.000270
  0.000253   0.001445   0.001001
 -0.000312   0.000602  -0.000488
 -0.000149   0.000226   0.000534
 -0.000717  -0.000648   0.000860
 -0.000969   0.001167  -0.000884
  0.001344  -0.001450   0.000299
  0.002983   0.007901   0.006891
 -0.000002  -0.000065  -0.000126
 -0.000021  -0.000424  -0.000406
 -0.000042   0.000397  -0.000017
  0.001968   0.000334  -0.000828
  0.000636  -0.001955   0.002844
  0.000065   0.000093   0.000165
 -0.000405   0.000050   0.000932
  0.000143  -0.002481   0.002175
  0.000006   0.000011   0.000211
 -0.001914  -0.000529   0.003009
  0.000136   0.000080  -0.000089
 -0.000436   0.000907  -0.000095
 -0.000168  -0.000276  -0.000027
  0.000138  -0.000274  -0.000120
  0.000140   0.000257  -0.000035
  0.000249  -0.000160  -0.000155
  0.001219   0.000236  -0.000877
 -0.000089  -0.000001  -0.000007
 -0.000198   0.000339  -0.000004
 -0.000087  -0.001639   0.001055
  0.000068   0.000080   0.000063
  0.006732  -0.026412   0.063814
 -0.000024   0.000104  -0.000004
 -0.000165   0.000072  -0.000094
  0.003334  -0.000059   0.004234
 -0.003229  -0.009527  -0.005635
 -0.000070   0.000090  -0.000015
  0.000011   0.000126   0.000249
  0.001072   0.001374  -0.004384
  0.045213  -0.029899   0.549997
 -0.000023   0.000489  -0.000186
 -0.000471  -0.000092   0.000337
  0.000486   0.001012  -0.001060
  0.000180  -0.000373  -0.000009
 -0.000182   0.000271  -0.000300
 -0.000532  -0.000169   0.000035
 -0.001145   0.000851  -0.001106
  0.000388  -0.000336   0.000252
 -0.001095   0.000389  -0.000048
  0.000351  -0.000932   0.000471
 -0.000121   0.000799   0.000086
 -0.000826  -0.000751   0.000726
 -0.000502   0.000690  -0.000618
 -0.000059  -0.000032  -0.000110
  0.000062   0.000152   0.000097
 -0.000501  -0.002091  -0.001319
 -0.000025   0.000038   0.000038
 -0.000022   0.000053  -0.000027
 -0.000193  -0.000111  -0.001316
 -0.000035  -0.002091   0.000489
  0.000087  -0.000021  -0.000014
  0.001457  -0.000277   0.000321
 -0.000050   0.000100   0.000041
 -0.000271   0.000067   0.000013
 -0.000275  -0.000492   0.000160
  0.000018   0.000098   0.000019
  0.001257  -0.000351   0.000065
 -0.000017   0.000065  -0.000041
 -0.000003  -0.000137  -0.000539
 -0.000116  -0.000414   0.000084
 -0.000147  -0.000131  -0.000149
  0.013023  -0.008603  -0.026648
  0.000076   0.000185  -0.000124
 -0.000675  -0.000450   0.000731
 -0.000064   0.000174   0.000020
  0.000009   0.000134   0.000003
 -0.002626  -0.001414   0.001454
  0.000235   0.001497  -0.002473
  0.000045   0.000075   0.000026
 -0.000022   0.000118   0.000095
 -0.000027  -0.000373  -0.000202
  0.002177  -0.000448  -0.000550
 -0.000067  -0.000309  -0.000227
  0.000495  -0.006115   0.001244
 -0.000215  -0.000308  -0.000045
  0.000133  -0.000345   0.000100
 -0.002262  -0.001484  -0.000257
  0.000065  -0.000241  -0.000276
 -0.003012  -0.000629  -0.000866
  0.000209  -0.000312  -0.000049
 -0.001595  -0.008298   0.002118
  0.001540  -0.001067  -0.000502
 -0.000142  -0.000341   0.000203
  0.000108  -0.000623  -0.000296
  0.000346   0.000000   0.000344
 -0.000428  -0.001341  -0.000606
  0.000367  -0.000234   0.000176
 -0.004235   0.000788   0.028310
 -0.000022  -0.000349   0.000106
 -0.078624   0.021087  -0.749648
 -0.000029  -0.000317   0.000030
  0.020631   0.086993   0.114776
 -0.000001  -0.000454   0.000139
 -0.000033   0.001926  -0.000579
 -0.000147   0.000734   0.001160
  0.000835  -0.017772   0.014553
  0.000034   0.000693  -0.000029
  103    1  0.0150  0.0000  0.0000
 -0.000199   0.000438  -0.000457
  0.000022   0.000149   0.000180
 -0.000317  -0.000114   0.000083
  0.000069   0.000044   0.000033
 -0.000351  -0.000201  -0.000120
 -0.003948   0.000417   0.000624
  0.000011  -0.000109  -0.000064
 -0.000148   0.000046  -0.000051
  0.000210  -0.000226   0.000025
 -0.000671   0.000141   0.000079
 -0.003041  -0.000148   0.000281
 -0.000002  -0.000000   0.000012
 -0.000017   0.000097   0.000063
  0.000091   0.000014   0.000039
 -0.000253  -0.000201   0.000047
  0.000584   0.002008   0.001540
  0.000012   0.000032  -0.000000
 -0.000169  -0.000023   0.000109
  0.000859   0.000062  -0.000971
  0.000013  -0.000017  -0.000044
  0.000273   0.000675  -0.001271
  0.000104   0.000048  -0.000120
 -0.000182  -0.000205  -0.000018
  0.000007  -0.000163  -0.000147
  0.000015   0.000031   0.000016
  0.000182  -0.000066  -0.000022
 -0.000034   0.000066   0.000055
  0.000101  -0.000076  -0.000124
 -0.000012  -0.000019  -0.000049
 -0.000364   0.000510  -0.000125
  0.002068  -0.000409  -0.001137
 -0.000014  -0.000004  -0.000030
 -0.024419   0.011924   0.003165
  0.000020  -0.000009  -0.000009
  0.000103  -0.000055   0.000178
  0.003394   0.000434   0.003346
  0.000396  -0.000106   0.002659
  0.000022  -0.000017   0.000003
  0.000166  -0.000252  -0.000211
  0.000481   0.000687  -0.000940
  0.113250   0.083218   0.045581
  0.000027  -0.000130   0.000032
  0.000068   0.000073   0.000005
 -0.000165  -0.000537   0.000062
 -0.000042   0.000093   0.000066
  0.000106  -0.000019  -0.000040
  0.000121   0.000048   0.000003
 -0.000649  -0.000162  -0.000509
 -0.000085   0.000055  -0.000022
  0.000350  -0.000115  -0.000006
 -0.000068   0.000215  -0.000079
  0.000114  -0.000107  -0.000017
  0.000130   0.000158  -0.000101
  0.000069  -0.001237  -0.000877
 -0.000012   0.000109   0.000014
  0.000041   0.000137  -0.000002
 -0.000863  -0.000072   0.000126
  0.000007  -0.000004  -0.000021
  0.000013   0.000002   0.000007
 -0.000053  -0.000197   0.000020
  0.000007  -0.000052  -0.000057
 -0.000012   0.000004   0.000001
 -0.001099  -0.000047   0.000898
  0.000017   0.000022   0.000011
  0.000056  -0.000004  -0.000021
 -0.000015  -0.000023  -0.000007
  0.000005  -0.000035  -0.000010
  0.000251   0.000231   0.000131
  0.000005  -0.000029   0.000022
 -0.000189  -0.000241  -0.000306
  0.000334  -0.000008  -0.000059
  0.000011   0.000038  -0.000012
  0.012596   0.004885   0.005201
  0.000029  -0.000031  -0.000001
 -0.003068   0.000517   0.000640
  0.000084   0.000023  -0.000005
  0.000007  -0.000080  -0.000019
 -0.002096  -0.001483  -0.000529
 -0.000037  -0.000028  -0.001419
 -0.000000  -0.000019  -0.000010
  0.000053  -0.000150   0.000021
  0.000204  -0.000235  -0.000259
  0.001300  -0.001232   0.000837
  0.000015  -0.000158  -0.000069
  0.001288  -0.001989   0.000092
  0.000023   0.000065  -0.000008
 -0.000084   0.000310  -0.000203
 -0.000521   0.000084  -0.001391
 -0.000003   0.000310   0.000060
  0.000647   0.001368  -0.002236
 -0.000092   0.000111   0.000044
  0.000302   0.000567  -0.000597
  0.000846  -0.000308   0.000315
 -0.000023  -0.000214   0.000054
  0.000132   0.000015   0.000017
  0.003441   0.000023  -0.001095
  0.000342   0.000287   0.000137
  0.002372  -0.000757   0.000653
 -0.000244  -0.005904  -0.020792
 -0.000087   0.000044  -0.000033
 -0.031301   0.010763   0.020815
 -0.000022   0.000095  -0.000011
 -0.075730  -0.106212  -0.053189
 -0.000045   0.000128  -0.000025
 -0.001641  -0.000189   0.000051
 -0.002156  -0.000155  -0.000105
  0.006355   0.002927   0.001618
  0.000326  -0.000165  -0.000019
  103    2  0.0000  0.0150 -0.0000
  0.000502  -0.000823  -0.000400
 -0.000178  -0.000448  -0.000346
 -0.000264  -0.000073   0.001645
 -0.000117   0.000097   0.000265
 -0.000511  -0.003296  -0.002248
  0.002419   0.003582  -0.003448
  0.000138  -0.000499  -0.000802
 -0.000425   0.000063   0.000150
  0.001492  -0.003319   0.000193
 -0.002443   0.003193   0.000651
 -0.002120   0.001911  -0.011946
  0.000013   0.000008   0.000249
 -0.000056   0.000950   0.000856
 -0.000499  -0.000857   0.000756
 -0.002399  -0.002322   0.000473
  0.003995   0.001858   0.001164
 -0.000161  -0.000118  -0.000289
 -0.000338  -0.000289   0.000174
  0.000219   0.001488  -0.000967
 -0.000011   0.000101  -0.000212
 -0.000363  -0.000704   0.001430
 -0.000227  -0.000254   0.000053
  0.000265  -0.001272  -0.000217
  0.000188  -0.000058  -0.000503
 -0.000203   0.000483   0.000160
 -0.000295   0.000425   0.000033
 -0.000411   0.000403   0.000278
  0.000586  -0.000621  -0.000143
  0.000152  -0.000060  -0.000142
  0.000051   0.000524  -0.000379
  0.001393   0.004674  -0.000463
 -0.000109  -0.000061  -0.000066
  0.015793   0.076068   0.026628
  0.000018   0.000327   0.000228
  0.000255  -0.000292   0.000196
  0.002990  -0.000120   0.002452
  0.001927   0.000772   0.008670
  0.000158  -0.000157  -0.000083
  0.000292  -0.000471  -0.000494
 -0.000190   0.000096  -0.001650
  0.075854   0.545306   0.214917
  0.000190  -0.002649  -0.000227
  0.000303   0.000951   0.000199
 -0.000918  -0.000618   0.000328
 -0.000365   0.001075   0.000893
  0.000293  -0.000523   0.000256
  0.000766   0.000515   0.000135
 -0.002017  -0.000230  -0.000808
 -0.000467   0.000695  -0.000152
  0.001774  -0.000750  -0.000196
 -0.000578   0.002191  -0.000693
  0.000128  -0.001854  -0.000422
  0.001158   0.001655  -0.001087
 -0.000593  -0.001166  -0.000500
  0.000207  -0.000370  -0.000073
  0.000129  -0.000452   0.000166
 -0.000770  -0.000897   0.000397
  0.000047  -0.000160  -0.000059
  0.000056  -0.000192   0.000069
  0.000014   0.000843  -0.000413
  0.000223  -0.000050  -0.000344
 -0.000131  -0.000031   0.000061
  0.002237   0.000498  -0.000463
  0.000088  -0.000257  -0.000105
  0.000430  -0.000128   0.000025
 -0.000279  -0.000292   0.000002
 -0.000016  -0.000286  -0.000022
  0.000545   0.000514   0.000123
  0.000053  -0.000190   0.000135
 -0.000081   0.000135  -0.000213
  0.000210   0.001028  -0.000405
  0.000208   0.000212   0.000110
  0.016131   0.004979  -0.037414
 -0.000316  -0.000676   0.000589
  0.005381   0.000275   0.001460
  0.000211  -0.000458  -0.000011
  0.000033  -0.000390  -0.000044
 -0.003142  -0.000371   0.000533
 -0.000536   0.001170  -0.001822
 -0.000135  -0.000161  -0.000066
 -0.000095  -0.000469   0.000168
 -0.000260  -0.000633  -0.000311
 -0.000442   0.001897  -0.000606
  0.000285   0.000621   0.000201
 -0.001353  -0.001389   0.000249
  0.000286   0.000858  -0.000004
 -0.000216   0.000683  -0.000042
 -0.000098  -0.000113  -0.000454
 -0.000260   0.000883   0.000179
  0.000088   0.001841  -0.001652
 -0.000310   0.000903   0.000012
  0.000712  -0.001975   0.000299
 -0.000429   0.000103  -0.000096
  0.000216   0.000589  -0.000052
 -0.000358   0.001463   0.000695
 -0.004540  -0.001479   0.001374
  0.000976   0.002841   0.001416
 -0.000233  -0.000957   0.001450
 -0.016806  -0.000588   0.037946
  0.000045   0.001219  -0.000498
  0.013416  -0.009708   0.086982
  0.000044   0.001479   0.000458
 -0.106376  -0.641402  -0.319053
 -0.000093   0.002026  -0.000431
 -0.000342  -0.003120   0.000218
 -0.000594  -0.001499  -0.001470
 -0.001262   0.018888  -0.003669
  0.000151  -0.002769  -0.000077
  103    3  0.0000 -0.0000  0.0150
  0.000352   0.000515  -0.001880
 -0.000073  -0.000094   0.000034
 -0.000658  -0.001551  -0.000548
 -0.000019  -0.000056   0.000005
  0.000092  -0.000420  -0.000276
  0.003299   0.001374  -0.002352
 -0.000031  -0.000141  -0.000066
 -0.000429  -0.000194   0.000401
  0.000137  -0.000674  -0.000180
 -0.000370   0.000730   0.000391
  0.000989  -0.002286   0.001621
  0.000005  -0.000019   0.000042
 -0.000019   0.000098   0.000086
 -0.000395  -0.000182   0.000398
 -0.000217  -0.000592  -0.000179
  0.001851  -0.000183   0.001488
 -0.000018  -0.000017  -0.000031
  0.000026  -0.000185   0.000163
 -0.000769   0.002230  -0.002549
 -0.000013   0.000019   0.000004
 -0.001228   0.000255   0.001307
  0.000009  -0.000079  -0.000025
  0.000061  -0.000247  -0.000373
 -0.000001  -0.000087  -0.000214
 -0.000017   0.000030   0.000024
 -0.000216   0.000366  -0.000005
 -0.000028   0.000036   0.000029
  0.000663  -0.000158  -0.000246
  0.000017  -0.000018  -0.000028
 -0.000005   0.000404  -0.000102
 -0.000863  -0.000824  -0.001266
 -0.000010   0.000015  -0.000015
  0.001234   0.001147  -0.017260
 -0.000009   0.000106   0.000063
 -0.000055  -0.000067  -0.000054
  0.001068   0.000134   0.000409
  0.001474  -0.003277   0.007102
  0.000016  -0.000025  -0.000019
  0.000091  -0.000041   0.000104
 -0.000417   0.000694  -0.002423
  0.042017   0.226242   0.270191
  0.000035  -0.000577  -0.000113
 -0.000073   0.000289   0.000168
 -0.000115   0.000196  -0.000292
 -0.000043   0.000205   0.000251
  0.000031  -0.000102   0.000003
  0.000061   0.000075   0.000104
 -0.001159   0.000250  -0.000706
  0.000017   0.000128  -0.000005
  0.000195  -0.000132  -0.000105
 -0.000065   0.000379  -0.000078
 -0.000027  -0.000399  -0.000132
  0.000094   0.000278  -0.000130
 -0.000283  -0.000165  -0.000372
  0.000261  -0.000508  -0.000044
  0.000041  -0.000083   0.000102
 -0.000669  -0.001625  -0.000642
  0.000005  -0.000034   0.000004
  0.000013  -0.000040   0.000011
  0.000076   0.000569  -0.000692
  0.000262  -0.000444  -0.000163
 -0.000013  -0.000016   0.000012
  0.000965  -0.000141   0.000853
  0.000010  -0.000053  -0.000032
  0.000048  -0.000024   0.000017
 -0.000245  -0.000340   0.000029
 -0.000005  -0.000051   0.000001
  0.000608   0.000008  -0.000127
  0.000002  -0.000034   0.000028
 -0.000114  -0.000163  -0.000329
 -0.000096  -0.000216   0.000224
  0.000017   0.000034  -0.000001
  0.012604  -0.018935  -0.021542
 -0.000077  -0.000128   0.000129
  0.007933   0.000376   0.004439
  0.000021  -0.000082   0.000011
  0.000007  -0.000053  -0.000014
 -0.001582  -0.000869   0.002525
 -0.000806  -0.001014  -0.003190
 -0.000026  -0.000019  -0.000009
 -0.000038  -0.000032   0.000071
 -0.000307  -0.000523  -0.000034
  0.001072  -0.000303  -0.000121
  0.000075   0.000160  -0.000087
  0.000660  -0.001924   0.003592
  0.000010   0.000154  -0.000017
 -0.000011  -0.000053   0.000048
 -0.000238  -0.000525   0.000739
 -0.000074   0.000114  -0.000089
 -0.001704  -0.000801   0.000264
 -0.000005   0.000146  -0.000012
 -0.000748  -0.002780   0.003175
 -0.000111  -0.000450   0.000228
  0.000007   0.000044   0.000037
 -0.000114   0.000178   0.000098
 -0.005526  -0.000614   0.000370
  0.000023   0.000180   0.000143
 -0.001629   0.000549   0.000246
 -0.026856   0.015869   0.057659
  0.000044   0.000222  -0.000109
  0.028754   0.092141   0.114669
  0.000012   0.000304   0.000143
 -0.053218  -0.318345  -0.391044
 -0.000015   0.000411  -0.000077
  0.000271  -0.000069  -0.000396
  0.000371  -0.000532   0.000582
 -0.006113   0.017559  -0.024056
 -0.000045  -0.000597   0.000016
  105    1  0.0150  0.0000  0.0000
  0.013754  -0.009771   0.001137
 -0.003918   0.001994   0.005728
  0.000077  -0.000011  -0.000005
  0.000058   0.000018  -0.000002
 -0.019000   0.006921   0.010123
 -0.006936  -0.000411   0.000533
 -0.000025  -0.000160  -0.000178
 -0.000073   0.000141  -0.000072
 -0.000185   0.000664  -0.000088
 -0.000140  -0.000408  -0.000065
  0.000013   0.000005   0.000011
  0.000021   0.000004   0.000035
  0.001784   0.000534  -0.000390
  0.000270  -0.000108   0.000046
 -0.000286  -0.000619   0.000268
 -0.000147   0.000467   0.000122
  0.000332   0.000216   0.000192
  0.000396  -0.000098   0.000072
 -0.000008  -0.000008   0.000000
 -0.000017   0.000010  -0.000002
 -0.003328   0.003725  -0.004596
  0.011137   0.005174  -0.004440
  0.000032   0.000057   0.000021
  0.000040  -0.000053   0.000009
  0.000428   0.000276   0.000114
  0.000309  -0.000139   0.000049
  0.000048   0.000194  -0.000124
  0.000081  -0.000240   0.000000
 -0.000874  -0.000753  -0.000510
 -0.000886   0.000564  -0.000487
  0.000003  -0.000040   0.000007
  0.000002   0.000035   0.000008
  0.000289  -0.000111  -0.000041
  0.000296   0.000178  -0.000056
  0.014378  -0.006245   0.006635
 -0.003276  -0.003572   0.005034
  0.000005   0.000074   0.000047
 -0.000012  -0.000057   0.000048
 -0.004481  -0.001271  -0.006091
  0.009122   0.005292   0.000832
  0.000413   0.000312   0.000351
  0.000525  -0.000576   0.000511
  0.000037   0.000155   0.000018
  0.000027  -0.000134   0.000039
  0.000067  -0.000164  -0.000114
  0.000045   0.000092  -0.000058
  0.000046   0.000071  -0.000055
  0.000050  -0.000063  -0.000016
  0.000040  -0.000077   0.000022
  0.000025   0.000042   0.000016
  0.000099  -0.000377   0.000109
  0.000063   0.000228   0.000074
  0.000145   0.000313  -0.000208
  0.000102  -0.000206  -0.000121
  0.000885  -0.000464  -0.000402
 -0.000207   0.000134   0.000589
  0.000029  -0.000005  -0.000008
  0.000040   0.000003  -0.000012
  0.000200   0.000335   0.000057
  0.000130  -0.000201  -0.000018
  0.000020   0.000015  -0.000001
  0.000021  -0.000012   0.000004
 -0.000869  -0.000125   0.000763
  0.000536   0.000576   0.000349
  0.000039   0.000012  -0.000024
  0.000029  -0.000008  -0.000041
  0.000178  -0.000392  -0.000053
  0.000121   0.000300  -0.000068
 -0.000194  -0.000418   0.000403
  0.000013   0.000465   0.000415
 -0.000010  -0.000001  -0.000009
 -0.000001   0.000010  -0.000002
  0.000926  -0.000025  -0.000432
  0.001185   0.000143  -0.000739
  0.000993  -0.000935  -0.000215
  0.002608   0.001012   0.000158
  0.001091  -0.001163  -0.000693
 -0.000470   0.000224  -0.000276
  0.000097   0.000025  -0.000007
  0.000121  -0.000019  -0.000019
 -0.000379  -0.000048  -0.000473
  0.000592   0.000362   0.000041
  0.043303  -0.033199   0.017417
 -0.001939  -0.005370  -0.001985
 -0.006010   0.005029  -0.004975
 -0.006649   0.000983   0.005718
  0.048323  -0.012424   0.037397
 -0.002945  -0.002323  -0.004138
 -0.000462   0.004867   0.004292
  0.012206   0.006264  -0.007428
 -0.007198   0.000010  -0.005463
 -0.006469  -0.005255   0.005895
 -0.002430   0.001289   0.005291
  0.017919   0.002323  -0.011318
  0.008116  -0.005567  -0.006128
  0.004257   0.001893  -0.001238
  0.015543  -0.009195  -0.011916
  0.004647  -0.001618   0.000753
 -0.002436   0.000651   0.000458
 -0.003674  -0.000724   0.000224
 -0.001382  -0.000010  -0.000039
 -0.001376   0.000082  -0.000185
 -0.001841  -0.000293   0.000288
 -0.002376   0.000582   0.000377
 -0.128521   0.050051  -0.036056
 -0.015814   0.000272   0.000481
  0.009028  -0.000087  -0.000911
  0.009490  -0.000118  -0.000592
  105    2  0.0000  0.0150 -0.0000
 -0.009554   0.004562   0.004156
 -0.002214  -0.000386   0.003526
  0.000469   0.000499  -0.000469
 -0.000316   0.000464   0.000433
  0.025309   0.026101   0.018695
 -0.002836   0.004781  -0.001564
 -0.000043   0.000082   0.000465
  0.000080   0.000386  -0.000506
  0.000419   0.005226  -0.000114
 -0.000155   0.003568  -0.000161
  0.000060   0.000124   0.000154
 -0.000028   0.000117   0.000044
 -0.000986  -0.004768  -0.001418
 -0.000321  -0.000874   0.000446
 -0.000833   0.003575   0.000134
  0.000348   0.003418  -0.000223
  0.001606  -0.000025  -0.000483
 -0.000392   0.000122  -0.000203
 -0.000035  -0.000586   0.000297
  0.000034  -0.000386  -0.000205
  0.003254  -0.003721   0.000645
  0.004126   0.001540  -0.003187
 -0.000373   0.000680   0.000237
  0.000265   0.000506  -0.000155
  0.000464  -0.000611  -0.000653
 -0.000258  -0.000245   0.000165
 -0.000212  -0.000528  -0.000009
 -0.000030  -0.000459   0.000097
 -0.001087  -0.000861  -0.000641
  0.000003   0.000058  -0.000430
  0.000156  -0.000275   0.000289
 -0.000119  -0.000163  -0.000203
 -0.000067  -0.001316   0.000736
  0.000036  -0.000862  -0.000471
 -0.005402   0.000876  -0.005642
 -0.003043  -0.003402   0.001529
  0.000033  -0.000011  -0.000344
 -0.000006   0.000059   0.000221
  0.001393  -0.000946   0.002519
  0.005769   0.002477   0.003794
  0.000242   0.004782  -0.002178
 -0.000166   0.002675   0.000846
  0.000569  -0.001666  -0.000865
 -0.000445  -0.001564   0.000823
  0.000134  -0.001393  -0.001190
 -0.000103  -0.001035   0.000927
  0.000375  -0.000735   0.000087
 -0.000133  -0.000680   0.000026
 -0.000718  -0.001074   0.000125
  0.000383  -0.000768  -0.000029
  0.000331  -0.003067   0.000760
 -0.000249  -0.002081  -0.000469
 -0.000336  -0.001708   0.000746
  0.000398  -0.001579  -0.000677
  0.000505  -0.000808   0.000371
 -0.000555  -0.001954   0.000002
  0.000011   0.000286   0.000036
  0.000058   0.000169  -0.000040
  0.000128   0.000375   0.000230
  0.000018   0.000244   0.000071
  0.000017   0.000246   0.000045
 -0.000023   0.000205  -0.000012
  0.000248  -0.000587  -0.000604
  0.001209  -0.000081  -0.001286
 -0.000137  -0.000085  -0.000175
  0.000175   0.000093   0.000067
 -0.000066   0.000092  -0.000168
  0.000040   0.000348   0.000000
 -0.000751   0.000142   0.000814
  0.000379   0.000389   0.000278
 -0.000252   0.000159  -0.000235
  0.000196   0.000150   0.000209
 -0.000534   0.000662   0.000868
  0.000378   0.000212  -0.001089
 -0.000809   0.000353   0.000003
  0.007084   0.000224   0.001214
 -0.001215   0.000251  -0.000031
 -0.000070  -0.000445  -0.000264
 -0.000144   0.000044  -0.000059
  0.000057  -0.000054   0.000064
  0.000127  -0.001551   0.000120
 -0.000288  -0.000511   0.000060
 -0.030438   0.037086  -0.014487
 -0.005294   0.000662   0.002643
  0.004576  -0.006946   0.002742
 -0.000451   0.001179   0.003395
 -0.018285   0.015139  -0.010408
 -0.002055   0.003529  -0.002849
  0.004672   0.001469   0.001488
  0.004673   0.013500  -0.004721
 -0.001370   0.000618   0.002416
 -0.003848  -0.005691   0.003330
  0.000913   0.006520  -0.003824
  0.008599   0.011567  -0.003105
 -0.017845  -0.001573  -0.001935
  0.001100  -0.000760   0.000358
 -0.014923   0.042306   0.032408
  0.001772  -0.002806  -0.001071
  0.000802  -0.001042  -0.001337
 -0.004609   0.000144  -0.000430
  0.000222  -0.002827   0.001940
 -0.000122  -0.000855  -0.000748
 -0.000103  -0.003044  -0.000079
  0.000158  -0.001510   0.000539
  0.049907  -0.126224  -0.024383
 -0.000233  -0.010645  -0.004760
 -0.000347   0.003490   0.000657
  0.000945  -0.000757   0.001297
  105    3  0.0000 -0.0000  0.0150
  0.002403   0.002326  -0.007002
  0.004633   0.001726  -0.000906
  0.000055   0.000021  -0.000105
  0.000044   0.000008   0.000016
  0.027934   0.023348   0.012129
 -0.004426   0.003436  -0.001680
 -0.000353  -0.000655  -0.000315
  0.000031  -0.000174   0.000135
  0.000419   0.000251   0.000011
 -0.000190  -0.000199  -0.000011
 -0.000007   0.000045  -0.000083
  0.000026  -0.000002   0.000199
 -0.002569  -0.001639  -0.003514
  0.000257   0.000049   0.000409
 -0.000767  -0.000417   0.000182
  0.000390  -0.000296  -0.000085
  0.001373   0.000248  -0.000632
 -0.000267   0.000076   0.000116
  0.000019   0.000055   0.000020
 -0.000025   0.000172   0.000038
 -0.002120  -0.000281   0.001760
 -0.007984  -0.006607  -0.003941
 -0.000110   0.000087   0.000087
 -0.000003  -0.000089  -0.000028
  0.000529  -0.000788  -0.000591
 -0.000127  -0.000072   0.000107
 -0.000288   0.000056   0.000031
  0.000112   0.000072  -0.000066
 -0.000603  -0.000678  -0.000934
  0.000178  -0.000142   0.000284
  0.000021   0.000008   0.000028
  0.000009   0.000064   0.000038
 -0.000027   0.000117  -0.000119
 -0.000021   0.000383   0.000232
  0.007039  -0.006164  -0.005638
  0.002687   0.001200   0.000505
 -0.000021   0.000010   0.000031
  0.000007   0.000050  -0.000140
 -0.003696   0.002456   0.000082
 -0.003534   0.000836  -0.006296
  0.000021  -0.000453   0.000690
  0.000033  -0.002070  -0.001303
  0.000108   0.000117  -0.000036
 -0.000017   0.000121  -0.000007
 -0.000064  -0.000001  -0.000116
  0.000032   0.000088  -0.000044
  0.000213   0.000059   0.000034
 -0.000082   0.000081  -0.000025
 -0.000199  -0.000041  -0.000019
  0.000045   0.000059   0.000005
 -0.000023  -0.000137  -0.000040
  0.000046   0.000136   0.000056
  0.000170   0.000281  -0.000197
 -0.000120   0.000211   0.000123
 -0.000864   0.000983   0.000079
  0.001415   0.000356   0.000231
 -0.000018  -0.000045   0.000004
  0.000060  -0.000119  -0.000009
  0.000090   0.000189   0.000209
 -0.000036   0.000034  -0.000066
  0.000018  -0.000006  -0.000012
 -0.000028  -0.000029   0.000024
 -0.000412  -0.000088   0.000214
  0.000923  -0.000215  -0.001849
  0.000099  -0.000229  -0.000105
 -0.000066  -0.000050   0.000016
  0.000103  -0.000369  -0.000124
 -0.000015  -0.000123   0.000040
 -0.000659   0.000082   0.001214
  0.000102   0.000022  -0.000362
 -0.000050   0.000046  -0.000034
 -0.000004   0.000025  -0.000002
  0.000026   0.000100   0.000144
 -0.000227  -0.000151  -0.000409
 -0.001192   0.000234  -0.000263
  0.006225   0.000217   0.001256
 -0.000767   0.000134  -0.000575
  0.000371   0.000218   0.000087
  0.000012  -0.000021   0.000006
 -0.000084  -0.000084  -0.000011
 -0.001037   0.000540  -0.000081
  0.000539   0.000784   0.000158
  0.015364  -0.015086   0.017895
 -0.001584   0.001944   0.006716
 -0.005136   0.003282  -0.001117
  0.008056   0.001523  -0.007886
  0.037067  -0.007840   0.039966
 -0.002334  -0.003954   0.004138
  0.005019  -0.000221   0.009107
 -0.000168  -0.001383   0.010543
 -0.008348   0.003205  -0.006456
  0.005332   0.003836  -0.002584
  0.005729  -0.005945   0.004330
 -0.014839  -0.001281   0.023005
 -0.017935  -0.003610   0.003355
  0.002600  -0.000770  -0.000331
 -0.017906   0.031928   0.040249
  0.001984  -0.004985  -0.000928
  0.000837  -0.000066   0.000786
 -0.003861   0.000777  -0.002388
  0.000030   0.000752  -0.000604
  0.000054   0.001738   0.001160
  0.000077   0.000319  -0.000376
 -0.000088   0.001436   0.000546
 -0.036045  -0.024217  -0.137960
  0.000477   0.004766   0.014942
 -0.000727  -0.001409  -0.001035
  0.000628  -0.004521   0.001673
  107    1  0.0150  0.0000  0.0000
  0.013720  -0.011535   0.005679
 -0.000144  -0.000787  -0.000983
 -0.000080   0.000049   0.000033
 -0.000094  -0.000015  -0.000021
  0.002096  -0.000220  -0.000340
  0.009227  -0.000722  -0.001299
  0.000027   0.000021   0.000005
  0.000115  -0.000473   0.000454
  0.000006  -0.000188   0.000003
  0.000487   0.000863   0.000123
  0.000054  -0.000025  -0.000089
 -0.000003   0.000011  -0.000002
 -0.000088  -0.000056   0.000066
 -0.000231  -0.000346   0.000017
 -0.000089   0.000208   0.000052
  0.000928  -0.001196  -0.000127
 -0.000063  -0.000043  -0.000017
  0.000077  -0.000118  -0.001004
  0.000245   0.000044  -0.000177
 -0.000006   0.000002  -0.000004
  0.012910  -0.001398  -0.011179
 -0.000675  -0.000187   0.000633
 -0.000009  -0.000037   0.000003
 -0.000087   0.000140  -0.000030
 -0.000065  -0.000047  -0.000011
 -0.001041   0.000461  -0.000209
 -0.000018  -0.000030   0.000016
  0.000407   0.000681  -0.000540
  0.000209   0.000138   0.000099
  0.000624  -0.000790   0.000815
  0.000034   0.000044  -0.000034
 -0.000020  -0.000044  -0.000005
 -0.002419   0.000841  -0.000115
 -0.000044  -0.000067   0.000005
 -0.000544   0.000166  -0.000838
  0.018455   0.004724   0.011393
  0.000048  -0.000234  -0.000124
  0.000003  -0.000003  -0.000016
 -0.000221   0.000789   0.001126
  0.010191   0.009779  -0.010565
 -0.001729  -0.001770   0.003609
 -0.000094   0.000142  -0.000123
  0.000022  -0.000074  -0.000065
 -0.000094   0.000324  -0.000091
 -0.000002   0.000059   0.000024
 -0.000104  -0.000197   0.000139
 -0.000005  -0.000016  -0.000008
 -0.000287   0.000186  -0.000088
  0.000036   0.000035  -0.000010
 -0.000158  -0.000102  -0.000012
 -0.000004   0.000086  -0.000042
 -0.000162  -0.000467  -0.000145
 -0.000014  -0.000050   0.000004
 -0.000314   0.000591   0.000263
 -0.000224   0.000046   0.000276
 -0.000228  -0.000747  -0.000260
 -0.000115  -0.000057  -0.000000
  0.000001   0.000001   0.000004
 -0.000020  -0.000053  -0.000011
 -0.000019   0.001135   0.000910
 -0.000032  -0.000048  -0.000040
  0.000001   0.000018  -0.000003
 -0.000353   0.000723  -0.000517
  0.000016  -0.000182  -0.000086
  0.000003  -0.000006   0.000010
 -0.000094   0.000067   0.000039
 -0.000022   0.000070   0.000012
  0.000186  -0.001107   0.000333
  0.000030   0.000107  -0.000053
  0.000396   0.000043  -0.000839
  0.000006   0.000029   0.000001
  0.000061   0.000012   0.000013
 -0.007703   0.003874   0.004225
 -0.000269  -0.000004   0.000161
  0.001657   0.000219   0.010830
 -0.000275  -0.000326  -0.000016
 -0.000030   0.000316   0.000027
 -0.000419  -0.000603   0.000288
 -0.000571  -0.000068  -0.000334
 -0.000023   0.000008   0.000001
 -0.000249   0.000666   0.000166
 -0.000610  -0.000494   0.000291
 -0.011086   0.004459   0.000858
 -0.000103   0.001165   0.000602
  0.068709  -0.036357  -0.020001
  0.000310   0.000145   0.000140
  0.000201  -0.001352   0.000518
 -0.011627  -0.004244  -0.000989
 -0.000232  -0.000821  -0.000523
 -0.012731  -0.006058   0.000740
  0.000179  -0.000215  -0.000271
  0.078925   0.038022   0.003183
 -0.011610   0.003736   0.002842
  0.000070   0.001411  -0.000432
 -0.001201   0.000806   0.000382
 -0.006694  -0.001022   0.001112
 -0.001753  -0.000432  -0.000128
 -0.005029   0.002335  -0.001246
  0.021488  -0.001787   0.015410
  0.000607   0.000239  -0.000047
  0.006226  -0.004079   0.000846
  0.000233  -0.000033   0.000048
  0.006493  -0.001259  -0.006104
  0.000384  -0.000155  -0.000041
  0.008946  -0.000326  -0.000708
  0.009411  -0.000969   0.000623
 -0.190444   0.004026  -0.008565
 -0.001782  -0.000020   0.000078
  107    2  0.0000  0.0150 -0.0000
 -0.011062   0.008891  -0.001525
 -0.000030   0.000512   0.000651
  0.000639   0.000588   0.000202
  0.000039   0.000177  -0.000076
  0.000711   0.003403   0.002316
  0.001504  -0.004309   0.002161
 -0.000088   0.000441   0.000670
  0.000687   0.000171  -0.000504
 -0.000764   0.003562   0.000087
  0.001607  -0.000995  -0.000502
 -0.000159  -0.000155   0.000413
 -0.000030   0.000029  -0.000235
  0.000077  -0.000868  -0.000831
  0.000055   0.000670  -0.000362
  0.001286   0.002843  -0.000038
 -0.003313   0.001546  -0.000632
  0.000230   0.000054   0.000175
  0.001401  -0.000072  -0.001213
  0.000112  -0.001697   0.000889
  0.000041  -0.000250   0.000060
 -0.002121  -0.002962   0.009239
  0.000464   0.000273  -0.000146
 -0.000275   0.000814   0.000113
 -0.000145   0.000104   0.000367
  0.000210  -0.000312  -0.000136
 -0.000250  -0.000265   0.000005
  0.000255  -0.000406  -0.000270
 -0.001198   0.000440   0.000637
 -0.000176   0.000046   0.000148
 -0.000149  -0.000021   0.000714
  0.000244   0.000040   0.000217
  0.000044  -0.000036  -0.000026
  0.000348  -0.002493   0.005927
  0.000022  -0.000703  -0.000373
 -0.000438   0.000262  -0.000280
  0.005500  -0.000057   0.008540
  0.000089  -0.000348  -0.001312
 -0.000135   0.000113   0.000169
  0.000046   0.000424   0.000942
  0.007594   0.007626  -0.004069
 -0.007096  -0.004257  -0.052313
 -0.000295   0.003587   0.000444
  0.000042  -0.001267  -0.000506
  0.000452  -0.000667   0.000290
  0.000246  -0.001123  -0.000939
 -0.000193   0.000049   0.000041
 -0.000398  -0.000565  -0.000156
  0.001568  -0.000295   0.000632
  0.000076  -0.000751   0.000081
 -0.000989   0.000223   0.000131
  0.000416  -0.002109   0.000562
 -0.000169   0.000640   0.000127
 -0.000788  -0.001588   0.000874
  0.001091  -0.000805  -0.000348
 -0.000247   0.000153  -0.000531
 -0.000077   0.000483   0.000151
  0.000326   0.001110  -0.000057
 -0.000033   0.000206   0.000024
 -0.000045   0.000240  -0.000048
  0.000537  -0.000042   0.001011
 -0.000255   0.000405   0.000168
  0.000076   0.000107  -0.000055
  0.001172  -0.000682   0.000179
 -0.000065   0.000322   0.000078
 -0.000302   0.000118  -0.000038
  0.000355   0.000437  -0.000079
  0.000007   0.000285   0.000006
 -0.000843  -0.000244  -0.000202
 -0.000062   0.000209  -0.000083
 -0.000290  -0.000721  -0.000344
 -0.000164   0.000000  -0.000229
 -0.000094  -0.000107  -0.000019
  0.003734  -0.000470  -0.005328
  0.000406   0.000951  -0.000782
  0.004620  -0.001760  -0.000041
 -0.000015   0.000574   0.000068
 -0.000054   0.000453   0.000027
 -0.001737  -0.001334   0.000255
 -0.000877  -0.000021   0.000973
  0.000153   0.000124   0.000081
  0.000169   0.000512   0.000053
 -0.000095  -0.000100  -0.000089
  0.003324  -0.002796  -0.002657
 -0.000121  -0.000450  -0.000817
 -0.036871   0.031819   0.009423
 -0.000257  -0.000894  -0.000027
  0.000312  -0.000871  -0.000114
 -0.005024  -0.004285  -0.002543
  0.000221  -0.000599  -0.000645
 -0.003503  -0.003501  -0.002159
  0.000254  -0.000904  -0.000080
  0.037473   0.029491   0.000705
  0.006163  -0.003758  -0.004418
 -0.000306  -0.000950   0.000131
  0.000193  -0.001635  -0.000692
 -0.001712   0.002379  -0.001134
 -0.001022  -0.003269  -0.001440
 -0.002032   0.003723  -0.002179
 -0.004967   0.006138   0.008772
 -0.000260  -0.001592   0.000433
 -0.001961   0.084876  -0.017816
 -0.000051  -0.001815  -0.000673
  0.002852   0.018844   0.017630
  0.000120  -0.002713   0.000611
 -0.000083   0.003520  -0.001359
  0.000109  -0.000736   0.004548
  0.003969  -0.162293   0.030062
  0.000039   0.002910   0.000257
  107    3  0.0000 -0.0000  0.0150
  0.003531   0.002435  -0.009261
 -0.000188   0.000156   0.000648
 -0.000219   0.000189  -0.000027
 -0.000102   0.000023   0.000095
  0.000154   0.000037   0.000012
  0.006914   0.000661  -0.003626
  0.000000  -0.000050  -0.000054
 -0.000222  -0.000037   0.000217
  0.000242  -0.000224  -0.000002
 -0.000391   0.000755   0.000213
 -0.000231   0.000224  -0.001089
  0.000000   0.000022   0.000056
 -0.000043   0.000097   0.000031
 -0.000664  -0.000375   0.000704
 -0.000441  -0.000020   0.000095
  0.001201  -0.000521  -0.000205
  0.000014  -0.000001  -0.000036
  0.000985  -0.000470  -0.000675
 -0.000190   0.000362  -0.001000
 -0.000002  -0.000017  -0.000033
 -0.010315   0.004798   0.004600
  0.000294  -0.000032  -0.000233
 -0.000002  -0.000236  -0.000099
 -0.000008   0.000151  -0.000070
 -0.000021   0.000063   0.000024
 -0.000535   0.000258   0.000137
 -0.000065   0.000049   0.000046
  0.000091  -0.000259   0.000226
 -0.000013  -0.000002  -0.000010
 -0.000044   0.000356  -0.000076
 -0.000135  -0.000062  -0.000403
 -0.000042  -0.000004  -0.000031
  0.000942   0.001992  -0.001200
  0.000005  -0.000015   0.000004
 -0.000150   0.000006  -0.000090
  0.008562   0.005903  -0.002486
  0.001629   0.001882   0.001731
  0.000026  -0.000018   0.000017
  0.000101   0.000002   0.000320
 -0.008155  -0.001747  -0.004149
  0.004263  -0.021191   0.031830
  0.000004  -0.000081   0.000083
  0.000099   0.000011  -0.000042
 -0.000246   0.000083   0.000060
 -0.000061   0.000100   0.000104
  0.000035  -0.000138   0.000094
  0.000143   0.000024   0.000042
 -0.000505   0.000091  -0.000039
 -0.000121   0.000055  -0.000006
  0.000328  -0.000176  -0.000050
 -0.000085   0.000206  -0.000065
 -0.000009  -0.000457  -0.000106
  0.000164   0.000134  -0.000109
 -0.000414   0.000335   0.000198
  0.001328  -0.001584   0.000441
 -0.000015   0.000176   0.000165
 -0.000329  -0.000780  -0.000187
  0.000005  -0.000012  -0.000001
  0.000003  -0.000002   0.000025
  0.000739   0.001233  -0.000120
  0.000073   0.000066  -0.000177
 -0.000023   0.000008   0.000019
 -0.000213   0.000050   0.002285
  0.000033  -0.000015  -0.000046
  0.000051  -0.000022   0.000013
 -0.000062  -0.000159  -0.000069
 -0.000010  -0.000026   0.000003
  0.000115   0.000036  -0.000382
 -0.000009  -0.000004   0.000046
 -0.000318  -0.000188   0.000037
  0.000046   0.000119  -0.000020
  0.000054   0.000061   0.000055
 -0.013142   0.007246   0.024224
  0.000012  -0.000002  -0.000049
  0.020974  -0.002225   0.004132
  0.000155   0.000030   0.000037
 -0.000042  -0.000042  -0.000011
  0.001469   0.000595   0.000829
 -0.001466   0.000930   0.000450
 -0.000011  -0.000020   0.000002
  0.000082   0.000064  -0.000052
 -0.000957  -0.000805   0.000893
  0.006001  -0.004819   0.000307
  0.000013   0.000047  -0.000410
 -0.018841   0.008850   0.019027
 -0.000114   0.000160  -0.000061
 -0.000020  -0.000002  -0.000122
  0.003620   0.000579   0.002409
  0.000018   0.000094   0.000004
 -0.001541  -0.003348   0.002125
  0.000016   0.000158   0.000068
  0.000972  -0.001152   0.014380
  0.001099  -0.002472   0.001390
 -0.000111  -0.000305   0.000036
 -0.000184  -0.000082   0.000070
 -0.013225  -0.000256  -0.000560
  0.000070  -0.000296  -0.000009
 -0.004388   0.002291  -0.000280
  0.020627   0.004346   0.069595
 -0.000125  -0.000012  -0.000065
 -0.000101  -0.029750   0.014346
 -0.000002   0.000100  -0.000011
  0.001656  -0.003523  -0.023871
 -0.000019   0.000154  -0.000003
 -0.000909   0.000702  -0.001080
 -0.000587  -0.001196   0.001689
 -0.008639   0.029959  -0.148029
  0.000067  -0.000287   0.000199
